product_key,product_id,category,sub_category,product_name
1,FUR-BO-10000112,Apparels,Party Wear,"Bush Birmingham Collection Bookcase, Dark Cherry"
2,FUR-BO-10000330,Apparels,Party Wear,"Sauder Camden County Barrister Bookcase, Planked Cherry Finish"
3,FUR-BO-10000362,Apparels,Party Wear,Sauder Inglewood Library Bookcases
4,FUR-BO-10000468,Apparels,Party Wear,O'Sullivan 2-Shelf Heavy-Duty Bookcases
5,FUR-BO-10000711,Apparels,Party Wear,"Hon Metal Bookcases, Gray"
6,FUR-BO-10000780,Apparels,Party Wear,O'Sullivan Plantations 2-Door Library in Landvery Oak
7,FUR-BO-10001337,Apparels,Party Wear,O'Sullivan Living Dimensions 2-Shelf Bookcases
8,FUR-BO-10001519,Apparels,Party Wear,O'Sullivan 3-Shelf Heavy-Duty Bookcases
9,FUR-BO-10001567,Apparels,Party Wear,"Bush Westfield Collection Bookcases, Dark Cherry Finish, Fully Assembled"
10,FUR-BO-10001601,Apparels,Party Wear,"Sauder Mission Library with Doors, Fruitwood Finish"
11,FUR-BO-10001608,Apparels,Party Wear,"Hon Metal Bookcases, Black"
12,FUR-BO-10001619,Apparels,Party Wear,O'Sullivan Cherrywood Estates Traditional Bookcase
13,FUR-BO-10001798,Apparels,Party Wear,Bush Somerset Collection Bookcase
14,FUR-BO-10001811,Apparels,Party Wear,"Atlantic Metals Mobile 5-Shelf Bookcases, Custom Colors"
15,FUR-BO-10001918,Apparels,Party Wear,"Sauder Forest Hills Library with Doors, Woodland Oak Finish"
16,FUR-BO-10001972,Apparels,Party Wear,O'Sullivan 4-Shelf Bookcase in Odessa Pine
17,FUR-BO-10002202,Apparels,Party Wear,"Atlantic Metals Mobile 2-Shelf Bookcases, Custom Colors"
18,FUR-BO-10002206,Apparels,Party Wear,"Bush Saratoga Collection 5-Shelf Bookcase, Hanover Cherry, *Special Order"
19,FUR-BO-10002213,Apparels,Party Wear,DMI Eclipse Executive Suite Bookcases
20,FUR-BO-10002268,Apparels,Party Wear,Sauder Barrister Bookcases
21,FUR-BO-10002545,Apparels,Party Wear,"Atlantic Metals Mobile 3-Shelf Bookcases, Custom Colors"
22,FUR-BO-10002598,Apparels,Party Wear,"Hon Metal Bookcases, Putty"
23,FUR-BO-10002613,Apparels,Party Wear,"Atlantic Metals Mobile 4-Shelf Bookcases, Custom Colors"
24,FUR-BO-10002824,Apparels,Party Wear,Bush Mission Pointe Library
25,FUR-BO-10002853,Apparels,Party Wear,O'Sullivan 5-Shelf Heavy-Duty Bookcases
26,FUR-BO-10002916,Apparels,Party Wear,"Rush Hierlooms Collection 1"" Thick Stackable Bookcases"
27,FUR-BO-10003034,Apparels,Party Wear,"O'Sullivan Elevations Bookcase, Cherry Finish"
28,FUR-BO-10003159,Apparels,Party Wear,"Sauder Camden County Collection Libraries, Planked Cherry Finish"
29,FUR-BO-10003272,Apparels,Party Wear,O'Sullivan Living Dimensions 5-Shelf Bookcases
30,FUR-BO-10003404,Apparels,Party Wear,"Global Adaptabilites Bookcase, Cherry/Storm Gray Finish"
31,FUR-BO-10003433,Apparels,Party Wear,Sauder Cornerstone Collection Library
32,FUR-BO-10003441,Apparels,Party Wear,"Bush Westfield Collection Bookcases, Fully Assembled"
33,FUR-BO-10003450,Apparels,Party Wear,"Bush Westfield Collection Bookcases, Dark Cherry Finish"
34,FUR-BO-10003546,Apparels,Party Wear,Hon 4-Shelf Metal Bookcases
35,FUR-BO-10003660,Apparels,Party Wear,"Bush Cubix Collection Bookcases, Fully Assembled"
36,FUR-BO-10003893,Apparels,Party Wear,Sauder Camden County Collection Library
37,FUR-BO-10003894,Apparels,Party Wear,"Safco Value Mate Steel Bookcase, Baked Enamel Finish on Steel, Black"
38,FUR-BO-10003965,Apparels,Party Wear,O'Sullivan Manor Hill 2-Door Library in Brianna Oak
39,FUR-BO-10003966,Apparels,Party Wear,"Sauder Facets Collection Library, Sky Alder Finish"
40,FUR-BO-10004015,Apparels,Party Wear,"Bush Andora Bookcase, Maple/Graphite Gray Finish"
41,FUR-BO-10004218,Apparels,Party Wear,"Bush Heritage Pine Collection 5-Shelf Bookcase, Albany Pine Finish, *Special Order"
42,FUR-BO-10004357,Apparels,Party Wear,O'Sullivan Living Dimensions 3-Shelf Bookcases
43,FUR-BO-10004360,Apparels,Party Wear,Rush Hierlooms Collection Rich Wood Bookcases
44,FUR-BO-10004409,Apparels,Party Wear,"Safco Value Mate Series Steel Bookcases, Baked Enamel Finish on Steel, Gray"
45,FUR-BO-10004467,Apparels,Party Wear,Bestar Classic Bookcase
46,FUR-BO-10004690,Apparels,Party Wear,O'Sullivan Cherrywood Estates Traditional Barrister Bookcase
47,FUR-BO-10004695,Apparels,Party Wear,O'Sullivan 2-Door Barrister Bookcase in Odessa Pine
48,FUR-BO-10004709,Apparels,Party Wear,"Bush Westfield Collection Bookcases, Medium Cherry Finish"
49,FUR-BO-10004834,Apparels,Party Wear,"Riverside Palais Royal Lawyers Bookcase, Royale Cherry Finish"
50,FUR-CH-10000015,Apparels,Formal Wear,Hon Multipurpose Stacking Arm Chairs
51,FUR-CH-10000155,Apparels,Formal Wear,Global Comet Stacking Armless Chair
52,FUR-CH-10000225,Apparels,Formal Wear,"Global Geo Office Task Chair, Gray"
53,FUR-CH-10000229,Apparels,Formal Wear,Global Enterprise Series Seating High-Back Swivel/Tilt Chairs
54,FUR-CH-10000309,Apparels,Formal Wear,Global Comet Stacking Arm Chair
55,FUR-CH-10000422,Apparels,Formal Wear,Global Highback Leather Tilter in Burgundy
56,FUR-CH-10000454,Apparels,Formal Wear,"Hon Deluxe Fabric Upholstered Stacking Chairs, Rounded Back"
57,FUR-CH-10000513,Apparels,Formal Wear,High-Back Leather Manager's Chair
58,FUR-CH-10000553,Apparels,Formal Wear,"Metal Folding Chairs, Beige, 4/Carton"
59,FUR-CH-10000595,Apparels,Formal Wear,Safco Contoured Stacking Chairs
60,FUR-CH-10000665,Apparels,Formal Wear,"Global Airflow Leather Mesh Back Chair, Black"
61,FUR-CH-10000749,Apparels,Formal Wear,Office Star - Ergonomic Mid Back Chair with 2-Way Adjustable Arms
62,FUR-CH-10000785,Apparels,Formal Wear,Global Ergonomic Managers Chair
63,FUR-CH-10000847,Apparels,Formal Wear,Global Executive Mid-Back Manager's Chair
64,FUR-CH-10000863,Apparels,Formal Wear,Novimex Swivel Fabric Task Chair
65,FUR-CH-10000988,Apparels,Formal Wear,Hon Olson Stacker Stools
66,FUR-CH-10001146,Apparels,Formal Wear,"Global Value Mid-Back Manager's Chair, Gray"
67,FUR-CH-10001190,Apparels,Formal Wear,Global Deluxe High-Back Office Chair in Storm
68,FUR-CH-10001215,Apparels,Formal Wear,Global Troy Executive Leather Low-Back Tilter
69,FUR-CH-10001270,Apparels,Formal Wear,Harbour Creations Steel Folding Chair
70,FUR-CH-10001394,Apparels,Formal Wear,Global Leather Executive Chair
71,FUR-CH-10001482,Apparels,Formal Wear,Office Star - Mesh Screen back chair with Vinyl seat
72,FUR-CH-10001545,Apparels,Formal Wear,Hon Comfortask Task/Swivel Chairs
73,FUR-CH-10001708,Apparels,Formal Wear,Office Star - Contemporary Swivel Chair with Padded Adjustable Arms and Flex Back
74,FUR-CH-10001714,Apparels,Formal Wear,"Global Leather & Oak Executive Chair, Burgundy"
75,FUR-CH-10001797,Apparels,Formal Wear,"Safco Chair Connectors, 6/Carton"
76,FUR-CH-10001802,Apparels,Formal Wear,Hon Every-Day Chair Series Swivel Task Chairs
77,FUR-CH-10001854,Apparels,Formal Wear,Office Star - Professional Matrix Back Chair with 2-to-1 Synchro Tilt and Mesh Fabric Seat
78,FUR-CH-10001891,Apparels,Formal Wear,Global Deluxe Office Fabric Chairs
79,FUR-CH-10001973,Apparels,Formal Wear,Office Star Flex Back Scooter Chair with White Frame
80,FUR-CH-10002017,Apparels,Formal Wear,SAFCO Optional Arm Kit for Workspace Cribbage Stacking Chair
81,FUR-CH-10002024,Apparels,Formal Wear,HON 5400 Series Task Chairs for Big and Tall
82,FUR-CH-10002044,Apparels,Formal Wear,"Office Star - Contemporary Task Swivel chair with 2-way adjustable arms, Plum"
83,FUR-CH-10002073,Apparels,Formal Wear,Hon Olson Stacker Chairs
84,FUR-CH-10002084,Apparels,Formal Wear,Hon Mobius Operator's Chair
85,FUR-CH-10002126,Apparels,Formal Wear,Hon Deluxe Fabric Upholstered Stacking Chairs
86,FUR-CH-10002304,Apparels,Formal Wear,"Global Stack Chair without Arms, Black"
87,FUR-CH-10002317,Apparels,Formal Wear,Global Enterprise Series Seating Low-Back Swivel/Tilt Chairs
88,FUR-CH-10002320,Apparels,Formal Wear,Hon Pagoda Stacking Chairs
89,FUR-CH-10002331,Apparels,Formal Wear,Hon 4700 Series Mobuis Mid-Back Task Chairs with Adjustable Arms
90,FUR-CH-10002335,Apparels,Formal Wear,Hon GuestStacker Chair
91,FUR-CH-10002372,Apparels,Formal Wear,Office Star - Ergonomically Designed Knee Chair
92,FUR-CH-10002439,Apparels,Formal Wear,"Iceberg Nesting Folding Chair, 19w x 6d x 43h"
93,FUR-CH-10002602,Apparels,Formal Wear,DMI Arturo Collection Mission-style Design Wood Chair
94,FUR-CH-10002647,Apparels,Formal Wear,"Situations Contoured Folding Chairs, 4/Set"
95,FUR-CH-10002758,Apparels,Formal Wear,"Hon Deluxe Fabric Upholstered Stacking Chairs, Squared Back"
96,FUR-CH-10002774,Apparels,Formal Wear,"Global Deluxe Stacking Chair, Gray"
97,FUR-CH-10002780,Apparels,Formal Wear,Office Star - Task Chair with Contemporary Loop Arms
98,FUR-CH-10002880,Apparels,Formal Wear,"Global High-Back Leather Tilter, Burgundy"
99,FUR-CH-10002961,Apparels,Formal Wear,"Leather Task Chair, Black"
100,FUR-CH-10002965,Apparels,Formal Wear,"Global Leather Highback Executive Chair with Pneumatic Height Adjustment, Black"
101,FUR-CH-10003061,Apparels,Formal Wear,"Global Leather Task Chair, Black"
102,FUR-CH-10003199,Apparels,Formal Wear,Office Star - Contemporary Task Swivel Chair
103,FUR-CH-10003298,Apparels,Formal Wear,"Office Star - Contemporary Task Swivel chair with Loop Arms, Charcoal"
104,FUR-CH-10003312,Apparels,Formal Wear,Hon 2090 “Pillow Soft” Series Mid Back Swivel/Tilt Chairs
105,FUR-CH-10003379,Apparels,Formal Wear,Global Commerce Series High-Back Swivel/Tilt Chairs
106,FUR-CH-10003396,Apparels,Formal Wear,Global Deluxe Steno Chair
107,FUR-CH-10003535,Apparels,Formal Wear,"Global Armless Task Chair, Royal Blue"
108,FUR-CH-10003606,Apparels,Formal Wear,SAFCO Folding Chair Trolley
109,FUR-CH-10003746,Apparels,Formal Wear,Hon 4070 Series Pagoda Round Back Stacking Chairs
110,FUR-CH-10003761,Apparels,Formal Wear,Global Italian Leather Office Chair
111,FUR-CH-10003774,Apparels,Formal Wear,"Global Wood Trimmed Manager's Task Chair, Khaki"
112,FUR-CH-10003817,Apparels,Formal Wear,"Global Value Steno Chair, Gray"
113,FUR-CH-10003833,Apparels,Formal Wear,Novimex Fabric Task Chair
114,FUR-CH-10003846,Apparels,Formal Wear,Hon Valutask Swivel Chairs
115,FUR-CH-10003956,Apparels,Formal Wear,Novimex High-Tech Fabric Mesh Task Chair
116,FUR-CH-10003968,Apparels,Formal Wear,Novimex Turbo Task Chair
117,FUR-CH-10003973,Apparels,Formal Wear,GuestStacker Chair with Chrome Finish Legs
118,FUR-CH-10003981,Apparels,Formal Wear,Global Commerce Series Low-Back Swivel/Tilt Chairs
119,FUR-CH-10004063,Apparels,Formal Wear,Global Deluxe High-Back Manager's Chair
120,FUR-CH-10004086,Apparels,Formal Wear,Hon 4070 Series Pagoda Armless Upholstered Stacking Chairs
121,FUR-CH-10004218,Apparels,Formal Wear,"Global Fabric Manager's Chair, Dark Gray"
122,FUR-CH-10004287,Apparels,Formal Wear,SAFCO Arco Folding Chair
123,FUR-CH-10004289,Apparels,Formal Wear,Global Super Steno Chair
124,FUR-CH-10004477,Apparels,Formal Wear,"Global Push Button Manager's Chair, Indigo"
125,FUR-CH-10004495,Apparels,Formal Wear,"Global Leather and Oak Executive Chair, Black"
126,FUR-CH-10004540,Apparels,Formal Wear,Global Chrome Stack Chair
127,FUR-CH-10004626,Apparels,Formal Wear,Office Star Flex Back Scooter Chair with Aluminum Finish Frame
128,FUR-CH-10004675,Apparels,Formal Wear,"Lifetime Advantage Folding Chairs, 4/Carton"
129,FUR-CH-10004698,Apparels,Formal Wear,"Padded Folding Chairs, Black, 4/Carton"
130,FUR-CH-10004754,Apparels,Formal Wear,"Global Stack Chair with Arms, Black"
131,FUR-CH-10004853,Apparels,Formal Wear,"Global Manager's Adjustable Task Chair, Storm"
132,FUR-CH-10004860,Apparels,Formal Wear,Global Low Back Tilter Chair
133,FUR-CH-10004875,Apparels,Formal Wear,Harbour Creations 67200 Series Stacking Chairs
134,FUR-CH-10004886,Apparels,Formal Wear,Bevis Steel Folding Chairs
135,FUR-CH-10004983,Apparels,Formal Wear,Office Star - Mid Back Dual function Ergonomic High Back Chair with 2-Way Adjustable Arms
136,FUR-CH-10004997,Apparels,Formal Wear,Hon Every-Day Series Multi-Task Chairs
137,FUR-FU-10000010,Apparels,Casual Wear,"DAX Value U-Channel Document Frames, Easel Back"
138,FUR-FU-10000023,Apparels,Casual Wear,Eldon Wave Desk Accessories
139,FUR-FU-10000073,Apparels,Casual Wear,Deflect-O Glasstique Clear Desk Accessories
140,FUR-FU-10000076,Apparels,Casual Wear,24-Hour Round Wall Clock
141,FUR-FU-10000087,Apparels,Casual Wear,"Executive Impressions 14"" Two-Color Numerals Wall Clock"
142,FUR-FU-10000175,Apparels,Casual Wear,DAX Wood Document Frame.
143,FUR-FU-10000193,Apparels,Casual Wear,Tenex Chairmats For Use with Hard Floors
144,FUR-FU-10000206,Apparels,Casual Wear,"GE General Purpose, Extra Long Life, Showcase & Floodlight Incandescent Bulbs"
145,FUR-FU-10000221,Apparels,Casual Wear,"Master Caster Door Stop, Brown"
146,FUR-FU-10000222,Apparels,Casual Wear,"Seth Thomas 16"" Steel Case Clock"
147,FUR-FU-10000246,Apparels,Casual Wear,Aluminum Document Frame
148,FUR-FU-10000260,Apparels,Casual Wear,"6"" Cubicle Wall Clock, Black"
149,FUR-FU-10000277,Apparels,Casual Wear,Deflect-o DuraMat Antistatic Studded Beveled Mat for Medium Pile Carpeting
150,FUR-FU-10000293,Apparels,Casual Wear,Eldon Antistatic Chair Mats for Low to Medium Pile Carpets
151,FUR-FU-10000305,Apparels,Casual Wear,"Tenex V2T-RE Standard Weight Series Chair Mat, 45"" x 53"", Lip 25"" x 12"""
152,FUR-FU-10000308,Apparels,Casual Wear,Deflect-o Glass Clear Studded Chair Mats
153,FUR-FU-10000320,Apparels,Casual Wear,OIC Stacking Trays
154,FUR-FU-10000397,Apparels,Casual Wear,Luxo Economy Swing Arm Lamp
155,FUR-FU-10000409,Apparels,Casual Wear,"GE 4 Foot Flourescent Tube, 40 Watt"
156,FUR-FU-10000448,Apparels,Casual Wear,Tenex Chairmats For Use With Carpeted Floors
157,FUR-FU-10000521,Apparels,Casual Wear,"Seth Thomas 14"" Putty-Colored Wall Clock"
158,FUR-FU-10000550,Apparels,Casual Wear,Stacking Trays by OIC
159,FUR-FU-10000576,Apparels,Casual Wear,Luxo Professional Fluorescent Magnifier Lamp with Clamp-Mount Base
160,FUR-FU-10000629,Apparels,Casual Wear,9-3/4 Diameter Round Wall Clock
161,FUR-FU-10000672,Apparels,Casual Wear,"Executive Impressions 10"" Spectator Wall Clock"
162,FUR-FU-10000719,Apparels,Casual Wear,"DAX Cubicle Frames, 8-1/2 x 11"
163,FUR-FU-10000723,Apparels,Casual Wear,"Deflect-o EconoMat Studded, No Bevel Mat for Low Pile Carpeting"
164,FUR-FU-10000732,Apparels,Casual Wear,Eldon 200 Class Desk Accessories
165,FUR-FU-10000747,Apparels,Casual Wear,Tenex B1-RE Series Chair Mats for Low Pile Carpets
166,FUR-FU-10000755,Apparels,Casual Wear,Eldon Expressions Mahogany Wood Desk Collection
167,FUR-FU-10000758,Apparels,Casual Wear,DAX Natural Wood-Tone Poster Frame
168,FUR-FU-10000771,Apparels,Casual Wear,"Eldon 200 Class Desk Accessories, Smoke"
169,FUR-FU-10000794,Apparels,Casual Wear,"Eldon Stackable Tray, Side-Load, Legal, Smoke"
170,FUR-FU-10000820,Apparels,Casual Wear,Tensor Brushed Steel Torchiere Floor Lamp
171,FUR-FU-10000965,Apparels,Casual Wear,"Howard Miller 11-1/2"" Diameter Ridgewood Wall Clock"
172,FUR-FU-10001025,Apparels,Casual Wear,"Eldon Imàge Series Desk Accessories, Clear"
173,FUR-FU-10001037,Apparels,Casual Wear,"DAX Charcoal/Nickel-Tone Document Frame, 5 x 7"
174,FUR-FU-10001057,Apparels,Casual Wear,Tensor Track Tree Floor Lamp
175,FUR-FU-10001085,Apparels,Casual Wear,3M Polarizing Light Filter Sleeves
176,FUR-FU-10001095,Apparels,Casual Wear,DAX Black Cherry Wood-Tone Poster Frame
177,FUR-FU-10001185,Apparels,Casual Wear,"Advantus Employee of the Month Certificate Frame, 11 x 13-1/2"
178,FUR-FU-10001196,Apparels,Casual Wear,DAX Cubicle Frames - 8x10
179,FUR-FU-10001215,Apparels,Casual Wear,"Howard Miller 11-1/2"" Diameter Brentwood Wall Clock"
180,FUR-FU-10001290,Apparels,Casual Wear,Executive Impressions Supervisor Wall Clock
181,FUR-FU-10001379,Apparels,Casual Wear,"Executive Impressions 16-1/2"" Circular Wall Clock"
182,FUR-FU-10001424,Apparels,Casual Wear,Dax Clear Box Frame
183,FUR-FU-10001468,Apparels,Casual Wear,Tenex Antistatic Computer Chair Mats
184,FUR-FU-10001473,Apparels,Casual Wear,DAX Wood Document Frame
185,FUR-FU-10001475,Apparels,Casual Wear,"Contract Clock, 14"", Brown"
186,FUR-FU-10001487,Apparels,Casual Wear,"Eldon Expressions Wood and Plastic Desk Accessories, Cherry Wood"
187,FUR-FU-10001488,Apparels,Casual Wear,"Tenex 46"" x 60"" Computer Anti-Static Chairmat, Rectangular Shaped"
188,FUR-FU-10001546,Apparels,Casual Wear,Dana Swing-Arm Lamps
189,FUR-FU-10001588,Apparels,Casual Wear,"Deflect-o SuperTray Unbreakable Stackable Tray, Letter, Black"
190,FUR-FU-10001591,Apparels,Casual Wear,Advantus Panel Wall Certificate Holder - 8.5x11
191,FUR-FU-10001602,Apparels,Casual Wear,"Eldon Delta Triangular Chair Mat, 52"" x 58"", Clear"
192,FUR-FU-10001617,Apparels,Casual Wear,"Executive Impressions 8-1/2"" Career Panel/Partition Cubicle Clock"
193,FUR-FU-10001706,Apparels,Casual Wear,Longer-Life Soft White Bulbs
194,FUR-FU-10001731,Apparels,Casual Wear,Acrylic Self-Standing Desk Frames
195,FUR-FU-10001756,Apparels,Casual Wear,"Eldon Expressions Desk Accessory, Wood Photo Frame, Mahogany"
196,FUR-FU-10001847,Apparels,Casual Wear,Eldon Image Series Black Desk Accessories
197,FUR-FU-10001852,Apparels,Casual Wear,"Eldon Regeneration Recycled Desk Accessories, Smoke"
198,FUR-FU-10001861,Apparels,Casual Wear,"Floodlight Indoor Halogen Bulbs, 1 Bulb per Pack, 60 Watts"
199,FUR-FU-10001867,Apparels,Casual Wear,"Eldon Expressions Punched Metal & Wood Desk Accessories, Pewter & Cherry"
200,FUR-FU-10001876,Apparels,Casual Wear,"Computer Room Manger, 14"""
201,FUR-FU-10001889,Apparels,Casual Wear,Ultra Door Pull Handle
202,FUR-FU-10001918,Apparels,Casual Wear,C-Line Cubicle Keepers Polyproplyene Holder With Velcro Backings
203,FUR-FU-10001934,Apparels,Casual Wear,Magnifier Swing Arm Lamp
204,FUR-FU-10001935,Apparels,Casual Wear,3M Hangers With Command Adhesive
205,FUR-FU-10001940,Apparels,Casual Wear,Staple-based wall hangings
206,FUR-FU-10001967,Apparels,Casual Wear,Telescoping Adjustable Floor Lamp
207,FUR-FU-10001979,Apparels,Casual Wear,Dana Halogen Swing-Arm Architect Lamp
208,FUR-FU-10001986,Apparels,Casual Wear,"Dana Fluorescent Magnifying Lamp, White, 36"""
209,FUR-FU-10002030,Apparels,Casual Wear,"Executive Impressions 14"" Contract Wall Clock with Quartz Movement"
210,FUR-FU-10002045,Apparels,Casual Wear,"Executive Impressions 14"""
211,FUR-FU-10002088,Apparels,Casual Wear,Nu-Dell Float Frame 11 x 14 1/2
212,FUR-FU-10002107,Apparels,Casual Wear,Eldon Pizzaz Desk Accessories
213,FUR-FU-10002111,Apparels,Casual Wear,"Master Caster Door Stop, Large Brown"
214,FUR-FU-10002116,Apparels,Casual Wear,"Tenex Carpeted, Granite-Look or Clear Contemporary Contour Shape Chair Mats"
215,FUR-FU-10002157,Apparels,Casual Wear,Artistic Insta-Plaque
216,FUR-FU-10002191,Apparels,Casual Wear,G.E. Halogen Desk Lamp Bulbs
217,FUR-FU-10002240,Apparels,Casual Wear,Nu-Dell EZ-Mount Plastic Wall Frames
218,FUR-FU-10002253,Apparels,Casual Wear,"Howard Miller 13"" Diameter Pewter Finish Round Wall Clock"
219,FUR-FU-10002268,Apparels,Casual Wear,Ultra Door Push Plate
220,FUR-FU-10002298,Apparels,Casual Wear,"Rubbermaid ClusterMat Chairmats, Mat Size- 66"" x 60"", Lip 20"" x 11"" -90 Degree Angle"
221,FUR-FU-10002364,Apparels,Casual Wear,"Eldon Expressions Wood Desk Accessories, Oak"
222,FUR-FU-10002379,Apparels,Casual Wear,Eldon Econocleat Chair Mats for Low Pile Carpets
223,FUR-FU-10002396,Apparels,Casual Wear,"DAX Copper Panel Document Frame, 5 x 7 Size"
224,FUR-FU-10002445,Apparels,Casual Wear,"DAX Two-Tone Rosewood/Black Document Frame, Desktop, 5 x 7"
225,FUR-FU-10002456,Apparels,Casual Wear,"Master Caster Door Stop, Large Neon Orange"
226,FUR-FU-10002501,Apparels,Casual Wear,Nu-Dell Executive Frame
227,FUR-FU-10002505,Apparels,Casual Wear,Eldon 100 Class Desk Accessories
228,FUR-FU-10002506,Apparels,Casual Wear,"Tensor ""Hersey Kiss"" Styled Floor Lamp"
229,FUR-FU-10002508,Apparels,Casual Wear,Document Clip Frames
230,FUR-FU-10002553,Apparels,Casual Wear,"Electrix Incandescent Magnifying Lamp, Black"
231,FUR-FU-10002554,Apparels,Casual Wear,"Westinghouse Floor Lamp with Metal Mesh Shade, Black"
232,FUR-FU-10002597,Apparels,Casual Wear,"C-Line Magnetic Cubicle Keepers, Clear Polypropylene"
233,FUR-FU-10002671,Apparels,Casual Wear,Electrix 20W Halogen Replacement Bulb for Zoom-In Desk Lamp
234,FUR-FU-10002685,Apparels,Casual Wear,"Executive Impressions 13-1/2"" Indoor/Outdoor Wall Clock"
235,FUR-FU-10002703,Apparels,Casual Wear,"Tenex Traditional Chairmats for Hard Floors, Average Lip, 36"" x 48"""
236,FUR-FU-10002759,Apparels,Casual Wear,12-1/2 Diameter Round Wall Clock
237,FUR-FU-10002813,Apparels,Casual Wear,"DAX Contemporary Wood Frame with Silver Metal Mat, Desktop, 11 x 14 Size"
238,FUR-FU-10002874,Apparels,Casual Wear,Ultra Commercial Grade Dual Valve Door Closer
239,FUR-FU-10002878,Apparels,Casual Wear,"Seth Thomas 14"" Day/Date Wall Clock"
240,FUR-FU-10002885,Apparels,Casual Wear,Magna Visual Magnetic Picture Hangers
241,FUR-FU-10002918,Apparels,Casual Wear,Eldon ClusterMat Chair Mat with Cordless Antistatic Protection
242,FUR-FU-10002937,Apparels,Casual Wear,"GE 48"" Fluorescent Tube, Cool White Energy Saver, 34 Watts, 30/Box"
243,FUR-FU-10002960,Apparels,Casual Wear,"Eldon 200 Class Desk Accessories, Burgundy"
244,FUR-FU-10002963,Apparels,Casual Wear,"Master Caster Door Stop, Gray"
245,FUR-FU-10003026,Apparels,Casual Wear,"Eldon Regeneration Recycled Desk Accessories, Black"
246,FUR-FU-10003039,Apparels,Casual Wear,"Howard Miller 11-1/2"" Diameter Grantwood Wall Clock"
247,FUR-FU-10003095,Apparels,Casual Wear,"Linden 12"" Wall Clock With Oak Frame"
248,FUR-FU-10003096,Apparels,Casual Wear,"Master Giant Foot Doorstop, Safety Yellow"
249,FUR-FU-10003142,Apparels,Casual Wear,"Master Big Foot Doorstop, Beige"
250,FUR-FU-10003192,Apparels,Casual Wear,Luxo Adjustable Task Clamp Lamp
251,FUR-FU-10003194,Apparels,Casual Wear,"Eldon Expressions Desk Accessory, Wood Pencil Holder, Oak"
252,FUR-FU-10003247,Apparels,Casual Wear,36X48 HARDFLOOR CHAIRMAT
253,FUR-FU-10003268,Apparels,Casual Wear,Eldon Radial Chair Mat for Low to Medium Pile Carpets
254,FUR-FU-10003274,Apparels,Casual Wear,Regeneration Desk Collection
255,FUR-FU-10003347,Apparels,Casual Wear,Coloredge Poster Frame
256,FUR-FU-10003374,Apparels,Casual Wear,Electrix Fluorescent Magnifier Lamps & Weighted Base
257,FUR-FU-10003394,Apparels,Casual Wear,"Tenex ""The Solids"" Textured Chair Mats"
258,FUR-FU-10003424,Apparels,Casual Wear,Nu-Dell Oak Frame
259,FUR-FU-10003464,Apparels,Casual Wear,"Seth Thomas 8 1/2"" Cubicle Clock"
260,FUR-FU-10003489,Apparels,Casual Wear,Contemporary Borderless Frame
261,FUR-FU-10003535,Apparels,Casual Wear,Howard Miller Distant Time Traveler Alarm Clock
262,FUR-FU-10003553,Apparels,Casual Wear,"Howard Miller 13-1/2"" Diameter Rosebrook Wall Clock"
263,FUR-FU-10003577,Apparels,Casual Wear,Nu-Dell Leatherette Frames
264,FUR-FU-10003601,Apparels,Casual Wear,"Deflect-o RollaMat Studded, Beveled Mat for Medium Pile Carpeting"
265,FUR-FU-10003623,Apparels,Casual Wear,"DataProducts Ampli Magnifier Task Lamp, Black,"
266,FUR-FU-10003664,Apparels,Casual Wear,"Electrix Architect's Clamp-On Swing Arm Lamp, Black"
267,FUR-FU-10003691,Apparels,Casual Wear,"Eldon Image Series Desk Accessories, Ebony"
268,FUR-FU-10003708,Apparels,Casual Wear,"Tenex Traditional Chairmats for Medium Pile Carpet, Standard Lip, 36"" x 48"""
269,FUR-FU-10003724,Apparels,Casual Wear,Westinghouse Clip-On Gooseneck Lamps
270,FUR-FU-10003731,Apparels,Casual Wear,"Eldon Expressions Wood and Plastic Desk Accessories, Oak"
271,FUR-FU-10003773,Apparels,Casual Wear,Eldon Cleatmat Plus Chair Mats for High Pile Carpets
272,FUR-FU-10003798,Apparels,Casual Wear,"Ultra Door Kickplate, 8""H x 34""W"
273,FUR-FU-10003799,Apparels,Casual Wear,"Seth Thomas 13 1/2"" Wall Clock"
274,FUR-FU-10003806,Apparels,Casual Wear,"Tenex Chairmat w/ Average Lip, 45"" x 53"""
275,FUR-FU-10003829,Apparels,Casual Wear,Stackable Trays
276,FUR-FU-10003832,Apparels,Casual Wear,"Eldon Expressions Punched Metal & Wood Desk Accessories, Black & Cherry"
277,FUR-FU-10003849,Apparels,Casual Wear,"DAX Metal Frame, Desktop, Stepped-Edge"
278,FUR-FU-10003878,Apparels,Casual Wear,"Linden 10"" Round Wall Clock, Black"
279,FUR-FU-10003919,Apparels,Casual Wear,Eldon Executive Woodline II Cherry Finish Desk Accessories
280,FUR-FU-10003930,Apparels,Casual Wear,Howard Miller 12-3/4 Diameter Accuwave DS  Wall Clock
281,FUR-FU-10003975,Apparels,Casual Wear,Eldon Advantage Chair Mats for Low to Medium Pile Carpets
282,FUR-FU-10003976,Apparels,Casual Wear,"DAX Executive Solid Wood Document Frame, Desktop or Hang, Mahogany, 5 x 7"
283,FUR-FU-10003981,Apparels,Casual Wear,Eldon Wave Desk Accessories
284,FUR-FU-10004006,Apparels,Casual Wear,"Deflect-o DuraMat Lighweight, Studded, Beveled Mat for Low Pile Carpeting"
285,FUR-FU-10004017,Apparels,Casual Wear,"Executive Impressions 13"" Chairman Wall Clock"
286,FUR-FU-10004018,Apparels,Casual Wear,Tensor Computer Mounted Lamp
287,FUR-FU-10004020,Apparels,Casual Wear,Advantus Panel Wall Acrylic Frame
288,FUR-FU-10004053,Apparels,Casual Wear,DAX Two-Tone Silver Metal Document Frame
289,FUR-FU-10004071,Apparels,Casual Wear,Luxo Professional Magnifying Clamp-On Fluorescent Lamps
290,FUR-FU-10004090,Apparels,Casual Wear,"Executive Impressions 14"" Contract Wall Clock"
291,FUR-FU-10004091,Apparels,Casual Wear,"Howard Miller 13"" Diameter Goldtone Round Wall Clock"
292,FUR-FU-10004093,Apparels,Casual Wear,Hand-Finished Solid Wood Document Frame
293,FUR-FU-10004164,Apparels,Casual Wear,"Eldon 300 Class Desk Accessories, Black"
294,FUR-FU-10004188,Apparels,Casual Wear,Luxo Professional Combination Clamp-On Lamps
295,FUR-FU-10004245,Apparels,Casual Wear,"Career Cubicle Clock, 8 1/4"", Black"
296,FUR-FU-10004270,Apparels,Casual Wear,"Executive Impressions 13"" Clairmont Wall Clock"
297,FUR-FU-10004306,Apparels,Casual Wear,Electrix Halogen Magnifier Lamp
298,FUR-FU-10004351,Apparels,Casual Wear,Staple-based wall hangings
299,FUR-FU-10004415,Apparels,Casual Wear,"Stacking Tray, Side-Loading, Legal, Smoke"
300,FUR-FU-10004460,Apparels,Casual Wear,"Howard Miller 12"" Round Wall Clock"
301,FUR-FU-10004586,Apparels,Casual Wear,G.E. Longer-Life Indoor Recessed Floodlight Bulbs
302,FUR-FU-10004587,Apparels,Casual Wear,"GE General Use Halogen Bulbs, 100 Watts, 1 Bulb per Pack"
303,FUR-FU-10004597,Apparels,Casual Wear,Eldon Cleatmat Chair Mats for Medium Pile Carpets
304,FUR-FU-10004622,Apparels,Casual Wear,Eldon Advantage Foldable Chair Mats for Low Pile Carpets
305,FUR-FU-10004665,Apparels,Casual Wear,"3M Polarizing Task Lamp with Clamp Arm, Light Gray"
306,FUR-FU-10004666,Apparels,Casual Wear,DAX Clear Channel Poster Frame
307,FUR-FU-10004671,Apparels,Casual Wear,"Executive Impressions 12"" Wall Clock"
308,FUR-FU-10004712,Apparels,Casual Wear,"Westinghouse Mesh Shade Clip-On Gooseneck Lamp, Black"
309,FUR-FU-10004748,Apparels,Casual Wear,"Howard Miller 16"" Diameter Gallery Wall Clock"
310,FUR-FU-10004845,Apparels,Casual Wear,"Deflect-o EconoMat Nonstudded, No Bevel Mat"
311,FUR-FU-10004848,Apparels,Casual Wear,"Howard Miller 13-3/4"" Diameter Brushed Chrome Round Wall Clock"
312,FUR-FU-10004864,Apparels,Casual Wear,"Howard Miller 14-1/2"" Diameter Chrome Round Wall Clock"
313,FUR-FU-10004904,Apparels,Casual Wear,"Eldon ""L"" Workstation Diamond Chairmat"
314,FUR-FU-10004909,Apparels,Casual Wear,Contemporary Wood/Metal Frame
315,FUR-FU-10004952,Apparels,Casual Wear,"C-Line Cubicle Keepers Polyproplyene Holder w/Velcro Back, 8-1/2x11, 25/Bx"
316,FUR-FU-10004960,Apparels,Casual Wear,"Seth Thomas 12"" Clock w/ Goldtone Case"
317,FUR-FU-10004963,Apparels,Casual Wear,"Eldon 400 Class Desk Accessories, Black Carbon"
318,FUR-FU-10004973,Apparels,Casual Wear,Flat Face Poster Frame
319,FUR-TA-10000198,Apparels,Ethnic Wear,Chromcraft Bull-Nose Wood Oval Conference Tables & Bases
320,FUR-TA-10000577,Apparels,Ethnic Wear,Bretford CR4500 Series Slim Rectangular Table
321,FUR-TA-10000617,Apparels,Ethnic Wear,"Hon Practical Foundations 30 x 60 Training Table, Light Gray/Charcoal"
322,FUR-TA-10000688,Apparels,Ethnic Wear,"Chromcraft Bull-Nose Wood Round Conference Table Top, Wood Base"
323,FUR-TA-10000849,Apparels,Ethnic Wear,Bevis Rectangular Conference Tables
324,FUR-TA-10001039,Apparels,Ethnic Wear,KI Adjustable-Height Table
325,FUR-TA-10001086,Apparels,Ethnic Wear,"SAFCO PlanMaster Boards, 60w x 37-1/2d, White Melamine"
326,FUR-TA-10001095,Apparels,Ethnic Wear,Chromcraft Round Conference Tables
327,FUR-TA-10001307,Apparels,Ethnic Wear,"SAFCO PlanMaster Heigh-Adjustable Drafting Table Base, 43w x 30d x 30-37h, Black"
328,FUR-TA-10001520,Apparels,Ethnic Wear,"Lesro Sheffield Collection Coffee Table, End Table, Center Table, Corner Table"
329,FUR-TA-10001539,Apparels,Ethnic Wear,Chromcraft Rectangular Conference Tables
330,FUR-TA-10001676,Apparels,Ethnic Wear,Hon 61000 Series Interactive Training Tables
331,FUR-TA-10001691,Apparels,Ethnic Wear,"Barricks Non-Folding Utility Table with Steel Legs, Laminate Tops"
332,FUR-TA-10001705,Apparels,Ethnic Wear,Bush Advantage Collection Round Conference Table
333,FUR-TA-10001768,Apparels,Ethnic Wear,Hon Racetrack Conference Tables
334,FUR-TA-10001771,Apparels,Ethnic Wear,"Bush Cubix Conference Tables, Fully Assembled"
335,FUR-TA-10001857,Apparels,Ethnic Wear,Balt Solid Wood Rectangular Table
336,FUR-TA-10001866,Apparels,Ethnic Wear,Bevis Round Conference Room Tables and Bases
337,FUR-TA-10001889,Apparels,Ethnic Wear,Bush Advantage Collection Racetrack Conference Table
338,FUR-TA-10001932,Apparels,Ethnic Wear,"Chromcraft 48"" x 96"" Racetrack Double Pedestal Table"
339,FUR-TA-10001950,Apparels,Ethnic Wear,Balt Solid Wood Round Tables
340,FUR-TA-10002041,Apparels,Ethnic Wear,"Bevis Round Conference Table Top, X-Base"
341,FUR-TA-10002228,Apparels,Ethnic Wear,"Bevis Traditional Conference Table Top, Plinth Base"
342,FUR-TA-10002356,Apparels,Ethnic Wear,Bevis Boat-Shaped Conference Table
343,FUR-TA-10002530,Apparels,Ethnic Wear,"Iceberg OfficeWorks 42"" Round Tables"
344,FUR-TA-10002533,Apparels,Ethnic Wear,BPI Conference Tables
345,FUR-TA-10002607,Apparels,Ethnic Wear,KI Conference Tables
346,FUR-TA-10002622,Apparels,Ethnic Wear,"Bush Andora Conference Table, Maple/Graphite Gray Finish"
347,FUR-TA-10002645,Apparels,Ethnic Wear,Hon Rectangular Conference Tables
348,FUR-TA-10002774,Apparels,Ethnic Wear,Laminate Occasional Tables
349,FUR-TA-10002855,Apparels,Ethnic Wear,Bevis Round Conference Table Top & Single Column Base
350,FUR-TA-10002903,Apparels,Ethnic Wear,"Bevis Round Bullnose 29"" High Table Top"
351,FUR-TA-10002958,Apparels,Ethnic Wear,"Bevis Oval Conference Table, Walnut"
352,FUR-TA-10003008,Apparels,Ethnic Wear,"Lesro Round Back Collection Coffee Table, End Table"
353,FUR-TA-10003238,Apparels,Ethnic Wear,"Chromcraft Bull-Nose Wood 48"" x 96"" Rectangular Conference Tables"
354,FUR-TA-10003392,Apparels,Ethnic Wear,Global Adaptabilities Conference Tables
355,FUR-TA-10003469,Apparels,Ethnic Wear,Balt Split Level Computer Training Table
356,FUR-TA-10003473,Apparels,Ethnic Wear,Bretford Rectangular Conference Table Tops
357,FUR-TA-10003569,Apparels,Ethnic Wear,Bretford CR8500 Series Meeting Room Furniture
358,FUR-TA-10003715,Apparels,Ethnic Wear,Hon 2111 Invitation Series Corner Table
359,FUR-TA-10003748,Apparels,Ethnic Wear,Bevis 36 x 72 Conference Tables
360,FUR-TA-10003837,Apparels,Ethnic Wear,Anderson Hickey Conga Table Tops & Accessories
361,FUR-TA-10003954,Apparels,Ethnic Wear,Hon 94000 Series Round Tables
362,FUR-TA-10004086,Apparels,Ethnic Wear,KI Adjustable-Height Table
363,FUR-TA-10004147,Apparels,Ethnic Wear,Hon 4060 Series Tables
364,FUR-TA-10004152,Apparels,Ethnic Wear,"Barricks 18"" x 48"" Non-Folding Utility Table with Bottom Storage Shelf"
365,FUR-TA-10004154,Apparels,Ethnic Wear,"Riverside Furniture Oval Coffee Table, Oval End Table, End Table with Drawer"
366,FUR-TA-10004175,Apparels,Ethnic Wear,"Hon 30"" x 60"" Table with Locking Drawer"
367,FUR-TA-10004256,Apparels,Ethnic Wear,Bretford “Just In Time” Height-Adjustable Multi-Task Work Tables
368,FUR-TA-10004289,Apparels,Ethnic Wear,BoxOffice By Design Rectangular and Half-Moon Meeting Room Tables
369,FUR-TA-10004442,Apparels,Ethnic Wear,Riverside Furniture Stanwyck Manor Table Series
370,FUR-TA-10004534,Apparels,Ethnic Wear,Bevis 44 x 96 Conference Tables
371,FUR-TA-10004575,Apparels,Ethnic Wear,Hon 5100 Series Wood Tables
372,FUR-TA-10004607,Apparels,Ethnic Wear,Hon 2111 Invitation Series Straight Table
373,FUR-TA-10004619,Apparels,Ethnic Wear,Hon Non-Folding Utility Tables
374,FUR-TA-10004767,Apparels,Ethnic Wear,Safco Drafting Table
375,FUR-TA-10004915,Apparels,Ethnic Wear,"Office Impressions End Table, 20-1/2""H x 24""W x 20""D"
376,OFF-AP-10000026,Home & Personal Care,Detergents,Tripp Lite Isotel 6 Outlet Surge Protector with Fax/Modem Protection
377,OFF-AP-10000027,Home & Personal Care,Detergents,Hoover Commercial SteamVac
378,OFF-AP-10000055,Home & Personal Care,Detergents,Belkin F9S820V06 8 Outlet Surge
379,OFF-AP-10000124,Home & Personal Care,Detergents,Acco 6 Outlet Guardian Basic Surge Suppressor
380,OFF-AP-10000159,Home & Personal Care,Detergents,Belkin F9M820V08 8 Outlet Surge
381,OFF-AP-10000179,Home & Personal Care,Detergents,Honeywell Enviracaire Portable HEPA Air Cleaner for up to 10 x 16 Room
382,OFF-AP-10000240,Home & Personal Care,Detergents,Belkin F9G930V10-GRY 9 Outlet Surge
383,OFF-AP-10000252,Home & Personal Care,Detergents,Harmony HEPA Quiet Air Purifiers
384,OFF-AP-10000275,Home & Personal Care,Detergents,"Sanyo Counter Height Refrigerator with Crisper, 3.6 Cubic Foot, Stainless Steel/Black"
385,OFF-AP-10000326,Home & Personal Care,Detergents,Belkin 7 Outlet SurgeMaster Surge Protector with Phone Protection
386,OFF-AP-10000358,Home & Personal Care,Detergents,Fellowes Basic Home/Office Series Surge Protectors
387,OFF-AP-10000390,Home & Personal Care,Detergents,Euro Pro Shark Stick Mini Vacuum
388,OFF-AP-10000576,Home & Personal Care,Detergents,Belkin 7 Outlet SurgeMaster II
389,OFF-AP-10000595,Home & Personal Care,Detergents,Disposable Triple-Filter Dust Bags
390,OFF-AP-10000692,Home & Personal Care,Detergents,Fellowes Mighty 8 Compact Surge Protector
391,OFF-AP-10000696,Home & Personal Care,Detergents,Holmes Odor Grabber
392,OFF-AP-10000804,Home & Personal Care,Detergents,Hoover Portapower Portable Vacuum
393,OFF-AP-10000828,Home & Personal Care,Detergents,Avanti 4.4 Cu. Ft. Refrigerator
394,OFF-AP-10000891,Home & Personal Care,Detergents,Kensington 7 Outlet MasterPiece HOMEOFFICE Power Control Center
395,OFF-AP-10000938,Home & Personal Care,Detergents,Avanti 1.7 Cu. Ft. Refrigerator
396,OFF-AP-10001005,Home & Personal Care,Detergents,Honeywell Quietcare HEPA Air Cleaner
397,OFF-AP-10001058,Home & Personal Care,Detergents,Sanyo 2.5 Cubic Foot Mid-Size Office Refrigerators
398,OFF-AP-10001124,Home & Personal Care,Detergents,Belkin 8 Outlet SurgeMaster II Gold Surge Protector with Phone Protection
399,OFF-AP-10001154,Home & Personal Care,Detergents,Bionaire Personal Warm Mist Humidifier/Vaporizer
400,OFF-AP-10001205,Home & Personal Care,Detergents,Belkin 5 Outlet SurgeMaster Power Centers
401,OFF-AP-10001242,Home & Personal Care,Detergents,APC 7 Outlet Network SurgeArrest Surge Protector
402,OFF-AP-10001271,Home & Personal Care,Detergents,Eureka The Boss Cordless Rechargeable Stick Vac
403,OFF-AP-10001293,Home & Personal Care,Detergents,Belkin 8 Outlet Surge Protector
404,OFF-AP-10001303,Home & Personal Care,Detergents,"Holmes Cool Mist Humidifier for the Whole House with 8-Gallon Output per Day, Extended Life Filter"
405,OFF-AP-10001366,Home & Personal Care,Detergents,Staple holder
406,OFF-AP-10001391,Home & Personal Care,Detergents,Kensington 6 Outlet MasterPiece HOMEOFFICE Power Control Center
407,OFF-AP-10001394,Home & Personal Care,Detergents,Harmony Air Purifier
408,OFF-AP-10001469,Home & Personal Care,Detergents,Fellowes 8 Outlet Superior Workstation Surge Protector
409,OFF-AP-10001492,Home & Personal Care,Detergents,"Acco Six-Outlet Power Strip, 4' Cord Length"
410,OFF-AP-10001563,Home & Personal Care,Detergents,Belkin Premiere Surge Master II 8-outlet surge protector
411,OFF-AP-10001564,Home & Personal Care,Detergents,Hoover Commercial Lightweight Upright Vacuum with E-Z Empty Dirt Cup
412,OFF-AP-10001626,Home & Personal Care,Detergents,"Commercial WindTunnel Clean Air Upright Vacuum, Replacement Belts, Filtration Bags"
413,OFF-AP-10001634,Home & Personal Care,Detergents,Hoover Commercial Lightweight Upright Vacuum
414,OFF-AP-10001947,Home & Personal Care,Detergents,Acco 6 Outlet Guardian Premium Plus Surge Suppressor
415,OFF-AP-10001962,Home & Personal Care,Detergents,Black & Decker Filter for Double Action Dustbuster Cordless Vac BLDV7210
416,OFF-AP-10002082,Home & Personal Care,Detergents,Holmes HEPA Air Purifier
417,OFF-AP-10002118,Home & Personal Care,Detergents,"1.7 Cubic Foot Compact ""Cube"" Office Refrigerators"
418,OFF-AP-10002191,Home & Personal Care,Detergents,Belkin 8 Outlet SurgeMaster II Gold Surge Protector
419,OFF-AP-10002203,Home & Personal Care,Detergents,Eureka Disposable Bags for Sanitaire Vibra Groomer I Upright Vac
420,OFF-AP-10002222,Home & Personal Care,Detergents,Staple holder
421,OFF-AP-10002287,Home & Personal Care,Detergents,"Eureka Sanitaire  Multi-Pro Heavy-Duty Upright, Disposable Bags"
422,OFF-AP-10002311,Home & Personal Care,Detergents,"Holmes Replacement Filter for HEPA Air Cleaner, Very Large Room, HEPA Filter"
423,OFF-AP-10002350,Home & Personal Care,Detergents,Belkin F9H710-06 7 Outlet SurgeMaster Surge Protector
424,OFF-AP-10002403,Home & Personal Care,Detergents,Acco Smartsocket Color-Coded Six-Outlet AC Adapter Model Surge Protectors
425,OFF-AP-10002439,Home & Personal Care,Detergents,Tripp Lite Isotel 8 Ultra 8 Outlet Metal Surge
426,OFF-AP-10002457,Home & Personal Care,Detergents,"Eureka The Boss Plus 12-Amp Hard Box Upright Vacuum, Red"
427,OFF-AP-10002472,Home & Personal Care,Detergents,3M Office Air Cleaner
428,OFF-AP-10002495,Home & Personal Care,Detergents,"Acco Smartsocket Table Surge Protector, 6 Color-Coded Adapter Outlets"
429,OFF-AP-10002518,Home & Personal Care,Detergents,Kensington 7 Outlet MasterPiece Power Center
430,OFF-AP-10002534,Home & Personal Care,Detergents,3.6 Cubic Foot Counter Height Office Refrigerator
431,OFF-AP-10002578,Home & Personal Care,Detergents,"Fellowes Premier Superior Surge Suppressor, 10-Outlet, With Phone and Remote"
432,OFF-AP-10002651,Home & Personal Care,Detergents,Hoover Upright Vacuum With Dirt Cup
433,OFF-AP-10002670,Home & Personal Care,Detergents,Belkin 8-Outlet Premiere SurgeMaster II Surge Protectors
434,OFF-AP-10002684,Home & Personal Care,Detergents,"Acco 7-Outlet Masterpiece Power Center, Wihtout Fax/Phone Line Protection"
435,OFF-AP-10002734,Home & Personal Care,Detergents,Holmes Harmony HEPA Air Purifier for 17 x 20 Room
436,OFF-AP-10002765,Home & Personal Care,Detergents,Fellowes Advanced Computer Series Surge Protectors
437,OFF-AP-10002867,Home & Personal Care,Detergents,Fellowes Command Center 5-outlet power strip
438,OFF-AP-10002892,Home & Personal Care,Detergents,Belkin F5C206VTEL 6 Outlet Surge
439,OFF-AP-10002906,Home & Personal Care,Detergents,Hoover Replacement Belt for Commercial Guardsman Heavy-Duty Upright Vacuum
440,OFF-AP-10002945,Home & Personal Care,Detergents,Honeywell Enviracaire Portable HEPA Air Cleaner for 17' x 22' Room
441,OFF-AP-10002998,Home & Personal Care,Detergents,Holmes 99% HEPA Air Purifier
442,OFF-AP-10003040,Home & Personal Care,Detergents,Fellowes 8 Outlet Superior Workstation Surge Protector w/o Phone/Fax/Modem Protection
443,OFF-AP-10003057,Home & Personal Care,Detergents,Honeywell Enviracaire Portable HEPA Air Cleaner for 16' x 20' Room
444,OFF-AP-10003099,Home & Personal Care,Detergents,"Eureka Hand Vacuum, Bagless"
445,OFF-AP-10003217,Home & Personal Care,Detergents,Eureka Sanitaire  Commercial Upright
446,OFF-AP-10003266,Home & Personal Care,Detergents,"Holmes Replacement Filter for HEPA Air Cleaner, Large Room"
447,OFF-AP-10003278,Home & Personal Care,Detergents,Belkin 7-Outlet SurgeMaster Home Series
448,OFF-AP-10003281,Home & Personal Care,Detergents,Acco 6 Outlet Guardian Standard Surge Suppressor
449,OFF-AP-10003287,Home & Personal Care,Detergents,Tripp Lite TLP810NET Broadband Surge for Modem/Fax
450,OFF-AP-10003590,Home & Personal Care,Detergents,Hoover WindTunnel Plus Canister Vacuum
451,OFF-AP-10003622,Home & Personal Care,Detergents,"Bravo II Megaboss 12-Amp Hard Body Upright, Replacement Belts, 2 Belts per Pack"
452,OFF-AP-10003779,Home & Personal Care,Detergents,Kensington 7 Outlet MasterPiece Power Center with Fax/Phone Line Protection
453,OFF-AP-10003842,Home & Personal Care,Detergents,Euro-Pro Shark Turbo Vacuum
454,OFF-AP-10003849,Home & Personal Care,Detergents,Hoover Shoulder Vac Commercial Portable Vacuum
455,OFF-AP-10003860,Home & Personal Care,Detergents,Fellowes Advanced 8 Outlet Surge Suppressor with Phone/Fax Protection
456,OFF-AP-10003884,Home & Personal Care,Detergents,"Fellowes Smart Surge Ten-Outlet Protector, Platinum"
457,OFF-AP-10003914,Home & Personal Care,Detergents,"Sanitaire Vibra Groomer IR Commercial Upright Vacuum, Replacement Belts"
458,OFF-AP-10003971,Home & Personal Care,Detergents,Belkin 6 Outlet Metallic Surge Strip
459,OFF-AP-10004036,Home & Personal Care,Detergents,Bionaire 99.97% HEPA Air Cleaner
460,OFF-AP-10004052,Home & Personal Care,Detergents,"Hoover Replacement Belts For Soft Guard & Commercial Ltweight Upright Vacs, 2/Pk"
461,OFF-AP-10004136,Home & Personal Care,Detergents,Kensington 6 Outlet SmartSocket Surge Protector
462,OFF-AP-10004233,Home & Personal Care,Detergents,Honeywell Enviracaire Portable Air Cleaner for up to 8 x 10 Room
463,OFF-AP-10004249,Home & Personal Care,Detergents,Staple holder
464,OFF-AP-10004336,Home & Personal Care,Detergents,"Conquest 14 Commercial Heavy-Duty Upright Vacuum, Collection System, Accessory Kit"
465,OFF-AP-10004487,Home & Personal Care,Detergents,Kensington 4 Outlet MasterPiece Compact Power Control Center
466,OFF-AP-10004532,Home & Personal Care,Detergents,Kensington 6 Outlet Guardian Standard Surge Protector
467,OFF-AP-10004540,Home & Personal Care,Detergents,"Eureka The Boss Lite 10-Amp Upright Vacuum, Blue"
468,OFF-AP-10004655,Home & Personal Care,Detergents,"Holmes Visible Mist Ultrasonic Humidifier with 2.3-Gallon Output per Day, Replacement Filter"
469,OFF-AP-10004708,Home & Personal Care,Detergents,Fellowes Superior 10 Outlet Split Surge Protector
470,OFF-AP-10004785,Home & Personal Care,Detergents,"Holmes Replacement Filter for HEPA Air Cleaner, Medium Room"
471,OFF-AP-10004859,Home & Personal Care,Detergents,Acco 6 Outlet Guardian Premium Surge Suppressor
472,OFF-AP-10004868,Home & Personal Care,Detergents,Hoover Commercial Soft Guard Upright Vacuum And Disposable Filtration Bags
473,OFF-AP-10004980,Home & Personal Care,Detergents,3M Replacement Filter for Office Air Cleaner for 20' x 33' Room
474,OFF-AR-10000034,Home & Personal Care,Liquid Wash,"BIC Brite Liner Grip Highlighters, Assorted, 5/Pack"
475,OFF-AR-10000122,Home & Personal Care,Liquid Wash,Newell 314
476,OFF-AR-10000127,Home & Personal Care,Liquid Wash,Newell 321
477,OFF-AR-10000203,Home & Personal Care,Liquid Wash,Newell 336
478,OFF-AR-10000246,Home & Personal Care,Liquid Wash,Newell 318
479,OFF-AR-10000255,Home & Personal Care,Liquid Wash,Newell 328
480,OFF-AR-10000315,Home & Personal Care,Liquid Wash,"Dixon Ticonderoga Maple Cedar Pencil, #2"
481,OFF-AR-10000369,Home & Personal Care,Liquid Wash,Design Ebony Sketching Pencil
482,OFF-AR-10000380,Home & Personal Care,Liquid Wash,"Hunt PowerHouse Electric Pencil Sharpener, Blue"
483,OFF-AR-10000390,Home & Personal Care,Liquid Wash,Newell Chalk Holder
484,OFF-AR-10000411,Home & Personal Care,Liquid Wash,Boston 16701 Slimline Battery Pencil Sharpener
485,OFF-AR-10000422,Home & Personal Care,Liquid Wash,Pencil and Crayon Sharpener
486,OFF-AR-10000462,Home & Personal Care,Liquid Wash,Sanford Pocket Accent Highlighters
487,OFF-AR-10000475,Home & Personal Care,Liquid Wash,"Hunt BOSTON Vista Battery-Operated Pencil Sharpener, Black"
488,OFF-AR-10000538,Home & Personal Care,Liquid Wash,"Boston Model 1800 Electric Pencil Sharpener, Gray"
489,OFF-AR-10000588,Home & Personal Care,Liquid Wash,Newell 345
490,OFF-AR-10000614,Home & Personal Care,Liquid Wash,Barrel Sharpener
491,OFF-AR-10000634,Home & Personal Care,Liquid Wash,Newell 320
492,OFF-AR-10000657,Home & Personal Care,Liquid Wash,"Binney & Smith inkTank Desk Highlighter, Chisel Tip, Yellow, 12/Box"
493,OFF-AR-10000658,Home & Personal Care,Liquid Wash,Newell 324
494,OFF-AR-10000716,Home & Personal Care,Liquid Wash,DIXON Ticonderoga Erasable Checking Pencils
495,OFF-AR-10000799,Home & Personal Care,Liquid Wash,Col-Erase Pencils with Erasers
496,OFF-AR-10000817,Home & Personal Care,Liquid Wash,Manco Dry-Lighter Erasable Highlighter
497,OFF-AR-10000823,Home & Personal Care,Liquid Wash,Newell 307
498,OFF-AR-10000896,Home & Personal Care,Liquid Wash,Newell 329
499,OFF-AR-10000914,Home & Personal Care,Liquid Wash,Boston 16765 Mini Stand Up Battery Pencil Sharpener
500,OFF-AR-10000937,Home & Personal Care,Liquid Wash,"Dixon Ticonderoga Core-Lock Colored Pencils, 48-Color Set"
501,OFF-AR-10000940,Home & Personal Care,Liquid Wash,Newell 343
502,OFF-AR-10001022,Home & Personal Care,Liquid Wash,SANFORD Liquid Accent Tank-Style Highlighters
503,OFF-AR-10001026,Home & Personal Care,Liquid Wash,"Sanford Uni-Blazer View Highlighters, Chisel Tip, Yellow"
504,OFF-AR-10001044,Home & Personal Care,Liquid Wash,"BOSTON Ranger #55 Pencil Sharpener, Black"
505,OFF-AR-10001118,Home & Personal Care,Liquid Wash,"Binney & Smith Crayola Metallic Crayons, 16-Color Pack"
506,OFF-AR-10001130,Home & Personal Care,Liquid Wash,"Quartet Alpha White Chalk, 12/Pack"
507,OFF-AR-10001149,Home & Personal Care,Liquid Wash,"Avery Hi-Liter Comfort Grip Fluorescent Highlighter, Yellow Ink"
508,OFF-AR-10001166,Home & Personal Care,Liquid Wash,Staples in misc. colors
509,OFF-AR-10001177,Home & Personal Care,Liquid Wash,Newell 349
510,OFF-AR-10001216,Home & Personal Care,Liquid Wash,Newell 339
511,OFF-AR-10001221,Home & Personal Care,Liquid Wash,"Dixon Ticonderoga Erasable Colored Pencil Set, 12-Color"
512,OFF-AR-10001227,Home & Personal Care,Liquid Wash,Newell 338
513,OFF-AR-10001231,Home & Personal Care,Liquid Wash,"Sanford EarthWrite Recycled Pencils, Medium Soft, #2"
514,OFF-AR-10001246,Home & Personal Care,Liquid Wash,Newell 317
515,OFF-AR-10001315,Home & Personal Care,Liquid Wash,Newell 310
516,OFF-AR-10001374,Home & Personal Care,Liquid Wash,"BIC Brite Liner Highlighters, Chisel Tip"
517,OFF-AR-10001419,Home & Personal Care,Liquid Wash,Newell 325
518,OFF-AR-10001427,Home & Personal Care,Liquid Wash,Newell 330
519,OFF-AR-10001446,Home & Personal Care,Liquid Wash,Newell 309
520,OFF-AR-10001468,Home & Personal Care,Liquid Wash,"Sanford Prismacolor Professional Thick Lead Art Pencils, 36-Color Set"
521,OFF-AR-10001473,Home & Personal Care,Liquid Wash,Newell 313
522,OFF-AR-10001545,Home & Personal Care,Liquid Wash,Newell 326
523,OFF-AR-10001547,Home & Personal Care,Liquid Wash,Newell 311
524,OFF-AR-10001573,Home & Personal Care,Liquid Wash,American Pencil
525,OFF-AR-10001615,Home & Personal Care,Liquid Wash,Newell 34
526,OFF-AR-10001662,Home & Personal Care,Liquid Wash,Rogers Handheld Barrel Pencil Sharpener
527,OFF-AR-10001683,Home & Personal Care,Liquid Wash,Lumber Crayons
528,OFF-AR-10001725,Home & Personal Care,Liquid Wash,Boston Home & Office Model 2000 Electric Pencil Sharpeners
529,OFF-AR-10001761,Home & Personal Care,Liquid Wash,Avery Hi-Liter Smear-Safe Highlighters
530,OFF-AR-10001770,Home & Personal Care,Liquid Wash,Economy #2 Pencils
531,OFF-AR-10001860,Home & Personal Care,Liquid Wash,BIC Liqua Brite Liner
532,OFF-AR-10001868,Home & Personal Care,Liquid Wash,Prang Dustless Chalk Sticks
533,OFF-AR-10001897,Home & Personal Care,Liquid Wash,Model L Table or Wall-Mount Pencil Sharpener
534,OFF-AR-10001915,Home & Personal Care,Liquid Wash,Peel-Off China Markers
535,OFF-AR-10001919,Home & Personal Care,Liquid Wash,"OIC #2 Pencils, Medium Soft"
536,OFF-AR-10001940,Home & Personal Care,Liquid Wash,"Sanford Colorific Eraseable Coloring Pencils, 12 Count"
537,OFF-AR-10001953,Home & Personal Care,Liquid Wash,Boston 1645 Deluxe Heavier-Duty Electric Pencil Sharpener
538,OFF-AR-10001954,Home & Personal Care,Liquid Wash,Newell 331
539,OFF-AR-10001955,Home & Personal Care,Liquid Wash,Newell 319
540,OFF-AR-10001958,Home & Personal Care,Liquid Wash,Stanley Bostitch Contemporary Electric Pencil Sharpeners
541,OFF-AR-10001972,Home & Personal Care,Liquid Wash,Newell 323
542,OFF-AR-10001988,Home & Personal Care,Liquid Wash,Bulldog Table or Wall-Mount Pencil Sharpener
543,OFF-AR-10002053,Home & Personal Care,Liquid Wash,"Premium Writing Pencils, Soft, #2 by Central Association for the Blind"
544,OFF-AR-10002067,Home & Personal Care,Liquid Wash,Newell 334
545,OFF-AR-10002135,Home & Personal Care,Liquid Wash,Boston Heavy-Duty Trimline Electric Pencil Sharpeners
546,OFF-AR-10002221,Home & Personal Care,Liquid Wash,12 Colored Short Pencils
547,OFF-AR-10002240,Home & Personal Care,Liquid Wash,Panasonic KP-150 Electric Pencil Sharpener
548,OFF-AR-10002255,Home & Personal Care,Liquid Wash,Newell 346
549,OFF-AR-10002257,Home & Personal Care,Liquid Wash,"Eldon Spacemaker Box, Quick-Snap Lid, Clear"
550,OFF-AR-10002280,Home & Personal Care,Liquid Wash,Staples in misc. colors
551,OFF-AR-10002335,Home & Personal Care,Liquid Wash,DIXON Oriole Pencils
552,OFF-AR-10002375,Home & Personal Care,Liquid Wash,Newell 351
553,OFF-AR-10002399,Home & Personal Care,Liquid Wash,"Dixon Prang Watercolor Pencils, 10-Color Set with Brush"
554,OFF-AR-10002445,Home & Personal Care,Liquid Wash,SANFORD Major Accent Highlighters
555,OFF-AR-10002467,Home & Personal Care,Liquid Wash,Dixon Ticonderoga Pencils
556,OFF-AR-10002578,Home & Personal Care,Liquid Wash,Newell 335
557,OFF-AR-10002656,Home & Personal Care,Liquid Wash,Sanford Liquid Accent Highlighters
558,OFF-AR-10002671,Home & Personal Care,Liquid Wash,"Hunt BOSTON Model 1606 High-Volume Electric Pencil Sharpener, Beige"
559,OFF-AR-10002704,Home & Personal Care,Liquid Wash,Boston 1900 Electric Pencil Sharpener
560,OFF-AR-10002766,Home & Personal Care,Liquid Wash,Prang Drawing Pencil Set
561,OFF-AR-10002804,Home & Personal Care,Liquid Wash,Faber Castell Col-Erase Pencils
562,OFF-AR-10002818,Home & Personal Care,Liquid Wash,Panasonic KP-310 Heavy-Duty Electric Pencil Sharpener
563,OFF-AR-10002833,Home & Personal Care,Liquid Wash,Newell 322
564,OFF-AR-10002952,Home & Personal Care,Liquid Wash,Stanley Contemporary Battery Pencil Sharpeners
565,OFF-AR-10002956,Home & Personal Care,Liquid Wash,Boston 16801 Nautilus Battery Pencil Sharpener
566,OFF-AR-10002987,Home & Personal Care,Liquid Wash,Prismacolor Color Pencil Set
567,OFF-AR-10003045,Home & Personal Care,Liquid Wash,Prang Colored Pencils
568,OFF-AR-10003056,Home & Personal Care,Liquid Wash,Newell 341
569,OFF-AR-10003087,Home & Personal Care,Liquid Wash,Staples in misc. colors
570,OFF-AR-10003156,Home & Personal Care,Liquid Wash,50 Colored Long Pencils
571,OFF-AR-10003158,Home & Personal Care,Liquid Wash,Fluorescent Highlighters by Dixon
572,OFF-AR-10003179,Home & Personal Care,Liquid Wash,Dixon Ticonderoga Core-Lock Colored Pencils
573,OFF-AR-10003183,Home & Personal Care,Liquid Wash,Avery Fluorescent Highlighter Four-Color Set
574,OFF-AR-10003190,Home & Personal Care,Liquid Wash,Newell 32
575,OFF-AR-10003217,Home & Personal Care,Liquid Wash,Newell 316
576,OFF-AR-10003251,Home & Personal Care,Liquid Wash,Prang Drawing Pencil Set
577,OFF-AR-10003338,Home & Personal Care,Liquid Wash,"Eberhard Faber 3 1/2"" Golf Pencils"
578,OFF-AR-10003373,Home & Personal Care,Liquid Wash,"Boston School Pro Electric Pencil Sharpener, 1670"
579,OFF-AR-10003394,Home & Personal Care,Liquid Wash,Newell 332
580,OFF-AR-10003405,Home & Personal Care,Liquid Wash,"Dixon My First Ticonderoga Pencil, #2"
581,OFF-AR-10003469,Home & Personal Care,Liquid Wash,Nontoxic Chalk
582,OFF-AR-10003477,Home & Personal Care,Liquid Wash,4009 Highlighters
583,OFF-AR-10003478,Home & Personal Care,Liquid Wash,"Avery Hi-Liter EverBold Pen Style Fluorescent Highlighters, 4/Pack"
584,OFF-AR-10003481,Home & Personal Care,Liquid Wash,Newell 348
585,OFF-AR-10003504,Home & Personal Care,Liquid Wash,Newell 347
586,OFF-AR-10003514,Home & Personal Care,Liquid Wash,4009 Highlighters by Sanford
587,OFF-AR-10003560,Home & Personal Care,Liquid Wash,Zebra Zazzle Fluorescent Highlighters
588,OFF-AR-10003582,Home & Personal Care,Liquid Wash,"Boston Electric Pencil Sharpener, Model 1818, Charcoal Black"
589,OFF-AR-10003602,Home & Personal Care,Liquid Wash,"Quartet Omega Colored Chalk, 12/Pack"
590,OFF-AR-10003631,Home & Personal Care,Liquid Wash,Staples in misc. colors
591,OFF-AR-10003651,Home & Personal Care,Liquid Wash,Newell 350
592,OFF-AR-10003696,Home & Personal Care,Liquid Wash,Panasonic KP-350BK Electric Pencil Sharpener with Auto Stop
593,OFF-AR-10003723,Home & Personal Care,Liquid Wash,Avery Hi-Liter Fluorescent Desk Style Markers
594,OFF-AR-10003727,Home & Personal Care,Liquid Wash,Berol Giant Pencil Sharpener
595,OFF-AR-10003732,Home & Personal Care,Liquid Wash,Newell 333
596,OFF-AR-10003752,Home & Personal Care,Liquid Wash,Deluxe Chalkboard Eraser Cleaner
597,OFF-AR-10003759,Home & Personal Care,Liquid Wash,"Crayola Anti Dust Chalk, 12/Pack"
598,OFF-AR-10003770,Home & Personal Care,Liquid Wash,Newell 340
599,OFF-AR-10003772,Home & Personal Care,Liquid Wash,Boston 16750 Black Compact Battery Pencil Sharpener
600,OFF-AR-10003811,Home & Personal Care,Liquid Wash,Newell 327
601,OFF-AR-10003829,Home & Personal Care,Liquid Wash,Newell 35
602,OFF-AR-10003856,Home & Personal Care,Liquid Wash,Newell 344
603,OFF-AR-10003876,Home & Personal Care,Liquid Wash,"Avery Hi-Liter GlideStik Fluorescent Highlighter, Yellow Ink"
604,OFF-AR-10003896,Home & Personal Care,Liquid Wash,"Stride Job 150 Highlighters, Chisel Tip, Assorted Colors"
605,OFF-AR-10003903,Home & Personal Care,Liquid Wash,Sanford 52201 APSCO Electric Pencil Sharpener
606,OFF-AR-10003958,Home & Personal Care,Liquid Wash,Newell 337
607,OFF-AR-10003986,Home & Personal Care,Liquid Wash,Avery Hi-Liter Pen Style Six-Color Fluorescent Set
608,OFF-AR-10004010,Home & Personal Care,Liquid Wash,Hunt Boston Vacuum Mount KS Pencil Sharpener
609,OFF-AR-10004022,Home & Personal Care,Liquid Wash,Panasonic KP-380BK Classic Electric Pencil Sharpener
610,OFF-AR-10004027,Home & Personal Care,Liquid Wash,"Binney & Smith inkTank Erasable Desk Highlighter, Chisel Tip, Yellow, 12/Box"
611,OFF-AR-10004042,Home & Personal Care,Liquid Wash,"BOSTON Model 1800 Electric Pencil Sharpeners, Putty/Woodgrain"
612,OFF-AR-10004062,Home & Personal Care,Liquid Wash,Staples in misc. colors
613,OFF-AR-10004078,Home & Personal Care,Liquid Wash,Newell 312
614,OFF-AR-10004165,Home & Personal Care,Liquid Wash,"Binney & Smith inkTank Erasable Pocket Highlighter, Chisel Tip, Yellow"
615,OFF-AR-10004260,Home & Personal Care,Liquid Wash,Boston 1799 Powerhouse Electric Pencil Sharpener
616,OFF-AR-10004269,Home & Personal Care,Liquid Wash,Newell 31
617,OFF-AR-10004272,Home & Personal Care,Liquid Wash,Newell 308
618,OFF-AR-10004344,Home & Personal Care,Liquid Wash,Bulldog Vacuum Base Pencil Sharpener
619,OFF-AR-10004441,Home & Personal Care,Liquid Wash,BIC Brite Liner Highlighters
620,OFF-AR-10004456,Home & Personal Care,Liquid Wash,Panasonic KP-4ABK Battery-Operated Pencil Sharpener
621,OFF-AR-10004511,Home & Personal Care,Liquid Wash,"Sanford Colorific Scented Colored Pencils, 12/Pack"
622,OFF-AR-10004582,Home & Personal Care,Liquid Wash,BIC Brite Liner Grip Highlighters
623,OFF-AR-10004587,Home & Personal Care,Liquid Wash,"Boston 1827 Commercial Additional Cutter, Drive Gear & Gear Rack for 1606"
624,OFF-AR-10004602,Home & Personal Care,Liquid Wash,Boston KS Multi-Size Manual Pencil Sharpener
625,OFF-AR-10004648,Home & Personal Care,Liquid Wash,Boston 19500 Mighty Mite Electric Pencil Sharpener
626,OFF-AR-10004685,Home & Personal Care,Liquid Wash,"Binney & Smith Crayola Metallic Colored Pencils, 8-Color Set"
627,OFF-AR-10004691,Home & Personal Care,Liquid Wash,Boston 1730 StandUp Electric Pencil Sharpener
628,OFF-AR-10004707,Home & Personal Care,Liquid Wash,Staples in misc. colors
629,OFF-AR-10004752,Home & Personal Care,Liquid Wash,Blackstonian Pencils
630,OFF-AR-10004757,Home & Personal Care,Liquid Wash,Crayola Colored Pencils
631,OFF-AR-10004790,Home & Personal Care,Liquid Wash,Staples in misc. colors
632,OFF-AR-10004817,Home & Personal Care,Liquid Wash,Colorific Watercolor Pencils
633,OFF-AR-10004930,Home & Personal Care,Liquid Wash,Turquoise Lead Holder with Pocket Clip
634,OFF-AR-10004956,Home & Personal Care,Liquid Wash,Newell 33
635,OFF-AR-10004974,Home & Personal Care,Liquid Wash,Newell 342
636,OFF-AR-10004999,Home & Personal Care,Liquid Wash,Newell 315
637,OFF-BI-10000014,Home & Personal Care,Soaps,Heavy-Duty E-Z-D Binders
638,OFF-BI-10000042,Home & Personal Care,Soaps,"Pressboard Data Binder, Crimson, 12"" X 8 1/2"""
639,OFF-BI-10000050,Home & Personal Care,Soaps,"Angle-D Binders with Locking Rings, Label Holders"
640,OFF-BI-10000069,Home & Personal Care,Soaps,"GBC Prepunched Paper, 19-Hole, for Binding Systems, 24-lb"
641,OFF-BI-10000088,Home & Personal Care,Soaps,GBC Imprintable Covers
642,OFF-BI-10000136,Home & Personal Care,Soaps,Avery Non-Stick Heavy Duty View Round Locking Ring Binders
643,OFF-BI-10000138,Home & Personal Care,Soaps,Acco Translucent Poly Ring Binders
644,OFF-BI-10000145,Home & Personal Care,Soaps,Zipper Ring Binder Pockets
645,OFF-BI-10000174,Home & Personal Care,Soaps,"Wilson Jones Clip & Carry Folder Binder Tool for Ring Binders, Clear"
646,OFF-BI-10000201,Home & Personal Care,Soaps,"Avery Triangle Shaped Sheet Lifters, Black, 2/Pack"
647,OFF-BI-10000216,Home & Personal Care,Soaps,"Mead 1st Gear 2"" Zipper Binder, Asst. Colors"
648,OFF-BI-10000279,Home & Personal Care,Soaps,"Acco Recycled 2"" Capacity Laser Printer Hanging Data Binders"
649,OFF-BI-10000285,Home & Personal Care,Soaps,XtraLife ClearVue Slant-D Ring Binders by Cardinal
650,OFF-BI-10000301,Home & Personal Care,Soaps,GBC Instant Report Kit
651,OFF-BI-10000309,Home & Personal Care,Soaps,"GBC Twin Loop Wire Binding Elements, 9/16"" Spine, Black"
652,OFF-BI-10000315,Home & Personal Care,Soaps,Poly Designer Cover & Back
653,OFF-BI-10000320,Home & Personal Care,Soaps,GBC Plastic Binding Combs
654,OFF-BI-10000343,Home & Personal Care,Soaps,"Pressboard Covers with Storage Hooks, 9 1/2"" x 11"", Light Blue"
655,OFF-BI-10000404,Home & Personal Care,Soaps,Avery Printable Repositionable Plastic Tabs
656,OFF-BI-10000474,Home & Personal Care,Soaps,Avery Recycled Flexi-View Covers for Binding Systems
657,OFF-BI-10000494,Home & Personal Care,Soaps,Acco Economy Flexible Poly Round Ring Binder
658,OFF-BI-10000545,Home & Personal Care,Soaps,GBC Ibimaster 500 Manual ProClick Binding System
659,OFF-BI-10000546,Home & Personal Care,Soaps,Avery Durable Binders
660,OFF-BI-10000591,Home & Personal Care,Soaps,Avery Binder Labels
661,OFF-BI-10000605,Home & Personal Care,Soaps,"Acco Pressboard Covers with Storage Hooks, 9 1/2"" x 11"", Executive Red"
662,OFF-BI-10000632,Home & Personal Care,Soaps,Satellite Sectional Post Binders
663,OFF-BI-10000666,Home & Personal Care,Soaps,Surelock Post Binders
664,OFF-BI-10000756,Home & Personal Care,Soaps,Storex DuraTech Recycled Plastic Frosted Binders
665,OFF-BI-10000773,Home & Personal Care,Soaps,Insertable Tab Post Binder Dividers
666,OFF-BI-10000778,Home & Personal Care,Soaps,GBC VeloBinder Electric Binding Machine
667,OFF-BI-10000822,Home & Personal Care,Soaps,"Acco PRESSTEX Data Binder with Storage Hooks, Light Blue, 9 1/2"" X 11"""
668,OFF-BI-10000829,Home & Personal Care,Soaps,Avery Non-Stick Binders
669,OFF-BI-10000831,Home & Personal Care,Soaps,Storex Flexible Poly Binders with Double Pockets
670,OFF-BI-10000848,Home & Personal Care,Soaps,Angle-D Ring Binders
671,OFF-BI-10000948,Home & Personal Care,Soaps,"GBC Laser Imprintable Binding System Covers, Desert Sand"
672,OFF-BI-10000962,Home & Personal Care,Soaps,"Acco Flexible ACCOHIDE Square Ring Data Binder, Dark Blue, 11 1/2"" X 14"" 7/8"""
673,OFF-BI-10000977,Home & Personal Care,Soaps,Ibico Plastic Spiral Binding Combs
674,OFF-BI-10001031,Home & Personal Care,Soaps,Pressboard Data Binders by Wilson Jones
675,OFF-BI-10001036,Home & Personal Care,Soaps,Cardinal EasyOpen D-Ring Binders
676,OFF-BI-10001071,Home & Personal Care,Soaps,GBC ProClick Punch Binding System
677,OFF-BI-10001072,Home & Personal Care,Soaps,"GBC Clear Cover, 8-1/2 x 11, unpunched, 25 covers per pack"
678,OFF-BI-10001078,Home & Personal Care,Soaps,"Acco PRESSTEX Data Binder with Storage Hooks, Dark Blue, 14 7/8"" X 11"""
679,OFF-BI-10001097,Home & Personal Care,Soaps,Avery Hole Reinforcements
680,OFF-BI-10001098,Home & Personal Care,Soaps,Acco D-Ring Binder w/DublLock
681,OFF-BI-10001107,Home & Personal Care,Soaps,"GBC White Gloss Covers, Plain Front"
682,OFF-BI-10001116,Home & Personal Care,Soaps,"Wilson Jones 1"" Hanging DublLock Ring Binders"
683,OFF-BI-10001120,Home & Personal Care,Soaps,Ibico EPK-21 Electric Binding System
684,OFF-BI-10001132,Home & Personal Care,Soaps,"Acco PRESSTEX Data Binder with Storage Hooks, Dark Blue, 9 1/2"" X 11"""
685,OFF-BI-10001153,Home & Personal Care,Soaps,Ibico Recycled Grain-Textured Covers
686,OFF-BI-10001191,Home & Personal Care,Soaps,Canvas Sectional Post Binders
687,OFF-BI-10001196,Home & Personal Care,Soaps,"Avery Flip-Chart Easel Binder, Black"
688,OFF-BI-10001249,Home & Personal Care,Soaps,Avery Heavy-Duty EZD View Binder with Locking Rings
689,OFF-BI-10001267,Home & Personal Care,Soaps,"Universal Recycled Hanging Pressboard Report Binders, Letter Size"
690,OFF-BI-10001294,Home & Personal Care,Soaps,Fellowes Binding Cases
691,OFF-BI-10001308,Home & Personal Care,Soaps,GBC Standard Plastic Binding Systems' Combs
692,OFF-BI-10001359,Home & Personal Care,Soaps,GBC DocuBind TL300 Electric Binding System
693,OFF-BI-10001460,Home & Personal Care,Soaps,Plastic Binding Combs
694,OFF-BI-10001510,Home & Personal Care,Soaps,Deluxe Heavy-Duty Vinyl Round Ring Binder
695,OFF-BI-10001524,Home & Personal Care,Soaps,GBC Premium Transparent Covers with Diagonal Lined Pattern
696,OFF-BI-10001525,Home & Personal Care,Soaps,"Acco Pressboard Covers with Storage Hooks, 14 7/8"" x 11"", Executive Red"
697,OFF-BI-10001543,Home & Personal Care,Soaps,GBC VeloBinder Manual Binding System
698,OFF-BI-10001553,Home & Personal Care,Soaps,SpineVue Locking Slant-D Ring Binders by Cardinal
699,OFF-BI-10001575,Home & Personal Care,Soaps,GBC Linen Binding Covers
700,OFF-BI-10001597,Home & Personal Care,Soaps,"Wilson Jones Ledger-Size, Piano-Hinge Binder, 2"", Blue"
701,OFF-BI-10001617,Home & Personal Care,Soaps,GBC Wire Binding Combs
702,OFF-BI-10001628,Home & Personal Care,Soaps,"Acco Data Flex Cable Posts For Top & Bottom Load Binders, 6"" Capacity"
703,OFF-BI-10001634,Home & Personal Care,Soaps,Wilson Jones Active Use Binders
704,OFF-BI-10001636,Home & Personal Care,Soaps,Ibico Plastic and Wire Spiral Binding Combs
705,OFF-BI-10001658,Home & Personal Care,Soaps,GBC Standard Therm-A-Bind Covers
706,OFF-BI-10001670,Home & Personal Care,Soaps,Vinyl Sectional Post Binders
707,OFF-BI-10001679,Home & Personal Care,Soaps,GBC Instant Index System for Binding Systems
708,OFF-BI-10001718,Home & Personal Care,Soaps,GBC DocuBind P50 Personal Binding Machine
709,OFF-BI-10001721,Home & Personal Care,Soaps,Trimflex Flexible Post Binders
710,OFF-BI-10001757,Home & Personal Care,Soaps,Pressboard Hanging Data Binders for Unburst Sheets
711,OFF-BI-10001758,Home & Personal Care,Soaps,Wilson Jones 14 Line Acrylic Coated Pressboard Data Binders
712,OFF-BI-10001759,Home & Personal Care,Soaps,"Acco Pressboard Covers with Storage Hooks, 14 7/8"" x 11"", Dark Blue"
713,OFF-BI-10001765,Home & Personal Care,Soaps,Wilson Jones Heavy-Duty Casebound Ring Binders with Metal Hinges
714,OFF-BI-10001787,Home & Personal Care,Soaps,Wilson Jones Four-Pocket Poly Binders
715,OFF-BI-10001890,Home & Personal Care,Soaps,Avery Poly Binder Pockets
716,OFF-BI-10001900,Home & Personal Care,Soaps,"DXL Angle-View Binders with Locking Rings, Black"
717,OFF-BI-10001922,Home & Personal Care,Soaps,Storex Dura Pro Binders
718,OFF-BI-10001982,Home & Personal Care,Soaps,Wilson Jones Custom Binder Spines & Labels
719,OFF-BI-10001989,Home & Personal Care,Soaps,Premium Transparent Presentation Covers by GBC
720,OFF-BI-10002003,Home & Personal Care,Soaps,Ibico Presentation Index for Binding Systems
721,OFF-BI-10002012,Home & Personal Care,Soaps,Wilson Jones Easy Flow II Sheet Lifters
722,OFF-BI-10002026,Home & Personal Care,Soaps,Avery Arch Ring Binders
723,OFF-BI-10002049,Home & Personal Care,Soaps,UniKeep View Case Binders
724,OFF-BI-10002071,Home & Personal Care,Soaps,Fellowes Black Plastic Comb Bindings
725,OFF-BI-10002072,Home & Personal Care,Soaps,Cardinal Slant-D Ring Binders
726,OFF-BI-10002082,Home & Personal Care,Soaps,GBC Twin Loop Wire Binding Elements
727,OFF-BI-10002103,Home & Personal Care,Soaps,"Cardinal Slant-D Ring Binder, Heavy Gauge Vinyl"
728,OFF-BI-10002133,Home & Personal Care,Soaps,"Wilson Jones Elliptical Ring 3 1/2"" Capacity Binders, 800 sheets"
729,OFF-BI-10002160,Home & Personal Care,Soaps,Acco Hanging Data Binders
730,OFF-BI-10002194,Home & Personal Care,Soaps,Cardinal Hold-It CD Pocket
731,OFF-BI-10002215,Home & Personal Care,Soaps,"Wilson Jones Hanging View Binder, White, 1"""
732,OFF-BI-10002225,Home & Personal Care,Soaps,"Square Ring Data Binders, Rigid 75 Pt. Covers, 11"" x 14-7/8"""
733,OFF-BI-10002309,Home & Personal Care,Soaps,Avery Heavy-Duty EZD  Binder With Locking Rings
734,OFF-BI-10002353,Home & Personal Care,Soaps,GBC VeloBind Cover Sets
735,OFF-BI-10002393,Home & Personal Care,Soaps,Binder Posts
736,OFF-BI-10002412,Home & Personal Care,Soaps,Wilson Jones “Snap” Scratch Pad Binder Tool for Ring Binders
737,OFF-BI-10002414,Home & Personal Care,Soaps,GBC ProClick Spines for 32-Hole Punch
738,OFF-BI-10002429,Home & Personal Care,Soaps,"Premier Elliptical Ring Binder, Black"
739,OFF-BI-10002432,Home & Personal Care,Soaps,Wilson Jones Standard D-Ring Binders
740,OFF-BI-10002437,Home & Personal Care,Soaps,Recycled Premium Regency Composition Covers
741,OFF-BI-10002498,Home & Personal Care,Soaps,Clear Mylar Reinforcing Strips
742,OFF-BI-10002557,Home & Personal Care,Soaps,Presstex Flexible Ring Binders
743,OFF-BI-10002571,Home & Personal Care,Soaps,"Avery Framed View Binder, EZD Ring (Locking), Navy, 1 1/2"""
744,OFF-BI-10002609,Home & Personal Care,Soaps,Avery Hidden Tab Dividers for Binding Systems
745,OFF-BI-10002706,Home & Personal Care,Soaps,Avery Premier Heavy-Duty Binder with Round Locking Rings
746,OFF-BI-10002735,Home & Personal Care,Soaps,GBC Prestige Therm-A-Bind Covers
747,OFF-BI-10002764,Home & Personal Care,Soaps,Recycled Pressboard Report Cover with Reinforced Top Hinge
748,OFF-BI-10002794,Home & Personal Care,Soaps,"Avery Trapezoid Ring Binder, 3"" Capacity, Black, 1040 sheets"
749,OFF-BI-10002799,Home & Personal Care,Soaps,"SlimView Poly Binder, 3/8"""
750,OFF-BI-10002813,Home & Personal Care,Soaps,Avery Reinforcements for Hole-Punch Pages
751,OFF-BI-10002824,Home & Personal Care,Soaps,Recycled Easel Ring Binders
752,OFF-BI-10002827,Home & Personal Care,Soaps,Avery Durable Poly Binders
753,OFF-BI-10002852,Home & Personal Care,Soaps,Ibico Standard Transparent Covers
754,OFF-BI-10002854,Home & Personal Care,Soaps,"Performers Binder/Pad Holder, Black"
755,OFF-BI-10002867,Home & Personal Care,Soaps,GBC Recycled Regency Composition Covers
756,OFF-BI-10002897,Home & Personal Care,Soaps,"Black Avery Memo-Size 3-Ring Binder, 5 1/2"" x 8 1/2"""
757,OFF-BI-10002931,Home & Personal Care,Soaps,"Avery Trapezoid Extra Heavy Duty 4"" Binders"
758,OFF-BI-10002949,Home & Personal Care,Soaps,Prestige Round Ring Binders
759,OFF-BI-10002954,Home & Personal Care,Soaps,Newell 3-Hole Punched Plastic Slotted Magazine Holders for Binders
760,OFF-BI-10002976,Home & Personal Care,Soaps,ACCOHIDE Binder by Acco
761,OFF-BI-10002982,Home & Personal Care,Soaps,Avery Self-Adhesive Photo Pockets for Polaroid Photos
762,OFF-BI-10003007,Home & Personal Care,Soaps,"Premium Transparent Presentation Covers, No Pattern/Clear, 8 1/2"" x 11"""
763,OFF-BI-10003091,Home & Personal Care,Soaps,GBC DocuBind TL200 Manual Binding Machine
764,OFF-BI-10003094,Home & Personal Care,Soaps,Self-Adhesive Ring Binder Labels
765,OFF-BI-10003166,Home & Personal Care,Soaps,GBC Plasticlear Binding Covers
766,OFF-BI-10003196,Home & Personal Care,Soaps,Accohide Poly Flexible Ring Binders
767,OFF-BI-10003274,Home & Personal Care,Soaps,"Avery Durable Slant Ring Binders, No Labels"
768,OFF-BI-10003291,Home & Personal Care,Soaps,Wilson Jones Leather-Like Binders with DublLock Round Rings
769,OFF-BI-10003305,Home & Personal Care,Soaps,Avery Hanging File Binders
770,OFF-BI-10003314,Home & Personal Care,Soaps,Tuff Stuff Recycled Round Ring Binders
771,OFF-BI-10003350,Home & Personal Care,Soaps,Acco Expandable Hanging Binders
772,OFF-BI-10003355,Home & Personal Care,Soaps,Cardinal Holdit Business Card Pockets
773,OFF-BI-10003364,Home & Personal Care,Soaps,Binding Machine Supplies
774,OFF-BI-10003429,Home & Personal Care,Soaps,"Cardinal HOLDit! Binder Insert Strips,Extra Strips"
775,OFF-BI-10003460,Home & Personal Care,Soaps,Acco 3-Hole Punch
776,OFF-BI-10003476,Home & Personal Care,Soaps,Avery Metallic Poly Binders
777,OFF-BI-10003527,Home & Personal Care,Soaps,Fellowes PB500 Electric Punch Plastic Comb Binding Machine with Manual Bind
778,OFF-BI-10003529,Home & Personal Care,Soaps,Avery Round Ring Poly Binders
779,OFF-BI-10003638,Home & Personal Care,Soaps,GBC Durable Plastic Covers
780,OFF-BI-10003650,Home & Personal Care,Soaps,GBC DocuBind 300 Electric Binding Machine
781,OFF-BI-10003655,Home & Personal Care,Soaps,Durable Pressboard Binders
782,OFF-BI-10003656,Home & Personal Care,Soaps,Fellowes PB200 Plastic Comb Binding Machine
783,OFF-BI-10003669,Home & Personal Care,Soaps,3M Organizer Strips
784,OFF-BI-10003676,Home & Personal Care,Soaps,"GBC Standard Recycled Report Covers, Clear Plastic Sheets"
785,OFF-BI-10003684,Home & Personal Care,Soaps,Wilson Jones Legal Size Ring Binders
786,OFF-BI-10003694,Home & Personal Care,Soaps,"Avery 3 1/2"" Diskette Storage Pages, 10/Pack"
787,OFF-BI-10003707,Home & Personal Care,Soaps,Aluminum Screw Posts
788,OFF-BI-10003708,Home & Personal Care,Soaps,"Acco Four Pocket Poly Ring Binder with Label Holder, Smoke, 1"""
789,OFF-BI-10003712,Home & Personal Care,Soaps,"Acco Pressboard Covers with Storage Hooks, 14 7/8"" x 11"", Light Blue"
790,OFF-BI-10003718,Home & Personal Care,Soaps,GBC Therma-A-Bind 250T Electric Binding System
791,OFF-BI-10003719,Home & Personal Care,Soaps,Large Capacity Hanging Post Binders
792,OFF-BI-10003727,Home & Personal Care,Soaps,Avery Durable Slant Ring Binders With Label Holder
793,OFF-BI-10003784,Home & Personal Care,Soaps,Computer Printout Index Tabs
794,OFF-BI-10003876,Home & Personal Care,Soaps,"Green Canvas Binder for 8-1/2"" x 14"" Sheets"
795,OFF-BI-10003910,Home & Personal Care,Soaps,DXL Angle-View Binders with Locking Rings by Samsill
796,OFF-BI-10003925,Home & Personal Care,Soaps,Fellowes PB300 Plastic Comb Binding Machine
797,OFF-BI-10003963,Home & Personal Care,Soaps,Cardinal Holdit Data Disk Pockets
798,OFF-BI-10003981,Home & Personal Care,Soaps,"Avery Durable Plastic 1"" Binders"
799,OFF-BI-10003982,Home & Personal Care,Soaps,Wilson Jones Century Plastic Molded Ring Binders
800,OFF-BI-10003984,Home & Personal Care,Soaps,Lock-Up Easel 'Spel-Binder'
801,OFF-BI-10004001,Home & Personal Care,Soaps,GBC Recycled VeloBinder Covers
802,OFF-BI-10004002,Home & Personal Care,Soaps,Wilson Jones International Size A4 Ring Binders
803,OFF-BI-10004022,Home & Personal Care,Soaps,Acco Suede Grain Vinyl Round Ring Binder
804,OFF-BI-10004040,Home & Personal Care,Soaps,Wilson Jones Impact Binders
805,OFF-BI-10004094,Home & Personal Care,Soaps,GBC Standard Plastic Binding Systems Combs
806,OFF-BI-10004099,Home & Personal Care,Soaps,GBC VeloBinder Strips
807,OFF-BI-10004139,Home & Personal Care,Soaps,Fellowes Presentation Covers for Comb Binding Machines
808,OFF-BI-10004140,Home & Personal Care,Soaps,Avery Non-Stick Binders
809,OFF-BI-10004141,Home & Personal Care,Soaps,Insertable Tab Indexes For Data Binders
810,OFF-BI-10004182,Home & Personal Care,Soaps,Economy Binders
811,OFF-BI-10004187,Home & Personal Care,Soaps,3-ring staple pack
812,OFF-BI-10004209,Home & Personal Care,Soaps,"Fellowes Twister Kit, Gray/Clear, 3/pkg"
813,OFF-BI-10004224,Home & Personal Care,Soaps,Catalog Binders with Expanding Posts
814,OFF-BI-10004230,Home & Personal Care,Soaps,GBC Recycled Grain Textured Covers
815,OFF-BI-10004233,Home & Personal Care,Soaps,"GBC Pre-Punched Binding Paper, Plastic, White, 8-1/2"" x 11"""
816,OFF-BI-10004236,Home & Personal Care,Soaps,"XtraLife ClearVue Slant-D Ring Binder, White, 3"""
817,OFF-BI-10004308,Home & Personal Care,Soaps,Avery Legal 4-Ring Binder
818,OFF-BI-10004318,Home & Personal Care,Soaps,Ibico EB-19 Dual Function Manual Binding System
819,OFF-BI-10004330,Home & Personal Care,Soaps,"GBC Velobind Prepunched Cover Sets, Regency Series"
820,OFF-BI-10004352,Home & Personal Care,Soaps,Wilson Jones DublLock D-Ring Binders
821,OFF-BI-10004364,Home & Personal Care,Soaps,Storex Dura Pro Binders
822,OFF-BI-10004390,Home & Personal Care,Soaps,GBC DocuBind 200 Manual Binding Machine
823,OFF-BI-10004410,Home & Personal Care,Soaps,"C-Line Peel & Stick Add-On Filing Pockets, 8-3/4 x 5-1/8, 10/Pack"
824,OFF-BI-10004465,Home & Personal Care,Soaps,Avery Durable Slant Ring Binders
825,OFF-BI-10004492,Home & Personal Care,Soaps,Tuf-Vin Binders
826,OFF-BI-10004506,Home & Personal Care,Soaps,Wilson Jones data.warehouse D-Ring Binders with DublLock
827,OFF-BI-10004519,Home & Personal Care,Soaps,GBC DocuBind P100 Manual Binding Machine
828,OFF-BI-10004528,Home & Personal Care,Soaps,Cardinal Poly Pocket Divider Pockets for Ring Binders
829,OFF-BI-10004584,Home & Personal Care,Soaps,GBC ProClick 150 Presentation Binding System
830,OFF-BI-10004593,Home & Personal Care,Soaps,Ibico Laser Imprintable Binding System Covers
831,OFF-BI-10004600,Home & Personal Care,Soaps,Ibico Ibimaster 300 Manual Binding System
832,OFF-BI-10004632,Home & Personal Care,Soaps,Ibico Hi-Tech Manual Binding System
833,OFF-BI-10004654,Home & Personal Care,Soaps,VariCap6 Expandable Binder
834,OFF-BI-10004656,Home & Personal Care,Soaps,Peel & Stick Add-On Corner Pockets
835,OFF-BI-10004716,Home & Personal Care,Soaps,Wilson Jones Hanging Recycled Pressboard Data Binders
836,OFF-BI-10004728,Home & Personal Care,Soaps,Wilson Jones Turn Tabs Binder Tool for Ring Binders
837,OFF-BI-10004738,Home & Personal Care,Soaps,Flexible Leather- Look Classic Collection Ring Binder
838,OFF-BI-10004781,Home & Personal Care,Soaps,GBC Wire Binding Strips
839,OFF-BI-10004817,Home & Personal Care,Soaps,GBC Personal VeloBind Strips
840,OFF-BI-10004826,Home & Personal Care,Soaps,JM Magazine Binder
841,OFF-BI-10004828,Home & Personal Care,Soaps,GBC Poly Designer Binding Covers
842,OFF-BI-10004876,Home & Personal Care,Soaps,Wilson Jones Suede Grain Vinyl Binders
843,OFF-BI-10004965,Home & Personal Care,Soaps,Ibico Covers for Plastic or Wire Binding Elements
844,OFF-BI-10004967,Home & Personal Care,Soaps,Round Ring Binders
845,OFF-BI-10004970,Home & Personal Care,Soaps,"ACCOHIDE 3-Ring Binder, Blue, 1"""
846,OFF-BI-10004995,Home & Personal Care,Soaps,GBC DocuBind P400 Electric Binding System
847,OFF-EN-10000056,Home & Personal Care,Creams,Cameo Buff Policy Envelopes
848,OFF-EN-10000461,Home & Personal Care,Creams,"#10- 4 1/8"" x 9 1/2"" Recycled Envelopes"
849,OFF-EN-10000483,Home & Personal Care,Creams,"White Envelopes, White Envelopes with Clear Poly Window"
850,OFF-EN-10000781,Home & Personal Care,Creams,"#10- 4 1/8"" x 9 1/2"" Recycled Envelopes"
851,OFF-EN-10000927,Home & Personal Care,Creams,Jet-Pak Recycled Peel 'N' Seal Padded Mailers
852,OFF-EN-10001028,Home & Personal Care,Creams,Staple envelope
853,OFF-EN-10001099,Home & Personal Care,Creams,Staple envelope
854,OFF-EN-10001137,Home & Personal Care,Creams,"#10 Gummed Flap White Envelopes, 100/Box"
855,OFF-EN-10001141,Home & Personal Care,Creams,"Manila Recycled Extra-Heavyweight Clasp Envelopes, 6"" x 9"""
856,OFF-EN-10001219,Home & Personal Care,Creams,"#10- 4 1/8"" x 9 1/2"" Security-Tint Envelopes"
857,OFF-EN-10001335,Home & Personal Care,Creams,"White Business Envelopes with Contemporary Seam, Recycled White Business Envelopes"
858,OFF-EN-10001415,Home & Personal Care,Creams,Staple envelope
859,OFF-EN-10001434,Home & Personal Care,Creams,"Strathmore #10 Envelopes, Ultimate White"
860,OFF-EN-10001453,Home & Personal Care,Creams,"Tyvek Interoffice Envelopes, 9 1/2"" x 12 1/2"", 100/Box"
861,OFF-EN-10001509,Home & Personal Care,Creams,Poly String Tie Envelopes
862,OFF-EN-10001532,Home & Personal Care,Creams,Brown Kraft Recycled Envelopes
863,OFF-EN-10001535,Home & Personal Care,Creams,Grip Seal Envelopes
864,OFF-EN-10001539,Home & Personal Care,Creams,Staple envelope
865,OFF-EN-10001749,Home & Personal Care,Creams,Jiffy Padded Mailers with Self-Seal Closure
866,OFF-EN-10001990,Home & Personal Care,Creams,Staple envelope
867,OFF-EN-10002230,Home & Personal Care,Creams,Airmail Envelopes
868,OFF-EN-10002312,Home & Personal Care,Creams,#10 Self-Seal White Envelopes
869,OFF-EN-10002500,Home & Personal Care,Creams,Globe Weis Peel & Seel First Class Envelopes
870,OFF-EN-10002504,Home & Personal Care,Creams,"Tyvek  Top-Opening Peel & Seel Envelopes, Plain White"
871,OFF-EN-10002592,Home & Personal Care,Creams,"Peel & Seel Recycled Catalog Envelopes, Brown"
872,OFF-EN-10002600,Home & Personal Care,Creams,"Redi-Strip #10 Envelopes, 4 1/8 x 9 1/2"
873,OFF-EN-10002621,Home & Personal Care,Creams,Staple envelope
874,OFF-EN-10002831,Home & Personal Care,Creams,"Tyvek  Top-Opening Peel & Seel  Envelopes, Gray"
875,OFF-EN-10002973,Home & Personal Care,Creams,Ampad #10 Peel & Seel Holiday Envelopes
876,OFF-EN-10002986,Home & Personal Care,Creams,"#10-4 1/8"" x 9 1/2"" Premium Diagonal Seam Envelopes"
877,OFF-EN-10003001,Home & Personal Care,Creams,Ames Color-File Green Diamond Border X-ray Mailers
878,OFF-EN-10003040,Home & Personal Care,Creams,Quality Park Security Envelopes
879,OFF-EN-10003055,Home & Personal Care,Creams,"Blue String-Tie & Button Interoffice Envelopes, 10 x 13"
880,OFF-EN-10003068,Home & Personal Care,Creams,#6 3/4 Gummed Flap White Envelopes
881,OFF-EN-10003072,Home & Personal Care,Creams,Peel & Seel Envelopes
882,OFF-EN-10003134,Home & Personal Care,Creams,Staple envelope
883,OFF-EN-10003160,Home & Personal Care,Creams,Pastel Pink Envelopes
884,OFF-EN-10003286,Home & Personal Care,Creams,Staple envelope
885,OFF-EN-10003296,Home & Personal Care,Creams,Tyvek Side-Opening Peel & Seel Expanding Envelopes
886,OFF-EN-10003448,Home & Personal Care,Creams,"Peel & Seel Recycled Catalog Envelopes, Brown"
887,OFF-EN-10003567,Home & Personal Care,Creams,"Inter-Office Recycled Envelopes, Brown Kraft, Button-String,10"" x 13"" , 100/Box"
888,OFF-EN-10003798,Home & Personal Care,Creams,"Recycled Interoffice Envelopes with Re-Use-A-Seal Closure, 10 x 13"
889,OFF-EN-10003845,Home & Personal Care,Creams,Colored Envelopes
890,OFF-EN-10003862,Home & Personal Care,Creams,Laser & Ink Jet Business Envelopes
891,OFF-EN-10004007,Home & Personal Care,Creams,Park Ridge Embossed Executive Business Envelopes
892,OFF-EN-10004030,Home & Personal Care,Creams,Convenience Packs of Business Envelopes
893,OFF-EN-10004147,Home & Personal Care,Creams,Wausau Papers Astrobrights Colored Envelopes
894,OFF-EN-10004206,Home & Personal Care,Creams,Multimedia Mailers
895,OFF-EN-10004386,Home & Personal Care,Creams,"Recycled Interoffice Envelopes with String and Button Closure, 10 x 13"
896,OFF-EN-10004459,Home & Personal Care,Creams,Security-Tint Envelopes
897,OFF-EN-10004483,Home & Personal Care,Creams,"#10 White Business Envelopes,4 1/8 x 9 1/2"
898,OFF-EN-10004773,Home & Personal Care,Creams,Staple envelope
899,OFF-EN-10004846,Home & Personal Care,Creams,Letter or Legal Size Expandable Poly String Tie Envelopes
900,OFF-EN-10004955,Home & Personal Care,Creams,Fashion Color Clasp Envelopes
901,OFF-FA-10000053,Home & Personal Care,Plastics,Revere Boxed Rubber Bands by Revere
902,OFF-FA-10000089,Home & Personal Care,Plastics,Acco Glide Clips
903,OFF-FA-10000134,Home & Personal Care,Plastics,"Advantus Push Pins, Aluminum Head"
904,OFF-FA-10000254,Home & Personal Care,Plastics,Sterling Rubber Bands by Alliance
905,OFF-FA-10000304,Home & Personal Care,Plastics,Advantus Push Pins
906,OFF-FA-10000490,Home & Personal Care,Plastics,"OIC Binder Clips, Mini, 1/4"" Capacity, Black"
907,OFF-FA-10000585,Home & Personal Care,Plastics,OIC Bulk Pack Metal Binder Clips
908,OFF-FA-10000611,Home & Personal Care,Plastics,Binder Clips by OIC
909,OFF-FA-10000621,Home & Personal Care,Plastics,"OIC Colored Binder Clips, Assorted Sizes"
910,OFF-FA-10000624,Home & Personal Care,Plastics,OIC Binder Clips
911,OFF-FA-10000735,Home & Personal Care,Plastics,Staples
912,OFF-FA-10000840,Home & Personal Care,Plastics,OIC Thumb-Tacks
913,OFF-FA-10000936,Home & Personal Care,Plastics,Acco Hot Clips Clips to Go
914,OFF-FA-10000992,Home & Personal Care,Plastics,"Acco Clips to Go Binder Clips, 24 Clips in Two Sizes"
915,OFF-FA-10001135,Home & Personal Care,Plastics,"Brites Rubber Bands, 1 1/2 oz. Box"
916,OFF-FA-10001229,Home & Personal Care,Plastics,Staples
917,OFF-FA-10001332,Home & Personal Care,Plastics,"Acco Banker's Clasps, 5 3/4""-Long"
918,OFF-FA-10001561,Home & Personal Care,Plastics,Stockwell Push Pins
919,OFF-FA-10001754,Home & Personal Care,Plastics,Stockwell Gold Paper Clips
920,OFF-FA-10001843,Home & Personal Care,Plastics,Staples
921,OFF-FA-10001883,Home & Personal Care,Plastics,"Alliance Super-Size Bands, Assorted Sizes"
922,OFF-FA-10002280,Home & Personal Care,Plastics,Advantus Plastic Paper Clips
923,OFF-FA-10002676,Home & Personal Care,Plastics,Colored Push Pins
924,OFF-FA-10002701,Home & Personal Care,Plastics,Alliance Rubber Bands
925,OFF-FA-10002763,Home & Personal Care,Plastics,Advantus Map Pennant Flags and Round Head Tacks
926,OFF-FA-10002780,Home & Personal Care,Plastics,Staples
927,OFF-FA-10002815,Home & Personal Care,Plastics,Staples
928,OFF-FA-10002975,Home & Personal Care,Plastics,Staples
929,OFF-FA-10002983,Home & Personal Care,Plastics,Advantus SlideClip Paper Clips
930,OFF-FA-10002988,Home & Personal Care,Plastics,Ideal Clamps
931,OFF-FA-10003021,Home & Personal Care,Plastics,Staples
932,OFF-FA-10003059,Home & Personal Care,Plastics,Assorted Color Push Pins
933,OFF-FA-10003112,Home & Personal Care,Plastics,Staples
934,OFF-FA-10003467,Home & Personal Care,Plastics,"Alliance Big Bands Rubber Bands, 12/Pack"
935,OFF-FA-10003472,Home & Personal Care,Plastics,Bagged Rubber Bands
936,OFF-FA-10003485,Home & Personal Care,Plastics,Staples
937,OFF-FA-10003495,Home & Personal Care,Plastics,Staples
938,OFF-FA-10004076,Home & Personal Care,Plastics,Translucent Push Pins by OIC
939,OFF-FA-10004248,Home & Personal Care,Plastics,Advantus T-Pin Paper Clips
940,OFF-FA-10004395,Home & Personal Care,Plastics,Plymouth Boxed Rubber Bands by Plymouth
941,OFF-FA-10004838,Home & Personal Care,Plastics,"Super Bands, 12/Pack"
942,OFF-FA-10004854,Home & Personal Care,Plastics,"Vinyl Coated Wire Paper Clips in Organizer Box, 800/Box"
943,OFF-FA-10004968,Home & Personal Care,Plastics,Rubber Band Ball
944,OFF-LA-10000081,Home & Personal Care,Home Cleaners,Avery 496
945,OFF-LA-10000121,Home & Personal Care,Home Cleaners,Avery 48
946,OFF-LA-10000134,Home & Personal Care,Home Cleaners,Avery 511
947,OFF-LA-10000240,Home & Personal Care,Home Cleaners,Self-Adhesive Address Labels for Typewriters by Universal
948,OFF-LA-10000248,Home & Personal Care,Home Cleaners,Avery 52
949,OFF-LA-10000262,Home & Personal Care,Home Cleaners,Avery 494
950,OFF-LA-10000305,Home & Personal Care,Home Cleaners,Avery 495
951,OFF-LA-10000407,Home & Personal Care,Home Cleaners,Avery White Multi-Purpose Labels
952,OFF-LA-10000414,Home & Personal Care,Home Cleaners,Avery 503
953,OFF-LA-10000443,Home & Personal Care,Home Cleaners,Avery 501
954,OFF-LA-10000452,Home & Personal Care,Home Cleaners,Avery 488
955,OFF-LA-10000476,Home & Personal Care,Home Cleaners,"Avery 05222 Permanent Self-Adhesive File Folder Labels for Typewriters, on Rolls, White, 250/Roll"
956,OFF-LA-10000634,Home & Personal Care,Home Cleaners,Avery 509
957,OFF-LA-10000973,Home & Personal Care,Home Cleaners,Avery 502
958,OFF-LA-10001045,Home & Personal Care,Home Cleaners,Permanent Self-Adhesive File Folder Labels for Typewriters by Universal
959,OFF-LA-10001074,Home & Personal Care,Home Cleaners,Round Specialty Laser Printer Labels
960,OFF-LA-10001158,Home & Personal Care,Home Cleaners,"Avery Address/Shipping Labels for Typewriters, 4"" x 2"""
961,OFF-LA-10001175,Home & Personal Care,Home Cleaners,Avery 514
962,OFF-LA-10001297,Home & Personal Care,Home Cleaners,Avery 473
963,OFF-LA-10001317,Home & Personal Care,Home Cleaners,Avery 520
964,OFF-LA-10001404,Home & Personal Care,Home Cleaners,Avery 517
965,OFF-LA-10001474,Home & Personal Care,Home Cleaners,Avery 477
966,OFF-LA-10001569,Home & Personal Care,Home Cleaners,Avery 499
967,OFF-LA-10001613,Home & Personal Care,Home Cleaners,Avery File Folder Labels
968,OFF-LA-10001641,Home & Personal Care,Home Cleaners,Avery 518
969,OFF-LA-10001771,Home & Personal Care,Home Cleaners,Avery 513
970,OFF-LA-10001934,Home & Personal Care,Home Cleaners,Avery 516
971,OFF-LA-10001982,Home & Personal Care,Home Cleaners,Smead Alpha-Z Color-Coded Name Labels First Letter Starter Set
972,OFF-LA-10002034,Home & Personal Care,Home Cleaners,Avery 478
973,OFF-LA-10002043,Home & Personal Care,Home Cleaners,Avery 489
974,OFF-LA-10002195,Home & Personal Care,Home Cleaners,Avery 481
975,OFF-LA-10002271,Home & Personal Care,Home Cleaners,Smead Alpha-Z Color-Coded Second Alphabetical Labels and Starter Set
976,OFF-LA-10002312,Home & Personal Care,Home Cleaners,Avery 490
977,OFF-LA-10002368,Home & Personal Care,Home Cleaners,Avery 479
978,OFF-LA-10002381,Home & Personal Care,Home Cleaners,Avery 497
979,OFF-LA-10002473,Home & Personal Care,Home Cleaners,Avery 484
980,OFF-LA-10002475,Home & Personal Care,Home Cleaners,Avery 519
981,OFF-LA-10002762,Home & Personal Care,Home Cleaners,Avery 485
982,OFF-LA-10002787,Home & Personal Care,Home Cleaners,Avery 480
983,OFF-LA-10002945,Home & Personal Care,Home Cleaners,"Permanent Self-Adhesive File Folder Labels for Typewriters, 1 1/8 x 3 1/2, White"
984,OFF-LA-10003077,Home & Personal Care,Home Cleaners,Avery 500
985,OFF-LA-10003121,Home & Personal Care,Home Cleaners,Avery 506
986,OFF-LA-10003148,Home & Personal Care,Home Cleaners,Avery 51
987,OFF-LA-10003190,Home & Personal Care,Home Cleaners,Avery 474
988,OFF-LA-10003223,Home & Personal Care,Home Cleaners,Avery 508
989,OFF-LA-10003388,Home & Personal Care,Home Cleaners,Avery 5
990,OFF-LA-10003498,Home & Personal Care,Home Cleaners,Avery 475
991,OFF-LA-10003510,Home & Personal Care,Home Cleaners,"Avery 4027 File Folder Labels for Dot Matrix Printers, 5000 Labels per Box, White"
992,OFF-LA-10003537,Home & Personal Care,Home Cleaners,Avery 515
993,OFF-LA-10003663,Home & Personal Care,Home Cleaners,Avery 498
994,OFF-LA-10003714,Home & Personal Care,Home Cleaners,Avery 510
995,OFF-LA-10003720,Home & Personal Care,Home Cleaners,Avery 487
996,OFF-LA-10003766,Home & Personal Care,Home Cleaners,Self-Adhesive Removable Labels
997,OFF-LA-10003923,Home & Personal Care,Home Cleaners,Alphabetical Labels for Top Tab Filing
998,OFF-LA-10003930,Home & Personal Care,Home Cleaners,"Dot Matrix Printer Tape Reel Labels, White, 5000/Box"
999,OFF-LA-10004008,Home & Personal Care,Home Cleaners,Avery 507
1000,OFF-LA-10004055,Home & Personal Care,Home Cleaners,Color-Coded Legal Exhibit Labels
1001,OFF-LA-10004093,Home & Personal Care,Home Cleaners,Avery 486
1002,OFF-LA-10004178,Home & Personal Care,Home Cleaners,Avery 491
1003,OFF-LA-10004272,Home & Personal Care,Home Cleaners,Avery 482
1004,OFF-LA-10004345,Home & Personal Care,Home Cleaners,Avery 493
1005,OFF-LA-10004409,Home & Personal Care,Home Cleaners,Avery 492
1006,OFF-LA-10004425,Home & Personal Care,Home Cleaners,Staple-on labels
1007,OFF-LA-10004484,Home & Personal Care,Home Cleaners,Avery 476
1008,OFF-LA-10004544,Home & Personal Care,Home Cleaners,Avery 505
1009,OFF-LA-10004545,Home & Personal Care,Home Cleaners,Avery 50
1010,OFF-LA-10004559,Home & Personal Care,Home Cleaners,Avery 49
1011,OFF-LA-10004677,Home & Personal Care,Home Cleaners,Self-Adhesive Address Labels for Typewriters with Dispenser Box
1012,OFF-LA-10004689,Home & Personal Care,Home Cleaners,Avery 512
1013,OFF-LA-10004853,Home & Personal Care,Home Cleaners,Avery 483
1014,OFF-PA-10000007,Home & Personal Care,Shampoos,"Telephone Message Books with Fax/Mobile Section, 4 1/4"" x 6"""
1015,OFF-PA-10000019,Home & Personal Care,Shampoos,Xerox 1931
1016,OFF-PA-10000029,Home & Personal Care,Shampoos,Xerox 224
1017,OFF-PA-10000048,Home & Personal Care,Shampoos,Xerox 20
1018,OFF-PA-10000061,Home & Personal Care,Shampoos,Xerox 205
1019,OFF-PA-10000062,Home & Personal Care,Shampoos,Green Bar Computer Printout Paper
1020,OFF-PA-10000069,Home & Personal Care,Shampoos,"TOPS 4 x 6 Fluorescent Color Memo Sheets, 500 Sheets per Pack"
1021,OFF-PA-10000100,Home & Personal Care,Shampoos,Xerox 1945
1022,OFF-PA-10000130,Home & Personal Care,Shampoos,Xerox 199
1023,OFF-PA-10000141,Home & Personal Care,Shampoos,"Ampad Evidence Wirebond Steno Books, 6"" x 9"""
1024,OFF-PA-10000143,Home & Personal Care,Shampoos,Astroparche Fine Business Paper
1025,OFF-PA-10000157,Home & Personal Care,Shampoos,Xerox 191
1026,OFF-PA-10000167,Home & Personal Care,Shampoos,Xerox 1925
1027,OFF-PA-10000174,Home & Personal Care,Shampoos,"Message Book, Wirebound, Four 5 1/2"" X 4"" Forms/Pg., 200 Dupl. Sets/Book"
1028,OFF-PA-10000176,Home & Personal Care,Shampoos,Xerox 1887
1029,OFF-PA-10000210,Home & Personal Care,Shampoos,Xerox Blank Computer Paper
1030,OFF-PA-10000213,Home & Personal Care,Shampoos,Xerox 198
1031,OFF-PA-10000223,Home & Personal Care,Shampoos,Xerox 2000
1032,OFF-PA-10000232,Home & Personal Care,Shampoos,Xerox 1975
1033,OFF-PA-10000241,Home & Personal Care,Shampoos,"IBM Multi-Purpose Copy Paper, 8 1/2 x 11"", Case"
1034,OFF-PA-10000246,Home & Personal Care,Shampoos,Riverleaf Stik-Withit Designer Note Cubes
1035,OFF-PA-10000249,Home & Personal Care,Shampoos,Easy-staple paper
1036,OFF-PA-10000289,Home & Personal Care,Shampoos,Xerox 213
1037,OFF-PA-10000295,Home & Personal Care,Shampoos,Xerox 229
1038,OFF-PA-10000300,Home & Personal Care,Shampoos,Xerox 1936
1039,OFF-PA-10000304,Home & Personal Care,Shampoos,Xerox 1995
1040,OFF-PA-10000308,Home & Personal Care,Shampoos,Xerox 1901
1041,OFF-PA-10000312,Home & Personal Care,Shampoos,Xerox 1955
1042,OFF-PA-10000327,Home & Personal Care,Shampoos,Xerox 1971
1043,OFF-PA-10000349,Home & Personal Care,Shampoos,Easy-staple paper
1044,OFF-PA-10000350,Home & Personal Care,Shampoos,"Message Book, Standard Line ""While You Were Out"", 5 1/2"" X 4"", 200 Sets/Book"
1045,OFF-PA-10000357,Home & Personal Care,Shampoos,Xerox 1888
1046,OFF-PA-10000380,Home & Personal Care,Shampoos,"REDIFORM Incoming/Outgoing Call Register, 11"" X 8 1/2"", 100 Messages"
1047,OFF-PA-10000418,Home & Personal Care,Shampoos,Xerox 189
1048,OFF-PA-10000466,Home & Personal Care,Shampoos,"Memo Book, 100 Message Capacity, 5 3/8” x 11”"
1049,OFF-PA-10000474,Home & Personal Care,Shampoos,Easy-staple paper
1050,OFF-PA-10000477,Home & Personal Care,Shampoos,Xerox 1952
1051,OFF-PA-10000482,Home & Personal Care,Shampoos,"Snap-A-Way Black Print Carbonless Ruled Speed Letter, Triplicate"
1052,OFF-PA-10000483,Home & Personal Care,Shampoos,Xerox 19
1053,OFF-PA-10000501,Home & Personal Care,Shampoos,Petty Cash Envelope
1054,OFF-PA-10000520,Home & Personal Care,Shampoos,Xerox 201
1055,OFF-PA-10000528,Home & Personal Care,Shampoos,Xerox 1981
1056,OFF-PA-10000533,Home & Personal Care,Shampoos,Southworth Parchment Paper & Envelopes
1057,OFF-PA-10000551,Home & Personal Care,Shampoos,Array Memo Cubes
1058,OFF-PA-10000552,Home & Personal Care,Shampoos,Xerox 200
1059,OFF-PA-10000556,Home & Personal Care,Shampoos,Xerox 208
1060,OFF-PA-10000565,Home & Personal Care,Shampoos,Easy-staple paper
1061,OFF-PA-10000575,Home & Personal Care,Shampoos,"Wirebound Message Books, Four 2 3/4 x 5 White Forms per Page"
1062,OFF-PA-10000587,Home & Personal Care,Shampoos,"Array Parchment Paper, Assorted Colors"
1063,OFF-PA-10000595,Home & Personal Care,Shampoos,Xerox 1929
1064,OFF-PA-10000605,Home & Personal Care,Shampoos,Xerox 1950
1065,OFF-PA-10000659,Home & Personal Care,Shampoos,"TOPS Carbonless Receipt Book, Four 2-3/4 x 7-1/4 Money Receipts per Page"
1066,OFF-PA-10000673,Home & Personal Care,Shampoos,"Post-it “Important Message” Note Pad, Neon Colors, 50 Sheets/Pad"
1067,OFF-PA-10000675,Home & Personal Care,Shampoos,Xerox 1919
1068,OFF-PA-10000682,Home & Personal Care,Shampoos,Xerox 1924
1069,OFF-PA-10000697,Home & Personal Care,Shampoos,"TOPS Voice Message Log Book, Flash Format"
1070,OFF-PA-10000726,Home & Personal Care,Shampoos,"Black Print Carbonless Snap-Off Rapid Letter, 8 1/2"" x 7"""
1071,OFF-PA-10000740,Home & Personal Care,Shampoos,Xerox 1982
1072,OFF-PA-10000743,Home & Personal Care,Shampoos,Xerox 1977
1073,OFF-PA-10000788,Home & Personal Care,Shampoos,Xerox 210
1074,OFF-PA-10000791,Home & Personal Care,Shampoos,"Wirebound Message Books, Four 2 3/4 x 5 Forms per Page, 200 Sets per Book"
1075,OFF-PA-10000806,Home & Personal Care,Shampoos,Xerox 1934
1076,OFF-PA-10000807,Home & Personal Care,Shampoos,"TOPS ""Important Message"" Pads, Canary, 4-1/4 x 5-1/2, 50 Sheets per Pad"
1077,OFF-PA-10000809,Home & Personal Care,Shampoos,Xerox 206
1078,OFF-PA-10000859,Home & Personal Care,Shampoos,Unpadded Memo Slips
1079,OFF-PA-10000919,Home & Personal Care,Shampoos,Xerox 1918
1080,OFF-PA-10000955,Home & Personal Care,Shampoos,Southworth 25% Cotton Granite Paper & Envelopes
1081,OFF-PA-10000994,Home & Personal Care,Shampoos,Xerox 1915
1082,OFF-PA-10001001,Home & Personal Care,Shampoos,"Snap-A-Way Black Print Carbonless Speed Message, No Reply Area, Duplicate"
1083,OFF-PA-10001019,Home & Personal Care,Shampoos,Xerox 1884
1084,OFF-PA-10001033,Home & Personal Care,Shampoos,Xerox 1893
1085,OFF-PA-10001125,Home & Personal Care,Shampoos,Xerox 1988
1086,OFF-PA-10001144,Home & Personal Care,Shampoos,Xerox 1913
1087,OFF-PA-10001166,Home & Personal Care,Shampoos,Xerox 2
1088,OFF-PA-10001184,Home & Personal Care,Shampoos,Xerox 1903
1089,OFF-PA-10001204,Home & Personal Care,Shampoos,Xerox 1972
1090,OFF-PA-10001215,Home & Personal Care,Shampoos,Xerox 1963
1091,OFF-PA-10001243,Home & Personal Care,Shampoos,Xerox 1983
1092,OFF-PA-10001246,Home & Personal Care,Shampoos,Xerox 215
1093,OFF-PA-10001260,Home & Personal Care,Shampoos,"TOPS Money Receipt Book, Consecutively Numbered in Red,"
1094,OFF-PA-10001274,Home & Personal Care,Shampoos,Loose Memo Sheets
1095,OFF-PA-10001281,Home & Personal Care,Shampoos,Computer Printout Paper with Letter-Trim Fine Perforations
1096,OFF-PA-10001289,Home & Personal Care,Shampoos,White Computer Printout Paper by Universal
1097,OFF-PA-10001293,Home & Personal Care,Shampoos,Xerox 1946
1098,OFF-PA-10001295,Home & Personal Care,Shampoos,Computer Printout Paper with Letter-Trim Perforations
1099,OFF-PA-10001307,Home & Personal Care,Shampoos,"Important Message Pads, 50 4-1/4 x 5-1/2 Forms per Pad"
1100,OFF-PA-10001357,Home & Personal Care,Shampoos,Xerox 1886
1101,OFF-PA-10001363,Home & Personal Care,Shampoos,Xerox 1933
1102,OFF-PA-10001450,Home & Personal Care,Shampoos,Rediform S.O.S. Phone Message Books
1103,OFF-PA-10001457,Home & Personal Care,Shampoos,White GlueTop Scratch Pads
1104,OFF-PA-10001461,Home & Personal Care,Shampoos,HP Office Paper (20Lb. and 87 Bright)
1105,OFF-PA-10001471,Home & Personal Care,Shampoos,Strathmore Photo Frame Cards
1106,OFF-PA-10001497,Home & Personal Care,Shampoos,Xerox 1914
1107,OFF-PA-10001509,Home & Personal Care,Shampoos,"Recycled Desk Saver Line ""While You Were Out"" Book, 5 1/2"" X 4"""
1108,OFF-PA-10001526,Home & Personal Care,Shampoos,Xerox 1949
1109,OFF-PA-10001534,Home & Personal Care,Shampoos,Xerox 230
1110,OFF-PA-10001560,Home & Personal Care,Shampoos,"Adams Telephone Message Books, 5 1/4” x 11”"
1111,OFF-PA-10001569,Home & Personal Care,Shampoos,Xerox 232
1112,OFF-PA-10001583,Home & Personal Care,Shampoos,"1/4 Fold Party Design Invitations & White Envelopes, 24 8-1/2"" X 11"" Cards, 25 Env./Pack"
1113,OFF-PA-10001593,Home & Personal Care,Shampoos,Xerox 1947
1114,OFF-PA-10001609,Home & Personal Care,Shampoos,Tops Wirebound Message Log Books
1115,OFF-PA-10001622,Home & Personal Care,Shampoos,"Ampad Poly Cover Wirebound Steno Book, 6"" x 9"" Assorted Colors, Gregg Ruled"
1116,OFF-PA-10001639,Home & Personal Care,Shampoos,Xerox 203
1117,OFF-PA-10001661,Home & Personal Care,Shampoos,Xerox 1922
1118,OFF-PA-10001667,Home & Personal Care,Shampoos,Great White Multi-Use Recycled Paper (20Lb. and 84 Bright)
1119,OFF-PA-10001685,Home & Personal Care,Shampoos,Easy-staple paper
1120,OFF-PA-10001712,Home & Personal Care,Shampoos,Xerox 1948
1121,OFF-PA-10001725,Home & Personal Care,Shampoos,Xerox 1892
1122,OFF-PA-10001736,Home & Personal Care,Shampoos,Xerox 1880
1123,OFF-PA-10001745,Home & Personal Care,Shampoos,"Wirebound Message Books, 2 7/8"" x 5"", 3 Forms per Page"
1124,OFF-PA-10001752,Home & Personal Care,Shampoos,Hammermill CopyPlus Copy Paper (20Lb. and 84 Bright)
1125,OFF-PA-10001763,Home & Personal Care,Shampoos,Xerox 1896
1126,OFF-PA-10001776,Home & Personal Care,Shampoos,"Wirebound Message Books, Four 2 3/4"" x 5"" Forms per Page, 600 Sets per Book"
1127,OFF-PA-10001790,Home & Personal Care,Shampoos,Xerox 1910
1128,OFF-PA-10001800,Home & Personal Care,Shampoos,Xerox 220
1129,OFF-PA-10001801,Home & Personal Care,Shampoos,Xerox 193
1130,OFF-PA-10001804,Home & Personal Care,Shampoos,Xerox 195
1131,OFF-PA-10001815,Home & Personal Care,Shampoos,Xerox 1885
1132,OFF-PA-10001826,Home & Personal Care,Shampoos,Xerox 207
1133,OFF-PA-10001837,Home & Personal Care,Shampoos,Xerox 1976
1134,OFF-PA-10001838,Home & Personal Care,Shampoos,"Adams Telephone Message Book W/Dividers/Space For Phone Numbers, 5 1/4""X8 1/2"", 300/Messages"
1135,OFF-PA-10001846,Home & Personal Care,Shampoos,Xerox 1899
1136,OFF-PA-10001870,Home & Personal Care,Shampoos,Xerox 202
1137,OFF-PA-10001878,Home & Personal Care,Shampoos,Xerox 1891
1138,OFF-PA-10001892,Home & Personal Care,Shampoos,"Rediform Wirebound ""Phone Memo"" Message Book, 11 x 5-3/4"
1139,OFF-PA-10001934,Home & Personal Care,Shampoos,Xerox 1993
1140,OFF-PA-10001937,Home & Personal Care,Shampoos,Xerox 21
1141,OFF-PA-10001947,Home & Personal Care,Shampoos,Xerox 1974
1142,OFF-PA-10001950,Home & Personal Care,Shampoos,Southworth 25% Cotton Antique Laid Paper & Envelopes
1143,OFF-PA-10001952,Home & Personal Care,Shampoos,Xerox 1902
1144,OFF-PA-10001954,Home & Personal Care,Shampoos,Xerox 1964
1145,OFF-PA-10001970,Home & Personal Care,Shampoos,Xerox 1881
1146,OFF-PA-10001972,Home & Personal Care,Shampoos,Xerox 214
1147,OFF-PA-10001977,Home & Personal Care,Shampoos,Xerox 194
1148,OFF-PA-10001994,Home & Personal Care,Shampoos,"Ink Jet Note and Greeting Cards, 8-1/2"" x 5-1/2"" Card Size"
1149,OFF-PA-10002001,Home & Personal Care,Shampoos,Xerox 1984
1150,OFF-PA-10002005,Home & Personal Care,Shampoos,Xerox 225
1151,OFF-PA-10002036,Home & Personal Care,Shampoos,Xerox 1930
1152,OFF-PA-10002105,Home & Personal Care,Shampoos,Xerox 223
1153,OFF-PA-10002109,Home & Personal Care,Shampoos,Wirebound Voice Message Log Book
1154,OFF-PA-10002120,Home & Personal Care,Shampoos,Xerox 1889
1155,OFF-PA-10002137,Home & Personal Care,Shampoos,"Southworth 100% Résumé Paper, 24lb."
1156,OFF-PA-10002160,Home & Personal Care,Shampoos,Xerox 1978
1157,OFF-PA-10002195,Home & Personal Care,Shampoos,Xerox 1966
1158,OFF-PA-10002222,Home & Personal Care,Shampoos,"Xerox Color Copier Paper, 11"" x 17"", Ream"
1159,OFF-PA-10002230,Home & Personal Care,Shampoos,Xerox 1897
1160,OFF-PA-10002245,Home & Personal Care,Shampoos,Xerox 1895
1161,OFF-PA-10002246,Home & Personal Care,Shampoos,"Wirebound Four 2-3/4 x 5 Forms per Page, 400 Sets per Book"
1162,OFF-PA-10002250,Home & Personal Care,Shampoos,Things To Do Today Pad
1163,OFF-PA-10002254,Home & Personal Care,Shampoos,Xerox 1883
1164,OFF-PA-10002259,Home & Personal Care,Shampoos,"Geographics Note Cards, Blank, White, 8 1/2"" x 11"""
1165,OFF-PA-10002262,Home & Personal Care,Shampoos,Xerox 192
1166,OFF-PA-10002319,Home & Personal Care,Shampoos,Xerox 1944
1167,OFF-PA-10002333,Home & Personal Care,Shampoos,"Universal Ultra Bright White Copier/Laser Paper, 8 1/2"" x 11"", Ream"
1168,OFF-PA-10002365,Home & Personal Care,Shampoos,Xerox 1967
1169,OFF-PA-10002377,Home & Personal Care,Shampoos,Xerox 1916
1170,OFF-PA-10002421,Home & Personal Care,Shampoos,Embossed Ink Jet Note Cards
1171,OFF-PA-10002464,Home & Personal Care,Shampoos,HP Office Recycled Paper (20Lb. and 87 Bright)
1172,OFF-PA-10002479,Home & Personal Care,Shampoos,Xerox 4200 Series MultiUse Premium Copy Paper (20Lb. and 84 Bright)
1173,OFF-PA-10002499,Home & Personal Care,Shampoos,Xerox 1890
1174,OFF-PA-10002552,Home & Personal Care,Shampoos,Xerox 1958
1175,OFF-PA-10002558,Home & Personal Care,Shampoos,Xerox 1938
1176,OFF-PA-10002581,Home & Personal Care,Shampoos,Xerox 1951
1177,OFF-PA-10002586,Home & Personal Care,Shampoos,Xerox 1970
1178,OFF-PA-10002606,Home & Personal Care,Shampoos,Xerox 1928
1179,OFF-PA-10002615,Home & Personal Care,Shampoos,"Ampad Gold Fibre Wirebound Steno Books, 6"" x 9"", Gregg Ruled"
1180,OFF-PA-10002659,Home & Personal Care,Shampoos,Avoid Verbal Orders Carbonless Minifold Book
1181,OFF-PA-10002666,Home & Personal Care,Shampoos,Southworth 25% Cotton Linen-Finish Paper & Envelopes
1182,OFF-PA-10002689,Home & Personal Care,Shampoos,Weyerhaeuser First Choice Laser/Copy Paper (20Lb. and 88 Bright)
1183,OFF-PA-10002709,Home & Personal Care,Shampoos,Xerox 1956
1184,OFF-PA-10002713,Home & Personal Care,Shampoos,"Adams Phone Message Book, 200 Message Capacity, 8 1/16” x 11”"
1185,OFF-PA-10002741,Home & Personal Care,Shampoos,Xerox 1980
1186,OFF-PA-10002749,Home & Personal Care,Shampoos,"Wirebound Message Books, 5-1/2 x 4 Forms, 2 or 4 Forms per Page"
1187,OFF-PA-10002751,Home & Personal Care,Shampoos,Xerox 1920
1188,OFF-PA-10002764,Home & Personal Care,Shampoos,Easy-staple paper
1189,OFF-PA-10002787,Home & Personal Care,Shampoos,Xerox 227
1190,OFF-PA-10002870,Home & Personal Care,Shampoos,"Ampad Phone Message Book, Recycled, 400 Message Capacity, 5 ¾” x 11”"
1191,OFF-PA-10002893,Home & Personal Care,Shampoos,"Wirebound Service Call Books, 5 1/2"" x 4"""
1192,OFF-PA-10002923,Home & Personal Care,Shampoos,Xerox 1942
1193,OFF-PA-10002947,Home & Personal Care,Shampoos,Xerox 1923
1194,OFF-PA-10002960,Home & Personal Care,Shampoos,Xerox 1926
1195,OFF-PA-10002968,Home & Personal Care,Shampoos,Xerox 1973
1196,OFF-PA-10002986,Home & Personal Care,Shampoos,Xerox 1898
1197,OFF-PA-10003001,Home & Personal Care,Shampoos,Xerox 1986
1198,OFF-PA-10003016,Home & Personal Care,Shampoos,"Adams ""While You Were Out"" Message Pads"
1199,OFF-PA-10003022,Home & Personal Care,Shampoos,Xerox 1992
1200,OFF-PA-10003036,Home & Personal Care,Shampoos,"Black Print Carbonless 8 1/2"" x 8 1/4"" Rapid Memo Book"
1201,OFF-PA-10003039,Home & Personal Care,Shampoos,Xerox 1960
1202,OFF-PA-10003063,Home & Personal Care,Shampoos,EcoTones Memo Sheets
1203,OFF-PA-10003072,Home & Personal Care,Shampoos,"Eureka Recycled Copy Paper 8 1/2"" x 11"", Ream"
1204,OFF-PA-10003127,Home & Personal Care,Shampoos,Easy-staple paper
1205,OFF-PA-10003129,Home & Personal Care,Shampoos,Tops White Computer Printout Paper
1206,OFF-PA-10003134,Home & Personal Care,Shampoos,Xerox 1937
1207,OFF-PA-10003172,Home & Personal Care,Shampoos,Xerox 1996
1208,OFF-PA-10003177,Home & Personal Care,Shampoos,Xerox 1999
1209,OFF-PA-10003205,Home & Personal Care,Shampoos,"Wirebound Message Forms, Four 2 3/4 x 5 Forms per Page, Pink Paper"
1210,OFF-PA-10003228,Home & Personal Care,Shampoos,Xerox 1917
1211,OFF-PA-10003256,Home & Personal Care,Shampoos,Avery Personal Creations Heavyweight Cards
1212,OFF-PA-10003270,Home & Personal Care,Shampoos,Xerox 1954
1213,OFF-PA-10003302,Home & Personal Care,Shampoos,Xerox 1906
1214,OFF-PA-10003309,Home & Personal Care,Shampoos,Xerox 211
1215,OFF-PA-10003349,Home & Personal Care,Shampoos,Xerox 1957
1216,OFF-PA-10003363,Home & Personal Care,Shampoos,Xerox 204
1217,OFF-PA-10003395,Home & Personal Care,Shampoos,Xerox 1941
1218,OFF-PA-10003424,Home & Personal Care,Shampoos,"""While you Were Out"" Message Book, One Form per Page"
1219,OFF-PA-10003441,Home & Personal Care,Shampoos,Xerox 226
1220,OFF-PA-10003465,Home & Personal Care,Shampoos,Xerox 1912
1221,OFF-PA-10003543,Home & Personal Care,Shampoos,Xerox 1985
1222,OFF-PA-10003591,Home & Personal Care,Shampoos,Southworth 100% Cotton The Best Paper
1223,OFF-PA-10003625,Home & Personal Care,Shampoos,Xerox 1979
1224,OFF-PA-10003641,Home & Personal Care,Shampoos,Xerox 1909
1225,OFF-PA-10003651,Home & Personal Care,Shampoos,Xerox 1968
1226,OFF-PA-10003656,Home & Personal Care,Shampoos,Xerox 1935
1227,OFF-PA-10003657,Home & Personal Care,Shampoos,Xerox 1927
1228,OFF-PA-10003673,Home & Personal Care,Shampoos,Strathmore Photo Mount Cards
1229,OFF-PA-10003724,Home & Personal Care,Shampoos,"Wirebound Message Book, 4 per Page"
1230,OFF-PA-10003729,Home & Personal Care,Shampoos,Xerox 1998
1231,OFF-PA-10003739,Home & Personal Care,Shampoos,Xerox 1969
1232,OFF-PA-10003790,Home & Personal Care,Shampoos,Xerox 1991
1233,OFF-PA-10003797,Home & Personal Care,Shampoos,Xerox 209
1234,OFF-PA-10003823,Home & Personal Care,Shampoos,Xerox 197
1235,OFF-PA-10003845,Home & Personal Care,Shampoos,Xerox 1987
1236,OFF-PA-10003848,Home & Personal Care,Shampoos,Xerox 1997
1237,OFF-PA-10003883,Home & Personal Care,Shampoos,"Message Book, Phone, Wirebound Standard Line Memo, 2 3/4"" X 5"""
1238,OFF-PA-10003892,Home & Personal Care,Shampoos,Xerox 1943
1239,OFF-PA-10003893,Home & Personal Care,Shampoos,Xerox 1962
1240,OFF-PA-10003919,Home & Personal Care,Shampoos,Xerox 1989
1241,OFF-PA-10003936,Home & Personal Care,Shampoos,Xerox 1994
1242,OFF-PA-10003953,Home & Personal Care,Shampoos,Xerox 218
1243,OFF-PA-10003971,Home & Personal Care,Shampoos,Xerox 1965
1244,OFF-PA-10004000,Home & Personal Care,Shampoos,"While You Were Out Pads, 50 per Pad, 4 x 5 1/4, Green Cycle"
1245,OFF-PA-10004022,Home & Personal Care,Shampoos,Hammermill Color Copier Paper (28Lb. and 96 Bright)
1246,OFF-PA-10004039,Home & Personal Care,Shampoos,Xerox 1882
1247,OFF-PA-10004040,Home & Personal Care,Shampoos,Universal Premium White Copier/Laser Paper (20Lb. and 87 Bright)
1248,OFF-PA-10004041,Home & Personal Care,Shampoos,"It's Hot Message Books with Stickers, 2 3/4"" x 5"""
1249,OFF-PA-10004071,Home & Personal Care,Shampoos,"Eaton Premium Continuous-Feed Paper, 25% Cotton, Letter Size, White, 1000 Shts/Box"
1250,OFF-PA-10004082,Home & Personal Care,Shampoos,"Adams Telephone Message Book w/Frequently-Called Numbers Space, 400 Messages per Book"
1251,OFF-PA-10004092,Home & Personal Care,Shampoos,Tops Green Bar Computer Printout Paper
1252,OFF-PA-10004100,Home & Personal Care,Shampoos,Xerox 216
1253,OFF-PA-10004101,Home & Personal Care,Shampoos,Xerox 1894
1254,OFF-PA-10004156,Home & Personal Care,Shampoos,Xerox 188
1255,OFF-PA-10004239,Home & Personal Care,Shampoos,Xerox 1953
1256,OFF-PA-10004243,Home & Personal Care,Shampoos,Xerox 1939
1257,OFF-PA-10004248,Home & Personal Care,Shampoos,Xerox 1990
1258,OFF-PA-10004255,Home & Personal Care,Shampoos,Xerox 219
1259,OFF-PA-10004285,Home & Personal Care,Shampoos,Xerox 1959
1260,OFF-PA-10004327,Home & Personal Care,Shampoos,Xerox 1911
1261,OFF-PA-10004353,Home & Personal Care,Shampoos,Southworth 25% Cotton Premium Laser Paper and Envelopes
1262,OFF-PA-10004355,Home & Personal Care,Shampoos,Xerox 231
1263,OFF-PA-10004359,Home & Personal Care,Shampoos,Multicolor Computer Printout Paper
1264,OFF-PA-10004381,Home & Personal Care,Shampoos,14-7/8 x 11 Blue Bar Computer Printout Paper
1265,OFF-PA-10004405,Home & Personal Care,Shampoos,Rediform Voice Mail Log Books
1266,OFF-PA-10004438,Home & Personal Care,Shampoos,Xerox 1907
1267,OFF-PA-10004451,Home & Personal Care,Shampoos,Xerox 222
1268,OFF-PA-10004470,Home & Personal Care,Shampoos,"Adams Write n' Stick Phone Message Book, 11"" X 5 1/4"", 200 Messages"
1269,OFF-PA-10004475,Home & Personal Care,Shampoos,Xerox 1940
1270,OFF-PA-10004519,Home & Personal Care,Shampoos,Spiral Phone Message Books with Labels by Adams
1271,OFF-PA-10004530,Home & Personal Care,Shampoos,Personal Creations Ink Jet Cards and Labels
1272,OFF-PA-10004569,Home & Personal Care,Shampoos,"Wirebound Message Books, Two 4 1/4"" x 5"" Forms per Page"
1273,OFF-PA-10004609,Home & Personal Care,Shampoos,Xerox 221
1274,OFF-PA-10004610,Home & Personal Care,Shampoos,Xerox 1900
1275,OFF-PA-10004621,Home & Personal Care,Shampoos,Xerox 212
1276,OFF-PA-10004665,Home & Personal Care,Shampoos,Advantus Motivational Note Cards
1277,OFF-PA-10004675,Home & Personal Care,Shampoos,"Telephone Message Books with Fax/Mobile Section, 5 1/2"" x 3 3/16"""
1278,OFF-PA-10004733,Home & Personal Care,Shampoos,Things To Do Today Spiral Book
1279,OFF-PA-10004734,Home & Personal Care,Shampoos,Southworth Structures Collection
1280,OFF-PA-10004735,Home & Personal Care,Shampoos,Xerox 1905
1281,OFF-PA-10004782,Home & Personal Care,Shampoos,Xerox 228
1282,OFF-PA-10004888,Home & Personal Care,Shampoos,Xerox 217
1283,OFF-PA-10004911,Home & Personal Care,Shampoos,"Rediform S.O.S. 1-Up Phone Message Bk, 4-1/4x3-1/16 Bk, 1 Form/Pg, 40 Messages/Bk, 3/Pk"
1284,OFF-PA-10004947,Home & Personal Care,Shampoos,Easy-staple paper
1285,OFF-PA-10004948,Home & Personal Care,Shampoos,Xerox 190
1286,OFF-PA-10004965,Home & Personal Care,Shampoos,Xerox 1921
1287,OFF-PA-10004971,Home & Personal Care,Shampoos,Xerox 196
1288,OFF-PA-10004983,Home & Personal Care,Shampoos,Xerox 23
1289,OFF-PA-10004996,Home & Personal Care,Shampoos,"Speediset Carbonless Redi-Letter 7"" x 8 1/2"""
1290,OFF-ST-10000025,Home & Personal Care,Deodorants,Fellowes Stor/Drawer Steel Plus Storage Drawers
1291,OFF-ST-10000036,Home & Personal Care,Deodorants,"Recycled Data-Pak for Archival Bound Computer Printouts, 12-1/2 x 12-1/2 x 16"
1292,OFF-ST-10000046,Home & Personal Care,Deodorants,Fellowes Super Stor/Drawer Files
1293,OFF-ST-10000060,Home & Personal Care,Deodorants,Fellowes Bankers Box Staxonsteel Drawer File/Stacking System
1294,OFF-ST-10000078,Home & Personal Care,Deodorants,Tennsco 6- and 18-Compartment Lockers
1295,OFF-ST-10000107,Home & Personal Care,Deodorants,Fellowes Super Stor/Drawer
1296,OFF-ST-10000129,Home & Personal Care,Deodorants,Fellowes Recycled Storage Drawers
1297,OFF-ST-10000136,Home & Personal Care,Deodorants,Letter Size File
1298,OFF-ST-10000142,Home & Personal Care,Deodorants,Deluxe Rollaway Locking File with Drawer
1299,OFF-ST-10000321,Home & Personal Care,Deodorants,Akro Stacking Bins
1300,OFF-ST-10000344,Home & Personal Care,Deodorants,"Neat Ideas Personal Hanging Folder Files, Black"
1301,OFF-ST-10000352,Home & Personal Care,Deodorants,Acco Perma 2700 Stacking Storage Drawers
1302,OFF-ST-10000419,Home & Personal Care,Deodorants,"Rogers Jumbo File, Granite"
1303,OFF-ST-10000464,Home & Personal Care,Deodorants,"Multi-Use Personal File Cart and Caster Set, Three Stacking Bins"
1304,OFF-ST-10000532,Home & Personal Care,Deodorants,Advantus Rolling Drawer Organizers
1305,OFF-ST-10000563,Home & Personal Care,Deodorants,Fellowes Bankers Box Stor/Drawer Steel Plus
1306,OFF-ST-10000585,Home & Personal Care,Deodorants,Economy Rollaway Files
1307,OFF-ST-10000604,Home & Personal Care,Deodorants,Home/Office Personal File Carts
1308,OFF-ST-10000615,Home & Personal Care,Deodorants,"SimpliFile Personal File, Black Granite, 15w x 6-15/16d x 11-1/4h"
1309,OFF-ST-10000617,Home & Personal Care,Deodorants,Woodgrain Magazine Files by Perma
1310,OFF-ST-10000636,Home & Personal Care,Deodorants,Rogers Profile Extra Capacity Storage Tub
1311,OFF-ST-10000642,Home & Personal Care,Deodorants,"Tennsco Lockers, Gray"
1312,OFF-ST-10000649,Home & Personal Care,Deodorants,Hanging Personal Folder File
1313,OFF-ST-10000675,Home & Personal Care,Deodorants,"File Shuttle II and Handi-File, Black"
1314,OFF-ST-10000676,Home & Personal Care,Deodorants,Fellowes Econo/Stor Drawers
1315,OFF-ST-10000689,Home & Personal Care,Deodorants,"Fellowes Strictly Business Drawer File, Letter/Legal Size"
1316,OFF-ST-10000736,Home & Personal Care,Deodorants,Carina Double Wide Media Storage Towers in Natural & Black
1317,OFF-ST-10000760,Home & Personal Care,Deodorants,Eldon Fold 'N Roll Cart System
1318,OFF-ST-10000777,Home & Personal Care,Deodorants,"Companion Letter/Legal File, Black"
1319,OFF-ST-10000798,Home & Personal Care,Deodorants,2300 Heavy-Duty Transfer File Systems by Perma
1320,OFF-ST-10000876,Home & Personal Care,Deodorants,Eldon Simplefile Box Office
1321,OFF-ST-10000877,Home & Personal Care,Deodorants,Recycled Steel Personal File for Standard File Folders
1322,OFF-ST-10000885,Home & Personal Care,Deodorants,Fellowes Desktop Hanging File Manager
1323,OFF-ST-10000918,Home & Personal Care,Deodorants,Crate-A-Files
1324,OFF-ST-10000934,Home & Personal Care,Deodorants,"Contico 72""H Heavy-Duty Storage System"
1325,OFF-ST-10000943,Home & Personal Care,Deodorants,Eldon ProFile File 'N Store Portable File Tub Letter/Legal Size Black
1326,OFF-ST-10000991,Home & Personal Care,Deodorants,Space Solutions HD Industrial Steel Shelving.
1327,OFF-ST-10001031,Home & Personal Care,Deodorants,Adjustable Personal File Tote
1328,OFF-ST-10001034,Home & Personal Care,Deodorants,Eldon File Chest Portable File
1329,OFF-ST-10001097,Home & Personal Care,Deodorants,Office Impressions Heavy Duty Welded Shelving & Multimedia Storage Drawers
1330,OFF-ST-10001128,Home & Personal Care,Deodorants,"Carina Mini System Audio Rack, Model AR050B"
1331,OFF-ST-10001172,Home & Personal Care,Deodorants,"Tennsco Lockers, Sand"
1332,OFF-ST-10001228,Home & Personal Care,Deodorants,"Fellowes Personal Hanging Folder Files, Navy"
1333,OFF-ST-10001272,Home & Personal Care,Deodorants,"Mini 13-1/2 Capacity Data Binder Rack, Pearl"
1334,OFF-ST-10001291,Home & Personal Care,Deodorants,"Tenex Personal Self-Stacking Standard File Box, Black/Gray"
1335,OFF-ST-10001321,Home & Personal Care,Deodorants,"Decoflex Hanging Personal Folder File, Blue"
1336,OFF-ST-10001325,Home & Personal Care,Deodorants,Sterilite Officeware Hinged File Box
1337,OFF-ST-10001328,Home & Personal Care,Deodorants,"Personal Filing Tote with Lid, Black/Gray"
1338,OFF-ST-10001370,Home & Personal Care,Deodorants,Sensible Storage WireTech Storage Systems
1339,OFF-ST-10001414,Home & Personal Care,Deodorants,Decoflex Hanging Personal Folder File
1340,OFF-ST-10001418,Home & Personal Care,Deodorants,Carina Media Storage Towers in Natural & Black
1341,OFF-ST-10001469,Home & Personal Care,Deodorants,Fellowes Bankers Box Recycled Super Stor/Drawer
1342,OFF-ST-10001476,Home & Personal Care,Deodorants,Steel Personal Filing/Posting Tote
1343,OFF-ST-10001490,Home & Personal Care,Deodorants,"Hot File 7-Pocket, Floor Stand"
1344,OFF-ST-10001496,Home & Personal Care,Deodorants,Standard Rollaway File with Lock
1345,OFF-ST-10001505,Home & Personal Care,Deodorants,"Perma STOR-ALL Hanging File Box, 13 1/8""W x 12 1/4""D x 10 1/2""H"
1346,OFF-ST-10001511,Home & Personal Care,Deodorants,Space Solutions Commercial Steel Shelving
1347,OFF-ST-10001522,Home & Personal Care,Deodorants,"Gould Plastics 18-Pocket Panel Bin, 34w x 5-1/4d x 20-1/2h"
1348,OFF-ST-10001526,Home & Personal Care,Deodorants,Iceberg Mobile Mega Data/Printer Cart
1349,OFF-ST-10001558,Home & Personal Care,Deodorants,Acco Perma 4000 Stacking Storage Drawers
1350,OFF-ST-10001580,Home & Personal Care,Deodorants,Super Decoflex Portable Personal File
1351,OFF-ST-10001590,Home & Personal Care,Deodorants,"Tenex Personal Project File with Scoop Front Design, Black"
1352,OFF-ST-10001627,Home & Personal Care,Deodorants,Eldon Jumbo ProFile Portable File Boxes Graphite/Black
1353,OFF-ST-10001713,Home & Personal Care,Deodorants,"Gould Plastics 9-Pocket Panel Bin, 18-3/8w x 5-1/4d x 20-1/2h, Black"
1354,OFF-ST-10001780,Home & Personal Care,Deodorants,Tennsco 16-Compartment Lockers with Coat Rack
1355,OFF-ST-10001809,Home & Personal Care,Deodorants,Fellowes Officeware Wire Shelving
1356,OFF-ST-10001837,Home & Personal Care,Deodorants,"SAFCO Mobile Desk Side File, Wire Frame"
1357,OFF-ST-10001932,Home & Personal Care,Deodorants,Fellowes Staxonsteel Drawer Files
1358,OFF-ST-10001963,Home & Personal Care,Deodorants,Tennsco Regal Shelving Units
1359,OFF-ST-10002011,Home & Personal Care,Deodorants,Smead Adjustable Mobile File Trolley with Lockable Top
1360,OFF-ST-10002182,Home & Personal Care,Deodorants,"Iris 3-Drawer Stacking Bin, Black"
1361,OFF-ST-10002205,Home & Personal Care,Deodorants,File Shuttle I and Handi-File
1362,OFF-ST-10002214,Home & Personal Care,Deodorants,X-Rack File for Hanging Folders
1363,OFF-ST-10002276,Home & Personal Care,Deodorants,Safco Steel Mobile File Cart
1364,OFF-ST-10002289,Home & Personal Care,Deodorants,"Safco Wire Cube Shelving System, For Use as 4 or 5 14"" Cubes, Black"
1365,OFF-ST-10002292,Home & Personal Care,Deodorants,"Sauder Facets Collection Locker/File Cabinet, Sky Alder Finish"
1366,OFF-ST-10002301,Home & Personal Care,Deodorants,Tennsco Commercial Shelving
1367,OFF-ST-10002344,Home & Personal Care,Deodorants,"Carina 42""Hx23 3/4""W Media Storage Unit"
1368,OFF-ST-10002352,Home & Personal Care,Deodorants,Iris Project Case
1369,OFF-ST-10002370,Home & Personal Care,Deodorants,"Sortfiler Multipurpose Personal File Organizer, Black"
1370,OFF-ST-10002406,Home & Personal Care,Deodorants,Pizazz Global Quick File
1371,OFF-ST-10002444,Home & Personal Care,Deodorants,Recycled Eldon Regeneration Jumbo File
1372,OFF-ST-10002485,Home & Personal Care,Deodorants,Rogers Deluxe File Chest
1373,OFF-ST-10002486,Home & Personal Care,Deodorants,Eldon Shelf Savers Cubes and Bins
1374,OFF-ST-10002554,Home & Personal Care,Deodorants,Tennsco Industrial Shelving
1375,OFF-ST-10002562,Home & Personal Care,Deodorants,Staple magnet
1376,OFF-ST-10002574,Home & Personal Care,Deodorants,"SAFCO Commercial Wire Shelving, Black"
1377,OFF-ST-10002583,Home & Personal Care,Deodorants,Fellowes Neat Ideas Storage Cubes
1378,OFF-ST-10002615,Home & Personal Care,Deodorants,"Dual Level, Single-Width Filing Carts"
1379,OFF-ST-10002743,Home & Personal Care,Deodorants,SAFCO Boltless Steel Shelving
1380,OFF-ST-10002756,Home & Personal Care,Deodorants,"Tennsco Stur-D-Stor Boltless Shelving, 5 Shelves, 24"" Deep, Sand"
1381,OFF-ST-10002790,Home & Personal Care,Deodorants,Safco Industrial Shelving
1382,OFF-ST-10002957,Home & Personal Care,Deodorants,Sterilite Show Offs Storage Containers
1383,OFF-ST-10002974,Home & Personal Care,Deodorants,"Trav-L-File Heavy-Duty Shuttle II, Black"
1384,OFF-ST-10003058,Home & Personal Care,Deodorants,Eldon Mobile Mega Data Cart  Mega Stackable  Add-On Trays
1385,OFF-ST-10003123,Home & Personal Care,Deodorants,Fellowes Bases and Tops For Staxonsteel/High-Stak Systems
1386,OFF-ST-10003208,Home & Personal Care,Deodorants,Adjustable Depth Letter/Legal Cart
1387,OFF-ST-10003221,Home & Personal Care,Deodorants,Staple magnet
1388,OFF-ST-10003282,Home & Personal Care,Deodorants,"Advantus 10-Drawer Portable Organizer, Chrome Metal Frame, Smoke Drawers"
1389,OFF-ST-10003306,Home & Personal Care,Deodorants,Letter Size Cart
1390,OFF-ST-10003324,Home & Personal Care,Deodorants,Belkin OmniView SE Rackmount Kit
1391,OFF-ST-10003327,Home & Personal Care,Deodorants,Akro-Mils 12-Gallon Tote
1392,OFF-ST-10003442,Home & Personal Care,Deodorants,Eldon Portable Mobile Manager
1393,OFF-ST-10003455,Home & Personal Care,Deodorants,"Tenex File Box, Personal Filing Tote with Lid, Black"
1394,OFF-ST-10003470,Home & Personal Care,Deodorants,"Tennsco Snap-Together Open Shelving Units, Starter Sets and Add-On Units"
1395,OFF-ST-10003479,Home & Personal Care,Deodorants,"Eldon Base for stackable storage shelf, platinum"
1396,OFF-ST-10003572,Home & Personal Care,Deodorants,Portfile Personal File Boxes
1397,OFF-ST-10003638,Home & Personal Care,Deodorants,Mobile Personal File Cube
1398,OFF-ST-10003641,Home & Personal Care,Deodorants,Space Solutions Industrial Galvanized Steel Shelving.
1399,OFF-ST-10003656,Home & Personal Care,Deodorants,Safco Industrial Wire Shelving
1400,OFF-ST-10003692,Home & Personal Care,Deodorants,Recycled Steel Personal File for Hanging File Folders
1401,OFF-ST-10003716,Home & Personal Care,Deodorants,Tennsco Double-Tier Lockers
1402,OFF-ST-10003722,Home & Personal Care,Deodorants,Project Tote Personal File
1403,OFF-ST-10003805,Home & Personal Care,Deodorants,"24 Capacity Maxi Data Binder Racks, Pearl"
1404,OFF-ST-10003816,Home & Personal Care,Deodorants,Fellowes High-Stak Drawer Files
1405,OFF-ST-10003994,Home & Personal Care,Deodorants,"Belkin 19"" Center-Weighted Shelf, Gray"
1406,OFF-ST-10003996,Home & Personal Care,Deodorants,"Letter/Legal File Tote with Clear Snap-On Lid, Black Granite"
1407,OFF-ST-10004123,Home & Personal Care,Deodorants,Safco Industrial Wire Shelving System
1408,OFF-ST-10004180,Home & Personal Care,Deodorants,Safco Commercial Shelving
1409,OFF-ST-10004186,Home & Personal Care,Deodorants,"Stur-D-Stor Shelving, Vertical 5-Shelf: 72""H x 36""W x 18 1/2""D"
1410,OFF-ST-10004258,Home & Personal Care,Deodorants,Portable Personal File Box
1411,OFF-ST-10004337,Home & Personal Care,Deodorants,"SAFCO Commercial Wire Shelving, 72h"
1412,OFF-ST-10004340,Home & Personal Care,Deodorants,"Fellowes Mobile File Cart, Black"
1413,OFF-ST-10004459,Home & Personal Care,Deodorants,Tennsco Single-Tier Lockers
1414,OFF-ST-10004507,Home & Personal Care,Deodorants,Advantus Rolling Storage Box
1415,OFF-ST-10004634,Home & Personal Care,Deodorants,"Personal Folder Holder, Ebony"
1416,OFF-ST-10004804,Home & Personal Care,Deodorants,"Belkin 19"" Vented Equipment Shelf, Black"
1417,OFF-ST-10004835,Home & Personal Care,Deodorants,Plastic Stacking Crates & Casters
1418,OFF-ST-10004946,Home & Personal Care,Deodorants,Desktop 3-Pocket Hot File
1419,OFF-ST-10004950,Home & Personal Care,Deodorants,Acco Perma 3000 Stacking Storage Drawers
1420,OFF-ST-10004963,Home & Personal Care,Deodorants,Eldon Gobal File Keepers
1421,OFF-SU-10000151,Home & Personal Care,Utensils,High Speed Automatic Electric Letter Opener
1422,OFF-SU-10000157,Home & Personal Care,Utensils,Compact Automatic Electric Letter Opener
1423,OFF-SU-10000381,Home & Personal Care,Utensils,Acme Forged Steel Scissors with Black Enamel Handles
1424,OFF-SU-10000432,Home & Personal Care,Utensils,Acco Side-Punched Conventional Columnar Pads
1425,OFF-SU-10000646,Home & Personal Care,Utensils,Premier Automatic Letter Opener
1426,OFF-SU-10000898,Home & Personal Care,Utensils,"Acme Hot Forged Carbon Steel Scissors with Nickel-Plated Handles, 3 7/8"" Cut, 8""L"
1427,OFF-SU-10000946,Home & Personal Care,Utensils,Staple remover
1428,OFF-SU-10000952,Home & Personal Care,Utensils,Fiskars Home & Office Scissors
1429,OFF-SU-10001165,Home & Personal Care,Utensils,Acme Elite Stainless Steel Scissors
1430,OFF-SU-10001212,Home & Personal Care,Utensils,Kleencut Forged Office Shears by Acme United Corporation
1431,OFF-SU-10001218,Home & Personal Care,Utensils,Fiskars Softgrip Scissors
1432,OFF-SU-10001225,Home & Personal Care,Utensils,Staple remover
1433,OFF-SU-10001574,Home & Personal Care,Utensils,Acme Value Line Scissors
1434,OFF-SU-10001664,Home & Personal Care,Utensils,Acme Office Executive Series Stainless Steel Trimmers
1435,OFF-SU-10001935,Home & Personal Care,Utensils,Staple remover
1436,OFF-SU-10002189,Home & Personal Care,Utensils,Acme Rosewood Handle Letter Opener
1437,OFF-SU-10002301,Home & Personal Care,Utensils,Serrated Blade or Curved Handle Hand Letter Openers
1438,OFF-SU-10002503,Home & Personal Care,Utensils,Acme Preferred Stainless Steel Scissors
1439,OFF-SU-10002522,Home & Personal Care,Utensils,Acme Kleen Earth Office Shears
1440,OFF-SU-10002537,Home & Personal Care,Utensils,Acme Box Cutter Scissors
1441,OFF-SU-10002557,Home & Personal Care,Utensils,Fiskars Spring-Action Scissors
1442,OFF-SU-10002573,Home & Personal Care,Utensils,"Acme 10"" Easy Grip Assistive Scissors"
1443,OFF-SU-10002881,Home & Personal Care,Utensils,Martin Yale Chadless Opener Electric Letter Opener
1444,OFF-SU-10003002,Home & Personal Care,Utensils,Letter Slitter
1445,OFF-SU-10003505,Home & Personal Care,Utensils,Premier Electric Letter Opener
1446,OFF-SU-10003567,Home & Personal Care,Utensils,Stiletto Hand Letter Openers
1447,OFF-SU-10003936,Home & Personal Care,Utensils,Acme Serrated Blade Letter Opener
1448,OFF-SU-10004115,Home & Personal Care,Utensils,Acme Stainless Steel Office Snips
1449,OFF-SU-10004231,Home & Personal Care,Utensils,Acme Tagit Stainless Steel Antibacterial Scissors
1450,OFF-SU-10004261,Home & Personal Care,Utensils,"Fiskars 8"" Scissors, 2/Pack"
1451,OFF-SU-10004290,Home & Personal Care,Utensils,"Acme Design Line 8"" Stainless Steel Bent Scissors w/Champagne Handles, 3-1/8"" Cut"
1452,OFF-SU-10004498,Home & Personal Care,Utensils,Martin-Yale Premier Letter Opener
1453,OFF-SU-10004661,Home & Personal Care,Utensils,Acme Titanium Bonded Scissors
1454,OFF-SU-10004664,Home & Personal Care,Utensils,Acme Softgrip Scissors
1455,OFF-SU-10004737,Home & Personal Care,Utensils,Acme Design Stainless Steel Bent Scissors
1456,OFF-SU-10004768,Home & Personal Care,Utensils,Acme Kleencut Forged Steel Scissors
1457,OFF-SU-10004782,Home & Personal Care,Utensils,"Elite 5"" Scissors"
1458,OFF-SU-10004884,Home & Personal Care,Utensils,Acme Galleria Hot Forged Steel Scissors with Colored Handles
1459,TEC-AC-10000023,Food,Spices,"Maxell 74 Minute CD-R Spindle, 50/Pack"
1460,TEC-AC-10000057,Food,Spices,Microsoft Natural Ergonomic Keyboard 4000
1461,TEC-AC-10000109,Food,Spices,Sony Micro Vault Click 16 GB USB 2.0 Flash Drive
1462,TEC-AC-10000158,Food,Spices,Sony 64GB Class 10 Micro SDHC R40 Memory Card
1463,TEC-AC-10000171,Food,Spices,"Verbatim 25 GB 6x Blu-ray Single Layer Recordable Disc, 25/Pack"
1464,TEC-AC-10000199,Food,Spices,Kingston Digital DataTraveler 8GB USB 2.0
1465,TEC-AC-10000290,Food,Spices,Sabrent 4-Port USB 2.0 Hub
1466,TEC-AC-10000303,Food,Spices,Logitech M510 Wireless Mouse
1467,TEC-AC-10000358,Food,Spices,Imation Secure Drive + Hardware Encrypted USB flash drive - 16 GB
1468,TEC-AC-10000387,Food,Spices,KeyTronic KT800P2 - Keyboard - Black
1469,TEC-AC-10000397,Food,Spices,"Perixx PERIBOARD-512B, Ergonomic Split Keyboard"
1470,TEC-AC-10000420,Food,Spices,Logitech G500s Laser Gaming Mouse with Adjustable Weight Tuning
1471,TEC-AC-10000474,Food,Spices,Kensington Expert Mouse Optical USB Trackball for PC or Mac
1472,TEC-AC-10000487,Food,Spices,SanDisk Cruzer 4 GB USB Flash Drive
1473,TEC-AC-10000521,Food,Spices,"Verbatim Slim CD and DVD Storage Cases, 50/Pack"
1474,TEC-AC-10000580,Food,Spices,Logitech G13 Programmable Gameboard with LCD Display
1475,TEC-AC-10000682,Food,Spices,Kensington K72356US Mouse-in-a-Box USB Desktop Mouse
1476,TEC-AC-10000710,Food,Spices,Maxell DVD-RAM Discs
1477,TEC-AC-10000736,Food,Spices,Logitech G600 MMO Gaming Mouse
1478,TEC-AC-10000844,Food,Spices,Logitech Gaming G510s - Keyboard
1479,TEC-AC-10000865,Food,Spices,WD My Passport Ultra 500GB Portable External Hard Drive
1480,TEC-AC-10000892,Food,Spices,NETGEAR N750 Dual Band Wi-Fi Gigabit Router
1481,TEC-AC-10000926,Food,Spices,NETGEAR RangeMax WNR1000 Wireless Router
1482,TEC-AC-10000927,Food,Spices,Anker Ultrathin Bluetooth Wireless Keyboard Aluminum Cover with Stand
1483,TEC-AC-10000990,Food,Spices,Imation Bio 2GB USB Flash Drive Imation Corp
1484,TEC-AC-10000991,Food,Spices,Sony Micro Vault Click 8 GB USB 2.0 Flash Drive
1485,TEC-AC-10001013,Food,Spices,Logitech ClearChat Comfort/USB Headset H390
1486,TEC-AC-10001090,Food,Spices,Micro Innovations Wireless Classic Keyboard with Mouse
1487,TEC-AC-10001101,Food,Spices,Sony 16GB Class 10 Micro SDHC R40 Memory Card
1488,TEC-AC-10001109,Food,Spices,Logitech Trackman Marble Mouse
1489,TEC-AC-10001114,Food,Spices,Microsoft Wireless Mobile Mouse 4000
1490,TEC-AC-10001142,Food,Spices,First Data FD10 PIN Pad
1491,TEC-AC-10001266,Food,Spices,Memorex Micro Travel Drive 8 GB
1492,TEC-AC-10001267,Food,Spices,Imation 32GB Pocket Pro USB 3.0 Flash Drive - 32 GB - Black - 1 P ...
1493,TEC-AC-10001284,Food,Spices,Enermax Briskie RF Wireless Keyboard and Mouse Combo
1494,TEC-AC-10001314,Food,Spices,Case Logic 2.4GHz Wireless Keyboard
1495,TEC-AC-10001383,Food,Spices,Logitech Wireless Touch Keyboard K400
1496,TEC-AC-10001432,Food,Spices,Enermax Aurora Lite Keyboard
1497,TEC-AC-10001445,Food,Spices,Imation USB 2.0 Swivel Flash Drive USB flash drive - 4 GB - Pink
1498,TEC-AC-10001465,Food,Spices,SanDisk Cruzer 64 GB USB Flash Drive
1499,TEC-AC-10001539,Food,Spices,Logitech G430 Surround Sound Gaming Headset with Dolby 7.1 Technology
1500,TEC-AC-10001542,Food,Spices,SanDisk Cruzer 16 GB USB Flash Drive
1501,TEC-AC-10001552,Food,Spices,Logitech K350 2.4Ghz Wireless Keyboard
1502,TEC-AC-10001553,Food,Spices,"Memorex 25GB 6X Branded Blu-Ray Recordable Disc, 15/Pack"
1503,TEC-AC-10001590,Food,Spices,Dell Slim USB Multimedia Keyboard
1504,TEC-AC-10001606,Food,Spices,Logitech Wireless Performance Mouse MX for PC and Mac
1505,TEC-AC-10001635,Food,Spices,KeyTronic KT400U2 - Keyboard - Black
1506,TEC-AC-10001714,Food,Spices,Logitech MX Performance Wireless Mouse
1507,TEC-AC-10001767,Food,Spices,SanDisk Ultra 64 GB MicroSDHC Class 10 Memory Card
1508,TEC-AC-10001772,Food,Spices,Memorex Mini Travel Drive 16 GB USB 2.0 Flash Drive
1509,TEC-AC-10001838,Food,Spices,Razer Tiamat Over Ear 7.1 Surround Sound PC Gaming Headset
1510,TEC-AC-10001874,Food,Spices,Logitech Wireless Anywhere Mouse MX for PC and Mac
1511,TEC-AC-10001908,Food,Spices,Logitech Wireless Headset h800
1512,TEC-AC-10001956,Food,Spices,Microsoft Arc Touch Mouse
1513,TEC-AC-10001990,Food,Spices,Kensington Orbit Wireless Mobile Trackball for PC and Mac
1514,TEC-AC-10001998,Food,Spices,Logitech LS21 Speaker System - PC Multimedia - 2.1-CH - Wired
1515,TEC-AC-10002001,Food,Spices,Logitech Wireless Gaming Headset G930
1516,TEC-AC-10002006,Food,Spices,Memorex Micro Travel Drive 16 GB
1517,TEC-AC-10002018,Food,Spices,AmazonBasics 3-Button USB Wired Mouse
1518,TEC-AC-10002049,Food,Spices,Plantronics Savi W720 Multi-Device Wireless Headset System
1519,TEC-AC-10002076,Food,Spices,Microsoft Natural Keyboard Elite
1520,TEC-AC-10002134,Food,Spices,Rosewill 107 Normal Keys USB Wired Standard Keyboard
1521,TEC-AC-10002167,Food,Spices,Imation 8gb Micro Traveldrive Usb 2.0 Flash Drive
1522,TEC-AC-10002217,Food,Spices,Imation Clip USB flash drive - 8 GB
1523,TEC-AC-10002253,Food,Spices,Imation Bio 8GB USB Flash Drive Imation Corp
1524,TEC-AC-10002305,Food,Spices,KeyTronic E03601U1 - Keyboard - Beige
1525,TEC-AC-10002323,Food,Spices,SanDisk Ultra 32 GB MicroSDHC Class 10 Memory Card
1526,TEC-AC-10002331,Food,Spices,"Maxell 74 Minute CDR, 10/Pack"
1527,TEC-AC-10002335,Food,Spices,Logitech Media Keyboard K200
1528,TEC-AC-10002345,Food,Spices,HP Standard 104 key PS/2 Keyboard
1529,TEC-AC-10002370,Food,Spices,Maxell CD-R Discs
1530,TEC-AC-10002380,Food,Spices,Sony 8GB Class 10 Micro SDHC R40 Memory Card
1531,TEC-AC-10002399,Food,Spices,SanDisk Cruzer 32 GB USB Flash Drive
1532,TEC-AC-10002402,Food,Spices,Razer Kraken PRO Over Ear PC and Music Headset
1533,TEC-AC-10002473,Food,Spices,Maxell 4.7GB DVD-R
1534,TEC-AC-10002550,Food,Spices,Maxell 4.7GB DVD-RW 3/Pack
1535,TEC-AC-10002558,Food,Spices,Imation Swivel Flash Drive USB flash drive - 8 GB
1536,TEC-AC-10002567,Food,Spices,Logitech G602 Wireless Gaming Mouse
1537,TEC-AC-10002600,Food,Spices,Belkin QODE FastFit Bluetooth Keyboard
1538,TEC-AC-10002637,Food,Spices,Logitech VX Revolution Cordless Laser Mouse for Notebooks (Black)
1539,TEC-AC-10002647,Food,Spices,"Logitech Wireless Boombox Speaker - portable - wireless, wired"
1540,TEC-AC-10002718,Food,Spices,Belkin Standard 104 key USB Keyboard
1541,TEC-AC-10002800,Food,Spices,Plantronics Audio 478 Stereo USB Headset
1542,TEC-AC-10002842,Food,Spices,WD My Passport Ultra 2TB Portable External Hard Drive
1543,TEC-AC-10002857,Food,Spices,"Verbatim 25 GB 6x Blu-ray Single Layer Recordable Disc, 1/Pack"
1544,TEC-AC-10002926,Food,Spices,Logitech Wireless Marathon Mouse M705
1545,TEC-AC-10002942,Food,Spices,WD My Passport Ultra 1TB Portable External Hard Drive
1546,TEC-AC-10003023,Food,Spices,Logitech G105 Gaming Keyboard
1547,TEC-AC-10003027,Food,Spices,Imation 8GB Mini TravelDrive USB 2.0 Flash Drive
1548,TEC-AC-10003033,Food,Spices,Plantronics CS510 - Over-the-Head monaural Wireless Headset System
1549,TEC-AC-10003038,Food,Spices,Kingston Digital DataTraveler 16GB USB 2.0
1550,TEC-AC-10003063,Food,Spices,Micro Innovations USB RF Wireless Keyboard with Mouse
1551,TEC-AC-10003095,Food,Spices,Logitech G35 7.1-Channel Surround Sound Headset
1552,TEC-AC-10003116,Food,Spices,Memorex Froggy Flash Drive 8 GB
1553,TEC-AC-10003133,Food,Spices,Memorex Mini Travel Drive 4 GB USB 2.0 Flash Drive
1554,TEC-AC-10003174,Food,Spices,Plantronics S12 Corded Telephone Headset System
1555,TEC-AC-10003198,Food,Spices,Enermax Acrylux Wireless Keyboard
1556,TEC-AC-10003237,Food,Spices,Memorex Micro Travel Drive 4 GB
1557,TEC-AC-10003280,Food,Spices,Belkin F8E887 USB Wired Ergonomic Keyboard
1558,TEC-AC-10003289,Food,Spices,Anker Ultra-Slim Mini Bluetooth 3.0 Wireless Keyboard
1559,TEC-AC-10003399,Food,Spices,Memorex Mini Travel Drive 64 GB USB 2.0 Flash Drive
1560,TEC-AC-10003433,Food,Spices,Maxell 4.7GB DVD+R 5/Pack
1561,TEC-AC-10003441,Food,Spices,Kingston Digital DataTraveler 32GB USB 2.0
1562,TEC-AC-10003447,Food,Spices,Micropad Numeric Keypads
1563,TEC-AC-10003499,Food,Spices,Memorex Mini Travel Drive 8 GB USB 2.0 Flash Drive
1564,TEC-AC-10003590,Food,Spices,"TRENDnet 56K USB 2.0 Phone, Internet and Fax Modem"
1565,TEC-AC-10003610,Food,Spices,Logitech Illuminated - Keyboard
1566,TEC-AC-10003614,Food,Spices,"Verbatim 25 GB 6x Blu-ray Single Layer Recordable Disc, 10/Pack"
1567,TEC-AC-10003628,Food,Spices,Logitech 910-002974 M325 Wireless Mouse for Web Scrolling
1568,TEC-AC-10003657,Food,Spices,Lenovo 17-Key USB Numeric Keypad
1569,TEC-AC-10003709,Food,Spices,Maxell 4.7GB DVD-R 5/Pack
1570,TEC-AC-10003832,Food,Spices,Imation 16GB Mini TravelDrive USB 2.0 Flash Drive
1571,TEC-AC-10003870,Food,Spices,Logitech Z-906 Speaker sys - home theater - 5.1-CH
1572,TEC-AC-10003911,Food,Spices,NETGEAR AC1750 Dual Band Gigabit Smart WiFi Router
1573,TEC-AC-10004001,Food,Spices,Logitech Wireless Headset H600 Over-The-Head Design
1574,TEC-AC-10004114,Food,Spices,KeyTronic 6101 Series - Keyboard - Black
1575,TEC-AC-10004127,Food,Spices,SanDisk Cruzer 8 GB USB Flash Drive
1576,TEC-AC-10004145,Food,Spices,Logitech diNovo Edge Keyboard
1577,TEC-AC-10004171,Food,Spices,Razer Kraken 7.1 Surround Sound Over Ear USB Gaming Headset
1578,TEC-AC-10004209,Food,Spices,Memorex Froggy Flash Drive 4 GB
1579,TEC-AC-10004227,Food,Spices,SanDisk Ultra 16 GB MicroSDHC Class 10 Memory Card
1580,TEC-AC-10004353,Food,Spices,Hypercom P1300 Pinpad
1581,TEC-AC-10004396,Food,Spices,Logitech Keyboard K120
1582,TEC-AC-10004420,Food,Spices,Cherry 142-key Programmable Keyboard
1583,TEC-AC-10004469,Food,Spices,Microsoft Sculpt Comfort Mouse
1584,TEC-AC-10004510,Food,Spices,Logitech Desktop MK120 Mouse and keyboard Combo
1585,TEC-AC-10004518,Food,Spices,Memorex Mini Travel Drive 32 GB USB 2.0 Flash Drive
1586,TEC-AC-10004568,Food,Spices,Maxell LTO Ultrium - 800 GB
1587,TEC-AC-10004571,Food,Spices,Logitech G700s Rechargeable Gaming Mouse
1588,TEC-AC-10004595,Food,Spices,First Data TMFD35 PIN Pad
1589,TEC-AC-10004633,Food,Spices,"Verbatim 25 GB 6x Blu-ray Single Layer Recordable Disc, 3/Pack"
1590,TEC-AC-10004659,Food,Spices,Imation Secure+ Hardware Encrypted USB 2.0 Flash Drive; 16GB
1591,TEC-AC-10004666,Food,Spices,Maxell iVDR EX 500GB Cartridge
1592,TEC-AC-10004708,Food,Spices,Sony 32GB Class 10 Micro SDHC R40 Memory Card
1593,TEC-AC-10004761,Food,Spices,Maxell 4.7GB DVD+RW 3/Pack
1594,TEC-AC-10004803,Food,Spices,Sony Micro Vault Click 4 GB USB 2.0 Flash Drive
1595,TEC-AC-10004814,Food,Spices,Logitech Illuminated Ultrathin Keyboard with Backlighting
1596,TEC-AC-10004855,Food,Spices,V7 USB Numeric Keypad
1597,TEC-AC-10004859,Food,Spices,"Maxell Pro 80 Minute CD-R, 10/Pack"
1598,TEC-AC-10004864,Food,Spices,Memorex Micro Travel Drive 32 GB
1599,TEC-AC-10004877,Food,Spices,Imation 30456 USB Flash Drive 8GB
1600,TEC-AC-10004901,Food,Spices,Kensington SlimBlade Notebook Wireless Mouse with Nano Receiver
1601,TEC-AC-10004975,Food,Spices,Plantronics Audio 995 Wireless Stereo Headset
1602,TEC-AC-10004992,Food,Spices,Kingston Digital DataTraveler 64GB USB 2.0
1603,TEC-CO-10000971,Food,Ready to Eat,Hewlett Packard 310 Color Digital Copier
1604,TEC-CO-10001046,Food,Ready to Eat,Canon Imageclass D680 Copier / Fax
1605,TEC-CO-10001449,Food,Ready to Eat,Hewlett Packard LaserJet 3310 Copier
1606,TEC-CO-10001571,Food,Ready to Eat,Sharp 1540cs Digital Laser Copier
1607,TEC-CO-10001766,Food,Ready to Eat,Canon PC940 Copier
1608,TEC-CO-10001943,Food,Ready to Eat,Canon PC-428 Personal Copier
1609,TEC-CO-10002095,Food,Ready to Eat,Hewlett Packard 610 Color Digital Copier / Printer
1610,TEC-CO-10002313,Food,Ready to Eat,Canon PC1080F Personal Copier
1611,TEC-CO-10003236,Food,Ready to Eat,Canon Image Class D660 Copier
1612,TEC-CO-10003763,Food,Ready to Eat,Canon PC1060 Personal Laser Copier
1613,TEC-CO-10004115,Food,Ready to Eat,Sharp AL-1530CS Digital Copier
1614,TEC-CO-10004202,Food,Ready to Eat,Brother DCP1000 Digital 3 in 1 Multifunction Machine
1615,TEC-CO-10004722,Food,Ready to Eat,Canon imageCLASS 2200 Advanced Copier
1616,TEC-MA-10000010,Food,Staples,Hewlett-Packard Deskjet 3050a All-in-One Color Inkjet Printer
1617,TEC-MA-10000029,Food,Staples,"Epson WorkForce WF-2530 All-in-One Printer, Copier Scanner"
1618,TEC-MA-10000045,Food,Staples,Zebra ZM400 Thermal Label Printer
1619,TEC-MA-10000112,Food,Staples,Panasonic KX MB2061 Multifunction Printer
1620,TEC-MA-10000418,Food,Staples,Cubify CubeX 3D Printer Double Head Print
1621,TEC-MA-10000423,Food,Staples,Texas Instruments TI-34 Scientific Calculator
1622,TEC-MA-10000488,Food,Staples,Bady BDG101FRU Card Printer
1623,TEC-MA-10000597,Food,Staples,Lexmark S315 Color Inkjet Printer
1624,TEC-MA-10000752,Food,Staples,Texas Instrument TI-15 Fraction Calculator
1625,TEC-MA-10000822,Food,Staples,Lexmark MX611dhe Monochrome Laser Printer
1626,TEC-MA-10000864,Food,Staples,Cisco 9971 IP Video Phone Charcoal
1627,TEC-MA-10000904,Food,Staples,"Brother MFC-9340CDW LED All-In-One Printer, Copier Scanner"
1628,TEC-MA-10000984,Food,Staples,Okidata MB760 Printer
1629,TEC-MA-10001016,Food,Staples,Canon PC170 Desktop Personal Copier
1630,TEC-MA-10001031,Food,Staples,Socket Bluetooth Cordless Hand Scanner (CHS)
1631,TEC-MA-10001047,Food,Staples,"3D Systems Cube Printer, 2nd Generation, Magenta"
1632,TEC-MA-10001127,Food,Staples,"HP Designjet T520 Inkjet Large Format Printer - 24"" Color"
1633,TEC-MA-10001148,Food,Staples,Swingline SM12-08 MicroCut Jam Free Shredder
1634,TEC-MA-10001570,Food,Staples,Cisco Desktop Collaboration Experience DX650 IP Video Phone
1635,TEC-MA-10001681,Food,Staples,Lexmark MarkNet N8150 Wireless Print Server
1636,TEC-MA-10001695,Food,Staples,Zebra GK420t Direct Thermal/Thermal Transfer Printer
1637,TEC-MA-10001856,Food,Staples,Okidata C610n Printer
1638,TEC-MA-10001972,Food,Staples,Okidata C331dn Printer
1639,TEC-MA-10002073,Food,Staples,"3D Systems Cube Printer, 2nd Generation, White"
1640,TEC-MA-10002109,Food,Staples,"HP Officejet Pro 8600 e-All-In-One Printer, Copier, Scanner, Fax"
1641,TEC-MA-10002178,Food,Staples,Cisco CP-7937G Unified IP Conference Station Phone
1642,TEC-MA-10002210,Food,Staples,Epson TM-T88V Direct Thermal Printer - Monochrome - Desktop
1643,TEC-MA-10002412,Food,Staples,Cisco TelePresence System EX90 Videoconferencing Unit
1644,TEC-MA-10002428,Food,Staples,Fellowes Powershred HS-440 4-Sheet High Security Shredder
1645,TEC-MA-10002694,Food,Staples,Hewlett-Packard Deskjet F4180 All-in-One Color Ink-jet - Printer / copier / scanner
1646,TEC-MA-10002790,Food,Staples,NeatDesk Desktop Scanner & Digital Filing System
1647,TEC-MA-10002859,Food,Staples,Ativa MDM8000 8-Sheet Micro-Cut Shredder
1648,TEC-MA-10002927,Food,Staples,Canon imageCLASS MF7460 Monochrome Digital Laser Multifunction Copier
1649,TEC-MA-10002930,Food,Staples,Ricoh - Ink Collector Unit for GX3000 Series Printers
1650,TEC-MA-10002937,Food,Staples,"Canon Color ImageCLASS MF8580Cdw Wireless Laser All-In-One Printer, Copier, Scanner"
1651,TEC-MA-10002981,Food,Staples,I.R.I.S IRISCard Anywhere 5 Card Scanner
1652,TEC-MA-10003066,Food,Staples,Wasp CCD Handheld Bar Code Reader
1653,TEC-MA-10003173,Food,Staples,Hewlett-Packard 300S Scientific Calculator
1654,TEC-MA-10003176,Food,Staples,Okidata B400 Printer
1655,TEC-MA-10003183,Food,Staples,DYMO CardScan Personal V9 Business Card Scanner
1656,TEC-MA-10003230,Food,Staples,Okidata C610n Printer
1657,TEC-MA-10003246,Food,Staples,Hewlett-Packard Deskjet D4360 Printer
1658,TEC-MA-10003329,Food,Staples,"Vtech AT&T CL2940 Corded Speakerphone, Black"
1659,TEC-MA-10003337,Food,Staples,Okidata B401 Printer
1660,TEC-MA-10003353,Food,Staples,Xerox WorkCentre 6505DN Laser Multifunction Printer
1661,TEC-MA-10003356,Food,Staples,Panasonic KX MC6040 Color Laser Multifunction Printer
1662,TEC-MA-10003493,Food,Staples,Penpower WorldCard Pro Card Scanner
1663,TEC-MA-10003589,Food,Staples,Cisco 8961 IP Phone Charcoal
1664,TEC-MA-10003626,Food,Staples,Hewlett-Packard Deskjet 6540 Color Inkjet Printer
1665,TEC-MA-10003673,Food,Staples,Hewlett-Packard Desktjet 6988DT Refurbished Printer
1666,TEC-MA-10003674,Food,Staples,Hewlett-Packard Deskjet 5550 Printer
1667,TEC-MA-10003979,Food,Staples,Ativa V4110MDD Micro-Cut Shredder
1668,TEC-MA-10004002,Food,Staples,Zebra GX420t Direct Thermal/Thermal Transfer Printer
1669,TEC-MA-10004086,Food,Staples,Plantronics Single Ear Headset
1670,TEC-MA-10004125,Food,Staples,Cubify CubeX 3D Printer Triple Head Print
1671,TEC-MA-10004212,Food,Staples,Cisco SPA525G2 5-Line IP Phone
1672,TEC-MA-10004241,Food,Staples,Star Micronics TSP800 TSP847IIU Receipt Printer
1673,TEC-MA-10004255,Food,Staples,Konica Minolta magicolor 1690MF Multifunction Printer
1674,TEC-MA-10004458,Food,Staples,Lexmark X 9575 Professional All-in-One Color Printer
1675,TEC-MA-10004521,Food,Staples,Epson Perfection V600 Photo Scanner
1676,TEC-MA-10004552,Food,Staples,Star Micronics TSP100 TSP143LAN Receipt Printer
1677,TEC-MA-10004626,Food,Staples,Lexmark 20R1285 X6650 Wireless All-in-One Printer
1678,TEC-MA-10004679,Food,Staples,StarTech.com 10/100 VDSL2 Ethernet Extender Kit
1679,TEC-PH-10000004,Food,Tea & Coffee,Belkin iPhone and iPad Lightning Cable
1680,TEC-PH-10000011,Food,Tea & Coffee,PureGear Roll-On Screen Protector
1681,TEC-PH-10000038,Food,Tea & Coffee,Jawbone MINI JAMBOX Wireless Bluetooth Speaker
1682,TEC-PH-10000127,Food,Tea & Coffee,iOttie XL Car Mount
1683,TEC-PH-10000141,Food,Tea & Coffee,Clearsounds A400
1684,TEC-PH-10000148,Food,Tea & Coffee,Cyber Acoustics AC-202b Speech Recognition Stereo Headset
1685,TEC-PH-10000149,Food,Tea & Coffee,Cisco SPA525G2 IP Phone - Wireless
1686,TEC-PH-10000169,Food,Tea & Coffee,ARKON Windshield Dashboard Air Vent Car Mount Holder
1687,TEC-PH-10000193,Food,Tea & Coffee,Jensen SMPS-640 - speaker phone
1688,TEC-PH-10000213,Food,Tea & Coffee,Seidio BD2-HK3IPH5-BK DILEX Case and Holster Combo for Apple iPhone 5/5s - Black
1689,TEC-PH-10000215,Food,Tea & Coffee,Plantronics Cordless Phone Headset with In-line Volume - M214C
1690,TEC-PH-10000307,Food,Tea & Coffee,Shocksock Galaxy S4 Armband
1691,TEC-PH-10000347,Food,Tea & Coffee,Cush Cases Heavy Duty Rugged Cover Case for Samsung Galaxy S5 - Purple
1692,TEC-PH-10000369,Food,Tea & Coffee,HTC One Mini
1693,TEC-PH-10000376,Food,Tea & Coffee,Square Credit Card Reader
1694,TEC-PH-10000439,Food,Tea & Coffee,GE DSL Phone Line Filter
1695,TEC-PH-10000441,Food,Tea & Coffee,VTech DS6151
1696,TEC-PH-10000455,Food,Tea & Coffee,GE 30522EE2
1697,TEC-PH-10000486,Food,Tea & Coffee,Plantronics HL10 Handset Lifter
1698,TEC-PH-10000526,Food,Tea & Coffee,Vtech CS6719
1699,TEC-PH-10000560,Food,Tea & Coffee,Samsung Galaxy S III - 16GB - pebble blue (T-Mobile)
1700,TEC-PH-10000562,Food,Tea & Coffee,Samsung Convoy 3
1701,TEC-PH-10000576,Food,Tea & Coffee,AT&T 1080 Corded phone
1702,TEC-PH-10000586,Food,Tea & Coffee,AT&T SB67148 SynJ
1703,TEC-PH-10000673,Food,Tea & Coffee,Plantronics Voyager Pro HD - Bluetooth Headset
1704,TEC-PH-10000675,Food,Tea & Coffee,Panasonic KX TS3282B Corded phone
1705,TEC-PH-10000702,Food,Tea & Coffee,"Square Credit Card Reader, 4 1/2"" x 4 1/2"" x 1"", White"
1706,TEC-PH-10000730,Food,Tea & Coffee,Samsung Galaxy S4 Active
1707,TEC-PH-10000895,Food,Tea & Coffee,Polycom VVX 310 VoIP phone
1708,TEC-PH-10000912,Food,Tea & Coffee,Anker 24W Portable Micro USB Car Charger
1709,TEC-PH-10000923,Food,Tea & Coffee,"Belkin SportFit Armband For iPhone 5s/5c, Fuchsia"
1710,TEC-PH-10000984,Food,Tea & Coffee,Panasonic KX-TG9471B
1711,TEC-PH-10001051,Food,Tea & Coffee,HTC One
1712,TEC-PH-10001061,Food,Tea & Coffee,Apple iPhone 5C
1713,TEC-PH-10001079,Food,Tea & Coffee,Polycom SoundPoint Pro SE-225 Corded phone
1714,TEC-PH-10001128,Food,Tea & Coffee,Motorola Droid Maxx
1715,TEC-PH-10001198,Food,Tea & Coffee,Avaya 4621SW VoIP phone
1716,TEC-PH-10001254,Food,Tea & Coffee,Jabra BIZ 2300 Duo QD Duo Corded Headset
1717,TEC-PH-10001299,Food,Tea & Coffee,Polycom CX300 Desktop Phone USB VoIP phone
1718,TEC-PH-10001300,Food,Tea & Coffee,"iKross Bluetooth Portable Keyboard + Cell Phone Stand Holder + Brush for Apple iPhone 5S 5C 5, 4S 4"
1719,TEC-PH-10001305,Food,Tea & Coffee,Panasonic KX TS208W Corded phone
1720,TEC-PH-10001336,Food,Tea & Coffee,Digium D40 VoIP phone
1721,TEC-PH-10001363,Food,Tea & Coffee,Apple iPhone 5S
1722,TEC-PH-10001425,Food,Tea & Coffee,Mophie Juice Pack Helium for iPhone
1723,TEC-PH-10001433,Food,Tea & Coffee,Cisco Small Business SPA 502G VoIP phone
1724,TEC-PH-10001448,Food,Tea & Coffee,Anker Astro 15000mAh USB Portable Charger
1725,TEC-PH-10001459,Food,Tea & Coffee,Samsung Galaxy Mega 6.3
1726,TEC-PH-10001468,Food,Tea & Coffee,Panasonic Business Telephones KX-T7736
1727,TEC-PH-10001494,Food,Tea & Coffee,Polycom CX600 IP Phone VoIP phone
1728,TEC-PH-10001527,Food,Tea & Coffee,Plantronics MX500i Earset
1729,TEC-PH-10001530,Food,Tea & Coffee,Plantronics Voyager Pro Legend
1730,TEC-PH-10001536,Food,Tea & Coffee,Spigen Samsung Galaxy S5 Case Wallet
1731,TEC-PH-10001552,Food,Tea & Coffee,I Need's 3d Hello Kitty Hybrid Silicone Case Cover for HTC One X 4g with 3d Hello Kitty Stylus Pen Green/pink
1732,TEC-PH-10001557,Food,Tea & Coffee,Pyle PMP37LED
1733,TEC-PH-10001578,Food,Tea & Coffee,Polycom SoundStation2 EX Conference phone
1734,TEC-PH-10001580,Food,Tea & Coffee,Logitech Mobile Speakerphone P710e - speaker phone
1735,TEC-PH-10001615,Food,Tea & Coffee,AT&T CL82213
1736,TEC-PH-10001619,Food,Tea & Coffee,LG G3
1737,TEC-PH-10001644,Food,Tea & Coffee,"BlueLounge Milo Smartphone Stand, White/Metallic"
1738,TEC-PH-10001700,Food,Tea & Coffee,Panasonic KX-TG6844B Expandable Digital Cordless Telephone
1739,TEC-PH-10001750,Food,Tea & Coffee,Samsung Rugby III
1740,TEC-PH-10001760,Food,Tea & Coffee,Bose SoundLink Bluetooth Speaker
1741,TEC-PH-10001795,Food,Tea & Coffee,ClearOne CHATAttach 160 - speaker phone
1742,TEC-PH-10001809,Food,Tea & Coffee,Panasonic KX T7736-B Digital phone
1743,TEC-PH-10001817,Food,Tea & Coffee,Wilson Electronics DB Pro Signal Booster
1744,TEC-PH-10001819,Food,Tea & Coffee,Innergie mMini Combo Duo USB Travel Charging Kit
1745,TEC-PH-10001835,Food,Tea & Coffee,Jawbone JAMBOX Wireless Bluetooth Speaker
1746,TEC-PH-10001870,Food,Tea & Coffee,Lunatik TT5L-002 Taktik Strike Impact Protection System for iPhone 5
1747,TEC-PH-10001918,Food,Tea & Coffee,Nortel Business Series Terminal T7208 Digital phone
1748,TEC-PH-10001924,Food,Tea & Coffee,iHome FM Clock Radio with Lightning Dock
1749,TEC-PH-10001944,Food,Tea & Coffee,Wi-Ex zBoost YX540 Cellular Phone Signal Booster
1750,TEC-PH-10001949,Food,Tea & Coffee,Cisco SPA 501G IP Phone
1751,TEC-PH-10002033,Food,Tea & Coffee,Konftel 250 Conference phone - Charcoal black
1752,TEC-PH-10002070,Food,Tea & Coffee,Griffin GC36547 PowerJolt SE Lightning Charger
1753,TEC-PH-10002075,Food,Tea & Coffee,AT&T EL51110 DECT
1754,TEC-PH-10002085,Food,Tea & Coffee,Clarity 53712
1755,TEC-PH-10002103,Food,Tea & Coffee,Jabra SPEAK 410
1756,TEC-PH-10002114,Food,Tea & Coffee,Xiaomi Mi3
1757,TEC-PH-10002115,Food,Tea & Coffee,Plantronics 81402
1758,TEC-PH-10002170,Food,Tea & Coffee,ClearSounds CSC500 Amplified Spirit Phone Corded phone
1759,TEC-PH-10002185,Food,Tea & Coffee,QVS USB Car Charger 2-Port 2.1Amp for iPod/iPhone/iPad/iPad 2/iPad 3
1760,TEC-PH-10002200,Food,Tea & Coffee,Aastra 6757i CT Wireless VoIP phone
1761,TEC-PH-10002262,Food,Tea & Coffee,LG Electronics Tone+ HBS-730 Bluetooth Headset
1762,TEC-PH-10002275,Food,Tea & Coffee,Mitel 5320 IP Phone VoIP phone
1763,TEC-PH-10002293,Food,Tea & Coffee,Anker 36W 4-Port USB Wall Charger Travel Power Adapter for iPhone 5s 5c 5
1764,TEC-PH-10002310,Food,Tea & Coffee,Panasonic KX T7731-B Digital phone
1765,TEC-PH-10002350,Food,Tea & Coffee,Apple EarPods with Remote and Mic
1766,TEC-PH-10002352,Food,Tea & Coffee,Avaya IP Phone 1140E VoIP phone
1767,TEC-PH-10002365,Food,Tea & Coffee,Belkin Grip Candy Sheer Case / Cover for iPhone 5 and 5S
1768,TEC-PH-10002398,Food,Tea & Coffee,AT&T 1070 Corded Phone
1769,TEC-PH-10002415,Food,Tea & Coffee,Polycom VoiceStation 500 Conference phone
1770,TEC-PH-10002447,Food,Tea & Coffee,AT&T CL83451 4-Handset Telephone
1771,TEC-PH-10002468,Food,Tea & Coffee,"Plantronics CS 50-USB - headset - Convertible, Monaural"
1772,TEC-PH-10002483,Food,Tea & Coffee,Motorola Moto X
1773,TEC-PH-10002496,Food,Tea & Coffee,Cisco SPA301
1774,TEC-PH-10002538,Food,Tea & Coffee,Grandstream GXP1160 VoIP phone
1775,TEC-PH-10002549,Food,Tea & Coffee,Polycom SoundPoint IP 450 VoIP phone
1776,TEC-PH-10002555,Food,Tea & Coffee,Nortel Meridian M5316 Digital phone
1777,TEC-PH-10002563,Food,Tea & Coffee,Adtran 1202752G1
1778,TEC-PH-10002564,Food,Tea & Coffee,OtterBox Defender Series Case - Samsung Galaxy S4
1779,TEC-PH-10002583,Food,Tea & Coffee,iOttie HLCRIO102 Car Mount
1780,TEC-PH-10002584,Food,Tea & Coffee,Samsung Galaxy S4
1781,TEC-PH-10002597,Food,Tea & Coffee,Xblue XB-1670-86 X16 Small Office Telephone - Titanium
1782,TEC-PH-10002624,Food,Tea & Coffee,Samsung Galaxy S4 Mini
1783,TEC-PH-10002645,Food,Tea & Coffee,LG G2
1784,TEC-PH-10002660,Food,Tea & Coffee,Nortel Networks T7316 E Nt8 B27
1785,TEC-PH-10002680,Food,Tea & Coffee,Samsung Galaxy Note 3
1786,TEC-PH-10002726,Food,Tea & Coffee,netTALK DUO VoIP Telephone Service
1787,TEC-PH-10002789,Food,Tea & Coffee,LG Exalt
1788,TEC-PH-10002807,Food,Tea & Coffee,Motorla HX550 Universal Bluetooth Headset
1789,TEC-PH-10002817,Food,Tea & Coffee,RCA ViSYS 25425RE1 Corded phone
1790,TEC-PH-10002824,Food,Tea & Coffee,Jabra SPEAK 410 Multidevice Speakerphone
1791,TEC-PH-10002834,Food,Tea & Coffee,Google Nexus 5
1792,TEC-PH-10002844,Food,Tea & Coffee,Speck Products Candyshell Flip Case
1793,TEC-PH-10002885,Food,Tea & Coffee,Apple iPhone 5
1794,TEC-PH-10002890,Food,Tea & Coffee,AT&T 17929 Lendline Telephone
1795,TEC-PH-10002922,Food,Tea & Coffee,ShoreTel ShorePhone IP 230 VoIP phone
1796,TEC-PH-10002923,Food,Tea & Coffee,"Logitech B530 USB Headset - headset - Full size, Binaural"
1797,TEC-PH-10003012,Food,Tea & Coffee,Nortel Meridian M3904 Professional Digital phone
1798,TEC-PH-10003072,Food,Tea & Coffee,Panasonic KX-TG9541B DECT 6.0 Digital 2-Line Expandable Cordless Phone With Digital Answering System
1799,TEC-PH-10003092,Food,Tea & Coffee,Motorola L804
1800,TEC-PH-10003095,Food,Tea & Coffee,Samsung HM1900 Bluetooth Headset
1801,TEC-PH-10003171,Food,Tea & Coffee,Plantronics Encore H101 Dual Earpieces Headset
1802,TEC-PH-10003174,Food,Tea & Coffee,RCA ViSYS 25825 Wireless digital phone
1803,TEC-PH-10003187,Food,Tea & Coffee,Anker Astro Mini 3000mAh Ultra-Compact Portable Charger
1804,TEC-PH-10003215,Food,Tea & Coffee,Jackery Bar Premium Fast-charging Portable Charger
1805,TEC-PH-10003273,Food,Tea & Coffee,AT&T TR1909W
1806,TEC-PH-10003356,Food,Tea & Coffee,"SmartStand Mobile Device Holder, Assorted Colors"
1807,TEC-PH-10003357,Food,Tea & Coffee,Grandstream GXP2100 Mainstream Business Phone
1808,TEC-PH-10003437,Food,Tea & Coffee,Blue Parrot B250XT Professional Grade Wireless Bluetooth Headset with
1809,TEC-PH-10003442,Food,Tea & Coffee,Samsung Replacement EH64AVFWE Premium Headset
1810,TEC-PH-10003484,Food,Tea & Coffee,Ooma Telo VoIP Home Phone System
1811,TEC-PH-10003505,Food,Tea & Coffee,Geemarc AmpliPOWER60
1812,TEC-PH-10003535,Food,Tea & Coffee,RCA ViSYS 25423RE1 Corded phone
1813,TEC-PH-10003555,Food,Tea & Coffee,Motorola HK250 Universal Bluetooth Headset
1814,TEC-PH-10003580,Food,Tea & Coffee,Cisco IP Phone 7961G-GE VoIP phone
1815,TEC-PH-10003589,Food,Tea & Coffee,invisibleSHIELD by ZAGG Smudge-Free Screen Protector
1816,TEC-PH-10003601,Food,Tea & Coffee,"Ativa D5772 2-Line 5.8GHz Digital Expandable Corded/Cordless Phone System with Answering & Caller ID/Call Waiting, Black/Silver"
1817,TEC-PH-10003645,Food,Tea & Coffee,Aastra 57i VoIP phone
1818,TEC-PH-10003655,Food,Tea & Coffee,Sannysis Cute Owl Design Soft Skin Case Cover for Samsung Galaxy S4
1819,TEC-PH-10003691,Food,Tea & Coffee,BlackBerry Q10
1820,TEC-PH-10003800,Food,Tea & Coffee,i.Sound Portable Power - 8000 mAh
1821,TEC-PH-10003811,Food,Tea & Coffee,Jabra Supreme Plus Driver Edition Headset
1822,TEC-PH-10003875,Food,Tea & Coffee,KLD Oscar II Style Snap-on Ultra Thin Side Flip Synthetic Leather Cover Case for HTC One HTC M7
1823,TEC-PH-10003885,Food,Tea & Coffee,Cisco SPA508G
1824,TEC-PH-10003931,Food,Tea & Coffee,JBL Micro Wireless Portable Bluetooth Speaker
1825,TEC-PH-10003963,Food,Tea & Coffee,GE 2-Jack Phone Line Splitter
1826,TEC-PH-10003988,Food,Tea & Coffee,"LF Elite 3D Dazzle Designer Hard Case Cover, Lf Stylus Pen and Wiper For Apple Iphone 5c Mini Lite"
1827,TEC-PH-10004006,Food,Tea & Coffee,Panasonic KX - TS880B Telephone
1828,TEC-PH-10004042,Food,Tea & Coffee,ClearOne Communications CHAT 70 OC Speaker Phone
1829,TEC-PH-10004071,Food,Tea & Coffee,PayAnywhere Card Reader
1830,TEC-PH-10004080,Food,Tea & Coffee,Avaya 5410 Digital phone
1831,TEC-PH-10004093,Food,Tea & Coffee,Panasonic Kx-TS550
1832,TEC-PH-10004094,Food,Tea & Coffee,Motorola L703CM
1833,TEC-PH-10004100,Food,Tea & Coffee,Griffin GC17055 Auxiliary Audio Cable
1834,TEC-PH-10004120,Food,Tea & Coffee,AT&T 1080 Phone
1835,TEC-PH-10004165,Food,Tea & Coffee,Mitel MiVoice 5330e IP Phone
1836,TEC-PH-10004188,Food,Tea & Coffee,OtterBox Commuter Series Case - Samsung Galaxy S4
1837,TEC-PH-10004241,Food,Tea & Coffee,Nokia Lumia 1020
1838,TEC-PH-10004345,Food,Tea & Coffee,Cisco SPA 502G IP Phone
1839,TEC-PH-10004348,Food,Tea & Coffee,OtterBox Defender Series Case - iPhone 5c
1840,TEC-PH-10004389,Food,Tea & Coffee,Nokia Lumia 925
1841,TEC-PH-10004434,Food,Tea & Coffee,Cisco IP Phone 7961G VoIP phone - Dark gray
1842,TEC-PH-10004447,Food,Tea & Coffee,Toshiba IPT2010-SD IP Telephone
1843,TEC-PH-10004522,Food,Tea & Coffee,Dexim XPower Skin Super-Thin Power Case for iPhone 5 - Black
1844,TEC-PH-10004531,Food,Tea & Coffee,AT&T CL2909
1845,TEC-PH-10004536,Food,Tea & Coffee,Avaya 5420 Digital phone
1846,TEC-PH-10004539,Food,Tea & Coffee,Wireless Extenders zBoost YX545 SOHO Signal Booster
1847,TEC-PH-10004586,Food,Tea & Coffee,Wilson SignalBoost 841262 DB PRO Amplifier Kit
1848,TEC-PH-10004614,Food,Tea & Coffee,AT&T 841000 Phone
1849,TEC-PH-10004667,Food,Tea & Coffee,Cisco 8x8 Inc. 6753i IP Business Phone System
1850,TEC-PH-10004700,Food,Tea & Coffee,PowerGen Dual USB Car Charger
1851,TEC-PH-10004774,Food,Tea & Coffee,Gear Head AU3700S Headset
1852,TEC-PH-10004830,Food,Tea & Coffee,Pyle PRT45 Retro Home Telephone
1853,TEC-PH-10004833,Food,Tea & Coffee,Macally Suction Cup Mount
1854,TEC-PH-10004875,Food,Tea & Coffee,PNY Rapid USB Car Charger - Black
1855,TEC-PH-10004896,Food,Tea & Coffee,Nokia Lumia 521 (T-Mobile)
1856,TEC-PH-10004897,Food,Tea & Coffee,Mediabridge Sport Armband iPhone 5s
1857,TEC-PH-10004908,Food,Tea & Coffee,Panasonic KX TS3282W Corded phone
1858,TEC-PH-10004912,Food,Tea & Coffee,Cisco SPA112 2 Port Phone Adapter
1859,TEC-PH-10004922,Food,Tea & Coffee,RCA Visys Integrated PBX 8-Line Router
1860,TEC-PH-10004924,Food,Tea & Coffee,"SKILCRAFT Telephone Shoulder Rest, 2"" x 6.5"" x 2.5"", Black"
1861,TEC-PH-10004959,Food,Tea & Coffee,Classic Ivory Antique Telephone ZL1810
1862,TEC-PH-10004977,Food,Tea & Coffee,GE 30524EE4
