sales_key,order_id,order_date_key,ship_date_key,customer_key,product_key,location_key,ship_mode_key,sales,quantity,discount,profit
1,CA-2016-152156,20211108,20211111,144,13,272,3,261.96,2,0.0,41.9136
2,CA-2016-152156,20211108,20211111,144,56,272,3,731.94,3,0.0,219.582
3,CA-2016-138688,20210612,20210616,238,947,67,3,14.62,2,0.0,6.8714
4,US-2015-108966,20201011,20201018,706,320,159,4,957.5775,5,0.45,-383.031
5,US-2015-108966,20201011,20201018,706,1317,159,4,22.368,2,0.2,2.5164
6,CA-2014-115812,20190609,20190614,89,186,66,4,48.86,7,0.0,14.1694
7,CA-2014-115812,20190609,20190614,89,563,66,4,7.28,4,0.0,1.9656
8,CA-2014-115812,20190609,20190614,89,1762,66,4,907.152,6,0.2,90.7152
9,CA-2014-115812,20190609,20190614,89,795,66,4,18.504,3,0.2,5.7825
10,CA-2014-115812,20190609,20190614,89,438,66,4,114.9,5,0.0,34.47
11,CA-2014-115812,20190609,20190614,89,329,66,4,1706.184,9,0.2,85.3091999999998
12,CA-2014-115812,20190609,20190614,89,1751,66,4,911.424,4,0.2,68.3568
13,CA-2017-114412,20220415,20220420,3,1168,422,4,15.552,3,0.2,5.4432
14,CA-2016-161389,20211205,20211210,339,782,613,4,407.976,3,0.2,132.5922
15,US-2015-118983,20201122,20201126,331,422,538,4,68.81,5,0.8,-123.858
16,US-2015-118983,20201122,20201126,331,664,538,4,2.544,3,0.8,-3.816
17,CA-2014-105893,20191111,20191118,598,1409,625,4,665.88,6,0.0,13.3176
18,CA-2014-167164,20190513,20190515,19,1295,584,3,55.5,2,0.0,9.98999999999999
19,CA-2014-143336,20190827,20190901,793,568,98,3,8.56,2,0.0,2.4824
20,CA-2014-143336,20190827,20190901,793,1750,98,3,213.48,3,0.2,16.011
21,CA-2014-143336,20190827,20190901,793,731,98,3,22.72,4,0.2,7.384
22,CA-2016-137330,20211209,20211213,418,478,359,4,19.46,7,0.0,5.0596
23,CA-2016-137330,20211209,20211213,418,409,359,4,60.34,7,0.0,15.6884
24,US-2017-156909,20220716,20220718,685,96,484,3,71.372,2,0.3,-1.0196
25,CA-2015-106320,20200925,20200930,250,320,580,4,1044.63,3,0.0,240.2649
26,CA-2016-121755,20210116,20210120,259,703,69,3,11.648,2,0.2,4.2224
27,CA-2016-121755,20210116,20210120,259,1547,69,3,90.57,3,0.0,11.7741
28,US-2015-150630,20200917,20200921,739,49,484,4,3083.43,7,0.5,-1665.0522
29,US-2015-150630,20200917,20200921,739,656,484,4,9.618,2,0.7,-7.0532
30,US-2015-150630,20200917,20200921,739,311,484,4,124.2,3,0.2,15.525
31,US-2015-150630,20200917,20200921,739,861,484,4,3.264,2,0.2,1.1016
32,US-2015-150630,20200917,20200921,739,611,484,4,86.304,6,0.2,9.70919999999999
33,US-2015-150630,20200917,20200921,739,696,484,4,6.858,6,0.7,-5.715
34,US-2015-150630,20200917,20200921,739,527,484,4,15.76,2,0.2,3.546
35,CA-2017-107727,20221019,20221023,483,1035,548,3,29.472,3,0.2,9.9468
36,CA-2016-117590,20211208,20211210,301,1862,566,1,1097.544,7,0.2,123.4737
37,CA-2016-117590,20211208,20211210,301,266,566,1,190.92,5,0.6,-147.963
38,CA-2015-117415,20201227,20201231,705,876,546,4,113.328,9,0.2,35.415
39,CA-2015-117415,20201227,20201231,705,21,546,4,532.3992,3,0.32,-46.9764
40,CA-2015-117415,20201227,20201231,705,121,546,4,212.058,3,0.3,-15.147
41,CA-2015-117415,20201227,20201231,705,1697,546,4,371.168,4,0.2,41.7564
42,CA-2017-120999,20220910,20220915,453,1831,225,4,147.168,4,0.2,16.5564
43,CA-2016-101343,20210717,20210722,618,1395,69,4,77.88,2,0.0,3.89399999999999
44,CA-2017-139619,20220919,20220923,279,1388,168,4,95.616,2,0.2,9.56160000000001
45,CA-2016-118255,20210311,20210313,580,1463,331,1,45.98,2,0.0,19.7714
46,CA-2016-118255,20210311,20210313,580,768,331,1,17.46,2,0.0,8.2062
47,CA-2014-146703,20191020,20191025,604,1353,327,3,211.96,4,0.0,8.47839999999999
48,CA-2016-169194,20210620,20210625,462,1521,147,4,45.0,3,0.0,4.95
49,CA-2016-169194,20210620,20210625,462,1826,147,4,21.8,2,0.0,6.104
50,CA-2015-115742,20200418,20200422,230,823,250,4,38.22,6,0.0,17.9634
51,CA-2015-115742,20200418,20200422,230,981,250,4,75.18,6,0.0,35.3346
52,CA-2015-115742,20200418,20200422,230,193,250,4,6.16,2,0.0,2.9568
53,CA-2015-115742,20200418,20200422,230,101,250,4,89.99,1,0.0,17.0981
54,CA-2016-105816,20211211,20211217,391,905,407,4,15.26,7,0.0,6.2566
55,CA-2016-105816,20211211,20211217,391,1770,407,4,1029.95,5,0.0,298.6855
56,CA-2016-111682,20210617,20210618,732,1307,413,1,208.56,6,0.0,52.14
57,CA-2016-111682,20210617,20210618,732,1111,413,1,32.4,5,0.0,15.552
58,CA-2016-111682,20210617,20210618,732,116,413,1,319.41,5,0.1,7.09800000000001
59,CA-2016-111682,20210617,20210618,732,1062,413,1,14.56,2,0.0,6.9888
60,CA-2016-111682,20210617,20210618,732,1521,413,1,30.0,2,0.0,3.3
61,CA-2016-111682,20210617,20210618,732,693,413,1,48.48,4,0.2,16.362
62,CA-2016-111682,20210617,20210618,732,532,413,1,1.68,1,0.0,0.84
63,CA-2015-135545,20201124,20201130,439,1589,64,4,13.98,2,0.0,6.1512
64,CA-2015-135545,20201124,20201130,439,678,64,4,25.824,6,0.2,9.3612
65,CA-2015-135545,20201124,20201130,439,1238,64,4,146.73,3,0.0,68.9631
66,CA-2015-135545,20201124,20201130,439,154,64,4,79.76,4,0.0,22.3328
67,US-2015-164175,20200430,20200505,610,66,213,4,213.115,5,0.3,-15.2225
68,CA-2014-106376,20191205,20191210,107,558,12,4,1113.024,8,0.2,111.3024
69,CA-2014-106376,20191205,20191210,107,1786,12,4,167.968,4,0.2,62.988
70,CA-2016-119823,20210604,20210606,423,1051,595,1,75.88,2,0.0,35.6636
71,CA-2016-106075,20210918,20210923,330,833,405,4,4.616,1,0.2,1.731
72,CA-2017-114440,20220914,20220917,739,1277,314,3,19.05,3,0.0,8.763
73,US-2015-134026,20200426,20200502,357,57,512,4,831.936,8,0.2,-114.3912
74,US-2015-134026,20200426,20200502,357,268,512,4,97.04,2,0.2,1.213
75,US-2015-134026,20200426,20200502,357,1407,512,4,72.784,1,0.2,-18.196
76,US-2017-118038,20221209,20221211,419,810,546,1,1.248,3,0.8,-1.9344
77,US-2017-118038,20221209,20221211,419,148,546,1,9.708,3,0.6,-5.8248
78,US-2017-118038,20221209,20221211,419,1308,546,1,27.24,3,0.2,2.724
79,US-2014-147606,20191126,20191201,357,251,547,3,19.3,5,0.6,-14.475
80,CA-2016-127208,20210612,20210615,680,417,2,1,208.16,1,0.0,56.2032
81,CA-2016-127208,20210612,20210615,680,733,2,1,16.74,3,0.0,8.0352
82,CA-2014-139451,20191012,20191016,227,543,100,4,14.9,5,0.0,4.172
83,CA-2014-139451,20191012,20191016,227,1369,100,4,21.39,1,0.0,6.2031
84,CA-2015-149734,20200903,20200908,348,851,423,4,200.984,7,0.2,62.8075
85,US-2017-119662,20221113,20221116,178,1399,214,1,230.376,3,0.2,-48.9549
86,CA-2017-140088,20220528,20220530,604,64,492,3,301.96,2,0.0,33.2156
87,CA-2017-155558,20221026,20221102,593,1514,336,4,19.99,1,0.0,6.7966
88,CA-2017-155558,20221026,20221102,593,946,336,4,6.16,2,0.0,2.9568
89,CA-2016-159695,20210405,20210410,305,1392,548,3,158.368,7,0.2,13.8572
90,CA-2016-109806,20210917,20210922,407,633,67,4,20.1,3,0.0,6.633
91,CA-2016-109806,20210917,20210922,407,1831,67,4,73.584,2,0.2,8.2782
92,CA-2016-109806,20210917,20210922,407,1039,67,4,6.48,1,0.0,3.1104
93,CA-2015-149587,20200131,20200205,416,1208,334,3,12.96,2,0.0,6.2208
94,CA-2015-149587,20200131,20200205,416,273,334,3,53.34,3,0.0,16.5354
95,CA-2015-149587,20200131,20200205,416,753,334,3,32.96,2,0.0,16.1504
96,US-2017-109484,20221106,20221112,627,837,472,4,5.682,1,0.7,-3.788
97,CA-2017-161018,20221109,20221111,602,160,405,3,96.53,7,0.0,40.5426
98,CA-2017-157833,20220617,20220620,424,709,100,1,51.312,3,0.2,17.9592
99,CA-2016-149223,20210906,20210911,277,386,339,4,77.88,6,0.0,22.5852
100,CA-2016-158568,20210829,20210902,624,1211,213,4,64.624,7,0.2,22.6184
101,CA-2016-158568,20210829,20210902,624,1507,213,4,95.976,3,0.2,-10.7973
102,CA-2016-158568,20210829,20210902,624,744,213,4,1.788,3,0.8,-3.0396
103,CA-2016-129903,20211201,20211204,315,1247,336,3,23.92,4,0.0,11.7208
104,US-2015-156867,20201113,20201117,451,1501,122,4,238.896,6,0.2,-26.8758
105,US-2015-156867,20201113,20201117,451,284,122,4,102.36,3,0.2,-3.83850000000001
106,US-2015-156867,20201113,20201117,451,748,122,4,36.882,3,0.7,-25.8174
107,CA-2017-119004,20221123,20221128,390,1563,421,4,74.112,8,0.2,17.6016
108,CA-2017-119004,20221123,20221128,390,1792,421,4,27.992,1,0.2,2.0994
109,CA-2017-119004,20221123,20221128,390,483,421,4,3.304,1,0.2,1.0738
110,CA-2015-129476,20201015,20201020,582,1478,228,4,339.96,5,0.2,67.992
111,CA-2017-146780,20221225,20221230,184,203,408,4,41.96,2,0.0,10.9096
112,CA-2016-128867,20211103,20211110,153,482,262,4,75.96,2,0.0,22.788
113,CA-2016-128867,20211103,20211110,153,798,262,4,27.24,6,0.0,13.3476
114,CA-2014-115259,20190825,20190827,630,909,441,3,40.096,14,0.2,14.5348
115,CA-2014-115259,20190825,20190827,630,872,441,3,4.72,2,0.2,1.652
116,CA-2014-115259,20190825,20190827,630,1286,441,3,23.976,3,0.2,7.4925
117,CA-2014-115259,20190825,20190827,630,870,441,3,130.464,6,0.2,44.0316
118,CA-2015-110457,20200302,20200306,214,333,613,4,787.53,3,0.0,165.3813
119,US-2015-136476,20200405,20200410,298,780,502,4,157.794,1,0.7,-115.7156
120,CA-2016-103730,20210612,20210615,679,215,149,1,47.04,3,0.0,18.3456
121,CA-2016-103730,20210612,20210615,679,795,149,1,30.84,4,0.0,13.878
122,CA-2016-103730,20210612,20210615,679,1318,149,1,226.56,6,0.0,63.4368
123,CA-2016-103730,20210612,20210615,679,869,149,1,115.02,9,0.0,51.759
124,CA-2016-103730,20210612,20210615,679,1822,149,1,68.04,7,0.0,19.7316
125,US-2014-152030,20191226,20191228,16,119,546,3,600.558,3,0.3,-8.57940000000008
126,US-2014-134614,20190920,20190925,590,370,208,4,617.7,6,0.5,-407.682
127,US-2017-107272,20221105,20221112,768,767,16,4,2.388,2,0.7,-1.8308
128,US-2017-107272,20221105,20221112,768,1383,16,4,243.992,7,0.2,30.499
129,US-2016-125969,20211106,20211110,473,66,64,3,81.424,2,0.2,-9.1602
130,US-2016-125969,20211106,20211110,473,271,64,3,238.56,3,0.0,26.2416
131,US-2017-164147,20220202,20220205,243,1763,441,1,59.97,5,0.4,-11.994
132,US-2017-164147,20220202,20220205,243,1169,441,1,78.304,2,0.2,29.364
133,US-2017-164147,20220202,20220205,243,926,441,1,21.456,9,0.2,6.9732
134,CA-2016-145583,20211013,20211019,452,1130,90,4,20.04,3,0.0,9.6192
135,CA-2016-145583,20211013,20211019,452,1122,90,4,35.44,1,0.0,16.6568
136,CA-2016-145583,20211013,20211019,452,507,90,4,11.52,4,0.0,3.456
137,CA-2016-145583,20211013,20211019,452,930,90,4,4.02,2,0.0,1.9698
138,CA-2016-145583,20211013,20211019,452,838,90,4,76.176,3,0.2,26.6616
139,CA-2016-145583,20211013,20211019,452,1431,90,4,65.88,6,0.0,18.4464
140,CA-2016-145583,20211013,20211019,452,193,90,4,43.12,14,0.0,20.6976
141,CA-2016-110366,20210905,20210907,350,311,484,3,82.8,2,0.2,10.35
142,CA-2017-106180,20220918,20220923,692,501,100,4,8.82,3,0.0,2.3814
143,CA-2017-106180,20220918,20220923,692,892,100,4,10.86,3,0.0,5.1042
144,CA-2017-106180,20220918,20220923,692,1260,100,4,143.7,3,0.0,68.976
145,CA-2017-155376,20221222,20221227,688,397,347,4,839.43,3,0.0,218.2518
146,CA-2015-110744,20200907,20200912,318,1399,81,4,671.93,7,0.0,20.1579
147,CA-2014-110072,20191022,20191028,504,157,456,4,93.888,4,0.2,12.9096
148,CA-2016-114489,20211205,20211209,358,1689,621,4,384.45,11,0.0,103.8015
149,CA-2016-114489,20211205,20211209,358,1724,621,4,149.97,3,0.0,5.99879999999998
150,CA-2016-114489,20211205,20211209,358,56,621,4,1951.84,8,0.0,585.552
151,CA-2016-114489,20211205,20211209,358,746,621,4,171.55,5,0.0,80.6285
152,CA-2016-158834,20210313,20210316,774,385,17,1,157.92,5,0.2,17.766
153,CA-2016-158834,20210313,20210316,774,1716,17,1,203.184,2,0.2,15.2388
154,CA-2015-124919,20200531,20200602,709,1142,102,1,58.38,7,0.0,26.271
155,CA-2015-124919,20200531,20200602,709,1163,102,1,105.52,4,0.0,48.5392
156,CA-2015-124919,20200531,20200602,709,1351,102,1,80.88,6,0.0,21.0288
157,CA-2015-118948,20200528,20200603,567,523,614,4,6.63,3,0.0,1.7901
158,CA-2014-104269,20190301,20190306,191,119,615,3,457.568,2,0.2,51.4763999999999
159,CA-2016-114104,20211120,20211124,572,980,462,4,14.62,2,0.0,6.8714
160,CA-2016-114104,20211120,20211124,572,1845,462,4,944.93,7,0.0,236.2325
161,CA-2016-162733,20210511,20210512,770,1187,68,1,5.98,1,0.0,2.691
162,CA-2015-119697,20201228,20201231,270,1568,483,3,54.384,2,0.2,1.3596
163,CA-2016-154508,20211116,20211120,636,866,390,4,28.4,5,0.0,13.348
164,CA-2016-113817,20211107,20211111,517,802,615,4,27.68,2,0.2,9.688
165,CA-2014-139892,20190908,20190912,91,619,569,4,9.936,3,0.2,2.7324
166,CA-2014-139892,20190908,20190912,91,1625,569,4,8159.952,8,0.4,-1359.992
167,CA-2014-139892,20190908,20190912,91,1326,569,4,275.928,3,0.2,-58.6347
168,CA-2014-139892,20190908,20190912,91,122,569,4,1740.06,9,0.3,-24.8580000000002
169,CA-2014-139892,20190908,20190912,91,557,569,4,32.064,6,0.2,6.8136
170,CA-2014-139892,20190908,20190912,91,429,569,4,177.98,5,0.8,-453.849
171,CA-2014-139892,20190908,20190912,91,1824,569,4,143.976,3,0.2,8.99850000000001
172,CA-2014-118962,20190805,20190809,174,1065,64,4,20.94,3,0.0,9.8418
173,CA-2014-118962,20190805,20190809,174,1086,64,4,110.96,2,0.0,53.2608
174,CA-2014-118962,20190805,20190809,174,112,64,4,340.144,7,0.2,21.259
175,US-2014-100853,20190914,20190919,341,394,214,4,52.448,2,0.8,-131.12
176,US-2014-100853,20190914,20190919,341,986,214,4,20.16,4,0.2,6.552
177,US-2017-152366,20220421,20220425,697,434,545,3,97.264,4,0.8,-243.16
178,US-2015-101511,20201121,20201123,357,129,456,3,396.802,7,0.3,-11.3371999999999
179,US-2015-101511,20201121,20201123,357,1436,456,3,15.88,5,0.2,-3.7715
180,CA-2015-137225,20201215,20201219,380,536,405,4,3.28,1,0.0,1.4104
181,CA-2014-166191,20191205,20191209,215,1393,217,3,24.816,2,0.2,1.8612
182,CA-2014-166191,20191205,20191209,215,1590,217,3,408.744,7,0.2,76.6395
183,CA-2014-158274,20191119,20191124,650,1805,281,3,503.96,4,0.0,131.0296
184,CA-2014-158274,20191119,20191124,650,1855,281,3,149.95,5,0.0,41.986
185,CA-2014-158274,20191119,20191124,650,1528,281,3,29.0,2,0.0,7.25
186,CA-2016-105018,20211128,20211202,698,715,139,4,7.16,2,0.0,3.4368
187,CA-2014-123260,20190826,20190830,288,1525,66,4,176.8,8,0.0,22.984
188,CA-2016-157000,20210716,20210722,41,1337,541,4,37.224,3,0.2,3.7224
189,CA-2016-157000,20210716,20210722,41,1142,541,4,20.016,3,0.2,6.255
190,CA-2015-102281,20201012,20201014,533,23,408,1,899.136,4,0.2,112.392
191,CA-2015-102281,20201012,20201014,533,1731,408,1,71.76,6,0.0,20.0928
192,CA-2015-102281,20201012,20201014,533,1018,408,1,51.84,8,0.0,24.8832
193,CA-2015-102281,20201012,20201014,533,21,408,1,626.352,3,0.2,46.9764
194,CA-2015-102281,20201012,20201014,533,586,408,1,19.9,5,0.0,6.567
195,CA-2015-131457,20201031,20201106,552,861,86,4,14.28,7,0.0,6.7116
196,CA-2014-140004,20190321,20190325,126,626,447,4,7.408,2,0.2,1.2038
197,CA-2014-140004,20190321,20190325,126,610,447,4,6.048,3,0.2,1.5876
198,CA-2017-107720,20221106,20221113,781,1339,388,4,46.26,3,0.0,12.0276
199,US-2017-124303,20220706,20220713,286,654,482,4,2.946,2,0.7,-2.2586
200,US-2017-124303,20220706,20220713,286,1186,482,4,16.056,3,0.2,5.8203
201,CA-2017-105074,20220624,20220629,485,1181,437,4,21.744,3,0.2,6.795
202,CA-2014-133690,20190803,20190805,109,368,126,1,218.75,2,0.5,-161.875
203,CA-2014-133690,20190803,20190805,109,451,126,1,2.6,1,0.2,0.2925
204,US-2017-116701,20221217,20221221,456,445,534,3,66.284,2,0.8,-178.9668
205,CA-2017-126382,20220603,20220607,327,243,506,4,35.168,7,0.2,9.6712
206,CA-2017-108329,20221209,20221214,459,1747,118,4,444.768,4,0.2,44.4768
207,CA-2017-135860,20221201,20221207,372,1311,323,4,83.92,4,0.0,5.87439999999999
208,CA-2017-135860,20221201,20221207,372,1738,323,4,131.98,2,0.0,35.6346
209,CA-2017-135860,20221201,20221207,372,767,323,4,15.92,4,0.0,7.4824
210,CA-2017-135860,20221201,20221207,372,903,323,4,52.29,9,0.0,16.2099
211,CA-2017-135860,20221201,20221207,372,1347,323,4,91.99,1,0.0,3.67959999999999
212,CA-2015-101007,20200209,20200213,542,1491,534,3,20.8,2,0.2,6.5
213,CA-2015-146262,20200102,20200109,787,1008,454,4,23.68,2,0.2,8.88
214,CA-2015-146262,20200102,20200109,787,47,454,4,452.45,5,0.5,-244.323
215,CA-2015-146262,20200102,20200109,787,1792,454,4,62.982,3,0.4,-14.6958
216,CA-2015-146262,20200102,20200109,787,1626,454,4,1188.0,9,0.7,-950.4
217,CA-2015-146262,20200102,20200109,787,1461,454,4,89.584,2,0.2,4.47920000000001
218,CA-2016-130162,20211028,20211101,371,1337,66,4,93.06,6,0.0,26.0568
219,CA-2016-130162,20211028,20211101,371,1777,66,4,302.376,3,0.2,22.6782
220,CA-2015-169397,20201224,20201227,342,907,443,1,5.584,2,0.2,1.8148
221,CA-2015-169397,20201224,20201227,342,1244,443,1,22.704,6,0.2,8.2302
222,CA-2015-169397,20201224,20201227,342,753,443,1,19.776,4,0.7,-13.8432
223,CA-2015-169397,20201224,20201227,342,141,443,1,72.704,4,0.2,19.0848
224,CA-2015-169397,20201224,20201227,342,1633,443,1,479.988,4,0.7,-383.9904
225,CA-2015-169397,20201224,20201227,342,540,443,1,27.168,2,0.2,2.7168
226,CA-2015-163055,20200809,20200816,237,503,310,4,2.2,1,0.0,0.968
227,CA-2015-163055,20200809,20200816,237,359,310,4,622.45,5,0.0,136.939
228,CA-2015-163055,20200809,20200816,237,1372,310,4,21.98,1,0.0,0.219799999999999
229,US-2015-145436,20200228,20200304,777,132,505,4,161.568,2,0.2,-28.2744
230,US-2015-145436,20200228,20200304,777,124,505,4,389.696,8,0.2,43.8408
231,US-2014-156216,20190913,20190917,246,707,421,4,18.648,7,0.7,-12.432
232,US-2017-100930,20220407,20220412,178,332,187,4,233.86,2,0.45,-102.048
233,US-2017-100930,20220407,20220412,178,356,187,4,620.6145,3,0.45,-248.2458
234,US-2017-100930,20220407,20220412,178,707,187,4,5.328,2,0.7,-3.552
235,US-2017-100930,20220407,20220412,178,285,187,4,258.072,3,0.2,0.0
236,US-2017-100930,20220407,20220412,178,1570,187,4,617.976,3,0.2,-7.7247000000001
237,CA-2017-160514,20221112,20221116,192,1172,107,4,10.56,2,0.0,4.752
238,CA-2016-157749,20210604,20210609,435,1215,213,3,25.92,5,0.2,9.396
239,CA-2016-157749,20210604,20210609,435,159,213,3,419.68,5,0.6,-356.728
240,CA-2016-157749,20210604,20210609,435,298,213,3,11.688,3,0.6,-4.6752
241,CA-2016-157749,20210604,20210609,435,1680,213,3,31.984,2,0.2,11.1944
242,CA-2016-157749,20210604,20210609,435,345,213,3,177.225,5,0.5,-120.513
243,CA-2016-157749,20210604,20210609,435,227,213,3,4.044,3,0.6,-2.8308
244,CA-2016-157749,20210604,20210609,435,626,213,3,7.408,2,0.2,1.2038
245,CA-2014-131926,20190601,20190606,241,119,332,3,2001.86,7,0.0,580.5394
246,CA-2014-131926,20190601,20190606,241,1363,332,3,166.72,2,0.0,41.68
247,CA-2014-131926,20190601,20190606,241,1250,332,3,47.88,6,0.0,23.94
248,CA-2014-131926,20190601,20190606,241,440,332,3,1503.25,5,0.0,496.0725
249,CA-2014-131926,20190601,20190606,241,1018,332,3,25.92,4,0.0,12.4416
250,CA-2016-154739,20211210,20211215,464,100,98,3,321.568,2,0.2,28.1372
251,CA-2016-145625,20210911,20210917,421,1272,96,4,7.61,1,0.0,3.5767
252,CA-2016-145625,20210911,20210917,421,1570,96,4,3347.37,13,0.0,636.0003
253,CA-2016-146941,20211210,20211213,220,1332,407,1,80.58,6,0.0,22.5624
254,CA-2016-146941,20211210,20211213,220,885,407,1,361.92,4,0.0,162.864
255,US-2015-159982,20201128,20201204,234,227,214,4,12.132,9,0.6,-8.4924
256,US-2015-159982,20201128,20201204,234,1416,214,4,82.368,2,0.2,-19.5624
257,US-2015-159982,20201128,20201204,234,1351,214,4,53.92,5,0.2,4.044
258,US-2015-159982,20201128,20201204,234,1734,214,4,647.904,6,0.2,56.6916
259,CA-2017-163139,20221201,20221203,137,1465,405,3,20.37,3,0.0,6.9258
260,CA-2017-163139,20221201,20221203,137,1381,405,3,221.55,3,0.0,6.64650000000002
261,CA-2017-163139,20221201,20221203,137,775,405,3,17.52,5,0.2,6.132
262,US-2017-155299,20220608,20220612,244,419,561,4,1.624,2,0.8,-4.466
263,US-2014-106992,20190919,20190921,667,1625,545,3,3059.982,3,0.4,-509.997000000001
264,US-2014-106992,20190919,20190921,667,1660,545,3,2519.958,7,0.4,-251.9958
265,CA-2016-125318,20210606,20210613,629,1723,213,4,328.224,4,0.2,28.7196
266,CA-2015-155040,20201110,20201115,32,1583,35,4,79.9,2,0.0,35.156
267,CA-2017-136826,20220616,20220620,128,589,420,4,14.016,3,0.2,4.7304
268,CA-2016-111010,20210122,20210128,593,935,380,4,7.56,6,0.0,0.3024
269,US-2017-145366,20221209,20221213,124,1408,439,4,37.208,1,0.2,-7.4416
270,US-2017-145366,20221209,20221213,124,895,439,4,57.576,3,0.2,21.591
271,CA-2017-163979,20221228,20230102,433,1386,99,3,725.84,4,0.0,210.4936
272,CA-2015-155334,20200730,20200731,318,1567,98,1,209.93,7,0.0,92.3692
273,CA-2015-155334,20200730,20200731,318,254,98,1,5.28,3,0.0,2.3232
274,CA-2015-155334,20200730,20200731,318,742,98,1,10.92,3,0.2,4.095
275,CA-2017-118136,20220916,20220917,65,1179,54,1,8.82,2,0.0,4.0572
276,CA-2017-118136,20220916,20220917,65,518,54,1,5.98,1,0.0,1.5548
277,CA-2017-132976,20221013,20221017,23,1066,484,4,11.648,2,0.2,4.0768
278,CA-2017-132976,20221013,20221017,23,1268,484,4,18.176,4,0.2,5.9072
279,CA-2017-132976,20221013,20221017,23,1320,484,4,59.712,6,0.2,5.9712
280,CA-2017-132976,20221013,20221017,23,973,484,4,24.84,3,0.2,8.694
281,US-2015-161991,20200926,20200928,679,844,547,3,2.08,5,0.8,-3.432
282,US-2015-161991,20200926,20200928,679,1740,547,3,1114.4,7,0.2,376.11
283,CA-2015-130890,20201102,20201106,398,350,64,4,1038.84,5,0.2,51.942
284,CA-2015-130883,20200926,20201002,739,1049,472,4,141.76,5,0.2,47.844
285,CA-2015-130883,20200926,20201002,739,1512,472,4,239.8,5,0.2,47.96
286,CA-2015-130883,20200926,20201002,739,1252,472,4,31.104,6,0.2,10.8864
287,CA-2016-112697,20211218,20211220,31,666,186,3,254.058,7,0.7,-169.372
288,CA-2016-112697,20211218,20211220,31,434,186,3,194.528,2,0.2,24.316
289,CA-2016-112697,20211218,20211220,31,1425,186,3,961.48,5,0.2,-204.3145
290,CA-2016-110772,20211120,20211124,579,929,441,3,19.096,7,0.2,6.6836
291,CA-2016-110772,20211120,20211124,579,1012,441,3,18.496,8,0.2,6.2424
292,CA-2016-110772,20211120,20211124,579,1515,441,3,255.984,2,0.2,54.3966
293,CA-2016-110772,20211120,20211124,579,48,441,3,86.97,3,0.5,-48.7032
294,CA-2014-111451,20191226,20191228,434,291,124,1,300.416,8,0.2,78.8592
295,CA-2014-111451,20191226,20191228,434,78,124,1,230.352,3,0.2,20.1558
296,CA-2014-111451,20191226,20191228,434,241,124,1,218.352,3,0.2,-24.5646
297,CA-2014-111451,20191226,20191228,434,830,124,1,78.6,5,0.7,-62.88
298,CA-2014-111451,20191226,20191228,434,942,124,1,27.552,3,0.2,9.2988
299,CA-2016-142545,20211028,20211103,350,1152,373,4,32.4,5,0.0,15.552
300,CA-2016-142545,20211028,20211103,350,1380,373,4,1082.48,8,0.0,10.8248000000001
301,CA-2016-142545,20211028,20211103,350,1256,373,4,56.91,3,0.0,27.3168
302,CA-2016-142545,20211028,20211103,350,198,373,4,77.6,4,0.0,38.024
303,CA-2016-142545,20211028,20211103,350,745,373,4,14.28,1,0.0,6.5688
304,US-2017-152380,20221119,20221123,371,344,214,4,219.075,3,0.5,-131.445
305,CA-2015-144253,20200504,20200509,55,233,407,3,26.8,2,0.0,12.864
306,CA-2014-130960,20191230,20200104,419,591,325,4,9.84,3,0.0,2.8536
307,CA-2014-111003,20190601,20190606,168,677,378,4,45.48,3,0.0,20.9208
308,CA-2014-111003,20190601,20190606,168,545,378,4,289.2,6,0.0,83.868
309,CA-2017-126774,20220415,20220417,693,561,587,1,4.89,1,0.0,2.0049
310,CA-2016-142902,20210912,20210914,102,202,121,3,15.136,4,0.2,3.5948
311,CA-2016-142902,20210912,20210914,102,120,121,3,466.768,2,0.2,52.5114
312,CA-2016-142902,20210912,20210914,102,195,121,3,15.232,1,0.2,1.7136
313,CA-2016-142902,20210912,20210914,102,956,121,3,6.264,3,0.2,2.0358
314,CA-2014-120887,20190927,20191003,763,189,377,4,87.54,3,0.0,37.6422
315,CA-2014-167850,20190809,20190816,24,1768,183,4,178.384,2,0.2,22.298
316,CA-2014-167850,20190809,20190816,24,1140,183,4,15.552,3,0.2,5.4432
317,CA-2014-164259,20191228,20191230,710,578,485,1,99.136,4,0.2,8.6744
318,CA-2014-164973,20191104,20191109,569,93,407,4,135.882,1,0.1,24.1568
319,CA-2014-164973,20191104,20191109,569,1648,407,4,3991.98,2,0.0,1995.99
320,CA-2014-164973,20191104,20191109,569,1831,407,4,275.94,6,0.0,80.0226
321,CA-2014-164973,20191104,20191109,569,1480,407,4,360.0,4,0.0,129.6
322,CA-2014-164973,20191104,20191109,569,1383,407,4,43.57,1,0.0,13.071
323,CA-2014-156601,20190919,20190924,280,910,63,4,7.16,2,0.0,3.58
324,CA-2016-162138,20210423,20210427,303,830,52,4,251.52,6,0.2,81.744
325,CA-2016-162138,20210423,20210427,303,1511,52,4,99.99,1,0.0,34.9965
326,CA-2017-153339,20221103,20221105,209,206,513,3,15.992,1,0.2,0.999499999999999
327,US-2016-141544,20210830,20210901,603,1817,485,1,290.898,3,0.4,-67.8762
328,US-2016-141544,20210830,20210901,603,1313,485,1,54.224,2,0.2,3.389
329,US-2016-141544,20210830,20210901,603,104,485,1,786.744,4,0.3,-258.5016
330,US-2016-141544,20210830,20210901,603,959,485,1,100.24,10,0.2,33.831
331,US-2016-141544,20210830,20210901,603,695,485,1,37.764,6,0.7,-27.6936
332,US-2016-150147,20210425,20210429,389,1848,483,3,82.8,2,0.4,-20.7
333,US-2016-150147,20210425,20210429,389,685,483,3,20.724,2,0.7,-13.816
334,US-2016-150147,20210425,20210429,389,718,483,3,4.896,3,0.7,-3.4272
335,CA-2015-137946,20200901,20200904,198,717,68,3,4.752,1,0.2,1.6038
336,CA-2015-137946,20200901,20200904,198,1605,68,3,959.984,2,0.2,335.9944
337,CA-2015-137946,20200901,20200904,198,808,68,3,14.368,4,0.2,4.49
338,CA-2014-129924,20190712,20190717,12,770,100,4,7.712,2,0.2,2.7956
339,CA-2014-129924,20190712,20190717,12,371,100,4,698.352,3,0.2,-17.4588000000001
340,CA-2015-128167,20200622,20200626,435,906,576,3,4.96,4,0.0,2.3312
341,CA-2014-122336,20190413,20190417,350,475,484,3,17.856,4,0.2,1.116
342,CA-2014-122336,20190413,20190417,350,782,484,3,509.97,10,0.7,-407.976
343,CA-2014-122336,20190413,20190417,350,926,484,3,30.992,13,0.2,10.0724
344,CA-2014-122336,20190413,20190417,350,1705,484,3,71.928,12,0.4,8.39159999999999
345,US-2015-120712,20201220,20201224,174,1295,520,4,88.8,4,0.2,-2.22000000000001
346,CA-2017-169901,20220615,20220619,135,1763,100,4,47.976,3,0.2,4.7976
347,CA-2017-134306,20220708,20220712,747,610,299,4,7.56,3,0.0,3.0996
348,CA-2017-134306,20220708,20220712,747,1035,299,4,24.56,2,0.0,11.5432
349,CA-2017-134306,20220708,20220712,747,516,299,4,12.96,2,0.0,4.1472
350,CA-2016-129714,20210901,20210903,6,1465,405,1,6.79,1,0.0,2.3086
351,CA-2016-129714,20210901,20210903,6,1145,405,1,24.56,2,0.0,11.5432
352,CA-2016-129714,20210901,20210903,6,729,405,1,3.048,1,0.2,1.0668
353,CA-2016-129714,20210901,20210903,6,1145,405,1,49.12,4,0.0,23.0864
354,CA-2016-129714,20210901,20210903,6,846,405,1,4355.168,4,0.2,1415.4296
355,CA-2016-138520,20210408,20210413,387,20,408,4,388.704,6,0.2,-4.8588
356,CA-2016-138520,20210408,20210413,387,854,408,4,8.26,2,0.0,3.7996
357,CA-2016-138520,20210408,20210413,387,553,408,4,17.04,4,0.0,6.9864
358,CA-2016-138520,20210408,20210413,387,1184,408,4,34.4,5,0.0,15.824
359,CA-2016-130001,20210423,20210428,327,1181,421,4,36.24,5,0.2,11.325
360,CA-2017-155698,20220308,20220311,776,398,191,1,647.84,8,0.0,168.4384
361,CA-2017-155698,20220308,20220311,776,960,191,1,20.7,2,0.0,9.936
362,CA-2017-144904,20220925,20221001,446,960,405,4,20.7,2,0.0,9.936
363,CA-2017-144904,20220925,20221001,446,62,405,4,488.646,3,0.1,86.8704
364,CA-2017-144904,20220925,20221001,446,595,405,4,5.56,2,0.0,1.4456
365,CA-2017-144904,20220925,20221001,446,138,405,4,47.12,8,0.0,20.7328
366,CA-2014-123344,20190924,20190929,352,1353,98,4,211.96,4,0.0,8.47839999999999
367,CA-2016-155516,20211021,20211021,518,736,140,2,23.2,4,0.0,10.44
368,CA-2016-155516,20211021,20211021,518,1432,140,2,7.36,2,0.0,0.1472
369,CA-2016-155516,20211021,20211021,518,1370,140,2,104.79,7,0.0,29.3412
370,CA-2016-155516,20211021,20211021,518,21,140,2,1043.92,4,0.0,271.4192
371,CA-2017-104745,20220529,20220604,313,1151,544,4,25.92,5,0.2,9.396
372,CA-2017-104745,20220529,20220604,313,1361,544,4,53.424,3,0.2,4.6746
373,US-2014-119137,20190723,20190727,27,718,20,4,8.16,5,0.7,-5.712
374,US-2014-119137,20190723,20190727,27,1572,20,4,1023.936,8,0.2,179.1888
375,US-2014-119137,20190723,20190727,27,493,20,4,9.24,1,0.2,0.924
376,US-2014-119137,20190723,20190727,27,1519,20,4,479.04,10,0.2,-29.94
377,US-2016-134656,20210928,20211001,528,1201,233,1,99.136,4,0.2,30.98
378,US-2017-134481,20220827,20220901,47,375,295,4,1488.424,7,0.3,-297.6848
379,CA-2015-130792,20200428,20200505,619,391,548,4,8.652,3,0.8,-20.3322
380,CA-2015-130792,20200428,20200505,619,1391,548,4,23.832,3,0.2,2.6811
381,CA-2015-130792,20200428,20200505,619,651,548,4,12.176,4,0.8,-18.8728
382,CA-2016-134775,20211028,20211029,57,1279,98,1,50.96,7,0.0,25.48
383,CA-2016-134775,20211028,20211029,57,732,98,1,49.536,3,0.2,17.3376
384,CA-2015-125395,20200626,20200629,448,1592,325,3,41.9,2,0.0,8.799
385,US-2015-168935,20201127,20201202,228,321,177,4,375.4575,3,0.45,-157.0095
386,US-2015-168935,20201127,20201202,228,1527,177,4,83.976,3,0.2,-1.0497
387,CA-2015-122756,20201203,20201207,216,1635,484,4,482.34,4,0.7,-337.638
388,CA-2015-122756,20201203,20201207,216,204,484,4,2.96,1,0.2,0.777
389,CA-2014-115973,20191124,20191126,565,630,439,1,2.624,1,0.2,0.4264
390,CA-2017-101798,20221211,20221215,546,639,405,4,23.36,4,0.2,7.884
391,CA-2017-101798,20221211,20221215,546,1514,405,4,39.98,2,0.0,13.5932
392,US-2014-135972,20190921,20190923,365,1797,603,3,246.384,2,0.2,27.7182
393,US-2014-135972,20190921,20190923,365,1610,603,3,1799.97,3,0.0,701.9883
394,US-2014-134971,20190607,20190610,100,799,232,3,12.462,3,0.8,-20.5623
395,CA-2017-102946,20220630,20220705,783,825,364,4,75.792,3,0.2,25.5798
396,CA-2017-165603,20221017,20221019,714,1319,490,3,49.96,2,0.0,9.4924
397,CA-2017-165603,20221017,20221019,714,1174,490,3,12.96,2,0.0,6.2208
398,CA-2015-122259,20201031,20201104,331,1442,314,4,70.12,4,0.0,21.036
399,CA-2016-108987,20210908,20210910,25,1350,545,3,35.952,3,0.2,3.5952
400,CA-2016-108987,20210908,20210910,25,49,545,3,2396.2656,4,0.32,-317.1528
401,CA-2016-108987,20210908,20210910,25,1324,545,3,131.136,4,0.2,-32.784
402,CA-2016-108987,20210908,20210910,25,1462,545,3,57.584,2,0.2,0.719799999999999
403,CA-2014-113166,20191224,20191226,460,1141,171,1,9.568,2,0.2,3.4684
404,CA-2014-155208,20190416,20190420,709,583,434,4,39.072,6,0.2,9.768
405,CA-2017-117933,20221224,20221229,642,463,407,4,35.91,3,0.0,9.6957
406,CA-2017-117457,20221208,20221212,431,1462,99,4,179.95,5,0.0,37.7895
407,CA-2017-117457,20221208,20221212,431,1613,99,4,1199.976,3,0.2,434.9913
408,CA-2017-117457,20221208,20221212,431,1229,99,4,27.15,5,0.0,13.3035
409,CA-2017-117457,20221208,20221212,431,340,99,4,1004.024,7,0.2,-112.9527
410,CA-2017-117457,20221208,20221212,431,1191,99,4,9.68,1,0.0,4.6464
411,CA-2017-117457,20221208,20221212,431,996,99,4,28.35,9,0.0,13.608
412,CA-2017-117457,20221208,20221212,431,1145,99,4,55.98,1,0.0,27.4302
413,CA-2017-117457,20221208,20221212,431,16,99,4,1336.829,13,0.15,31.4547999999999
414,CA-2017-117457,20221208,20221212,431,115,99,4,113.568,2,0.2,-18.4548
415,CA-2017-142636,20221103,20221107,422,1025,614,4,139.86,7,0.0,65.7342
416,CA-2017-142636,20221103,20221107,422,78,614,4,307.136,4,0.2,26.8744
417,CA-2017-122105,20220624,20220628,147,618,53,4,95.92,8,0.0,25.8984
418,CA-2016-148796,20210414,20210418,585,134,64,4,383.8,5,0.2,38.38
419,CA-2017-154816,20221106,20221110,776,1235,276,4,5.78,1,0.0,2.8322
420,CA-2017-110478,20220304,20220309,710,524,68,4,9.32,4,0.0,2.7028
421,CA-2017-110478,20220304,20220309,710,849,68,4,15.25,1,0.0,7.015
422,CA-2014-142048,20190622,20190625,357,1574,132,1,196.752,6,0.2,56.5662
423,CA-2017-125388,20221019,20221023,534,308,297,4,56.56,4,0.0,14.7056
424,CA-2017-125388,20221019,20221023,534,1323,297,4,32.7,3,0.0,8.502
425,CA-2017-155705,20220821,20220823,561,50,343,3,866.4,4,0.0,225.264
426,CA-2017-149160,20221123,20221126,391,255,306,3,28.4,2,0.0,11.076
427,CA-2017-149160,20221123,20221126,391,697,306,3,287.92,8,0.0,138.2016
428,CA-2014-101476,20190912,20190913,683,1617,404,1,69.99,1,0.0,30.0957
429,CA-2017-152275,20221001,20221008,432,481,569,4,6.672,6,0.2,0.5004
430,US-2016-123750,20210415,20210421,628,829,425,4,189.588,2,0.7,-145.3508
431,US-2016-123750,20210415,20210421,628,1590,425,4,408.744,7,0.2,76.6395
432,US-2016-123750,20210415,20210421,628,1590,425,4,291.96,5,0.2,54.7425
433,US-2016-123750,20210415,20210421,628,1309,425,4,4.768,2,0.2,-0.774800000000001
434,CA-2016-127369,20210606,20210607,191,1389,299,1,714.3,5,0.0,207.147
435,US-2014-150574,20191219,20191225,519,665,163,4,4.812,2,0.7,-3.6892
436,US-2014-150574,20191219,20191225,519,1537,163,4,247.8,5,0.2,-18.585
437,CA-2016-147375,20210612,20210614,605,1650,214,3,1007.979,3,0.3,43.1991
438,CA-2016-147375,20210612,20210614,605,1145,214,3,313.488,7,0.2,113.6394
439,CA-2017-130043,20220915,20220919,66,1159,547,4,31.872,8,0.2,11.5536
440,CA-2017-157252,20220120,20220123,184,106,407,3,207.846,3,0.1,2.30939999999999
441,CA-2016-115756,20210905,20210907,598,147,310,3,12.22,1,0.0,3.666
442,CA-2016-115756,20210905,20210907,598,1293,310,3,194.94,3,0.0,23.3928
443,CA-2016-115756,20210905,20210907,598,1384,310,3,70.95,3,0.0,20.5755
444,CA-2016-115756,20210905,20210907,598,1158,310,3,91.36,4,0.0,42.0256
445,CA-2016-115756,20210905,20210907,598,91,310,3,242.94,3,0.0,29.1528
446,CA-2016-115756,20210905,20210907,598,963,310,3,22.05,7,0.0,10.584
447,CA-2017-154214,20220320,20220325,740,144,242,3,2.91,1,0.0,1.3677
448,CA-2016-166674,20210401,20210403,622,489,396,3,59.52,3,0.0,15.4752
449,CA-2016-166674,20210401,20210403,622,1341,396,3,161.94,3,0.0,9.71639999999999
450,CA-2016-166674,20210401,20210403,622,537,396,3,263.88,6,0.0,71.2476
451,CA-2016-166674,20210401,20210403,622,570,396,3,30.48,3,0.0,7.9248
452,CA-2016-166674,20210401,20210403,622,635,396,3,9.84,3,0.0,2.8536
453,CA-2016-166674,20210401,20210403,622,1767,396,3,35.12,4,0.0,9.1312
454,CA-2017-147277,20221020,20221024,247,329,437,4,284.364,2,0.4,-75.8304000000001
455,CA-2017-147277,20221020,20221024,247,1298,437,4,665.408,2,0.2,66.5408
456,CA-2016-100153,20211213,20211217,432,1508,465,4,63.88,4,0.0,24.9132
457,US-2014-110674,20190212,20190218,670,52,42,4,129.568,2,0.2,-24.294
458,US-2016-157945,20210926,20211001,561,89,217,4,747.558,3,0.3,-96.1146000000001
459,US-2016-157945,20210926,20211001,561,858,217,4,8.928,2,0.2,3.348
460,CA-2015-109638,20201215,20201222,372,427,615,4,103.92,4,0.0,36.372
461,CA-2015-109638,20201215,20201222,372,1587,615,4,899.91,9,0.0,377.9622
462,CA-2015-109638,20201215,20201222,372,680,615,4,51.312,3,0.2,18.6006
463,CA-2016-109869,20210422,20210429,756,138,16,4,23.56,5,0.2,7.068
464,CA-2016-109869,20210422,20210429,756,337,16,4,1272.63,6,0.5,-814.4832
465,CA-2016-109869,20210422,20210429,756,652,16,4,28.485,5,0.7,-20.889
466,CA-2016-109869,20210422,20210429,756,1445,16,4,185.376,2,0.2,-34.758
467,CA-2016-109869,20210422,20210429,756,431,16,4,78.272,2,0.2,5.8704
468,US-2015-101399,20200117,20200124,409,241,231,4,254.744,7,0.6,-312.0614
469,CA-2017-154907,20220331,20220404,237,24,518,4,205.3328,2,0.32,-36.2352
470,US-2016-100419,20211216,20211220,137,730,213,3,4.788,3,0.8,-7.9002
471,CA-2015-154144,20201220,20201224,514,1249,401,4,55.48,1,0.0,26.6304
472,CA-2014-144666,20191109,20191111,401,1379,99,3,340.92,3,0.0,3.40919999999998
473,CA-2014-144666,20191109,20191111,401,10,99,3,222.666,2,0.15,10.4784
474,CA-2014-144666,20191109,20191111,401,1785,99,3,703.968,4,0.2,87.9959999999999
475,CA-2014-144666,20191109,20191111,401,1335,99,3,92.52,6,0.0,24.9804
476,CA-2014-144666,20191109,20191111,401,1107,99,3,62.65,7,0.0,28.819
477,CA-2014-144666,20191109,20191111,401,1220,99,3,94.85,5,0.0,45.528
478,CA-2016-103891,20210712,20210719,433,1685,65,4,95.76,6,0.2,7.182
479,CA-2016-152632,20211027,20211102,354,233,413,4,40.2,3,0.0,19.296
480,CA-2016-100790,20210626,20210702,368,567,407,4,14.7,5,0.0,6.615
481,CA-2016-100790,20210626,20210702,368,1315,407,4,704.25,5,0.0,84.51
482,CA-2014-134677,20191006,20191010,789,1497,95,4,9.09,3,0.0,1.9089
483,CA-2014-127691,20190722,20190727,271,543,407,4,5.96,2,0.0,1.6688
484,CA-2014-127691,20190722,20190727,271,1536,407,4,159.98,2,0.0,57.5928
485,CA-2017-140963,20220610,20220613,544,997,68,1,29.6,2,0.0,14.8
486,CA-2017-140963,20220610,20220613,544,7,68,1,514.165,5,0.15,-30.245
487,CA-2017-140963,20220610,20220613,544,1748,68,1,279.96,5,0.2,17.4975
488,CA-2014-154627,20191029,20191031,664,1721,213,1,2735.952,6,0.2,341.994
489,CA-2014-133753,20190609,20190613,185,1693,549,3,7.992,1,0.2,0.5994
490,CA-2014-133753,20190609,20190613,185,1466,549,3,63.984,2,0.2,10.3974
491,CA-2014-133753,20190609,20190613,185,537,549,3,70.368,2,0.2,6.1572
492,CA-2014-113362,20190914,20190919,40,1355,411,4,449.15,5,0.0,8.98299999999999
493,CA-2014-113362,20190914,20190919,40,889,411,4,11.07,3,0.0,5.0922
494,CA-2016-169166,20210509,20210514,717,1484,615,4,93.98,2,0.0,13.1572
495,US-2016-120929,20210318,20210321,652,335,512,3,189.882,3,0.4,-94.941
496,CA-2015-134782,20201227,20201231,496,859,23,4,105.42,2,0.0,51.6558
497,CA-2016-126158,20210725,20210731,670,741,43,4,119.616,8,0.2,40.3704
498,CA-2016-126158,20210725,20210731,670,312,43,4,255.76,4,0.0,81.8432
499,CA-2016-126158,20210725,20210731,670,93,43,4,241.568,2,0.2,18.1176
500,CA-2016-126158,20210725,20210731,670,139,43,4,69.3,9,0.0,22.869
501,US-2016-105578,20210530,20210604,549,706,134,4,22.62,2,0.7,-15.08
502,US-2016-105578,20210530,20210604,549,705,134,4,14.952,2,0.7,-11.9616
503,US-2016-105578,20210530,20210604,549,68,134,4,801.568,2,0.2,50.098
504,US-2016-105578,20210530,20210604,549,669,134,4,2.376,3,0.7,-1.9008
505,US-2016-105578,20210530,20210604,549,1045,134,4,32.792,1,0.2,11.8871
506,CA-2017-134978,20221112,20221115,247,767,407,3,15.92,5,0.2,5.373
507,CA-2015-145352,20200316,20200322,161,526,190,4,2.74,1,0.0,0.7398
508,CA-2015-145352,20200316,20200322,161,602,190,4,8.34,3,0.0,2.1684
509,CA-2015-145352,20200316,20200322,161,1332,190,4,46.74,3,0.0,11.685
510,CA-2015-145352,20200316,20200322,161,777,190,4,6354.95,5,0.0,3177.475
511,CA-2017-135307,20221126,20221127,476,180,346,1,126.3,3,0.0,40.416
512,CA-2017-135307,20221126,20221127,476,1531,346,1,38.04,2,0.0,12.1728
513,CA-2016-106341,20211020,20211023,460,543,456,1,7.152,3,0.2,0.7152
514,CA-2017-163405,20221221,20221225,96,600,69,4,6.63,3,0.0,1.7901
515,CA-2017-163405,20221221,20221225,96,514,69,4,5.88,2,0.0,1.7052
516,CA-2017-127432,20220122,20220127,16,1611,356,4,2999.95,5,0.0,1379.977
517,CA-2017-127432,20220122,20220127,16,1414,356,4,51.45,3,0.0,13.8915
518,CA-2017-127432,20220122,20220127,16,1118,356,4,11.96,2,0.0,5.382
519,CA-2017-127432,20220122,20220127,16,1413,356,4,1126.02,3,0.0,56.301
520,CA-2015-157812,20200322,20200326,193,1463,546,4,18.392,1,0.2,5.2877
521,CA-2015-157812,20200322,20200326,193,1316,546,4,129.568,2,0.2,-25.9136
522,CA-2015-157812,20200322,20200326,193,649,546,4,14.112,9,0.8,-21.168
523,CA-2017-145142,20220123,20220125,491,335,311,1,210.98,2,0.0,21.098
524,US-2016-139486,20210521,20210523,464,1813,66,1,55.176,3,0.2,-12.4146
525,US-2016-139486,20210521,20210523,464,1570,66,1,66.26,2,0.0,27.1666
526,CA-2015-158792,20201226,20210102,71,927,297,4,22.2,5,0.0,10.434
527,CA-2017-113558,20221021,20221026,594,105,166,4,683.952,3,0.2,42.747
528,CA-2017-113558,20221021,20221026,594,195,166,4,45.696,3,0.2,5.14079999999999
529,US-2015-138303,20200903,20200907,508,1420,483,4,36.336,3,0.2,-7.2672
530,US-2015-138303,20200903,20200907,508,1443,483,4,666.248,1,0.2,-149.9058
531,US-2015-138303,20200903,20200907,508,857,483,4,52.512,6,0.2,19.692
532,CA-2015-102848,20201107,20201109,415,59,67,3,190.72,1,0.2,11.92
533,US-2017-129441,20220907,20220911,345,156,66,4,47.94,3,0.0,2.397
534,CA-2016-168753,20210529,20210601,648,1710,7,3,979.95,5,0.0,274.386
535,CA-2016-168753,20210529,20210601,648,742,7,3,22.75,5,0.0,11.375
536,CA-2016-126613,20210710,20210716,2,1336,14,4,16.768,2,0.2,1.4672
537,US-2017-122637,20220903,20220908,276,738,215,3,42.616,7,0.8,-68.1856
538,CA-2015-147851,20201203,20201208,533,828,405,4,10.752,4,0.2,3.36
539,CA-2015-134894,20201207,20201211,213,402,272,4,152.94,3,0.0,41.2938
540,CA-2015-134894,20201207,20201211,213,94,272,4,283.92,4,0.0,70.98
541,CA-2014-140795,20190201,20190203,69,1496,622,1,468.9,6,0.0,206.316
542,CA-2016-136924,20210714,20210717,279,1761,20,1,380.864,8,0.2,38.0864
543,US-2015-120161,20201218,20201223,466,1355,458,4,646.776,9,0.2,-145.5246
544,CA-2014-103849,20190511,20190516,593,1498,538,4,58.112,2,0.2,7.26399999999999
545,CA-2014-103849,20190511,20190516,593,1781,538,4,100.792,1,0.2,6.2995
546,CA-2014-103849,20190511,20190516,593,163,538,4,66.112,4,0.6,-84.2928
547,CA-2017-162929,20221119,20221122,54,655,408,1,41.28,6,0.2,13.932
548,CA-2017-162929,20221119,20221122,54,1196,408,1,13.36,2,0.0,6.4128
549,CA-2015-113173,20201115,20201117,216,1307,215,3,250.272,9,0.2,15.642
550,CA-2015-113173,20201115,20201117,216,837,215,3,11.364,3,0.8,-17.046
551,CA-2015-113173,20201115,20201117,216,1435,215,3,8.72,5,0.2,-1.744
552,CA-2016-136406,20210415,20210417,68,81,99,3,1121.568,2,0.2,0.0
553,CA-2017-112774,20220911,20220912,630,246,163,1,34.504,1,0.2,6.0382
554,CA-2017-101945,20221124,20221128,312,939,547,4,10.824,3,0.2,2.5707
555,CA-2017-100650,20220629,20220703,216,1354,31,3,1295.78,2,0.0,310.9872
556,CA-2014-155852,20190303,20190307,39,587,434,3,19.456,4,0.2,3.4048
557,CA-2016-113243,20210610,20210615,581,962,68,4,20.7,2,0.0,9.936
558,CA-2016-113243,20210610,20210615,581,367,68,4,1335.68,4,0.2,-217.048
559,CA-2016-113243,20210610,20210615,581,1219,68,4,32.4,5,0.0,15.552
560,CA-2017-118731,20221120,20221122,468,255,99,3,42.6,3,0.0,16.614
561,CA-2017-118731,20221120,20221122,468,640,99,3,84.056,7,0.2,27.3182
562,CA-2014-145576,20190914,20190918,125,457,187,3,13.0,5,0.2,1.3
563,CA-2014-145576,20190914,20190918,125,287,187,3,13.128,3,0.2,3.7743
564,CA-2015-130736,20201207,20201209,363,934,614,1,3.96,2,0.0,0.0
565,CA-2015-130736,20201207,20201209,363,956,614,1,2.61,1,0.0,1.2006
566,CA-2017-137099,20221207,20221210,291,1773,65,1,374.376,3,0.2,46.797
567,CA-2017-156951,20221001,20221008,249,1271,614,4,91.84,8,0.0,45.0016
568,CA-2017-156951,20221001,20221008,249,681,614,4,81.088,7,0.2,27.3672
569,CA-2017-156951,20221001,20221008,249,1267,614,4,19.44,3,0.0,9.3312
570,CA-2017-156951,20221001,20221008,249,136,614,4,451.152,3,0.2,0.0
571,CA-2017-164826,20221228,20230104,362,962,407,4,72.45,7,0.0,34.776
572,CA-2017-164826,20221228,20230104,362,907,407,4,13.96,4,0.0,6.4216
573,CA-2017-164826,20221228,20230104,362,717,407,4,33.264,7,0.2,11.2266
574,CA-2017-164826,20221228,20230104,362,1691,407,4,14.85,3,0.0,4.0095
575,CA-2016-127250,20211103,20211107,686,579,608,4,8.82,3,0.0,2.3814
576,CA-2015-149713,20200918,20200922,749,1271,63,3,160.72,14,0.0,78.7528
577,CA-2015-149713,20200918,20200922,749,1102,63,3,19.92,4,0.0,9.7608
578,CA-2015-149713,20200918,20200922,749,1433,63,3,7.3,2,0.0,2.19
579,CA-2017-118640,20220720,20220726,173,1383,213,4,69.712,2,0.2,8.714
580,CA-2017-118640,20220720,20220726,173,185,213,4,8.792,1,0.6,-5.7148
581,CA-2015-132906,20200910,20200914,130,1452,64,4,51.52,4,0.0,1.5456
582,CA-2017-145233,20221201,20221205,239,1862,126,4,470.376,3,0.2,52.9173
583,CA-2017-145233,20221201,20221205,239,1702,126,4,105.584,2,0.2,9.23860000000001
584,CA-2017-145233,20221201,20221205,239,386,126,4,31.152,3,0.2,3.5046
585,CA-2017-145233,20221201,20221205,239,747,126,4,6.783,7,0.7,-4.7481
586,CA-2017-145233,20221201,20221205,239,1716,126,4,406.368,4,0.2,30.4776
587,CA-2015-128139,20200703,20200709,74,115,276,4,70.98,1,0.0,4.9686
588,CA-2015-128139,20200703,20200709,74,998,276,4,294.93,3,0.0,144.5157
589,US-2016-156986,20210320,20210324,792,1820,474,4,84.784,2,0.2,-20.1362
590,US-2016-156986,20210320,20210324,792,1150,474,4,20.736,4,0.2,7.2576
591,US-2016-156986,20210320,20210324,792,741,474,4,16.821,3,0.7,-12.8961
592,US-2016-156986,20210320,20210324,792,1253,474,4,10.368,2,0.2,3.6288
593,CA-2014-135405,20190109,20190113,541,613,553,4,9.344,2,0.2,1.168
594,CA-2014-135405,20190109,20190113,541,1491,553,4,31.2,3,0.2,9.75
595,CA-2014-131450,20190808,20190815,470,469,95,4,76.12,2,0.0,22.0748
596,CA-2014-131450,20190808,20190815,470,1613,95,4,1199.976,3,0.2,434.9913
597,CA-2014-131450,20190808,20190815,470,1768,95,4,445.96,5,0.2,55.7449999999999
598,CA-2014-131450,20190808,20190815,470,207,95,4,327.76,8,0.0,91.7728
599,CA-2016-120180,20210714,20210716,757,1448,483,1,11.632,2,0.2,1.0178
600,US-2016-100720,20210716,20210721,148,1722,482,4,143.982,3,0.4,-28.7964
601,US-2016-100720,20210716,20210721,148,1825,482,4,494.376,4,0.4,-115.3544
602,US-2016-100720,20210716,20210721,148,1433,482,4,5.84,2,0.2,0.73
603,CA-2014-149958,20190315,20190319,56,1343,187,4,142.776,1,0.2,17.847
604,CA-2014-149958,20190315,20190319,56,195,187,4,45.696,3,0.2,5.14079999999999
605,CA-2014-149958,20190315,20190319,56,665,187,4,7.218,3,0.7,-5.5338
606,CA-2014-149958,20190315,20190319,56,697,187,4,43.188,4,0.7,-31.6712
607,CA-2014-149958,20190315,20190319,56,1154,187,4,131.904,3,0.2,47.8152
608,US-2014-105767,20190523,20190527,48,670,483,4,3.282,2,0.7,-2.6256
609,US-2014-105767,20190523,20190527,48,514,483,4,21.168,9,0.2,2.3814
610,US-2014-105767,20190523,20190527,48,1799,483,4,55.188,2,0.4,-10.1178
611,CA-2016-161816,20210428,20210501,554,1797,533,1,369.576,3,0.2,41.5773
612,CA-2016-161816,20210428,20210501,554,1004,533,1,15.712,4,0.2,5.6956
613,CA-2016-121223,20210911,20210913,297,1089,485,3,8.448,2,0.2,2.64
614,CA-2016-121223,20210911,20210913,297,1849,485,3,728.946,9,0.4,-157.9383
615,CA-2017-138611,20221114,20221117,150,1680,446,3,119.94,10,0.4,15.992
616,CA-2017-138611,20221114,20221117,150,758,446,3,3.648,2,0.7,-2.7968
617,CA-2017-117947,20220818,20220823,564,277,406,3,40.48,2,0.0,15.7872
618,CA-2017-117947,20220818,20220823,564,137,406,3,9.94,2,0.0,3.0814
619,CA-2017-117947,20220818,20220823,564,751,406,3,107.424,9,0.2,33.57
620,CA-2017-117947,20220818,20220823,564,1774,406,3,37.91,1,0.0,10.9939
621,CA-2017-117947,20220818,20220823,564,157,406,3,88.02,3,0.0,27.2862
622,US-2014-111171,20191226,20191231,123,727,213,4,8.69,5,0.8,-14.773
623,CA-2015-138009,20201129,20201203,687,131,307,4,301.96,2,0.0,87.5684
624,CA-2015-138009,20201129,20201203,687,381,307,4,555.21,5,0.1,178.901
625,CA-2015-138009,20201129,20201203,687,1333,307,4,523.48,4,0.0,130.87
626,CA-2015-138009,20201129,20201203,687,611,307,4,161.82,9,0.0,46.9278
627,CA-2017-163020,20220915,20220919,531,145,405,4,35.56,7,0.0,12.0904
628,CA-2017-153787,20220519,20220523,60,410,615,4,97.16,2,0.0,28.1764
629,CA-2017-133431,20221217,20221221,456,661,100,4,15.24,5,0.2,5.1435
630,CA-2017-133431,20221217,20221221,456,1179,100,4,13.23,3,0.0,6.0858
631,US-2016-135720,20211211,20211213,289,1358,122,3,243.384,3,0.2,-51.7191
632,US-2016-135720,20211211,20211213,289,1492,122,3,119.8,5,0.2,29.95
633,US-2016-135720,20211211,20211213,289,1755,122,3,300.768,4,0.2,30.0768
634,CA-2017-144694,20220924,20220926,71,1543,171,3,17.88,3,0.2,2.4585
635,CA-2017-144694,20220924,20220926,71,998,171,3,235.944,3,0.2,85.5297
636,CA-2015-168004,20201004,20201009,208,71,198,3,392.94,3,0.0,43.2234
637,US-2016-123470,20210815,20210821,499,719,122,4,18.882,3,0.7,-13.8468
638,US-2016-123470,20210815,20210821,499,449,122,4,122.328,3,0.2,12.2328
639,CA-2016-115917,20210520,20210525,624,159,115,4,1049.2,5,0.0,272.792
640,CA-2016-115917,20210520,20210525,624,836,115,4,15.424,4,0.2,5.0128
641,CA-2016-147067,20211218,20211222,353,164,334,4,18.84,3,0.0,6.0288
642,CA-2017-167913,20220730,20220803,388,1306,71,3,330.4,2,0.0,85.904
643,CA-2017-167913,20220730,20220803,388,982,71,3,26.25,7,0.0,12.6
644,CA-2017-106103,20220610,20220615,673,1570,320,4,132.52,4,0.0,54.3332
645,US-2017-127719,20220721,20220725,774,1139,386,4,6.48,1,0.0,3.1752
646,CA-2017-126221,20221230,20230105,133,426,242,4,209.3,2,0.0,56.511
647,CA-2016-103947,20210401,20210408,65,933,18,4,31.56,5,0.2,9.8625
648,CA-2016-103947,20210401,20210408,65,423,18,4,30.144,2,0.2,3.0144
649,CA-2016-160745,20211211,20211216,51,204,617,3,14.8,4,0.0,6.068
650,CA-2016-160745,20211211,20211216,51,1805,617,3,302.376,3,0.2,22.6782
651,CA-2016-160745,20211211,20211216,51,1490,617,3,316.0,4,0.0,31.6
652,CA-2016-132661,20211023,20211029,713,1051,407,4,379.4,10,0.0,178.318
653,CA-2017-140844,20220619,20220623,47,1238,408,4,97.82,2,0.0,45.9754
654,CA-2017-140844,20220619,20220623,47,1487,408,4,103.12,8,0.0,10.312
655,CA-2016-137239,20210822,20210828,169,425,441,4,113.552,2,0.2,8.51639999999999
656,CA-2016-137239,20210822,20210828,169,752,441,4,3.318,2,0.7,-2.6544
657,CA-2016-137239,20210822,20210828,169,867,441,4,134.288,2,0.2,45.3222
658,US-2016-156097,20210919,20210919,262,68,207,2,701.372,2,0.3,-50.098
659,US-2016-156097,20210919,20210919,262,833,207,2,2.308,2,0.8,-3.462
660,CA-2015-146563,20200824,20200828,126,1343,519,4,999.432,7,0.2,124.929
661,CA-2015-146563,20200824,20200828,126,1346,519,4,724.08,14,0.2,-135.765
662,CA-2015-146563,20200824,20200828,126,333,519,4,918.785,5,0.3,-118.1295
663,CA-2015-146563,20200824,20200828,126,798,519,4,2.724,3,0.8,-4.2222
664,CA-2016-123666,20210326,20210330,707,1347,406,4,459.95,5,0.0,18.398
665,CA-2016-143308,20211104,20211104,629,909,273,2,10.74,3,0.0,5.2626
666,CA-2017-132682,20220608,20220610,752,1449,532,3,23.76,3,0.2,2.079
667,CA-2017-132682,20220608,20220610,752,1049,532,3,85.056,3,0.2,28.7064
668,CA-2017-132682,20220608,20220610,752,1828,532,3,381.576,3,0.2,28.6182
669,CA-2014-156314,20191224,20191226,654,248,440,1,30.36,5,0.2,8.7285
670,US-2017-106663,20220609,20220613,531,236,215,4,23.976,3,0.6,-14.3856
671,US-2017-106663,20220609,20220613,531,322,215,4,108.925,1,0.5,-71.8905
672,US-2017-106663,20220609,20220613,531,1169,215,4,36.352,8,0.2,11.36
673,CA-2017-111178,20220615,20220622,747,538,233,4,19.56,5,0.2,1.7115
674,CA-2017-130351,20221205,20221208,625,466,242,1,61.44,3,0.0,16.5888
675,CA-2017-130351,20221205,20221208,625,1155,242,1,38.9,5,0.0,17.505
676,CA-2017-130351,20221205,20221208,625,1570,242,1,99.39,3,0.0,40.7499
677,US-2017-119438,20220318,20220323,140,392,573,4,2.688,3,0.8,-7.392
678,US-2017-119438,20220318,20220323,140,1566,573,4,27.816,3,0.2,4.5201
679,US-2017-119438,20220318,20220323,140,262,573,4,82.524,3,0.6,-41.262
680,US-2017-119438,20220318,20220323,140,832,573,4,182.994,3,0.8,-320.2395
681,CA-2016-164511,20211119,20211124,210,769,407,4,14.352,3,0.2,4.6644
682,CA-2016-164511,20211119,20211124,210,1377,407,4,64.96,2,0.0,2.5984
683,CA-2016-164511,20211119,20211124,210,1414,407,4,68.6,4,0.0,18.522
684,US-2017-168116,20221104,20221104,311,1670,418,2,7999.98,4,0.5,-3839.9904
685,US-2017-168116,20221104,20221104,311,426,418,2,167.44,2,0.2,14.651
686,CA-2014-157784,20190705,20190708,493,1572,343,1,479.97,3,0.0,163.1898
687,CA-2014-157784,20190705,20190708,493,970,343,1,14.62,2,0.0,6.8714
688,CA-2014-157784,20190705,20190708,493,1039,343,1,19.44,3,0.0,9.3312
689,CA-2017-161480,20221225,20221229,617,40,408,4,191.984,2,0.2,4.79959999999998
690,US-2014-117135,20190621,20190623,571,289,598,3,104.01,1,0.0,14.5614
691,US-2014-117135,20190621,20190623,571,1751,598,3,284.82,1,0.0,74.0532
692,US-2014-117135,20190621,20190623,571,1371,598,3,36.84,3,0.0,10.3152
693,CA-2015-131534,20200328,20200402,9,1523,67,4,166.24,1,0.0,24.936
694,CA-2015-131534,20200328,20200402,9,1072,67,4,33.4,5,0.0,16.032
695,CA-2015-119291,20200514,20200517,399,578,480,1,198.272,8,0.2,17.3488
696,CA-2015-119291,20200514,20200517,399,976,480,1,47.36,4,0.2,17.76
697,CA-2015-119291,20200514,20200517,399,851,480,1,200.984,7,0.2,62.8075
698,CA-2015-119291,20200514,20200517,399,991,480,1,97.696,4,0.2,31.7512
699,CA-2015-119291,20200514,20200517,399,505,480,1,2.696,1,0.2,0.8088
700,CA-2015-119291,20200514,20200517,399,699,480,1,18.588,2,0.7,-13.6312
701,CA-2015-119291,20200514,20200517,399,718,480,1,4.896,3,0.7,-3.4272
702,CA-2017-114552,20220902,20220908,244,243,440,4,15.072,3,0.2,4.1448
703,CA-2016-163755,20211104,20211108,57,257,613,3,209.88,3,0.0,35.6796
704,CA-2015-142027,20200409,20200414,378,348,63,4,369.912,3,0.2,-13.8717
705,CA-2014-138527,20190912,20190917,95,1128,419,4,10.368,2,0.2,3.6288
706,CA-2014-138527,20190912,20190917,95,408,419,4,166.84,5,0.2,18.7695
707,CA-2014-138527,20190912,20190917,95,1531,419,4,15.216,1,0.2,2.2824
708,CA-2014-112158,20191202,20191204,232,1567,408,1,119.96,4,0.0,52.7824
709,CA-2014-112158,20191202,20191204,232,29,408,1,883.92,5,0.2,-110.49
710,CA-2014-112158,20191202,20191204,232,639,408,1,46.72,8,0.2,15.768
711,CA-2014-113887,20190405,20190407,753,1249,408,1,55.48,1,0.0,26.6304
712,CA-2017-146136,20220903,20220907,45,856,176,4,24.448,4,0.2,8.8624
713,US-2017-100048,20220519,20220524,659,399,403,4,281.34,6,0.0,109.7226
714,US-2017-100048,20220519,20220524,659,1797,403,4,307.98,2,0.0,89.3142
715,US-2017-100048,20220519,20220524,659,1504,403,4,299.97,3,0.0,113.9886
716,CA-2014-153150,20190701,20190706,244,772,614,3,19.92,5,0.2,6.972
717,CA-2014-130092,20190111,20190114,721,137,147,1,9.94,2,0.0,3.0814
718,CA-2017-108910,20220924,20220929,421,218,456,4,103.056,3,0.2,24.4758
719,CA-2014-104472,20190602,20190607,149,705,580,4,59.808,3,0.2,19.4376
720,CA-2014-104472,20190602,20190607,149,147,580,4,73.32,6,0.0,21.996
721,CA-2016-112942,20210213,20210218,635,1251,68,4,146.82,3,0.0,73.41
722,CA-2016-142335,20211215,20211219,534,319,309,4,1652.94,3,0.0,231.4116
723,CA-2016-142335,20211215,20211219,534,1291,309,4,296.37,3,0.0,80.0199
724,CA-2014-117429,20191007,20191013,536,146,484,4,129.92,5,0.2,21.112
725,CA-2016-114713,20210707,20210712,678,1454,160,4,45.584,7,0.2,5.1282
726,CA-2017-144113,20220916,20220920,361,855,520,4,17.568,2,0.2,6.3684
727,CA-2017-144113,20220916,20220920,361,1758,520,4,55.992,1,0.2,5.5992
728,US-2016-150861,20211203,20211206,257,1144,410,1,182.72,8,0.0,84.0512
729,US-2016-150861,20211203,20211206,257,341,410,1,400.032,2,0.4,-153.3456
730,US-2016-150861,20211203,20211206,257,1415,410,1,33.63,3,0.0,10.089
731,US-2016-150861,20211203,20211206,257,100,410,1,542.646,3,0.1,102.4998
732,US-2016-150861,20211203,20211206,257,963,410,1,6.3,2,0.0,3.024
733,CA-2017-131954,20220121,20220125,236,1316,615,4,242.94,3,0.0,9.71759999999999
734,CA-2017-131954,20220121,20220125,236,1565,615,4,179.97,3,0.0,86.3856
735,CA-2017-131954,20220121,20220125,236,799,615,4,99.696,6,0.2,33.6474
736,CA-2017-131954,20220121,20220125,236,768,615,4,27.936,4,0.2,9.4284
737,CA-2017-131954,20220121,20220125,236,12,615,4,84.98,1,0.0,18.6956
738,CA-2017-131954,20220121,20220125,236,643,615,4,18.72,5,0.2,6.552
739,CA-2014-132500,20190908,20190912,315,1495,99,4,49.98,2,0.0,8.49659999999999
740,CA-2014-112326,20190104,20190108,606,988,225,4,11.784,3,0.2,4.2717
741,CA-2014-112326,20190104,20190108,606,1379,225,4,272.736,3,0.2,-64.7748
742,CA-2014-112326,20190104,20190108,606,805,225,4,3.54,2,0.8,-5.487
743,US-2016-146710,20210827,20210901,718,1452,534,4,51.52,5,0.2,-10.948
744,US-2016-146710,20210827,20210901,718,1179,534,4,3.528,1,0.2,1.1466
745,US-2016-146710,20210827,20210901,718,1287,534,4,4.624,1,0.2,1.6762
746,US-2016-146710,20210827,20210901,718,1450,534,4,55.168,4,0.2,6.20639999999999
747,CA-2014-124429,20190527,20190527,514,345,97,2,567.12,10,0.2,-28.356
748,CA-2014-124429,20190527,20190527,514,1355,97,2,359.32,4,0.0,7.18639999999999
749,CA-2016-150889,20210320,20210322,584,1679,220,3,11.992,1,0.2,0.899399999999999
750,CA-2017-126074,20221002,20221006,641,779,326,4,58.05,3,0.0,26.703
751,CA-2017-126074,20221002,20221006,641,263,326,4,157.74,11,0.0,56.7864
752,CA-2017-126074,20221002,20221006,641,583,326,4,56.98,7,0.0,22.792
753,CA-2017-126074,20221002,20221006,641,659,326,4,2.88,1,0.0,1.4112
754,CA-2016-110499,20210407,20210409,790,1609,99,1,1199.976,3,0.2,374.9925
755,CA-2015-135272,20201207,20201212,541,236,67,4,79.92,4,0.0,28.7712
756,CA-2016-140928,20210918,20210922,554,326,163,4,383.438,4,0.45,-167.3184
757,CA-2014-106803,20191229,20200102,201,1371,330,4,24.56,2,0.0,6.8768
758,CA-2014-106803,20191229,20200102,201,1492,330,4,119.8,4,0.0,47.92
759,CA-2017-117240,20220723,20220728,166,670,405,4,13.128,3,0.2,4.2666
760,CA-2017-133333,20220918,20220922,81,1169,622,4,22.72,4,0.0,10.224
761,CA-2015-112319,20200831,20200905,48,1219,64,4,58.32,9,0.0,27.9936
762,CA-2017-126046,20221103,20221107,348,1007,190,4,12.39,3,0.0,5.6994
763,CA-2015-114923,20200208,20200213,463,1824,441,4,107.982,3,0.4,-26.9955
764,CA-2014-162775,20190113,20190115,176,866,277,3,11.36,2,0.0,5.3392
765,CA-2014-162775,20190113,20190115,176,862,277,3,50.94,3,0.0,25.47
766,CA-2014-162775,20190113,20190115,176,1554,277,3,646.74,6,0.0,258.696
767,CA-2014-162775,20190113,20190115,176,811,277,3,5.64,3,0.0,2.7072
768,CA-2014-162775,20190113,20190115,176,1290,277,3,572.58,6,0.0,34.3548
769,CA-2014-106810,20190514,20190520,38,297,183,4,310.88,2,0.2,23.316
770,CA-2016-157245,20210519,20210524,459,109,587,4,641.96,2,0.0,179.7488
771,CA-2017-104220,20220130,20220205,117,675,258,4,18.28,2,0.0,9.14
772,CA-2017-104220,20220130,20220205,117,1848,258,4,207.0,3,0.0,51.75
773,CA-2017-104220,20220130,20220205,117,650,258,4,32.35,5,0.0,16.175
774,CA-2017-104220,20220130,20220205,117,795,258,4,7.71,1,0.0,3.4695
775,CA-2017-104220,20220130,20220205,117,625,258,4,40.3,2,0.0,10.881
776,CA-2017-104220,20220130,20220205,117,232,258,4,34.58,7,0.0,14.5236
777,CA-2014-165974,20190629,20190706,218,580,439,4,32.76,7,0.2,3.6855
778,CA-2015-144267,20200821,20200823,579,90,99,1,544.008,3,0.2,40.8006
779,CA-2015-144267,20200821,20200823,579,1025,99,1,59.94,3,0.0,28.1718
780,CA-2015-144267,20200821,20200823,579,1141,99,1,23.92,4,0.0,11.7208
781,CA-2015-144267,20200821,20200823,579,1227,99,1,4.28,1,0.0,1.926
782,US-2015-157014,20201003,20201006,94,680,441,3,32.07,5,0.7,-22.449
783,US-2015-157014,20201003,20201006,94,1521,441,3,24.0,2,0.2,-2.7
784,US-2015-157014,20201003,20201006,94,44,441,3,35.49,1,0.5,-15.6156
785,US-2015-157014,20201003,20201006,94,1460,441,3,47.984,2,0.2,0.599799999999997
786,CA-2015-154921,20200523,20200528,246,847,492,4,186.69,3,0.0,87.7443
787,CA-2017-129567,20220317,20220321,153,637,61,3,17.456,2,0.2,5.8914
788,CA-2015-154620,20201212,20201216,478,128,61,4,348.928,2,0.2,34.8928
789,CA-2015-115938,20200626,20200630,664,697,593,4,143.96,4,0.0,69.1008
790,CA-2015-115938,20200626,20200630,664,1335,593,4,15.42,1,0.0,4.1634
791,CA-2015-115938,20200626,20200630,664,684,593,4,43.04,8,0.0,21.0896
792,CA-2015-115938,20200626,20200630,664,102,593,4,332.94,3,0.0,79.9056
793,CA-2016-105256,20210520,20210520,381,1729,417,2,1363.96,5,0.2,85.2475
794,CA-2014-156433,20190920,20190926,278,966,99,4,9.96,2,0.0,4.5816
795,CA-2014-156433,20190920,20190926,278,1229,99,4,21.72,4,0.0,10.6428
796,CA-2017-151428,20220921,20220926,643,659,336,4,20.16,7,0.0,9.8784
797,CA-2015-124653,20201224,20201226,192,1028,411,1,132.79,7,0.0,63.7392
798,CA-2015-124653,20201224,20201226,192,1168,411,1,12.96,2,0.0,6.2208
799,CA-2015-124653,20201224,20201226,192,975,411,1,21.56,7,0.0,10.3488
800,CA-2015-101910,20201127,20201203,139,94,58,4,283.92,5,0.2,17.745
801,CA-2017-105809,20220220,20220223,334,290,97,1,22.23,1,0.0,7.3359
802,CA-2017-105809,20220220,20220223,334,1734,97,1,215.968,2,0.2,18.8972
803,CA-2016-136133,20210818,20210823,334,388,407,3,355.32,9,0.0,99.4896
804,CA-2016-115504,20210312,20210317,495,1242,281,4,12.96,2,0.0,6.2208
805,CA-2017-135783,20220422,20220424,304,169,100,1,18.28,2,0.0,6.2152
806,CA-2014-134313,20191101,20191107,619,533,126,4,43.176,3,0.2,4.3176
807,CA-2014-134313,20191101,20191107,619,1741,126,4,1983.968,4,0.2,247.996
808,CA-2015-140921,20200203,20200205,2,255,362,1,28.4,2,0.0,11.076
809,CA-2015-140921,20200203,20200205,2,1600,362,1,149.97,3,0.0,50.9898
810,CA-2014-151995,20191013,20191015,792,574,604,1,11.52,4,0.0,3.2256
811,CA-2014-151995,20191013,20191015,792,350,604,1,1298.55,5,0.0,311.652
812,CA-2014-151995,20191013,20191015,792,382,604,1,213.92,4,0.0,62.0368
813,CA-2014-151995,20191013,20191015,792,1487,604,1,25.78,2,0.0,2.578
814,CA-2017-143686,20220514,20220514,596,169,105,2,18.28,2,0.0,6.2152
815,CA-2017-143686,20220514,20220514,596,1509,105,2,1399.93,7,0.0,601.9699
816,CA-2015-106565,20200320,20200323,119,1018,626,1,51.84,8,0.0,24.8832
817,CA-2016-149370,20210915,20210919,193,1225,484,4,5.344,1,0.2,1.8704
818,CA-2014-140858,20190628,20190702,125,1039,484,4,41.472,8,0.2,14.5152
819,CA-2014-140858,20190628,20190702,125,764,484,4,3.168,3,0.7,-2.4288
820,CA-2014-140858,20190628,20190702,125,70,484,4,1228.465,5,0.3,0.0
821,CA-2014-140858,20190628,20190702,125,814,484,4,31.086,3,0.7,-22.7964
822,CA-2014-140858,20190628,20190702,125,1217,484,4,335.52,4,0.2,117.432
823,CA-2017-101434,20220620,20220627,760,1532,373,4,239.97,3,0.0,71.991
824,CA-2017-101434,20220620,20220627,760,988,373,4,9.82,2,0.0,4.8118
825,US-2014-102071,20190509,20190515,592,1561,99,4,67.8,4,0.0,4.068
826,US-2014-102071,20190509,20190515,592,1461,99,4,167.97,3,0.0,40.3128
827,CA-2017-126956,20220821,20220828,312,922,332,4,35.0,7,0.0,16.8
828,CA-2017-126956,20220821,20220828,312,1423,332,4,37.24,4,0.0,10.7996
829,CA-2017-126956,20220821,20220828,312,896,332,4,15.28,2,0.0,7.4872
830,CA-2017-129462,20220616,20220621,357,60,270,3,301.96,2,0.0,90.588
831,CA-2017-129462,20220616,20220621,357,456,270,3,180.66,3,0.0,50.5848
832,CA-2017-129462,20220616,20220621,357,1732,270,3,191.98,2,0.0,51.8346
833,CA-2017-129462,20220616,20220621,357,1754,270,3,65.99,1,0.0,17.1574
834,CA-2016-165316,20210723,20210727,341,565,187,4,35.216,2,0.2,2.6412
835,CA-2016-165316,20210723,20210727,341,446,187,4,23.696,2,0.2,6.5164
836,CA-2016-165316,20210723,20210727,341,1668,187,4,265.475,1,0.5,-111.4995
837,US-2014-115987,20190908,20190913,463,676,573,3,51.184,4,0.8,-79.3352
838,US-2017-156083,20221104,20221111,385,1110,505,4,9.664,2,0.2,3.2616
839,US-2016-137547,20210307,20210312,247,1767,538,4,21.072,3,0.2,1.5804
840,CA-2015-100454,20201120,20201125,93,625,408,4,60.45,3,0.0,16.3215
841,CA-2015-100454,20201120,20201125,93,556,408,4,11.52,4,0.0,3.3408
842,CA-2015-100454,20201120,20201125,93,8,408,4,186.048,4,0.2,9.30240000000001
843,CA-2016-161669,20211107,20211109,272,690,67,1,37.44,4,0.2,11.7
844,CA-2016-161669,20211107,20211109,272,704,67,1,26.976,4,0.2,8.7672
845,CA-2016-161669,20211107,20211109,272,1438,67,1,11.36,2,0.0,3.2944
846,CA-2016-161669,20211107,20211109,272,1001,67,1,14.62,2,0.0,6.8714
847,CA-2015-114300,20201013,20201017,18,1731,273,4,83.72,7,0.0,23.4416
848,CA-2015-114300,20201013,20201017,18,78,273,4,287.94,3,0.0,77.7438
849,CA-2017-107503,20220101,20220106,294,278,451,4,48.896,4,0.2,8.5568
850,CA-2014-107755,20190207,20190212,151,1476,379,4,115.36,7,0.0,49.6048
851,CA-2016-152534,20210620,20210625,231,551,92,3,5.16,2,0.0,1.3416
852,CA-2016-152534,20210620,20210625,231,1136,92,3,38.88,6,0.0,18.6624
853,CA-2016-113747,20210528,20210604,777,578,343,4,185.88,6,0.0,50.1876
854,CA-2016-123274,20210219,20210224,312,290,408,4,44.46,2,0.0,14.6718
855,CA-2016-123274,20210219,20210224,312,1316,408,4,242.94,3,0.0,9.71759999999999
856,CA-2014-125612,20190803,20190808,90,1083,408,4,39.96,2,0.0,18.7812
857,CA-2014-125612,20190803,20190808,90,1440,408,4,102.3,10,0.0,26.598
858,CA-2014-125612,20190803,20190808,90,1387,408,4,21.36,2,0.0,5.7672
859,CA-2017-161984,20220410,20220415,695,1272,381,4,7.61,1,0.0,3.5767
860,CA-2017-161984,20220410,20220415,695,910,381,4,7.16,2,0.0,3.58
861,CA-2014-133851,20190609,20190616,162,1432,100,4,7.36,2,0.0,0.1472
862,CA-2014-133851,20190609,20190616,162,596,100,4,23.1,2,0.0,10.626
863,CA-2016-134474,20210105,20210107,38,1506,163,3,191.472,6,0.2,40.6878
864,CA-2016-134474,20210105,20210107,38,606,163,3,5.248,2,0.2,0.590399999999999
865,CA-2016-134474,20210105,20210107,38,1796,163,3,59.184,2,0.2,5.1786
866,CA-2014-149020,20190110,20190115,37,1003,595,4,2.89,1,0.0,1.3583
867,CA-2014-149020,20190110,20190115,37,171,595,4,51.94,1,0.0,21.2954
868,CA-2016-134362,20210929,20211002,472,1013,484,1,15.936,4,0.2,5.1792
869,CA-2014-136742,20190406,20190410,309,791,481,4,44.91,6,0.7,-35.928
870,CA-2016-158099,20210903,20210905,597,658,485,1,1141.47,5,0.7,-760.98
871,CA-2016-158099,20210903,20210905,597,1773,485,1,280.782,3,0.4,-46.797
872,CA-2015-131128,20201019,20201020,739,1222,368,1,34.44,3,0.0,17.22
873,CA-2014-148488,20191210,20191215,700,1268,405,4,11.36,2,0.0,5.2256
874,CA-2014-148488,20191210,20191215,700,652,405,4,106.344,7,0.2,37.2204
875,CA-2017-114636,20220825,20220829,294,1127,421,4,192.16,5,0.2,67.256
876,CA-2016-116736,20210117,20210121,133,285,368,4,322.59,3,0.0,64.518
877,CA-2016-116736,20210117,20210121,133,1567,368,4,29.99,1,0.0,13.1956
878,CA-2016-116736,20210117,20210121,133,1518,368,4,371.97,3,0.0,66.9546
879,US-2014-158638,20190917,20190921,26,789,482,4,5.892,4,0.7,-4.1244
880,CA-2017-111689,20221130,20221202,331,800,407,3,68.472,3,0.2,23.1093
881,CA-2017-111689,20221130,20221202,331,122,407,3,1242.9,5,0.1,262.39
882,CA-2015-129098,20201009,20201013,214,1335,595,4,30.84,2,0.0,8.3268
883,US-2017-123463,20221223,20221223,315,505,98,2,13.48,4,0.0,5.9312
884,CA-2016-165148,20211022,20211024,601,164,310,1,31.4,5,0.0,10.048
885,CA-2014-134061,20190429,20190504,465,182,411,4,17.46,2,0.0,5.9364
886,CA-2015-143602,20200425,20200428,406,724,68,3,13.944,3,0.2,4.5318
887,CA-2017-115364,20220626,20220702,581,1373,97,4,83.76,12,0.0,1.6752
888,CA-2017-150707,20221014,20221019,267,678,286,4,37.66,7,0.0,18.4534
889,CA-2014-104976,20191209,20191216,151,1235,100,4,34.68,6,0.0,16.9932
890,CA-2017-132934,20220620,20220626,354,1482,404,4,149.95,5,0.0,14.995
891,CA-2017-132934,20220620,20220626,354,680,404,4,51.312,3,0.2,18.6006
892,CA-2017-133256,20220626,20220627,753,1115,310,1,4.54,1,0.0,2.043
893,CA-2017-133256,20220626,20220627,753,571,310,1,15.92,4,0.0,5.4128
894,CA-2017-133256,20220626,20220627,753,1784,310,1,543.92,8,0.0,135.98
895,CA-2016-105494,20211110,20211112,587,1361,100,1,155.82,7,0.0,42.0714
896,CA-2016-105494,20211110,20211112,587,773,100,1,70.008,3,0.2,24.5028
897,CA-2016-140634,20211003,20211006,328,853,548,3,15.648,2,0.2,5.0856
898,CA-2014-144407,20190909,20190915,537,997,310,4,103.6,7,0.0,51.8
899,CA-2017-160983,20221029,20221031,295,1162,396,3,46.96,8,0.0,22.5408
900,US-2016-114622,20210410,20210412,405,835,458,1,8.904,2,0.7,-6.5296
901,CA-2017-150959,20221111,20221113,747,958,540,1,10.44,5,0.2,3.393
902,CA-2017-150959,20221111,20221113,747,694,540,1,18.336,4,0.8,-32.088
903,CA-2017-132353,20220915,20220917,191,1845,215,1,323.976,3,0.2,20.2485
904,CA-2016-130477,20210408,20210412,456,1193,66,4,20.04,3,0.0,9.6192
905,CA-2016-130477,20210408,20210412,456,1377,66,4,64.96,2,0.0,2.5984
906,CA-2016-130477,20210408,20210412,456,1015,66,4,12.96,2,0.0,6.2208
907,CA-2017-143259,20221230,20230103,604,32,405,4,323.136,4,0.2,12.1176
908,CA-2017-143259,20221230,20230103,604,1851,405,4,90.93,7,0.0,2.7279
909,CA-2017-143259,20221230,20230103,604,785,405,4,52.776,3,0.2,19.791
910,CA-2017-137596,20220902,20220907,76,1727,314,4,1199.8,4,0.0,323.946
911,CA-2017-137596,20220902,20220907,76,1591,314,4,1928.78,7,0.0,829.3754
912,CA-2017-137596,20220902,20220907,76,1404,314,4,352.38,2,0.0,81.0474
913,CA-2015-133627,20200531,20200607,669,204,144,4,22.2,6,0.0,9.102
914,CA-2017-102519,20221127,20221129,93,291,626,1,46.94,1,0.0,19.2454
915,CA-2017-102519,20221127,20221129,93,1508,626,1,143.73,9,0.0,56.0547
916,US-2014-141215,20190615,20190621,434,328,569,4,99.918,2,0.3,-18.5562
917,US-2014-141215,20190615,20190621,434,105,569,4,797.944,4,0.3,-56.996
918,US-2014-141215,20190615,20190621,434,745,569,4,8.568,3,0.8,-14.5656
919,CA-2016-165218,20210305,20210311,662,847,534,4,149.352,3,0.2,50.4063
920,CA-2016-165218,20210305,20210311,662,1349,534,4,12.992,1,0.2,-0.812
921,CA-2014-138296,20191205,20191212,629,1371,586,4,24.56,2,0.0,6.8768
922,CA-2015-111164,20200411,20200415,684,1533,405,4,85.14,3,0.0,34.9074
923,CA-2015-111164,20200411,20200415,684,1844,405,4,21.99,1,0.0,10.5552
924,CA-2015-111164,20200411,20200415,684,465,405,4,406.6,5,0.0,113.848
925,CA-2016-149797,20210915,20210920,29,780,406,4,841.568,2,0.2,294.5488
926,CA-2014-132962,20190913,20190916,392,1221,485,1,15.552,3,0.2,5.4432
927,CA-2014-132962,20190913,20190916,392,1580,485,1,252.0,5,0.2,53.55
928,CA-2015-115091,20201005,20201009,375,493,595,4,46.2,4,0.0,12.936
929,CA-2015-115091,20201005,20201009,375,391,595,4,28.84,2,0.0,9.5172
930,CA-2017-144932,20220414,20220417,9,587,459,1,14.592,3,0.2,2.5536
931,CA-2017-144932,20220414,20220417,9,520,459,1,89.856,3,0.2,21.3408
932,CA-2017-144932,20220414,20220417,9,1287,459,1,13.872,3,0.2,5.0286
933,CA-2017-114216,20220902,20220906,647,1157,484,4,12.192,3,0.2,4.1148
934,CA-2016-140081,20210620,20210624,143,1123,482,4,45.056,8,0.2,15.2064
935,CA-2016-140081,20210620,20210624,143,840,482,4,29.718,6,0.7,-21.7932
936,CA-2016-140081,20210620,20210624,143,1136,482,4,15.552,3,0.2,5.4432
937,CA-2016-140081,20210620,20210624,143,397,482,4,447.696,2,0.2,33.5772
938,US-2017-111745,20221105,20221106,618,1572,392,1,159.99,1,0.0,54.3966
939,CA-2015-148250,20201213,20201217,653,1036,89,4,12.96,2,0.0,6.2208
940,CA-2015-148250,20201213,20201217,653,442,89,4,134.48,4,0.0,34.9648
941,CA-2016-105760,20210619,20210620,420,1044,99,1,17.12,2,0.0,8.0464
942,CA-2016-142958,20211213,20211220,662,712,113,4,6.096,2,0.2,2.2098
943,CA-2016-142958,20211213,20211220,662,320,113,4,1114.272,4,0.2,41.7852
944,CA-2015-120880,20200529,20200603,389,1253,614,4,32.4,5,0.0,15.552
945,CA-2015-120880,20200529,20200603,389,1344,614,4,540.57,3,0.0,140.5482
946,CA-2015-120880,20200529,20200603,389,757,614,4,167.76,5,0.2,62.91
947,US-2015-140200,20200726,20200728,125,342,14,1,393.165,3,0.5,-204.4458
948,US-2017-110576,20221128,20221202,628,264,482,4,516.488,7,0.2,-12.9122
949,US-2017-110576,20221128,20221202,628,159,482,4,1007.232,6,0.2,75.5424
950,US-2017-110576,20221128,20221202,628,365,482,4,2065.32,12,0.4,-619.596
951,US-2017-110576,20221128,20221202,628,1073,482,4,15.552,3,0.2,5.4432
952,US-2017-110576,20221128,20221202,628,1172,482,4,25.344,6,0.2,7.92
953,CA-2017-131156,20220403,20220407,430,205,485,4,25.472,4,0.2,7.6416
954,CA-2017-136539,20221228,20230101,302,540,567,4,27.168,2,0.2,2.7168
955,CA-2017-136539,20221228,20230101,302,48,567,4,78.8528,2,0.32,-11.596
956,CA-2017-119305,20221130,20221204,726,1307,343,4,173.8,5,0.0,43.45
957,CA-2017-102414,20220515,20220518,340,1796,16,3,29.592,1,0.2,2.5893
958,CA-2017-102414,20220515,20220518,340,824,16,3,4.752,2,0.7,-3.168
959,CA-2017-102414,20220515,20220518,340,1167,16,3,15.552,3,0.2,5.6376
960,CA-2015-112571,20200922,20200922,219,294,78,2,204.6,2,0.0,53.196
961,CA-2017-152142,20221114,20221119,480,100,99,4,321.568,2,0.2,28.1372
962,CA-2015-160059,20201127,20201201,734,644,23,4,6.24,2,0.0,3.0576
963,CA-2016-120859,20210901,20210904,184,857,99,1,21.88,2,0.0,10.94
964,CA-2014-127488,20190922,20190924,537,967,152,3,4.608,2,0.2,1.6704
965,CA-2017-135279,20220409,20220411,110,1000,406,1,9.82,2,0.0,4.8118
966,CA-2017-135279,20220409,20220411,110,618,406,1,35.97,3,0.0,9.7119
967,CA-2017-135279,20220409,20220411,110,1275,406,1,12.96,2,0.0,6.2208
968,CA-2017-135279,20220409,20220411,110,1095,406,1,191.6,4,0.0,91.968
969,CA-2017-135279,20220409,20220411,110,967,406,1,8.64,3,0.0,4.2336
970,CA-2017-135279,20220409,20220411,110,1329,406,1,501.81,3,0.0,0.0
971,CA-2014-115791,20190116,20190118,220,176,483,3,127.104,6,0.2,28.5984
972,CA-2014-115791,20190116,20190118,220,1848,483,3,124.2,3,0.4,-31.05
973,CA-2014-115791,20190116,20190118,220,699,483,3,18.588,2,0.7,-13.6312
974,CA-2014-115791,20190116,20190118,220,959,483,3,30.072,3,0.2,10.1493
975,US-2017-103247,20221005,20221008,606,1813,406,3,160.93,7,0.0,3.21860000000001
976,US-2017-103247,20221005,20221008,606,825,406,3,75.792,3,0.2,25.5798
977,US-2017-100209,20220709,20220715,747,721,472,4,1.08,2,0.7,-0.792
978,CA-2017-159366,20220107,20220110,119,1625,309,1,3059.982,2,0.1,679.996
979,CA-2016-145499,20210530,20210531,663,670,434,1,3.282,2,0.7,-2.6256
980,CA-2015-157035,20201209,20201212,419,1254,242,1,34.02,3,0.0,16.6698
981,CA-2016-144939,20211003,20211008,250,102,408,4,599.292,6,0.1,93.2232
982,CA-2014-163419,20191111,20191114,775,474,132,3,3.392,1,0.2,0.8056
983,CA-2014-163419,20191111,20191114,775,1699,132,3,559.984,2,0.2,55.9984
984,CA-2014-163419,20191111,20191114,775,60,132,3,603.92,5,0.2,75.4899999999999
985,CA-2017-100314,20220929,20221005,58,966,561,4,7.968,2,0.2,2.5896
986,CA-2017-100314,20220929,20221005,58,848,561,4,27.968,4,0.2,9.4392
987,CA-2017-100314,20220929,20221005,58,1652,561,4,336.51,3,0.4,44.868
988,CA-2015-146829,20200310,20200310,764,803,546,2,1.112,2,0.8,-1.8904
989,CA-2017-167899,20220521,20220526,368,289,396,4,520.05,5,0.0,72.807
990,CA-2017-167899,20220521,20220526,368,542,396,4,17.97,3,0.0,5.2113
991,CA-2015-153549,20200329,20200331,699,120,163,3,1166.92,5,0.2,131.2785
992,CA-2016-110023,20210909,20210911,768,675,407,1,14.624,2,0.2,5.484
993,CA-2016-105585,20210826,20210827,641,929,102,1,10.23,3,0.0,4.9104
994,CA-2016-105585,20210826,20210827,641,1223,102,1,154.9,5,0.0,69.705
995,CA-2014-117639,20190521,20190525,548,796,597,4,2715.93,7,0.0,1276.4871
996,CA-2014-117639,20190521,20190525,548,1729,597,4,617.97,3,0.0,173.0316
997,CA-2015-162537,20201028,20201103,632,890,272,4,10.67,1,0.0,4.9082
998,CA-2015-162537,20201028,20201103,632,1410,272,4,36.63,3,0.0,9.8901
999,CA-2015-162537,20201028,20201103,632,240,272,4,24.1,5,0.0,9.158
1000,CA-2015-162537,20201028,20201103,632,202,272,4,33.11,7,0.0,12.9129
1001,CA-2016-155488,20211113,20211117,288,565,617,4,44.02,2,0.0,11.4452
1002,CA-2015-124891,20200731,20200731,643,1548,407,2,2309.65,7,0.0,762.1845
1003,CA-2015-124891,20200731,20200731,643,350,407,2,1090.782,7,0.4,-290.8752
1004,CA-2015-124891,20200731,20200731,643,1275,407,2,19.44,3,0.0,9.3312
1005,CA-2015-126445,20200827,20200831,620,1292,76,4,484.65,3,0.0,92.0835
1006,CA-2015-111199,20201113,20201117,381,1127,430,4,115.296,3,0.2,40.3536
1007,CA-2015-105312,20201106,20201109,543,872,17,1,7.08,3,0.2,2.478
1008,CA-2015-105312,20201106,20201109,543,723,17,1,4.401,3,0.7,-3.5208
1009,US-2017-106705,20221226,20230101,603,1107,256,4,44.75,5,0.0,20.585
1010,CA-2017-135034,20220801,20220803,60,1824,215,1,95.984,2,0.2,5.999
1011,CA-2014-158540,20191124,20191126,779,191,96,1,151.72,4,0.0,27.3096
1012,CA-2017-118437,20220617,20220621,590,311,609,3,155.25,3,0.0,46.575
1013,CA-2017-118437,20220617,20220621,590,1402,609,3,14.03,1,0.0,4.0687
1014,US-2015-126214,20201221,20201224,408,359,613,3,1618.37,13,0.0,356.0414
1015,US-2015-126214,20201221,20201224,408,1555,613,3,99.6,1,0.0,36.852
1016,CA-2015-133025,20200917,20200919,531,1252,67,3,32.4,5,0.0,15.552
1017,CA-2015-108665,20200706,20200710,436,216,406,4,13.96,2,0.0,6.7008
1018,CA-2015-108665,20200706,20200710,436,171,406,4,155.82,3,0.0,63.8862
1019,CA-2015-108665,20200706,20200710,436,1836,406,4,124.95,5,0.0,2.499
1020,CA-2015-108665,20200706,20200710,436,1348,406,4,601.65,5,0.0,156.429
1021,CA-2015-124450,20200427,20200503,312,508,150,4,22.74,3,0.0,8.8686
1022,CA-2015-124450,20200427,20200503,312,54,150,4,1267.53,3,0.0,316.8825
1023,CA-2015-124450,20200427,20200503,312,1671,150,4,1379.92,8,0.0,648.5624
1024,CA-2015-167269,20200616,20200620,585,881,483,4,6.208,2,0.2,2.1728
1025,CA-2017-106964,20221217,20221220,332,653,68,1,11.808,2,0.2,4.2804
1026,CA-2016-126529,20210111,20210113,203,1087,458,3,15.552,3,0.2,5.4432
1027,CA-2016-126529,20210111,20210113,203,1226,458,3,63.312,3,0.2,20.5764
1028,CA-2016-126529,20210111,20210113,203,1684,458,3,15.588,2,0.4,-9.8724
1029,CA-2014-163552,20190711,20190715,448,1049,377,4,177.2,5,0.0,83.284
1030,CA-2014-163552,20190711,20190715,448,1823,377,4,197.97,3,0.0,57.4113
1031,CA-2014-163552,20190711,20190715,448,105,377,4,854.94,3,0.0,213.735
1032,CA-2014-163552,20190711,20190715,448,160,377,4,124.11,9,0.0,52.1262
1033,CA-2014-163552,20190711,20190715,448,961,377,4,14.4,5,0.0,7.056
1034,CA-2016-109820,20211120,20211122,22,1080,439,1,15.696,3,0.2,5.1012
1035,CA-2016-109820,20211120,20211122,22,775,439,1,2.628,2,0.7,-1.9272
1036,CA-2016-109820,20211120,20211122,22,656,439,1,14.427,3,0.7,-10.5798
1037,CA-2016-113061,20210422,20210426,267,281,348,4,86.62,2,0.0,8.66199999999999
1038,CA-2015-127418,20200613,20200614,374,787,64,1,36.624,3,0.2,13.734
1039,CA-2017-121818,20221120,20221121,369,477,418,1,23.968,7,0.2,2.6964
1040,CA-2017-121818,20221120,20221121,369,631,418,1,28.728,3,0.2,1.7955
1041,CA-2016-127670,20210320,20210324,633,326,352,4,697.16,4,0.0,146.4036
1042,CA-2016-102981,20210906,20210909,530,1593,408,3,31.86,2,0.0,11.151
1043,CA-2016-102981,20210906,20210909,530,14,408,3,722.352,3,0.2,90.2939999999999
1044,CA-2017-115651,20220709,20220712,577,506,213,1,8.84,5,0.2,2.9835
1045,CA-2017-115651,20220709,20220712,577,378,213,1,58.464,9,0.8,-146.16
1046,CA-2017-152702,20221012,20221016,705,86,234,4,254.604,14,0.3,-18.186
1047,CA-2016-169103,20210308,20210313,792,1729,169,4,1363.96,5,0.2,85.2475
1048,CA-2016-169103,20210308,20210313,792,284,169,4,102.36,3,0.2,-3.83850000000001
1049,CA-2014-139192,20190527,20190601,452,1697,98,3,1113.504,12,0.2,125.2692
1050,CA-2014-139192,20190527,20190601,452,1504,98,3,99.99,1,0.0,37.9962
1051,US-2015-153500,20200703,20200705,205,150,483,1,168.464,2,0.2,-29.4812
1052,US-2015-153500,20200703,20200705,205,1099,483,1,6.72,2,0.2,2.436
1053,US-2015-153500,20200703,20200705,205,300,483,1,282.888,9,0.2,56.5776
1054,CA-2015-110667,20200404,20200408,563,494,405,4,11.16,2,0.0,4.3524
1055,CA-2015-110667,20200404,20200408,563,304,405,4,108.4,2,0.0,22.764
1056,CA-2015-110667,20200404,20200408,563,746,405,4,82.344,3,0.2,27.7911
1057,CA-2015-110667,20200404,20200408,563,778,405,4,9.088,4,0.2,3.2944
1058,CA-2017-167150,20221210,20221217,102,679,96,4,19.936,4,0.2,7.2268
1059,CA-2017-167150,20221210,20221217,102,700,96,4,65.568,2,0.2,22.9488
1060,CA-2016-105284,20211124,20211201,503,919,485,4,4.416,3,0.2,1.6008
1061,US-2015-125374,20200323,20200329,352,106,548,4,107.772,2,0.3,-29.2524
1062,CA-2015-161263,20200416,20200421,762,423,459,4,45.216,3,0.2,4.5216
1063,CA-2015-161263,20200416,20200421,762,941,459,4,10.416,7,0.2,-2.2134
1064,CA-2015-161263,20200416,20200421,762,630,459,4,7.872,3,0.2,1.2792
1065,CA-2015-161263,20200416,20200421,762,1757,459,4,118.782,3,0.4,-27.7158
1066,CA-2015-161263,20200416,20200421,762,932,459,4,1.448,1,0.2,0.2353
1067,CA-2015-161263,20200416,20200421,762,819,459,4,55.47,5,0.7,-46.225
1068,CA-2016-157686,20211001,20211002,72,66,100,1,194.848,4,0.2,12.178
1069,US-2017-139955,20220928,20220930,158,1435,524,3,1.744,1,0.2,-0.3488
1070,US-2015-150161,20200725,20200729,628,695,485,4,25.176,4,0.7,-18.4624
1071,CA-2015-144652,20201120,20201126,704,595,65,4,19.46,7,0.0,5.0596
1072,CA-2016-152814,20210428,20210502,261,1145,126,4,29.472,3,0.2,9.9468
1073,CA-2017-106943,20221114,20221119,290,783,408,4,8.64,2,0.2,3.024
1074,CA-2016-134348,20211112,20211119,539,792,14,4,6.27,5,0.7,-4.598
1075,CA-2016-134348,20211112,20211119,539,844,14,4,4.368,7,0.7,-3.3488
1076,CA-2016-134348,20211112,20211119,539,1562,14,4,31.984,2,0.2,1.999
1077,CA-2016-161781,20210929,20210930,129,479,242,1,40.88,7,0.0,10.6288
1078,CA-2017-132521,20220923,20220925,242,418,614,3,119.96,2,0.0,33.5888
1079,CA-2017-132521,20220923,20220925,242,1336,614,3,31.44,3,0.0,8.4888
1080,CA-2017-132521,20220923,20220925,242,655,614,3,6.88,1,0.2,2.322
1081,CA-2015-110016,20201129,20201204,112,1043,310,4,19.92,4,0.0,9.3624
1082,CA-2015-110016,20201129,20201204,112,98,310,4,1106.91,9,0.0,121.7601
1083,US-2016-143819,20210301,20210305,423,326,416,4,836.592,8,0.4,-264.9208
1084,US-2016-143819,20210301,20210305,423,1204,416,4,26.38,1,0.0,12.1348
1085,US-2016-143819,20210301,20210305,423,1386,416,4,362.92,2,0.0,105.2468
1086,US-2016-143819,20210301,20210305,423,1667,416,4,4899.93,7,0.0,2400.9657
1087,CA-2016-167584,20210812,20210812,451,1016,258,2,6.48,1,0.0,3.1104
1088,CA-2016-166163,20210815,20210820,186,1855,77,3,71.976,3,0.2,7.1976
1089,CA-2016-166163,20210815,20210820,186,954,77,3,3.15,1,0.0,1.512
1090,CA-2017-158407,20220604,20220610,480,206,431,4,31.984,2,0.2,1.999
1091,CA-2017-158407,20220604,20220610,480,1744,431,4,71.984,2,0.2,25.1944
1092,CA-2015-143490,20201206,20201213,571,564,97,4,120.15,9,0.0,33.642
1093,CA-2015-143490,20201206,20201213,571,1701,97,4,219.184,2,0.2,19.1786
1094,CA-2015-165085,20201227,20201231,114,1064,285,4,28.9,5,0.0,14.161
1095,CA-2015-165085,20201227,20201231,114,429,285,4,355.96,2,0.0,103.2284
1096,CA-2017-160423,20220121,20220126,611,1412,421,4,348.208,7,0.2,30.4682
1097,CA-2017-160423,20220121,20220126,611,801,421,4,35.784,7,0.7,-28.6272
1098,CA-2014-159338,20190625,20190628,577,363,69,1,447.84,5,0.2,11.196
1099,CA-2016-107216,20210614,20210617,613,522,100,1,7.04,4,0.0,2.0416
1100,CA-2016-107216,20210614,20210617,613,144,100,1,8.73,3,0.0,4.1031
1101,CA-2016-107216,20210614,20210617,613,1485,100,1,29.29,1,0.0,9.6657
1102,CA-2016-107216,20210614,20210617,613,548,100,1,8.64,3,0.0,2.5056
1103,US-2017-145863,20220421,20220427,654,808,546,4,2.694,3,0.8,-4.7145
1104,US-2017-145863,20220421,20220427,654,723,546,4,2.934,3,0.8,-4.9878
1105,CA-2016-112340,20211021,20211027,570,1138,89,4,22.92,3,0.0,11.2308
1106,US-2016-110156,20211119,20211124,259,1311,546,4,100.704,6,0.2,-16.3644
1107,US-2016-110156,20211119,20211124,259,144,546,4,2.328,2,0.6,-0.7566
1108,US-2016-110156,20211119,20211124,259,784,546,4,10.78,5,0.8,-17.248
1109,US-2016-110156,20211119,20211124,259,937,546,4,58.368,12,0.2,21.888
1110,US-2016-110156,20211119,20211124,259,888,546,4,40.968,3,0.2,13.8267
1111,US-2016-110156,20211119,20211124,259,1815,546,4,71.96,5,0.2,25.186
1112,US-2016-110156,20211119,20211124,259,1280,546,4,10.368,2,0.2,3.6288
1113,US-2016-110156,20211119,20211124,259,744,546,4,1.192,2,0.8,-2.0264
1114,CA-2017-140585,20221218,20221223,619,773,48,3,46.672,2,0.2,16.3352
1115,CA-2017-140585,20221218,20221223,619,18,48,3,119.833,1,0.15,-12.6882
1116,CA-2017-140585,20221218,20221223,619,1565,48,3,119.98,2,0.0,57.5904
1117,CA-2016-144855,20210722,20210724,222,996,99,3,6.3,2,0.0,3.024
1118,CA-2015-142755,20200904,20200908,177,1145,195,4,279.9,5,0.0,137.151
1119,CA-2015-142755,20200904,20200908,177,1518,195,4,619.95,5,0.0,111.591
1120,CA-2015-142755,20200904,20200908,177,1023,195,4,4.36,2,0.0,2.0492
1121,CA-2015-142755,20200904,20200908,177,896,195,4,15.28,2,0.0,7.4872
1122,US-2014-147627,20190120,20190126,328,1712,25,4,699.93,7,0.0,181.9818
1123,US-2014-147627,20190120,20190126,328,552,25,4,22.96,7,0.0,6.6584
1124,US-2014-147627,20190120,20190126,328,251,25,4,38.6,4,0.0,11.58
1125,US-2014-147627,20190120,20190126,328,600,25,4,6.63,3,0.0,1.7901
1126,US-2014-147627,20190120,20190126,328,864,25,4,23.34,3,0.0,10.9698
1127,US-2014-147627,20190120,20190126,328,89,25,4,1067.94,3,0.0,224.2674
1128,CA-2015-105970,20200302,20200307,582,570,254,4,10.16,1,0.0,2.6416
1129,CA-2015-105970,20200302,20200307,582,862,254,4,101.88,6,0.0,50.94
1130,CA-2016-112102,20210412,20210416,71,362,595,4,343.92,4,0.0,75.6624
1131,CA-2016-112102,20210412,20210416,71,1021,595,4,40.99,1,0.0,20.0851
1132,CA-2016-112102,20210412,20210416,71,869,595,4,63.9,5,0.0,28.755
1133,US-2016-114776,20211206,20211207,298,1252,32,1,19.44,3,0.0,9.3312
1134,US-2016-134908,20210605,20210609,409,1395,483,4,124.608,4,0.2,-23.364
1135,US-2016-134908,20210605,20210609,409,957,483,4,7.56,3,0.2,2.646
1136,US-2016-148803,20211211,20211211,470,1342,162,2,85.224,3,0.2,7.4571
1137,CA-2016-152170,20211112,20211115,284,874,246,3,287.52,8,0.0,129.384
1138,CA-2016-152170,20211112,20211115,284,423,246,3,37.68,2,0.0,10.5504
1139,CA-2016-152170,20211112,20211115,284,1125,246,3,19.98,2,0.0,8.991
1140,CA-2016-152170,20211112,20211115,284,579,246,3,20.58,7,0.0,5.5566
1141,CA-2016-152170,20211112,20211115,284,725,246,3,17.38,2,0.0,8.69
1142,CA-2014-146969,20190929,20191003,45,294,68,4,204.6,2,0.0,53.196
1143,CA-2014-146969,20190929,20191003,45,918,68,4,8.72,4,0.0,2.8776
1144,CA-2014-146969,20190929,20191003,45,1152,68,4,6.48,1,0.0,3.1104
1145,CA-2014-146969,20190929,20191003,45,1672,68,4,686.32,2,0.2,223.054
1146,CA-2014-146969,20190929,20191003,45,1412,68,4,62.18,1,0.0,16.7886
1147,CA-2015-112452,20200404,20200404,555,454,315,2,644.076,2,0.1,107.346
1148,CA-2015-112452,20200404,20200404,555,911,315,2,5.84,2,0.0,2.628
1149,CA-2015-112452,20200404,20200404,555,771,315,2,12.76,2,0.0,5.8696
1150,CA-2015-112452,20200404,20200404,555,1690,315,2,10.95,1,0.0,0.437999999999999
1151,CA-2015-112452,20200404,20200404,555,1614,315,2,599.98,2,0.0,209.993
1152,CA-2015-113971,20200508,20200514,128,197,442,4,8.352,6,0.2,1.2528
1153,CA-2017-160395,20211231,20220106,434,597,366,4,3.64,2,0.0,1.638
1154,CA-2017-160395,20211231,20220106,434,800,366,4,159.768,7,0.2,53.9217
1155,CA-2014-136567,20191220,20191221,611,1411,591,1,122.48,2,0.0,0.0
1156,CA-2014-136567,20191220,20191221,611,338,591,1,2244.48,7,0.0,493.7856
1157,CA-2014-136567,20191220,20191221,611,799,591,1,62.31,3,0.0,29.2857
1158,CA-2014-136567,20191220,20191221,611,321,591,1,455.1,2,0.0,100.122
1159,CA-2016-149314,20210702,20210707,295,85,64,3,195.184,1,0.2,19.5184
1160,CA-2017-147039,20220629,20220704,1,388,334,4,362.94,3,0.0,90.735
1161,CA-2017-147039,20220629,20220704,1,833,334,4,11.54,2,0.0,5.77
1162,CA-2014-126522,20190901,20190905,477,611,49,3,53.94,3,0.0,15.6426
1163,CA-2014-127964,20190303,20190308,44,1850,408,4,9.99,1,0.0,4.5954
1164,CA-2014-127964,20190303,20190308,44,830,408,4,125.76,3,0.2,40.872
1165,CA-2014-127964,20190303,20190308,44,774,408,4,25.32,5,0.2,9.1785
1166,CA-2014-117709,20190504,20190508,600,690,314,4,46.8,4,0.0,21.06
1167,CA-2015-125416,20201102,20201102,421,1501,615,2,447.93,9,0.0,49.2723
1168,CA-2017-145226,20221208,20221210,220,315,408,3,109.48,2,0.0,33.9388
1169,CA-2017-145226,20221208,20221210,220,1407,408,3,272.94,3,0.0,0.0
1170,CA-2017-145226,20221208,20221210,220,1207,408,3,19.44,3,0.0,9.3312
1171,CA-2017-145226,20221208,20221210,220,1368,408,3,31.92,4,0.0,8.2992
1172,US-2014-100279,20190310,20190314,726,1164,322,4,22.38,2,0.0,10.7424
1173,CA-2014-158064,20190421,20190425,2,760,65,4,16.52,5,0.2,5.5755
1174,US-2015-104430,20201022,20201026,478,650,208,4,5.176,4,0.8,-7.764
1175,CA-2015-132080,20200822,20200825,231,786,408,1,50.112,6,0.2,16.2864
1176,CA-2016-161207,20210829,20210903,6,1423,368,4,27.93,3,0.0,8.0997
1177,CA-2014-120243,20191227,20191230,59,1006,64,3,11.56,4,0.0,5.4332
1178,CA-2016-113621,20211201,20211205,357,69,290,4,172.5,2,0.0,51.75
1179,CA-2016-113621,20211201,20211205,357,1824,290,4,179.97,3,0.0,44.9925
1180,CA-2016-168081,20210424,20210427,122,1554,547,3,258.696,3,0.2,64.674
1181,CA-2014-128146,20190621,20190625,191,1846,378,4,1322.93,7,0.0,357.1911
1182,CA-2014-128146,20190621,20190625,191,535,378,4,3.76,2,0.0,1.0904
1183,CA-2017-138779,20220114,20220115,625,870,430,1,21.744,1,0.2,7.3386
1184,CA-2017-138779,20220114,20220115,625,1818,430,1,7.92,5,0.2,0.693
1185,CA-2014-127131,20191124,20191130,333,834,613,4,12.096,7,0.2,4.2336
1186,CA-2014-127131,20191124,20191130,333,1367,613,4,485.88,6,0.0,9.71760000000003
1187,CA-2014-127131,20191124,20191130,333,1128,613,4,25.92,4,0.0,12.4416
1188,CA-2014-127131,20191124,20191130,333,1291,613,4,197.58,2,0.0,53.3466
1189,CA-2017-117212,20220226,20220228,115,466,67,3,81.92,4,0.0,22.1184
1190,CA-2017-117212,20220226,20220228,115,1842,67,3,889.536,8,0.2,66.7152
1191,CA-2017-117212,20220226,20220228,115,117,67,3,892.224,3,0.2,89.2224
1192,CA-2017-117212,20220226,20220228,115,1145,67,3,223.92,4,0.0,109.7208
1193,CA-2017-117212,20220226,20220228,115,1068,67,3,23.12,4,0.0,11.3288
1194,US-2015-130519,20200915,20200915,564,1140,155,2,15.552,3,0.2,5.4432
1195,US-2015-130519,20200915,20200915,564,219,155,2,15.712,4,0.2,2.5532
1196,US-2015-130519,20200915,20200915,564,1335,155,2,24.672,2,0.2,2.1588
1197,US-2015-130519,20200915,20200915,564,257,155,2,55.968,1,0.2,-2.09880000000001
1198,CA-2016-130946,20210408,20210412,792,1513,546,4,431.928,9,0.2,64.7892
1199,CA-2016-130946,20210408,20210412,792,126,546,4,95.984,4,0.3,-4.1136
1200,CA-2016-130946,20210408,20210412,792,846,546,4,1088.792,4,0.8,-1850.9464
1201,CA-2016-114727,20210718,20210724,472,90,126,4,544.008,3,0.2,40.8006
1202,CA-2016-114727,20210718,20210724,472,844,126,4,1.872,3,0.7,-1.4352
1203,CA-2016-114727,20210718,20210724,472,89,126,4,854.352,3,0.2,10.6793999999999
1204,CA-2016-114727,20210718,20210724,472,1365,126,4,593.568,2,0.2,0.0
1205,CA-2016-114727,20210718,20210724,472,1315,126,4,338.04,3,0.2,-33.804
1206,CA-2017-133235,20220801,20220804,461,1784,421,1,271.96,5,0.2,16.9975
1207,CA-2016-137050,20210714,20210718,729,1415,405,3,11.21,1,0.0,3.363
1208,CA-2016-137050,20210714,20210718,729,729,405,3,9.144,3,0.2,3.2004
1209,CA-2016-137050,20210714,20210718,729,930,405,3,14.07,7,0.0,6.8943
1210,CA-2016-137050,20210714,20210718,729,636,405,3,41.86,7,0.0,10.465
1211,CA-2016-137050,20210714,20210718,729,674,405,3,8.544,2,0.2,2.8836
1212,CA-2016-137050,20210714,20210718,729,47,405,3,579.136,4,0.2,21.7175999999999
1213,US-2017-118087,20220909,20220913,708,132,483,4,141.372,2,0.3,-48.4704
1214,US-2017-118087,20220909,20220913,708,739,483,4,3.036,2,0.7,-2.3276
1215,US-2017-118087,20220909,20220913,708,640,483,4,4.503,1,0.7,-3.6024
1216,US-2017-118087,20220909,20220913,708,589,483,4,4.672,1,0.2,1.5768
1217,US-2017-118087,20220909,20220913,708,1583,483,4,95.88,3,0.2,28.764
1218,US-2017-118087,20220909,20220913,708,199,483,4,17.024,2,0.2,1.7024
1219,US-2017-118087,20220909,20220913,708,1554,483,4,258.696,3,0.2,64.674
1220,US-2017-118087,20220909,20220913,708,1760,483,4,1931.958,7,0.4,-386.3916
1221,CA-2014-110184,20190712,20190716,83,1295,67,4,249.75,9,0.0,44.955
1222,CA-2014-110184,20190712,20190716,83,1694,67,4,255.936,8,0.2,28.7928
1223,CA-2016-126004,20211204,20211205,91,191,407,1,113.79,3,0.0,20.4822
1224,CA-2016-126004,20211204,20211205,91,1496,407,1,78.15,1,0.0,34.386
1225,CA-2016-126004,20211204,20211205,91,834,407,1,1.728,1,0.2,0.6048
1226,CA-2016-126004,20211204,20211205,91,1119,407,1,40.56,4,0.0,19.8744
1227,CA-2016-126004,20211204,20211205,91,1340,407,1,182.94,3,0.0,3.6588
1228,CA-2016-126004,20211204,20211205,91,1314,407,1,193.86,2,0.0,11.6316
1229,CA-2017-100013,20221106,20221111,792,856,68,4,15.28,2,0.0,7.4872
1230,CA-2017-100013,20221106,20221111,792,182,68,4,8.73,1,0.0,2.9682
1231,CA-2017-100013,20221106,20221111,792,502,68,4,5.68,2,0.0,1.7608
1232,CA-2015-132570,20201031,20201102,445,481,397,3,2.78,2,0.0,0.7228
1233,CA-2015-132570,20201031,20201102,445,879,397,3,79.96,2,0.0,35.982
1234,CA-2016-153682,20210530,20210601,87,1604,439,1,839.988,2,0.4,69.9989999999999
1235,CA-2016-144344,20211028,20211028,592,140,153,2,47.952,3,0.2,13.7862
1236,CA-2016-144344,20211028,20211028,592,791,153,2,37.425,5,0.7,-29.94
1237,CA-2016-144344,20211028,20211028,592,253,153,2,63.968,2,0.2,0.0
1238,CA-2016-144344,20211028,20211028,592,262,153,2,165.048,3,0.2,41.262
1239,CA-2014-127012,20190811,20190815,307,267,614,4,12.35,1,0.0,5.434
1240,CA-2014-127012,20190811,20190815,307,605,614,4,40.97,1,0.0,10.6522
1241,CA-2014-127012,20190811,20190815,307,942,614,4,22.96,2,0.0,10.7912
1242,CA-2016-128727,20210829,20210904,531,1809,407,4,22.0,4,0.0,5.5
1243,US-2016-162859,20210215,20210222,592,827,405,4,398.352,3,0.2,124.485
1244,US-2016-162859,20210215,20210222,592,905,405,4,8.72,4,0.0,3.5752
1245,CA-2017-133641,20220514,20220521,265,900,341,4,48.69,9,0.0,23.8581
1246,CA-2014-168494,20191212,20191214,574,373,51,3,764.688,6,0.2,95.5859999999999
1247,CA-2014-168494,20191212,20191214,574,356,51,3,3610.848,12,0.2,135.4068
1248,CA-2014-168494,20191212,20191214,574,45,51,3,254.9745,3,0.15,11.9988
1249,CA-2017-115602,20221218,20221224,210,550,405,4,38.82,6,0.0,17.469
1250,CA-2017-115602,20221218,20221224,210,73,405,4,1141.938,9,0.1,139.5702
1251,CA-2017-115602,20221218,20221224,210,394,405,4,1704.56,13,0.0,511.368
1252,CA-2017-115602,20221218,20221224,210,486,405,4,3.2,2,0.0,1.376
1253,CA-2015-154956,20200704,20200709,339,1835,626,4,1099.96,4,0.0,285.9896
1254,CA-2017-144638,20220310,20220314,516,606,480,4,5.248,2,0.2,0.590399999999999
1255,CA-2017-144638,20220310,20220314,516,1685,480,4,35.91,3,0.4,-8.379
1256,CA-2017-144638,20220310,20220314,516,269,480,4,6.696,1,0.2,0.5022
1257,CA-2017-144638,20220310,20220314,516,261,480,4,43.872,2,0.2,11.5164
1258,US-2016-168620,20211224,20211228,628,699,421,3,27.882,3,0.7,-20.4468
1259,US-2016-168620,20211224,20211228,628,1401,421,3,540.048,3,0.2,-47.2542
1260,US-2016-168620,20211224,20211228,628,1583,421,3,255.68,8,0.2,76.704
1261,CA-2017-117079,20221023,20221027,404,1847,163,4,863.88,3,0.2,107.985
1262,US-2016-144393,20211028,20211104,703,816,428,4,17.616,4,0.7,-14.0928
1263,CA-2017-105053,20220707,20220709,177,703,402,3,17.472,3,0.2,6.3336
1264,CA-2016-155992,20211001,20211002,131,1689,246,1,69.9,2,0.0,18.873
1265,CA-2016-155992,20211001,20211002,131,269,246,1,41.85,5,0.0,10.881
1266,CA-2017-110380,20220902,20220907,591,485,100,4,6.57,3,0.0,1.7739
1267,US-2014-167738,20191224,20191229,348,1389,68,4,142.86,1,0.0,41.4294
1268,US-2014-167738,20191224,20191229,348,66,68,4,292.272,6,0.2,18.267
1269,CA-2017-121412,20220923,20220927,87,147,132,4,29.328,3,0.2,3.666
1270,CA-2017-100426,20220604,20220608,200,1190,3,4,12.48,2,0.0,5.616
1271,US-2016-103646,20210421,20210426,707,1305,214,4,102.336,4,0.2,-12.792
1272,US-2016-103646,20210421,20210426,707,465,214,4,48.792,3,0.8,-126.8592
1273,US-2016-103646,20210421,20210426,707,754,214,4,44.848,8,0.8,-67.272
1274,CA-2016-119186,20210526,20210526,539,1275,538,2,10.368,2,0.2,3.6288
1275,CA-2016-119186,20210526,20210526,539,79,538,2,388.43,5,0.3,-88.784
1276,CA-2016-119186,20210526,20210526,539,1247,538,2,14.352,3,0.2,5.2026
1277,CA-2016-119186,20210526,20210526,539,1474,538,2,63.992,1,0.2,-7.1991
1278,CA-2016-148698,20210502,20210507,75,609,547,4,86.352,3,0.2,5.39699999999999
1279,CA-2014-163293,20190908,20190911,420,1578,193,1,32.97,3,0.0,12.8583
1280,CA-2014-163293,20190908,20190911,420,1459,193,1,83.88,4,0.0,30.1968
1281,CA-2016-160815,20210905,20210906,760,1811,257,1,278.4,3,0.0,80.736
1282,CA-2017-122154,20220409,20220411,664,945,163,1,15.12,3,0.2,4.914
1283,CA-2017-122154,20220409,20220411,664,722,163,1,17.43,1,0.7,-13.363
1284,CA-2017-122154,20220409,20220411,664,1081,163,1,251.64,3,0.2,88.074
1285,US-2015-149692,20201206,20201212,446,750,520,4,2.772,7,0.8,-4.851
1286,CA-2016-119445,20210626,20210703,306,1309,489,4,14.9,5,0.0,1.043
1287,CA-2015-124268,20200704,20200708,16,632,408,4,15.48,3,0.0,4.4892
1288,CA-2016-154711,20211122,20211126,737,154,405,4,39.88,2,0.0,11.1664
1289,CA-2016-154711,20211122,20211126,737,661,405,4,12.192,4,0.2,4.1148
1290,CA-2016-154711,20211122,20211126,737,531,405,4,20.82,3,0.0,7.4952
1291,CA-2016-163384,20211110,20211112,133,845,100,1,13.216,4,0.2,4.4604
1292,CA-2016-163384,20211110,20211112,133,1207,100,1,32.4,5,0.0,15.552
1293,CA-2015-101707,20200827,20200901,590,1431,97,4,32.94,3,0.0,9.2232
1294,CA-2015-101707,20200827,20200901,590,1195,97,4,114.2,5,0.0,52.532
1295,CA-2015-101707,20200827,20200901,590,946,97,4,3.08,1,0.0,1.4784
1296,CA-2015-138898,20200525,20200529,373,465,135,4,845.728,13,0.2,84.5727999999999
1297,CA-2017-115427,20221230,20230103,252,727,50,4,13.904,2,0.2,4.5188
1298,CA-2017-115427,20221230,20230103,252,832,50,4,20.72,2,0.2,6.475
1299,CA-2016-134425,20211208,20211212,616,1813,339,3,114.95,5,0.0,2.29900000000001
1300,CA-2015-121391,20201004,20201007,1,1351,98,1,26.96,2,0.0,7.0096
1301,CA-2016-137043,20211223,20211225,456,266,595,3,572.76,6,0.0,166.1004
1302,CA-2016-137043,20211223,20211225,456,266,595,3,286.38,3,0.0,83.0502
1303,CA-2015-115847,20200919,20200924,746,31,587,3,61.96,2,0.0,4.3372
1304,US-2017-126179,20220703,20220707,179,231,191,4,23.99,1,0.0,5.5177
1305,US-2017-126179,20220703,20220707,179,1732,191,4,287.97,3,0.0,77.7519
1306,CA-2016-101966,20210714,20210716,94,1808,545,3,419.944,7,0.2,52.493
1307,CA-2016-141397,20210620,20210621,629,1196,81,1,46.76,7,0.0,22.4448
1308,CA-2016-141397,20210620,20210621,629,653,81,1,17.712,3,0.2,6.4206
1309,CA-2016-141397,20210620,20210621,629,458,81,1,21.78,2,0.0,5.6628
1310,CA-2016-141397,20210620,20210621,629,1341,81,1,161.94,3,0.0,9.71639999999999
1311,CA-2016-141397,20210620,20210621,629,114,81,1,161.568,2,0.2,-8.07839999999999
1312,CA-2016-141082,20211209,20211213,289,964,297,4,3.69,1,0.0,1.7343
1313,CA-2016-141082,20211209,20211213,289,965,297,4,122.12,4,0.0,56.1752
1314,US-2016-134488,20210924,20211001,598,102,441,4,155.372,2,0.3,-13.3176
1315,CA-2016-145919,20211218,20211223,323,1203,66,4,38.88,6,0.0,18.6624
1316,CA-2016-145919,20211218,20211223,323,316,66,4,183.84,8,0.0,62.5056
1317,CA-2016-145919,20211218,20211223,323,1445,66,4,579.3,5,0.0,28.965
1318,CA-2017-157651,20221210,20221214,318,1552,482,4,14.2,1,0.2,3.3725
1319,CA-2014-160773,20190701,20190705,479,1847,158,4,575.92,2,0.2,71.99
1320,CA-2014-160773,20190701,20190705,479,659,158,4,5.184,6,0.7,-3.6288
1321,CA-2017-167703,20220203,20220208,489,724,439,4,5.229,3,0.7,-4.1832
1322,CA-2017-167703,20220203,20220208,489,1343,439,4,285.552,2,0.2,35.694
1323,CA-2017-121804,20220303,20220308,469,471,274,4,72.8,5,0.0,19.656
1324,CA-2017-162635,20221009,20221010,254,1180,434,1,10.816,4,0.2,3.5152
1325,CA-2014-107153,20190928,20191003,316,1335,297,4,46.26,3,0.0,12.4902
1326,US-2014-117058,20190527,20190530,459,807,215,1,17.46,6,0.8,-30.555
1327,CA-2015-120439,20200614,20200618,16,199,482,4,51.072,6,0.2,5.1072
1328,CA-2016-128258,20210330,20210401,165,1254,144,1,11.34,1,0.0,5.5566
1329,CA-2017-106033,20221015,20221018,283,562,99,3,87.92,4,0.0,26.376
1330,CA-2016-142762,20210523,20210527,458,267,98,4,37.05,3,0.0,16.302
1331,CA-2017-127705,20220602,20220606,10,1691,451,4,2.97,1,0.4,-0.6435
1332,CA-2017-127705,20220602,20220606,10,1414,451,4,27.44,2,0.2,2.401
1333,CA-2014-122567,20190216,20190221,529,721,534,4,1.08,3,0.8,-1.728
1334,CA-2014-122567,20190216,20190221,529,404,534,4,7.96,2,0.8,-13.93
1335,CA-2014-121664,20190506,20190510,331,785,69,4,140.736,8,0.2,52.776
1336,CA-2016-122133,20210516,20210523,403,1376,142,4,552.56,4,0.0,0.0
1337,US-2017-123281,20220402,20220407,359,269,65,4,25.11,3,0.0,6.5286
1338,CA-2017-100524,20220331,20220402,157,286,406,3,29.78,2,0.0,8.0406
1339,CA-2017-100524,20220331,20220402,157,1775,406,3,677.58,3,0.0,176.1708
1340,CA-2017-100524,20220331,20220402,157,1283,406,3,75.04,8,0.0,36.0192
1341,CA-2017-113481,20220102,20220104,52,1641,430,1,695.7,2,0.5,-27.828
1342,CA-2017-113481,20220102,20220104,52,786,430,1,15.66,5,0.7,-12.528
1343,CA-2017-113481,20220102,20220104,52,656,430,1,28.854,6,0.7,-21.1596
1344,CA-2015-131758,20200528,20200601,416,484,398,4,47.82,3,0.0,14.346
1345,CA-2015-131758,20200528,20200601,416,949,398,4,13.05,5,0.0,6.003
1346,CA-2014-118339,20190317,20190324,96,399,332,4,93.78,2,0.0,36.5742
1347,CA-2014-118339,20190317,20190324,96,1048,332,4,47.18,7,0.0,23.59
1348,CA-2014-118339,20190317,20190324,96,601,332,4,19.68,6,0.0,5.7072
1349,CA-2014-118339,20190317,20190324,96,711,332,4,53.4,10,0.0,25.098
1350,CA-2014-118339,20190317,20190324,96,642,332,4,35.88,6,0.0,17.2224
1351,CA-2014-153976,20191003,20191008,104,98,220,3,258.279,3,0.3,-70.1043
1352,CA-2016-162901,20210328,20210331,52,1312,587,1,31.4,2,0.0,7.85
1353,CA-2017-162978,20220504,20220509,480,1799,98,4,183.96,5,0.2,20.6955
1354,CA-2017-162978,20220504,20220509,480,1162,98,4,17.61,3,0.0,8.4528
1355,CA-2017-162978,20220504,20220509,480,356,98,4,300.904,1,0.2,11.2839
1356,US-2014-160444,20190705,20190705,200,1347,545,2,220.776,3,0.2,-44.1552
1357,US-2014-160444,20190705,20190705,200,1305,545,2,281.424,11,0.2,-35.178
1358,CA-2016-145247,20210505,20210507,559,1224,273,1,79.14,3,0.0,36.4044
1359,CA-2017-160045,20220426,20220427,449,137,538,1,1.988,1,0.6,-1.4413
1360,US-2014-151925,20190926,20191001,444,99,69,3,145.568,2,0.2,0.0
1361,CA-2017-125199,20221019,20221025,329,565,482,4,123.256,7,0.2,9.2442
1362,CA-2017-125199,20221019,20221025,329,1248,482,4,23.68,4,0.2,7.4
1363,CA-2017-125199,20221019,20221025,329,1720,482,4,309.576,4,0.4,-56.7556
1364,US-2017-155425,20221110,20221111,11,675,20,1,38.388,14,0.7,-25.592
1365,US-2017-155425,20221110,20221111,11,1655,20,1,95.994,2,0.7,-63.996
1366,US-2017-155425,20221110,20221111,11,1494,20,1,239.952,6,0.2,-35.9928
1367,US-2017-155425,20221110,20221111,11,1777,20,1,201.584,2,0.2,15.1188
1368,US-2017-155425,20221110,20221111,11,104,20,1,899.136,4,0.2,-146.1096
1369,CA-2017-133249,20220708,20220711,730,189,82,1,145.9,5,0.0,62.737
1370,US-2015-103471,20201224,20201228,403,23,124,4,590.058,7,0.7,-786.744
1371,US-2015-103471,20201224,20201228,403,580,124,4,14.04,3,0.2,1.5795
1372,CA-2017-136672,20220307,20220312,507,1584,285,4,49.08,3,0.0,4.908
1373,US-2014-157021,20190401,20190406,439,976,115,3,29.6,2,0.0,14.8
1374,US-2014-157021,20190401,20190406,439,638,115,3,17.088,4,0.2,5.5536
1375,CA-2015-120362,20200914,20200919,123,352,582,4,912.75,5,0.0,118.6575
1376,CA-2014-126361,20190804,20190809,777,450,581,3,1089.75,3,0.0,305.13
1377,CA-2014-126361,20190804,20190809,777,1075,581,3,447.84,8,0.0,219.4416
1378,CA-2014-126361,20190804,20190809,777,498,581,3,16.4,5,0.0,4.264
1379,CA-2014-126361,20190804,20190809,777,1764,581,3,399.96,5,0.2,34.9965
1380,CA-2014-126361,20190804,20190809,777,1364,581,3,158.9,5,0.0,7.94499999999999
1381,CA-2014-126361,20190804,20190809,777,753,581,3,13.184,1,0.2,4.7792
1382,US-2016-100566,20210903,20210909,383,257,207,4,83.952,3,0.6,-90.2484
1383,US-2016-108504,20210205,20210205,607,1367,197,2,80.98,1,0.0,1.61960000000001
1384,US-2016-108504,20210205,20210205,607,1096,197,2,348.84,9,0.0,170.9316
1385,US-2016-108504,20210205,20210205,607,901,197,2,9.45,5,0.0,0.189
1386,US-2016-108504,20210205,20210205,607,291,197,2,18.84,3,0.0,7.1592
1387,US-2016-108504,20210205,20210205,607,40,197,2,239.98,2,0.0,52.7956
1388,US-2016-108504,20210205,20210205,607,877,197,2,167.96,2,0.0,78.9412
1389,US-2016-108504,20210205,20210205,607,1689,197,2,104.85,3,0.0,28.3095
1390,US-2016-108504,20210205,20210205,607,1817,197,2,484.83,3,0.0,126.0558
1391,US-2016-108504,20210205,20210205,607,1045,197,2,122.97,3,0.0,60.2553
1392,US-2016-108504,20210205,20210205,607,1416,197,2,154.44,3,0.0,1.5444
1393,US-2016-108504,20210205,20210205,607,1238,197,2,342.37,7,0.0,160.9139
1394,CA-2017-124828,20220703,20220704,791,586,418,1,9.552,3,0.2,1.5522
1395,US-2017-117247,20221009,20221014,151,351,207,4,652.45,5,0.5,-430.617
1396,US-2017-117247,20221009,20221014,151,330,207,4,66.645,3,0.5,-42.6528
1397,CA-2016-124485,20211124,20211126,555,667,408,1,17.216,4,0.2,6.0256
1398,CA-2016-124485,20211124,20211126,555,1287,408,1,11.56,2,0.0,5.6644
1399,CA-2016-124485,20211124,20211126,555,1525,408,1,88.4,4,0.0,11.492
1400,CA-2016-124485,20211124,20211126,555,1282,408,1,6.48,1,0.0,3.1104
1401,CA-2016-159212,20211101,20211105,437,1826,594,4,21.8,2,0.0,6.104
1402,CA-2016-159212,20211101,20211105,437,867,594,4,251.79,3,0.0,118.3413
1403,US-2016-161396,20210419,20210425,305,346,441,4,205.176,2,0.4,-58.1332
1404,US-2016-161396,20210419,20210425,305,1047,441,4,419.4,5,0.2,146.79
1405,US-2014-118486,20190406,20190408,683,1452,485,1,10.304,1,0.2,-2.1896
1406,US-2014-118486,20190406,20190408,683,324,485,1,154.764,3,0.4,-36.1116
1407,US-2014-118486,20190406,20190408,683,1590,485,1,116.784,2,0.2,21.897
1408,CA-2016-130407,20210902,20210906,423,547,407,4,75.48,2,0.0,19.6248
1409,CA-2016-130407,20210902,20210906,423,206,407,4,39.98,2,0.0,9.995
1410,US-2016-122245,20210925,20210930,7,342,16,4,393.165,3,0.5,-204.4458
1411,CA-2017-105144,20221104,20221111,730,997,541,4,23.68,2,0.2,8.88
1412,CA-2016-136329,20210709,20210713,350,90,408,4,408.006,2,0.1,72.5344
1413,CA-2016-136329,20210709,20210713,350,163,408,4,165.28,4,0.0,14.8752
1414,CA-2014-146640,20190630,20190705,317,755,407,4,334.768,7,0.2,108.7996
1415,CA-2017-115994,20220128,20220131,111,1474,43,3,239.97,3,0.0,26.3967
1416,CA-2017-115994,20220128,20220131,111,282,43,3,37.74,3,0.0,12.8316
1417,CA-2015-126697,20200921,20200924,723,1795,546,1,946.344,7,0.2,118.293
1418,CA-2015-126697,20200921,20200924,723,1580,546,1,151.2,3,0.2,32.13
1419,CA-2015-126697,20200921,20200924,723,193,546,1,4.928,4,0.6,-1.4784
1420,CA-2015-124800,20200926,20200930,661,1053,14,4,86.272,4,0.2,31.2736
1421,CA-2015-124800,20200926,20200930,661,666,14,4,72.588,2,0.7,-48.392
1422,CA-2015-124800,20200926,20200930,661,473,14,4,60.672,2,0.2,14.4096
1423,CA-2015-124800,20200926,20200930,661,800,14,4,77.031,9,0.7,-59.0571
1424,CA-2015-124800,20200926,20200930,661,1319,14,4,119.904,6,0.2,-1.49880000000001
1425,CA-2015-124800,20200926,20200930,661,1739,14,4,263.96,5,0.2,23.0965
1426,CA-2015-124800,20200926,20200930,661,1379,14,4,363.648,4,0.2,-86.3664
1427,US-2015-164448,20201031,20201104,211,758,92,3,9.728,2,0.2,3.2832
1428,US-2015-164448,20201031,20201104,211,872,92,3,14.75,5,0.0,7.08
1429,US-2015-164448,20201031,20201104,211,788,92,3,29.8,5,0.2,9.3125
1430,US-2015-164448,20201031,20201104,211,991,92,3,427.42,14,0.0,196.6132
1431,CA-2017-122700,20221126,20221130,478,1799,441,4,220.752,8,0.4,-40.4712
1432,CA-2014-120768,20191219,20191221,339,686,3,3,152.76,6,0.0,74.8524
1433,CA-2014-120768,20191219,20191221,339,1448,3,3,7.27,1,0.0,1.9629
1434,CA-2014-120768,20191219,20191221,339,57,3,3,1819.86,14,0.0,163.7874
1435,US-2016-153129,20211226,20211230,291,1228,614,4,33.9,5,0.0,15.594
1436,CA-2017-106852,20220620,20220627,719,1116,457,4,31.104,6,0.2,10.8864
1437,CA-2017-106852,20220620,20220627,719,601,457,4,5.248,2,0.2,0.590399999999999
1438,CA-2015-139731,20201015,20201015,357,1601,518,2,263.88,3,0.2,42.8805
1439,CA-2015-139731,20201015,20201015,357,81,518,2,2453.43,5,0.3,-350.49
1440,CA-2017-122735,20220412,20220415,68,821,489,3,29.7,5,0.0,13.365
1441,CA-2017-122735,20220412,20220415,68,1120,489,3,39.96,4,0.0,17.982
1442,CA-2017-128160,20221219,20221224,526,694,99,3,36.672,2,0.2,11.46
1443,CA-2017-117695,20220805,20220808,614,1184,276,1,13.76,2,0.0,6.3296
1444,CA-2015-166135,20201001,20201006,675,1383,122,4,139.424,4,0.2,17.428
1445,CA-2016-133725,20210523,20210528,435,1835,214,4,1979.928,9,0.2,148.4946
1446,CA-2017-102337,20220613,20220616,683,1416,215,1,164.736,4,0.2,-39.1248
1447,CA-2017-102337,20220613,20220616,683,123,215,1,470.302,7,0.3,-87.3418
1448,CA-2017-102337,20220613,20220616,683,1778,215,1,47.984,2,0.2,5.99799999999999
1449,US-2014-112564,20190423,20190424,762,842,483,1,2.502,3,0.7,-1.7514
1450,CA-2015-145821,20200501,20200507,341,1839,65,4,88.752,3,0.2,11.094
1451,US-2015-160150,20200719,20200720,761,820,16,1,2.025,1,0.7,-1.35
1452,CA-2016-133711,20211126,20211129,488,1119,6,1,70.98,7,0.0,34.7802
1453,CA-2016-133711,20211126,20211129,488,663,6,1,91.68,3,0.0,45.84
1454,CA-2016-133711,20211126,20211129,488,820,6,1,33.75,5,0.0,16.875
1455,CA-2016-133711,20211126,20211129,488,1616,6,1,3040.0,8,0.0,1459.2
1456,CA-2017-148474,20220612,20220619,498,673,191,4,91.2,3,0.0,41.952
1457,CA-2017-148474,20220612,20220619,498,343,191,4,452.94,3,0.0,67.941
1458,CA-2015-111297,20200817,20200821,675,736,302,4,52.2,9,0.0,23.49
1459,CA-2016-123722,20210925,20211001,566,966,550,4,15.936,4,0.2,5.1792
1460,CA-2014-155271,20190504,20190504,3,184,142,2,27.46,2,0.0,9.8856
1461,CA-2015-119907,20201201,20201208,456,713,613,4,55.424,2,0.2,19.3984
1462,US-2016-128902,20210311,20210315,486,326,387,4,244.006,2,0.3,-31.3722
1463,CA-2016-152289,20210826,20210828,453,1587,561,1,159.984,2,0.2,43.9956
1464,CA-2016-152289,20210826,20210828,453,85,561,1,1024.716,6,0.3,-29.2775999999999
1465,US-2016-104794,20211216,20211219,425,919,405,1,3.68,2,0.0,1.8032
1466,CA-2014-151708,20190808,20190814,485,191,13,4,121.376,4,0.2,-3.03440000000001
1467,CA-2014-151708,20190808,20190814,485,1507,13,4,95.976,3,0.2,-10.7973
1468,CA-2015-100769,20200516,20200516,753,1532,163,2,255.968,4,0.2,31.996
1469,CA-2017-139199,20221209,20221213,211,63,311,4,872.94,3,0.0,226.9644
1470,CA-2017-139199,20221209,20221213,211,799,311,4,41.54,2,0.0,19.5238
1471,CA-2017-139199,20221209,20221213,211,1097,311,4,12.96,2,0.0,6.2208
1472,US-2015-161466,20200924,20200927,580,491,482,3,6.848,2,0.2,0.5992
1473,CA-2017-164959,20220711,20220715,440,1003,64,4,8.67,3,0.0,4.0749
1474,US-2015-105676,20201201,20201202,570,296,545,2,6.688,4,0.6,-4.0128
1475,CA-2016-113138,20211119,20211125,573,598,409,4,17.28,6,0.0,5.0112
1476,CA-2016-113138,20211119,20211125,573,653,409,4,17.712,3,0.2,6.4206
1477,US-2017-104955,20220319,20220324,143,985,407,4,28.91,7,0.0,13.2986
1478,CA-2016-121958,20211113,20211117,181,1423,433,4,52.136,7,0.2,5.8653
1479,CA-2017-121468,20221119,20221120,424,1693,117,1,31.968,4,0.2,2.3976
1480,US-2016-108455,20211202,20211208,519,1165,100,4,25.92,4,0.0,12.4416
1481,US-2016-108455,20211202,20211208,519,1171,100,4,40.46,7,0.0,19.8254
1482,US-2016-108455,20211202,20211208,519,1362,100,4,33.87,3,0.0,8.8062
1483,CA-2017-101210,20220825,20220828,242,587,508,3,9.728,2,0.2,1.7024
1484,CA-2017-101210,20220825,20220828,242,1022,508,3,3.424,1,0.2,1.07
1485,US-2016-108098,20211014,20211018,166,1479,615,4,177.0,3,0.0,30.09
1486,CA-2014-119032,20191127,20191203,540,931,408,4,3.76,2,0.0,1.316
1487,CA-2015-140410,20201103,20201107,163,1814,65,4,1212.848,7,0.2,106.1242
1488,CA-2015-140410,20201103,20201107,163,1488,65,4,89.97,3,0.0,37.7874
1489,CA-2015-140410,20201103,20201107,163,255,65,4,42.6,3,0.0,16.614
1490,CA-2014-136280,20191129,20191206,187,954,485,4,5.04,2,0.2,1.764
1491,CA-2017-151911,20220430,20220505,222,876,407,3,62.96,4,0.0,28.332
1492,CA-2017-166436,20221124,20221128,765,1134,408,4,5.88,1,0.0,2.8812
1493,CA-2017-166436,20221124,20221128,765,62,408,4,977.292,6,0.1,173.7408
1494,CA-2017-139661,20221030,20221103,411,240,617,4,9.64,2,0.0,3.6632
1495,CA-2014-123925,20191217,20191219,642,564,191,3,40.05,3,0.0,11.214
1496,CA-2017-152485,20220904,20220908,349,597,530,4,10.192,7,0.2,3.185
1497,CA-2017-152485,20220904,20220908,349,1419,530,4,16.784,1,0.2,-0.2098
1498,CA-2017-152485,20220904,20220908,349,536,530,4,13.12,5,0.2,3.772
1499,CA-2016-141586,20211017,20211020,567,798,100,1,18.16,5,0.2,6.583
1500,CA-2017-130386,20221112,20221118,565,1186,520,4,16.056,3,0.2,5.8203
1501,CA-2017-130386,20221112,20221118,565,1234,520,4,223.056,9,0.2,69.705
1502,CA-2017-130386,20221112,20221118,565,1401,520,4,540.048,3,0.2,-47.2542
1503,CA-2016-100468,20211124,20211201,59,1718,68,4,33.52,2,0.2,3.352
1504,CA-2016-100468,20211124,20211201,59,137,68,4,9.94,2,0.0,3.0814
1505,CA-2015-153388,20200801,20200807,588,532,64,4,6.72,4,0.0,3.36
1506,CA-2015-153388,20200801,20200807,588,358,64,4,1004.976,6,0.2,-175.8708
1507,CA-2017-154935,20221224,20221229,49,788,407,4,17.88,3,0.2,5.5875
1508,CA-2016-134208,20210917,20210923,181,1674,191,4,396.0,4,0.0,190.08
1509,CA-2017-108294,20221210,20221210,473,843,362,2,34.5,3,0.0,15.525
1510,CA-2017-103611,20220912,20220915,392,296,67,1,8.36,2,0.0,3.0096
1511,CA-2017-100384,20220624,20220701,566,545,83,4,385.6,8,0.0,111.824
1512,CA-2017-100384,20220624,20220701,566,586,83,4,35.82,9,0.0,11.8206
1513,CA-2017-112809,20220818,20220822,619,1363,534,4,200.064,3,0.2,12.504
1514,CA-2017-112809,20220818,20220822,619,680,534,4,21.38,5,0.8,-33.139
1515,CA-2017-112809,20220818,20220822,619,704,534,4,6.744,4,0.8,-11.4648
1516,US-2017-160759,20221211,20221217,36,99,482,4,63.686,1,0.3,-9.098
1517,CA-2017-148446,20221210,20221214,493,367,365,3,1669.6,4,0.0,116.872
1518,CA-2014-111059,20190203,20190206,738,830,614,3,83.84,2,0.2,27.248
1519,CA-2014-111059,20190203,20190206,738,752,614,3,13.272,3,0.2,4.3134
1520,CA-2017-116204,20220211,20220214,787,712,99,3,21.336,7,0.2,7.7343
1521,CA-2017-109946,20220416,20220421,599,517,213,4,16.52,5,0.2,2.065
1522,CA-2015-144806,20201206,20201211,300,218,20,4,206.112,6,0.2,48.9516
1523,CA-2015-144806,20201206,20201211,300,1177,20,4,19.92,5,0.2,6.723
1524,CA-2015-144806,20201206,20201211,300,1201,20,4,198.272,8,0.2,61.96
1525,CA-2015-144806,20201206,20201211,300,1416,20,4,247.104,6,0.2,-58.6872
1526,CA-2015-144806,20201206,20201211,300,611,20,4,86.304,6,0.2,9.70919999999999
1527,CA-2016-122392,20210722,20210727,147,546,477,4,4.16,2,0.2,0.364
1528,CA-2016-122392,20210722,20210727,147,225,477,4,11.648,2,0.2,3.3488
1529,CA-2015-148432,20201107,20201110,495,943,148,3,26.18,7,0.0,0.523600000000001
1530,CA-2015-148432,20201107,20201110,495,1094,148,3,7.3,2,0.0,3.431
1531,CA-2015-103793,20200326,20200331,117,1085,169,4,74.352,3,0.2,23.235
1532,CA-2017-159884,20220831,20220905,363,1300,19,4,10.744,1,0.2,0.8058
1533,CA-2017-159884,20220831,20220905,363,907,19,4,8.376,3,0.2,2.7222
1534,CA-2016-139885,20211204,20211208,249,1390,408,4,212.88,6,0.0,0.0
1535,CA-2017-124086,20220210,20220214,535,40,57,4,203.983,2,0.15,16.7986
1536,CA-2016-112389,20211029,20211102,394,1302,374,4,40.74,3,0.0,0.407399999999999
1537,CA-2016-112389,20211029,20211102,394,412,374,4,11.67,3,0.0,3.0342
1538,CA-2017-121888,20220915,20220917,152,1694,294,3,39.99,1,0.0,11.5971
1539,CA-2017-121888,20220915,20220917,152,583,294,3,16.28,2,0.0,6.512
1540,CA-2017-121888,20220915,20220917,152,21,294,3,782.94,3,0.0,203.5644
1541,CA-2017-121888,20220915,20220917,152,713,294,3,242.48,7,0.0,116.3904
1542,CA-2014-166884,20190311,20190316,148,283,441,3,8.32,5,0.2,2.288
1543,CA-2014-166884,20190311,20190316,148,918,441,3,10.464,6,0.2,1.7004
1544,CA-2014-107181,20190204,20190208,194,814,95,4,82.896,3,0.2,29.0136
1545,CA-2014-107181,20190204,20190208,194,1044,95,4,34.24,4,0.0,16.0928
1546,CA-2014-150245,20191231,20200104,587,23,415,3,1573.488,7,0.2,196.686
1547,CA-2015-111395,20201123,20201127,776,1081,569,4,335.52,4,0.2,117.432
1548,CA-2015-111395,20201123,20201127,776,755,569,4,23.912,2,0.8,-40.6504
1549,CA-2015-111395,20201123,20201127,776,1334,569,4,27.056,2,0.2,2.3674
1550,CA-2014-134278,20190706,20190708,276,1604,406,1,559.992,1,0.2,174.9975
1551,US-2017-124926,20221113,20221118,498,472,548,3,9.324,6,0.8,-24.7086
1552,CA-2016-159345,20210617,20210622,336,1075,95,4,111.96,2,0.0,54.8604
1553,CA-2014-130274,20190503,20190505,409,974,619,1,21.56,7,0.0,10.3488
1554,CA-2017-158386,20221016,20221021,98,791,276,4,124.75,5,0.0,57.385
1555,CA-2015-111507,20200206,20200213,787,515,600,4,5.28,3,0.0,1.5312
1556,CA-2017-120761,20220904,20220908,8,1463,402,4,91.96,4,0.0,39.5428
1557,CA-2016-109176,20210509,20210515,413,882,484,4,9.344,1,0.2,3.504
1558,CA-2016-109176,20210509,20210515,413,539,484,4,79.36,5,0.2,9.91999999999999
1559,CA-2015-112116,20200316,20200318,354,324,613,3,171.96,2,0.0,44.7096
1560,CA-2016-126809,20210409,20210413,248,789,613,4,35.352,9,0.2,12.8151
1561,CA-2014-105172,20190404,20190409,597,968,98,4,18.9,6,0.0,9.072
1562,CA-2017-107293,20220905,20220906,178,595,615,1,2.78,1,0.0,0.7228
1563,US-2017-102890,20220630,20220630,689,320,406,2,1044.63,5,0.4,-295.9785
1564,CA-2015-158554,20201109,20201109,159,1244,483,2,11.352,3,0.2,4.1151
1565,CA-2014-116239,20190304,20190304,153,1338,492,2,354.9,5,0.0,17.745
1566,CA-2015-132101,20200319,20200325,399,1846,614,4,453.576,3,0.2,39.6879
1567,CA-2015-129112,20201129,20201130,61,1549,517,1,21.48,3,0.2,-0.268500000000003
1568,CA-2015-129112,20201129,20201130,61,641,517,1,8.784,4,0.8,-13.6152
1569,US-2017-152002,20220611,20220611,239,1045,64,2,122.97,3,0.0,60.2553
1570,CA-2017-165029,20221126,20221130,29,585,190,4,12.84,3,0.0,3.7236
1571,US-2014-157385,20191123,20191125,670,64,64,1,603.92,5,0.2,-67.941
1572,US-2014-157385,20191123,20191125,670,883,64,1,21.84,3,0.0,10.4832
1573,US-2014-157385,20191123,20191125,670,1557,64,1,29.99,1,0.0,6.2979
1574,US-2014-157385,20191123,20191125,670,59,64,1,381.44,2,0.2,23.84
1575,CA-2014-101602,20191215,20191218,494,1686,537,1,40.68,3,0.2,-9.153
1576,CA-2014-101602,20191215,20191218,494,128,537,1,763.28,5,0.3,-21.808
1577,CA-2016-109057,20210422,20210427,773,1370,207,4,23.952,2,0.2,2.3952
1578,CA-2016-154403,20210523,20210527,44,1108,3,4,4.98,1,0.0,2.4402
1579,CA-2016-102456,20210227,20210301,218,464,406,1,170.88,3,0.0,49.5552
1580,CA-2015-131338,20200809,20200812,571,1797,407,1,307.98,2,0.0,89.3142
1581,CA-2015-131338,20200809,20200812,571,345,407,1,382.806,9,0.4,-153.1224
1582,CA-2015-131338,20200809,20200812,571,1311,407,1,41.96,2,0.0,2.9372
1583,CA-2015-131338,20200809,20200812,571,658,407,1,1217.568,2,0.2,456.588
1584,CA-2015-131338,20200809,20200812,571,215,407,1,47.04,3,0.0,18.3456
1585,CA-2015-131338,20200809,20200812,571,193,407,1,6.16,2,0.0,2.9568
1586,CA-2015-131338,20200809,20200812,571,1710,407,1,979.95,5,0.0,274.386
1587,CA-2015-131338,20200809,20200812,571,1100,407,1,143.7,3,0.0,68.976
1588,CA-2015-131338,20200809,20200812,571,914,407,1,10.65,3,0.0,5.0055
1589,CA-2015-131338,20200809,20200812,571,1537,407,1,247.8,4,0.0,34.692
1590,CA-2016-109911,20210512,20210516,780,526,597,4,10.96,4,0.0,2.9592
1591,US-2016-132423,20210415,20210419,550,511,542,4,33.488,7,0.2,5.8604
1592,US-2016-132423,20210415,20210419,550,930,542,4,8.04,5,0.2,2.9145
1593,CA-2015-122826,20200623,20200625,631,1852,609,3,201.568,4,0.2,22.6764
1594,CA-2014-117317,20191019,20191019,363,1270,66,2,13.44,3,0.0,6.5856
1595,CA-2015-118423,20200324,20200327,233,3,232,1,359.058,3,0.3,-35.9058
1596,CA-2017-149181,20220508,20220512,496,126,441,4,47.992,2,0.3,-2.0568
1597,CA-2017-132234,20221016,20221018,549,180,406,1,547.3,13,0.0,175.136
1598,CA-2017-158876,20221119,20221121,8,1040,526,3,16.896,4,0.2,5.28
1599,CA-2017-158876,20221119,20221121,8,1429,526,3,6.672,1,0.2,0.5004
1600,CA-2017-158876,20221119,20221121,8,578,526,3,99.136,4,0.2,8.6744
1601,CA-2017-158876,20221119,20221121,8,206,526,3,15.992,2,0.6,-13.993
1602,CA-2016-164672,20210508,20210513,295,187,147,3,211.96,2,0.0,42.392
1603,US-2016-132857,20211211,20211217,125,576,515,4,6.672,3,0.2,1.668
1604,CA-2017-116645,20221130,20221204,499,504,148,4,155.94,6,0.0,45.2226
1605,US-2016-115819,20210419,20210424,398,1850,69,3,39.96,5,0.2,12.987
1606,US-2016-115819,20210419,20210424,398,497,69,3,5.46,3,0.0,1.5288
1607,US-2016-115819,20210419,20210424,398,620,69,3,73.2,5,0.0,21.228
1608,US-2016-115819,20210419,20210424,398,639,69,3,5.84,1,0.2,1.971
1609,US-2016-115819,20210419,20210424,398,1169,69,3,22.72,4,0.0,10.224
1610,US-2016-115819,20210419,20210424,398,660,69,3,9.336,3,0.2,3.2676
1611,CA-2014-156349,20190526,20190530,520,3,65,4,290.666,2,0.15,27.3568
1612,CA-2014-156349,20190526,20190530,520,1695,65,4,201.584,2,0.2,20.1584
1613,CA-2014-156349,20190526,20190530,520,1786,65,4,83.984,2,0.2,31.494
1614,CA-2017-138380,20221221,20221225,791,1389,77,4,1000.02,7,0.0,290.0058
1615,US-2016-113509,20210315,20210319,599,1596,485,4,83.976,3,0.2,-13.6461
1616,CA-2015-130022,20200810,20200816,383,982,331,4,3.75,1,0.0,1.8
1617,CA-2015-130022,20200810,20200816,383,973,331,4,41.4,4,0.0,19.872
1618,CA-2015-130022,20200810,20200816,383,534,331,4,29.79,3,0.0,12.5118
1619,US-2016-118780,20210910,20210914,602,1301,406,3,59.48,2,0.0,8.922
1620,US-2016-118780,20210910,20210914,602,1061,406,3,6.69,1,0.0,3.0774
1621,CA-2017-108560,20220708,20220715,346,242,606,4,198.46,2,0.0,99.23
1622,CA-2017-108560,20220708,20220715,346,998,606,4,786.48,8,0.0,385.3752
1623,CA-2017-108560,20220708,20220715,346,681,606,4,23.168,2,0.2,7.8192
1624,CA-2017-108560,20220708,20220715,346,1550,606,4,50.0,2,0.0,10.5
1625,CA-2015-157084,20201219,20201224,366,1795,69,4,675.96,5,0.2,84.4949999999999
1626,CA-2015-157084,20201219,20201224,366,1518,69,4,1265.85,3,0.0,556.974
1627,CA-2015-164539,20201116,20201122,605,426,406,4,523.25,5,0.0,141.2775
1628,CA-2015-143119,20200924,20200930,487,69,279,4,517.5,6,0.0,155.25
1629,CA-2017-101049,20220621,20220625,56,299,440,3,17.92,5,0.2,2.464
1630,CA-2017-101049,20220621,20220625,56,694,440,3,41.256,6,0.7,-34.38
1631,CA-2016-106530,20210508,20210508,153,1359,440,2,1006.056,3,0.2,88.0299000000001
1632,CA-2016-106530,20210508,20210508,153,1196,440,2,10.688,2,0.2,3.7408
1633,CA-2016-106530,20210508,20210508,153,1267,440,2,10.368,2,0.2,3.6288
1634,CA-2016-106530,20210508,20210508,153,1312,440,2,25.12,2,0.2,1.57
1635,CA-2016-106530,20210508,20210508,153,1498,440,2,58.112,2,0.2,7.26399999999999
1636,CA-2014-168984,20191126,20191202,578,1087,476,4,15.552,3,0.2,5.4432
1637,CA-2014-168984,20191126,20191202,578,1329,476,4,669.08,5,0.2,-167.27
1638,CA-2014-168984,20191126,20191202,578,1681,476,4,438.336,4,0.2,-87.6672
1639,CA-2016-157266,20210526,20210601,736,1182,150,4,19.44,3,0.0,9.3312
1640,CA-2016-157266,20210526,20210601,736,836,150,4,9.64,2,0.0,4.4344
1641,CA-2016-157266,20210526,20210601,736,1277,150,4,12.7,2,0.0,5.842
1642,CA-2016-157266,20210526,20210601,736,160,150,4,41.37,3,0.0,17.3754
1643,US-2014-134712,20191129,20191204,106,933,237,4,12.624,2,0.2,3.945
1644,CA-2015-111829,20200319,20200320,286,1298,615,1,1247.64,3,0.0,349.3392
1645,CA-2015-111829,20200319,20200320,286,1607,615,1,3149.93,7,0.0,1480.4671
1646,CA-2015-111829,20200319,20200320,286,1263,615,1,209.7,2,0.0,100.656
1647,CA-2015-105221,20201101,20201103,781,1525,484,1,35.36,2,0.2,-3.094
1648,CA-2015-105221,20201101,20201103,781,915,484,1,3.168,2,0.2,-0.7128
1649,CA-2015-120341,20200926,20200929,686,813,485,3,121.104,6,0.7,-100.92
1650,CA-2015-120341,20200926,20200929,686,1807,485,3,45.894,1,0.4,-9.1788
1651,CA-2014-135699,20190829,20190829,325,1269,99,2,109.92,2,0.0,53.8608
1652,CA-2014-135699,20190829,20190829,325,1197,99,2,13.36,2,0.0,6.4128
1653,US-2017-132444,20221118,20221121,141,1392,614,1,169.68,6,0.0,45.8136
1654,US-2017-132444,20221118,20221121,141,1570,614,1,132.52,4,0.0,54.3332
1655,US-2017-132444,20221118,20221121,141,908,614,1,2.96,2,0.0,1.4208
1656,US-2017-132444,20221118,20221121,141,682,614,1,8.448,2,0.2,2.9568
1657,US-2017-132444,20221118,20221121,141,1305,614,1,95.94,3,0.0,9.594
1658,CA-2014-127159,20190512,20190515,328,137,626,1,34.79,7,0.0,10.7849
1659,CA-2017-161809,20220120,20220126,750,1859,68,4,160.776,3,0.2,10.0485
1660,CA-2017-127285,20221030,20221106,527,819,615,4,88.752,3,0.2,27.735
1661,CA-2017-127285,20221030,20221106,527,725,615,4,13.904,2,0.2,5.214
1662,CA-2017-144526,20220430,20220506,616,1775,485,4,677.58,5,0.4,-158.102
1663,CA-2017-144526,20220430,20220506,616,734,485,4,13.896,3,0.7,-9.264
1664,CA-2016-128531,20211124,20211126,576,1336,533,3,41.92,5,0.2,3.668
1665,CA-2016-128531,20211124,20211126,576,1518,533,3,297.576,3,0.2,-7.43940000000003
1666,CA-2016-128531,20211124,20211126,576,923,533,3,4.344,3,0.2,0.8688
1667,CA-2016-128531,20211124,20211126,576,1546,533,3,94.992,2,0.2,-2.3748
1668,CA-2016-128531,20211124,20211126,576,1026,533,3,74.352,3,0.2,23.235
1669,CA-2016-128531,20211124,20211126,576,580,533,3,14.04,3,0.2,1.5795
1670,US-2015-157154,20200110,20200115,526,337,406,4,1018.104,4,0.4,-373.3048
1671,CA-2017-159457,20221019,20221026,631,1759,548,4,16.68,3,0.2,5.2125
1672,CA-2016-107615,20210322,20210325,626,1485,365,1,58.58,2,0.0,19.3314
1673,CA-2017-111647,20220703,20220707,632,1786,564,4,167.968,4,0.2,62.988
1674,CA-2015-150560,20201211,20201212,728,998,596,1,196.62,2,0.0,96.3438
1675,CA-2015-143077,20200917,20200921,687,261,546,4,21.936,2,0.6,-10.4196
1676,CA-2015-143077,20200917,20200921,687,641,546,4,6.588,3,0.8,-10.2114
1677,CA-2016-122728,20210518,20210524,251,1307,99,4,104.28,3,0.0,26.07
1678,CA-2016-122728,20210518,20210524,251,1247,99,4,17.94,3,0.0,8.7906
1679,CA-2014-122882,20190907,20190913,667,1367,483,4,64.784,1,0.2,-14.5764
1680,CA-2014-122882,20190907,20190913,667,1815,483,4,32.382,3,0.4,4.3176
1681,CA-2014-122882,20190907,20190913,667,167,483,4,42.368,2,0.2,8.4736
1682,CA-2014-122882,20190907,20190913,667,1678,483,4,399.54,4,0.7,-559.356
1683,US-2016-101497,20210929,20211001,609,1028,65,3,18.97,1,0.0,9.1056
1684,CA-2016-147585,20211107,20211112,128,232,99,4,14.82,3,0.0,6.2244
1685,CA-2017-149489,20220424,20220427,211,428,485,1,99.28,2,0.2,12.41
1686,CA-2017-149489,20220424,20220427,211,750,485,1,1.188,2,0.7,-0.99
1687,CA-2017-149489,20220424,20220427,211,737,485,1,7.518,2,0.7,-5.7638
1688,CA-2017-143798,20221210,20221212,61,1073,484,1,10.368,2,0.2,3.6288
1689,CA-2017-143798,20221210,20221212,61,297,484,1,310.88,2,0.2,23.316
1690,CA-2014-142839,20190816,20190820,768,329,485,4,853.092,6,0.4,-227.4912
1691,CA-2017-129833,20221209,20221215,321,1061,245,4,33.45,5,0.0,15.387
1692,CA-2017-129833,20221209,20221215,321,810,245,4,10.4,5,0.0,5.096
1693,US-2016-154361,20210314,20210319,335,287,441,4,21.88,5,0.2,6.2905
1694,US-2016-158708,20210626,20210629,10,1553,564,3,13.616,2,0.2,3.5742
1695,CA-2015-156335,20200925,20200928,606,1516,372,3,63.96,4,0.0,19.8276
1696,CA-2015-156335,20200925,20200928,606,770,372,3,14.46,3,0.0,7.0854
1697,CA-2015-156335,20200925,20200928,606,1786,372,3,104.98,2,0.0,52.49
1698,CA-2015-148376,20201227,20201231,27,382,65,4,106.96,2,0.0,31.0184
1699,CA-2015-148376,20201227,20201231,27,978,65,4,21.56,7,0.0,10.3488
1700,CA-2014-135657,20190603,20190607,679,362,615,3,515.88,6,0.0,113.4936
1701,CA-2015-114069,20200713,20200715,559,653,408,3,11.808,2,0.2,4.2804
1702,CA-2015-114069,20200713,20200715,559,59,408,3,1931.04,9,0.1,321.84
1703,CA-2015-114069,20200713,20200715,559,1043,408,3,9.96,2,0.0,4.6812
1704,CA-2014-139857,20190202,20190206,142,920,96,4,12.35,5,0.0,5.8045
1705,CA-2016-106306,20210308,20210308,592,784,13,2,9.702,3,0.7,-7.1148
1706,CA-2015-100545,20201122,20201126,339,779,482,4,11.61,2,0.7,-9.288
1707,CA-2017-123491,20221030,20221105,376,984,100,4,43.86,6,0.0,20.6142
1708,CA-2017-123491,20221030,20221105,376,1811,100,4,148.48,2,0.2,16.704
1709,CA-2017-123491,20221030,20221105,376,1218,100,4,7.42,2,0.0,3.71
1710,CA-2017-123491,20221030,20221105,376,101,100,4,71.992,1,0.2,-0.899900000000013
1711,CA-2017-123491,20221030,20221105,376,586,100,4,19.9,5,0.0,6.567
1712,CA-2017-123491,20221030,20221105,376,434,100,4,1702.12,14,0.0,510.636
1713,CA-2015-145401,20200130,20200204,401,1265,547,4,14.304,6,0.2,5.0064
1714,US-2017-124968,20220908,20220913,527,368,213,3,765.625,7,0.5,-566.5625
1715,CA-2017-104003,20221007,20221013,201,38,99,4,307.666,2,0.15,-14.4784
1716,CA-2016-154788,20210430,20210504,388,770,406,4,7.712,2,0.2,2.7956
1717,CA-2016-169943,20210519,20210524,96,410,406,4,242.9,5,0.0,70.441
1718,CA-2016-169943,20210519,20210524,96,1407,406,4,454.9,5,0.0,0.0
1719,CA-2016-169943,20210519,20210524,96,211,406,4,35.92,4,0.0,15.0864
1720,CA-2016-169943,20210519,20210524,96,137,406,4,39.76,8,0.0,12.3256
1721,CA-2016-169943,20210519,20210524,96,751,406,4,47.744,4,0.2,14.92
1722,US-2015-123218,20201220,20201225,424,1712,214,4,159.984,2,0.2,11.9988
1723,US-2015-123218,20201220,20201225,424,1477,214,4,255.968,4,0.2,51.1936
1724,US-2015-123218,20201220,20201225,424,39,214,4,359.058,3,0.3,-71.8116
1725,CA-2015-127453,20201219,20201220,378,393,485,1,434.352,3,0.2,43.4352
1726,CA-2015-127453,20201219,20201220,378,439,485,1,3.552,2,0.2,0.444
1727,CA-2015-127453,20201219,20201220,378,455,485,1,88.832,4,0.2,7.7728
1728,US-2017-164056,20220429,20220504,287,327,443,3,1048.35,5,0.4,-69.89
1729,CA-2016-106894,20210207,20210207,123,1550,595,2,100.0,4,0.0,21.0
1730,CA-2016-106894,20210207,20210207,123,958,595,2,7.83,3,0.0,3.6018
1731,CA-2014-125136,20190928,20191003,425,1103,424,4,96.256,8,0.2,31.2832
1732,CA-2014-125136,20190928,20191003,425,1130,424,4,10.688,2,0.2,3.7408
1733,US-2016-131149,20210710,20210714,464,1315,532,4,338.04,3,0.2,-33.804
1734,US-2016-131149,20210710,20210714,464,545,532,4,154.24,4,0.2,17.352
1735,CA-2017-101483,20220729,20220801,25,416,430,3,34.848,2,0.2,6.534
1736,CA-2017-101483,20220729,20220801,25,1809,430,3,22.0,5,0.2,1.375
1737,CA-2017-101483,20220729,20220801,25,563,430,3,4.368,3,0.2,0.3822
1738,CA-2015-130204,20200903,20200909,192,1336,100,4,31.44,3,0.0,8.4888
1739,CA-2015-130204,20200903,20200909,192,1549,100,4,17.9,2,0.0,3.401
1740,CA-2015-130204,20200903,20200909,192,1564,100,4,129.45,5,0.0,46.602
1741,CA-2014-110527,20190809,20190816,256,949,96,4,20.88,8,0.0,9.6048
1742,CA-2017-152807,20221030,20221103,494,1262,484,4,20.736,4,0.2,7.2576
1743,CA-2017-152807,20221030,20221103,494,299,484,4,7.168,2,0.2,0.985599999999999
1744,CA-2017-152807,20221030,20221103,494,1373,484,4,11.168,2,0.2,-2.5128
1745,CA-2017-152807,20221030,20221103,494,1490,484,4,442.4,7,0.2,-55.3000000000001
1746,CA-2014-133270,20190606,20190609,94,557,411,1,13.36,2,0.0,4.9432
1747,CA-2016-155670,20210813,20210817,271,643,430,3,11.232,8,0.7,-8.2368
1748,CA-2016-155670,20210813,20210817,271,1284,430,3,10.272,3,0.2,3.21
1749,US-2014-157406,20190425,20190429,188,1221,548,4,10.368,2,0.2,3.6288
1750,US-2014-157406,20190425,20190429,188,546,548,4,6.24,3,0.2,0.546000000000001
1751,CA-2015-139094,20201122,20201127,531,372,569,4,206.962,2,0.3,-32.5226
1752,CA-2017-168837,20221014,20221017,412,202,77,1,9.46,2,0.0,3.6894
1753,CA-2017-116715,20221202,20221205,787,1412,100,1,559.62,9,0.0,151.0974
1754,CA-2017-116715,20221202,20221205,787,1269,100,1,109.92,2,0.0,53.8608
1755,CA-2017-116715,20221202,20221205,787,1239,100,1,8.56,2,0.0,3.852
1756,CA-2015-135622,20201208,20201211,773,1021,538,3,360.712,11,0.2,130.7581
1757,CA-2015-135622,20201208,20201211,773,1743,538,3,1718.4,6,0.2,150.36
1758,US-2015-107349,20200713,20200715,699,713,548,1,41.568,6,0.8,-66.5088
1759,CA-2014-139017,20190511,20190517,649,1485,548,4,46.864,2,0.2,7.61539999999999
1760,CA-2014-141817,20190105,20190112,486,583,485,4,19.536,3,0.2,4.884
1761,CA-2015-130785,20200905,20200909,27,2,97,4,411.332,4,0.15,-4.83919999999998
1762,CA-2015-130785,20200905,20200909,27,716,97,4,28.752,6,0.2,9.7038
1763,CA-2015-130785,20200905,20200909,27,28,97,4,293.199,3,0.15,-20.6964
1764,CA-2016-110254,20210804,20210808,522,1442,596,4,35.06,2,0.0,10.518
1765,CA-2016-110254,20210804,20210808,522,1007,596,4,4.13,1,0.0,1.8998
1766,CA-2016-110254,20210804,20210808,522,190,596,4,109.8,9,0.0,46.116
1767,CA-2016-110254,20210804,20210808,522,972,596,4,9.82,2,0.0,4.8118
1768,US-2014-158057,20190322,20190326,138,823,427,4,7.644,4,0.7,-5.8604
1769,US-2014-158057,20190322,20190326,138,746,427,4,51.465,5,0.7,-39.4565
1770,CA-2017-146024,20220302,20220308,680,1435,532,4,6.976,4,0.2,-1.3952
1771,CA-2017-146024,20220302,20220308,680,768,532,4,12.222,7,0.8,-20.1663
1772,CA-2016-129686,20211127,20211129,298,1411,214,3,97.984,2,0.2,-24.496
1773,CA-2016-129686,20211127,20211129,298,1491,214,3,62.4,6,0.2,19.5
1774,CA-2014-118976,20190428,20190503,550,702,284,4,20.86,2,0.0,9.387
1775,CA-2014-118976,20190428,20190503,550,1321,284,4,497.61,9,0.0,129.3786
1776,CA-2014-118976,20190428,20190503,550,629,284,4,5.34,2,0.0,1.4952
1777,CA-2014-118976,20190428,20190503,550,954,284,4,3.15,1,0.0,1.512
1778,CA-2015-105347,20201124,20201128,230,1067,64,4,368.91,9,0.0,180.7659
1779,CA-2015-105347,20201124,20201128,230,567,64,4,14.7,5,0.0,6.615
1780,CA-2016-124667,20211111,20211116,75,1562,406,4,59.97,3,0.0,14.9925
1781,CA-2016-124667,20211111,20211116,75,1363,406,4,83.36,1,0.0,20.84
1782,CA-2015-111094,20200709,20200713,128,1114,295,4,6.58,2,0.0,3.0268
1783,CA-2015-111094,20200709,20200713,128,700,295,4,122.94,3,0.0,59.0112
1784,CA-2017-166317,20220922,20220926,355,1269,626,4,219.84,4,0.0,107.7216
1785,CA-2017-166317,20220922,20220926,355,1584,626,4,98.16,6,0.0,9.816
1786,CA-2017-166317,20220922,20220926,355,760,626,4,33.04,8,0.0,15.5288
1787,CA-2017-166317,20220922,20220926,355,1735,626,4,86.97,3,0.0,25.2213
1788,CA-2015-154326,20200215,20200219,655,1744,623,4,134.97,3,0.0,64.7856
1789,CA-2015-154326,20200215,20200219,655,1699,623,4,699.98,2,0.0,195.9944
1790,CA-2015-154326,20200215,20200219,655,1586,623,4,139.95,5,0.0,26.5905
1791,CA-2014-102008,20190930,20191004,619,1251,406,4,48.94,1,0.0,24.47
1792,CA-2014-120474,20191201,20191203,654,77,625,1,2807.84,8,0.0,673.8816
1793,CA-2014-120474,20191201,20191203,654,487,625,1,46.64,4,0.0,12.5928
1794,CA-2014-104773,20191208,20191213,733,1318,546,4,60.416,2,0.2,6.0416
1795,CA-2016-140774,20210905,20210910,78,609,266,4,107.94,3,0.0,26.985
1796,US-2017-139465,20220827,20220830,536,1368,407,1,63.84,8,0.0,16.5984
1797,US-2017-139465,20220827,20220830,536,1696,407,1,347.97,3,0.0,100.9113
1798,US-2017-139465,20220827,20220830,536,795,407,1,37.008,6,0.2,11.565
1799,CA-2016-100965,20210707,20210711,649,246,102,4,215.65,5,0.0,73.321
1800,CA-2016-121034,20210808,20210810,364,907,532,3,11.168,4,0.2,3.6296
1801,CA-2016-121034,20210808,20210810,364,1148,532,3,53.952,3,0.2,17.5344
1802,CA-2016-149461,20211113,20211119,54,296,599,4,4.18,1,0.0,1.5048
1803,CA-2017-158379,20220922,20220926,340,741,483,3,5.607,1,0.7,-4.2987
1804,CA-2017-158379,20220922,20220926,340,1443,483,3,4663.736,7,0.2,-1049.3406
1805,CA-2017-158379,20220922,20220926,340,1544,483,3,79.984,2,0.2,22.9954
1806,US-2016-116729,20211225,20211228,303,1760,69,1,2575.944,7,0.2,257.5944
1807,US-2016-116729,20211225,20211228,303,1150,69,1,45.36,7,0.0,21.7728
1808,US-2016-116729,20211225,20211228,303,1498,69,1,254.24,7,0.0,76.272
1809,CA-2016-164938,20210211,20210213,586,1856,467,1,69.93,7,0.0,0.699299999999999
1810,CA-2016-165484,20211023,20211029,327,178,213,4,16.156,7,0.6,-12.117
1811,CA-2016-165484,20211023,20211029,327,1063,213,4,54.816,3,0.2,17.8152
1812,CA-2014-132612,20190609,20190611,290,370,591,3,1441.3,7,0.0,245.021
1813,US-2017-161193,20221120,20221126,116,198,456,4,77.6,5,0.2,28.13
1814,US-2017-161193,20221120,20221126,116,144,456,4,4.656,2,0.2,1.5714
1815,CA-2015-131597,20200914,20200918,708,345,68,4,170.136,3,0.2,-8.50679999999999
1816,CA-2015-164833,20200604,20200604,465,953,614,2,7.38,2,0.0,3.4686
1817,CA-2015-164833,20200604,20200604,465,626,614,2,9.26,2,0.0,3.0558
1818,CA-2015-125423,20201213,20201215,489,969,67,3,9.96,2,0.0,4.5816
1819,US-2014-130379,20190525,20190529,386,407,214,4,75.6,2,0.8,-166.32
1820,US-2014-130379,20190525,20190529,386,230,214,4,29.32,2,0.6,-24.189
1821,CA-2016-168956,20210216,20210220,246,462,214,4,92.064,6,0.8,-225.5568
1822,CA-2016-168956,20210216,20210220,246,905,214,4,6.976,4,0.2,1.8312
1823,CA-2016-168956,20210216,20210220,246,130,214,4,62.958,3,0.3,-2.6982
1824,CA-2016-168956,20210216,20210220,246,1077,214,4,5.184,1,0.2,1.8144
1825,CA-2016-167507,20211222,20211228,664,786,473,4,31.32,10,0.7,-25.056
1826,CA-2016-167507,20211222,20211228,664,204,473,4,11.84,4,0.2,3.108
1827,CA-2016-167507,20211222,20211228,664,239,473,4,22.784,1,0.2,4.8416
1828,CA-2016-109344,20210208,20210211,145,1782,432,3,1127.976,3,0.2,126.8973
1829,US-2015-140851,20200713,20200715,560,1015,193,3,38.88,6,0.0,18.6624
1830,CA-2014-103373,20190518,20190524,109,1793,440,4,779.796,2,0.4,-168.9558
1831,CA-2017-145884,20221021,20221021,699,1707,464,2,1439.92,8,0.0,374.3792
1832,CA-2017-145884,20221021,20221021,699,342,464,2,262.11,1,0.0,62.9064
1833,CA-2015-131422,20201105,20201109,295,69,431,4,207.0,3,0.2,25.875
1834,CA-2017-162691,20220801,20220807,52,1622,520,4,1439.982,3,0.4,-263.9967
1835,CA-2017-162691,20220801,20220807,52,1230,520,4,36.288,7,0.2,12.7008
1836,CA-2014-141278,20190621,20190624,649,568,141,1,21.4,5,0.0,6.206
1837,CA-2017-122693,20220219,20220221,566,429,195,3,1245.86,7,0.0,361.2994
1838,CA-2014-117345,20190801,20190805,79,947,421,4,17.544,3,0.2,5.9211
1839,CA-2014-117345,20190801,20190805,79,160,421,4,44.128,4,0.2,12.1352
1840,CA-2014-117345,20190801,20190805,79,396,421,4,62.92,1,0.2,10.2245
1841,CA-2014-117345,20190801,20190805,79,1169,421,4,78.304,2,0.2,29.364
1842,CA-2016-157763,20210718,20210723,429,65,269,4,140.81,1,0.0,39.4268
1843,CA-2015-135391,20200209,20200211,280,959,569,3,40.096,4,0.2,13.5324
1844,CA-2015-135391,20200209,20200211,280,208,569,3,40.784,2,0.6,-30.588
1845,US-2017-113852,20220729,20220802,314,1547,615,4,90.57,3,0.0,11.7741
1846,US-2017-158512,20220112,20220117,188,1130,150,3,40.08,6,0.0,19.2384
1847,US-2017-158512,20220112,20220117,188,318,150,3,37.68,2,0.0,15.8256
1848,CA-2017-128370,20220910,20220910,284,93,64,2,362.352,3,0.2,27.1764
1849,CA-2017-128370,20220910,20220910,284,808,64,2,7.184,2,0.2,2.245
1850,CA-2015-160472,20200720,20200725,647,1303,255,3,34.76,1,0.0,9.7328
1851,CA-2015-160472,20200720,20200725,647,1523,255,3,831.2,5,0.0,124.68
1852,CA-2015-160472,20200720,20200725,647,1055,255,3,26.4,5,0.0,11.88
1853,CA-2015-160472,20200720,20200725,647,849,255,3,106.75,7,0.0,49.105
1854,CA-2015-160472,20200720,20200725,647,1205,255,3,97.82,2,0.0,45.9754
1855,CA-2015-160472,20200720,20200725,647,1392,255,3,141.4,5,0.0,38.178
1856,CA-2014-114643,20190613,20190617,287,590,66,4,14.52,3,0.0,4.7916
1857,US-2017-158218,20220512,20220515,12,1305,546,3,127.92,5,0.2,-15.99
1858,US-2017-158218,20220512,20220515,12,728,546,3,34.24,4,0.8,-53.072
1859,CA-2015-121608,20200903,20200905,341,422,137,1,137.62,2,0.0,60.5528
1860,CA-2015-121608,20200903,20200905,341,1861,137,1,100.49,1,0.0,25.1225
1861,US-2017-121251,20220326,20220327,304,15,405,1,257.568,2,0.2,-28.9764
1862,US-2017-121251,20220326,20220327,304,1855,405,1,119.96,4,0.0,33.5888
1863,CA-2014-151078,20191112,20191112,642,1337,569,2,49.632,4,0.2,4.9632
1864,US-2016-100839,20211013,20211017,558,371,122,4,727.45,5,0.5,-465.568
1865,US-2016-100839,20211013,20211017,558,192,122,4,24.96,3,0.2,4.368
1866,US-2017-116659,20221112,20221112,564,1790,456,2,370.782,3,0.4,-92.6955
1867,CA-2017-118857,20220415,20220418,29,300,363,1,196.45,5,0.0,70.722
1868,CA-2015-127110,20200625,20200701,145,1214,485,4,31.104,6,0.2,10.8864
1869,CA-2015-127110,20200625,20200701,145,1374,485,4,78.256,2,0.2,-17.6076
1870,CA-2016-148201,20210826,20210829,130,1015,613,3,6.48,1,0.0,3.1104
1871,CA-2014-116932,20190721,20190725,500,544,100,4,99.2,5,0.0,25.792
1872,CA-2014-116932,20190721,20190725,500,68,100,4,801.568,2,0.2,50.098
1873,CA-2014-116932,20190721,20190725,500,366,100,4,272.848,1,0.2,27.2848
1874,CA-2017-142888,20221121,20221125,103,374,616,4,70.98,1,0.0,20.5842
1875,CA-2014-147914,20190604,20190609,533,1119,441,4,16.224,2,0.2,5.8812
1876,US-2016-112977,20210310,20210316,147,29,402,4,176.784,1,0.2,-22.098
1877,CA-2017-112039,20220325,20220329,347,1710,569,4,470.376,3,0.2,47.0376
1878,CA-2017-118885,20221229,20230102,366,98,69,4,393.568,4,0.2,-44.2764
1879,CA-2017-118885,20221229,20230102,366,1777,69,4,302.376,3,0.2,22.6782
1880,US-2017-166611,20220328,20220402,151,686,163,4,68.742,9,0.7,-48.1194
1881,CA-2015-109512,20200305,20200305,460,873,406,2,29.34,3,0.0,14.67
1882,CA-2015-109512,20200305,20200305,460,66,406,2,383.607,7,0.1,63.9345
1883,CA-2015-109512,20200305,20200305,460,1315,406,2,563.4,4,0.0,67.608
1884,CA-2016-118570,20211113,20211117,133,1096,485,4,217.056,7,0.2,78.6828
1885,CA-2017-154718,20220119,20220123,218,994,551,3,6.0,2,0.2,2.1
1886,CA-2016-147578,20210422,20210426,593,201,100,3,31.56,3,0.0,10.4148
1887,CA-2014-140165,20190513,20190515,261,927,160,1,7.104,2,0.2,2.3976
1888,CA-2014-140165,20190513,20190515,261,827,160,1,398.352,8,0.7,-331.96
1889,CA-2014-142587,20191021,20191022,739,469,445,1,121.792,4,0.2,13.7016
1890,CA-2014-142587,20191021,20191022,739,321,445,1,409.59,3,0.4,-122.877
1891,CA-2014-157623,20190314,20190318,216,1089,53,4,10.56,2,0.0,4.752
1892,CA-2014-157623,20190314,20190318,216,593,53,4,3.38,1,0.0,1.2506
1893,CA-2017-145310,20221222,20221224,401,873,181,3,7.824,1,0.2,2.934
1894,CA-2016-100083,20211124,20211129,140,1033,471,4,24.784,1,0.2,7.745
1895,US-2017-108063,20221202,20221205,53,519,588,1,34.65,3,0.0,10.395
1896,CA-2015-109197,20201231,20210104,398,832,358,4,487.984,2,0.2,152.495
1897,CA-2017-141789,20221003,20221006,13,692,334,1,1793.98,2,0.0,843.1706
1898,CA-2014-169775,20190829,20190902,620,865,170,3,29.808,2,0.2,10.8054
1899,CA-2014-169775,20190829,20190902,620,822,170,3,505.176,4,0.7,-336.784
1900,CA-2014-169775,20190829,20190902,620,335,170,3,174.0585,3,0.45,-110.7645
1901,CA-2016-140543,20210629,20210703,187,1305,493,3,191.88,6,0.0,19.188
1902,CA-2016-151141,20210820,20210823,241,1860,309,1,14.78,2,0.0,3.9906
1903,CA-2017-167094,20221021,20221022,211,1242,475,1,5.184,1,0.2,1.8144
1904,CA-2017-167094,20221021,20221022,211,51,475,1,478.48,2,0.2,47.848
1905,CA-2017-167094,20221021,20221022,211,1552,475,1,28.4,2,0.2,6.745
1906,CA-2017-154410,20221021,20221024,497,1379,245,1,909.12,8,0.0,9.09119999999996
1907,US-2016-150567,20210517,20210521,655,710,151,4,2.952,2,0.7,-2.1648
1908,US-2016-150567,20210517,20210521,655,640,151,4,27.018,6,0.7,-21.6144
1909,CA-2015-157959,20200203,20200204,661,292,65,1,136.92,4,0.0,41.076
1910,CA-2017-105886,20221218,20221223,199,173,410,4,18.96,2,0.0,8.532
1911,CA-2016-105963,20211115,20211122,680,1570,65,4,99.39,3,0.0,40.7499
1912,CA-2017-121503,20220703,20220706,284,1137,546,3,273.896,7,0.2,92.4399
1913,CA-2017-121503,20220703,20220706,284,1666,546,3,597.132,3,0.4,49.761
1914,CA-2014-103366,20190115,20190117,260,1567,195,1,149.95,5,0.0,65.978
1915,CA-2017-124597,20220430,20220505,58,987,153,4,4.608,2,0.2,1.6704
1916,CA-2017-124597,20220430,20220505,58,550,153,4,15.528,3,0.2,4.8525
1917,CA-2017-124597,20220430,20220505,58,966,153,4,11.952,3,0.2,3.8844
1918,CA-2015-105634,20201108,20201114,317,524,295,4,11.65,5,0.0,3.3785
1919,CA-2015-123673,20201030,20201101,145,1742,310,3,299.9,2,0.0,74.975
1920,US-2017-111423,20220817,20220819,258,763,415,1,895.92,5,0.2,302.373
1921,US-2017-111423,20220817,20220819,258,118,415,1,462.564,2,0.1,97.6523999999999
1922,CA-2015-125178,20201003,20201009,552,1375,486,4,15.008,2,0.2,1.5008
1923,CA-2016-156685,20210708,20210710,671,1838,519,3,863.64,9,0.2,107.955
1924,CA-2016-156685,20210708,20210710,671,489,519,3,47.616,3,0.2,3.5712
1925,CA-2017-126865,20221205,20221207,571,1201,95,3,92.94,3,0.0,41.823
1926,CA-2017-102834,20220309,20220313,480,1511,99,4,199.98,2,0.0,69.993
1927,US-2016-139710,20210609,20210615,307,1715,68,4,177.48,3,0.2,19.9665
1928,CA-2017-121538,20221128,20221201,643,1249,126,1,88.768,2,0.2,31.0688
1929,US-2017-101539,20220316,20220318,781,1146,614,3,6.48,1,0.0,3.1104
1930,US-2017-101539,20220316,20220318,781,1408,614,3,46.51,1,0.0,1.8604
1931,US-2017-101539,20220316,20220318,781,1835,614,3,659.976,3,0.2,49.4982
1932,CA-2016-152121,20211127,20211129,137,1772,17,3,271.992,1,0.2,23.7993
1933,CA-2017-161200,20220806,20220810,721,4,279,3,145.74,3,0.0,23.3184
1934,CA-2017-161200,20220806,20220810,721,193,279,3,15.4,5,0.0,7.392
1935,CA-2017-101245,20221127,20221203,480,1205,98,4,244.55,5,0.0,114.9385
1936,CA-2017-101245,20221127,20221203,480,1493,98,4,166.16,8,0.0,59.8176
1937,CA-2015-141768,20200525,20200527,573,219,98,3,14.73,3,0.0,4.8609
1938,CA-2016-112109,20210708,20210712,356,726,123,4,19.968,2,0.7,-13.312
1939,CA-2016-112109,20210708,20210712,356,1345,123,4,33.488,7,0.2,-1.25580000000001
1940,CA-2016-112109,20210708,20210712,356,703,123,4,8.736,4,0.7,-6.1152
1941,CA-2016-112109,20210708,20210712,356,122,123,4,662.88,3,0.2,74.574
1942,CA-2017-144064,20220829,20220901,165,1008,233,1,47.36,4,0.2,17.76
1943,CA-2017-144064,20220829,20220901,165,1414,233,1,27.44,2,0.2,2.401
1944,CA-2017-144064,20220829,20220901,165,721,233,1,3.24,9,0.8,-5.184
1945,CA-2016-108581,20210620,20210626,246,1488,526,4,95.968,4,0.2,26.3912
1946,CA-2016-108581,20210620,20210626,246,1077,526,4,10.368,2,0.2,3.6288
1947,CA-2017-157987,20220902,20220906,14,493,405,4,23.1,2,0.0,6.468
1948,CA-2017-157987,20220902,20220906,14,178,405,4,11.54,2,0.0,3.462
1949,CA-2017-157987,20220902,20220906,14,337,405,4,254.526,1,0.4,-93.3262
1950,CA-2017-157987,20220902,20220906,14,386,405,4,12.98,1,0.0,3.7642
1951,CA-2017-157987,20220902,20220906,14,845,405,4,26.432,8,0.2,8.9208
1952,CA-2017-157987,20220902,20220906,14,1823,405,4,197.97,3,0.0,57.4113
1953,CA-2017-157987,20220902,20220906,14,968,405,4,18.9,6,0.0,9.072
1954,CA-2017-157987,20220902,20220906,14,105,405,4,1282.41,5,0.1,213.735
1955,CA-2017-157987,20220902,20220906,14,622,405,4,4.92,3,0.0,2.214
1956,CA-2017-157987,20220902,20220906,14,1542,405,4,238.0,2,0.0,38.08
1957,CA-2017-157987,20220902,20220906,14,1461,405,4,167.97,3,0.0,40.3128
1958,CA-2017-157987,20220902,20220906,14,1239,405,4,17.12,4,0.0,7.704
1959,CA-2017-110905,20220910,20220915,663,783,353,3,16.2,3,0.0,7.776
1960,CA-2017-110905,20220910,20220915,663,470,353,3,33.99,3,0.0,14.6157
1961,CA-2017-110905,20220910,20220915,663,1546,353,3,296.85,5,0.0,53.433
1962,CA-2017-110905,20220910,20220915,663,1522,353,3,112.8,6,0.0,6.768
1963,CA-2017-110905,20220910,20220915,663,759,353,3,13.71,3,0.0,6.5808
1964,CA-2017-110905,20220910,20220915,663,1177,353,3,24.9,5,0.0,11.703
1965,CA-2017-110905,20220910,20220915,663,1290,353,3,286.29,3,0.0,17.1774
1966,CA-2017-110905,20220910,20220915,663,448,353,3,24.18,2,0.0,7.254
1967,CA-2017-165841,20221221,20221228,193,1755,384,4,281.97,3,0.0,78.9516
1968,CA-2017-165841,20221221,20221228,193,1426,384,4,69.5,5,0.0,20.155
1969,CA-2017-165841,20221221,20221228,193,1086,384,4,166.44,3,0.0,79.8912
1970,CA-2017-117485,20220923,20220929,68,1590,467,4,291.96,4,0.0,102.186
1971,CA-2017-140242,20220506,20220511,522,629,214,4,6.408,3,0.2,0.6408
1972,CA-2017-140242,20220506,20220511,522,1590,214,4,408.744,7,0.2,76.6395
1973,CA-2014-148950,20191214,20191219,351,688,213,4,5.104,4,0.8,-8.6768
1974,CA-2014-148950,20191214,20191219,351,932,213,4,2.896,2,0.2,0.4706
1975,CA-2014-148950,20191214,20191219,351,1540,213,4,35.016,3,0.2,-2.1885
1976,CA-2014-110408,20191018,20191020,55,1347,7,3,275.97,3,0.0,11.0388
1977,CA-2014-110408,20191018,20191020,55,1766,7,3,1394.95,5,0.0,362.687
1978,CA-2014-110408,20191018,20191020,55,111,7,3,545.88,6,0.0,70.9644
1979,CA-2015-109939,20200508,20200512,2,476,474,4,5.248,2,0.2,0.590399999999999
1980,CA-2016-112669,20210414,20210414,444,120,13,2,933.536,4,0.2,105.0228
1981,CA-2016-112669,20210414,20210414,444,1332,13,2,42.976,4,0.2,4.2976
1982,CA-2015-119592,20201214,20201216,528,811,191,3,3.76,2,0.0,1.8048
1983,CA-2014-122749,20191203,20191209,565,1821,466,4,479.96,4,0.0,134.3888
1984,CA-2014-164721,20191125,20191127,479,382,35,3,320.88,6,0.0,93.0552
1985,CA-2014-164721,20191125,20191127,479,205,35,3,23.88,3,0.0,10.5072
1986,CA-2014-164721,20191125,20191127,479,1061,35,3,26.76,4,0.0,12.3096
1987,CA-2016-147417,20210725,20210727,127,1605,441,1,1439.976,4,0.4,191.9968
1988,CA-2015-127509,20201109,20201113,53,735,353,4,17.22,3,0.0,7.9212
1989,CA-2015-127509,20201109,20201113,53,349,353,4,1024.38,7,0.0,215.1198
1990,CA-2015-127509,20201109,20201113,53,850,353,4,26.22,3,0.0,12.3234
1991,CA-2015-127509,20201109,20201113,53,1156,353,4,17.34,3,0.0,8.4966
1992,CA-2017-111374,20220224,20220228,127,845,483,4,4.956,4,0.7,-3.7996
1993,CA-2017-133648,20220625,20220702,522,997,475,4,71.04,6,0.2,26.64
1994,CA-2017-133648,20220625,20220702,522,549,475,4,5.344,2,0.2,0.734799999999999
1995,CA-2017-133648,20220625,20220702,522,940,475,4,11.304,3,0.2,-2.1195
1996,US-2017-147221,20221202,20221204,410,430,545,3,294.62,5,0.8,-766.012
1997,US-2017-147221,20221202,20221204,410,287,545,3,8.752,4,0.6,-3.7196
1998,CA-2014-131905,20190206,20190209,560,982,589,1,15.0,4,0.0,7.2
1999,CA-2014-131905,20190206,20190209,560,1817,589,1,161.61,1,0.0,42.0186
2000,CA-2014-131905,20190206,20190209,560,1735,589,1,144.95,5,0.0,42.0355
2001,CA-2017-166128,20220411,20220418,482,1507,81,4,199.95,5,0.0,21.9945
2002,CA-2017-166128,20220411,20220418,482,511,81,4,41.86,7,0.0,14.2324
2003,CA-2017-163510,20221225,20221228,412,1305,273,3,95.94,3,0.0,9.594
2004,CA-2017-163510,20221225,20221228,412,66,273,3,304.45,5,0.0,76.1125
2005,US-2017-143028,20220411,20220418,669,837,555,4,11.364,3,0.8,-17.046
2006,CA-2014-111150,20191231,20200104,662,474,345,4,29.68,7,0.0,11.5752
2007,CA-2014-111150,20191231,20200104,662,1465,345,4,47.53,7,0.0,16.1602
2008,CA-2017-165386,20220803,20220804,159,27,214,1,183.372,2,0.3,-36.6744
2009,CA-2014-116407,20191115,20191121,359,515,509,4,4.224,3,0.2,0.4752
2010,CA-2014-116407,20191115,20191121,359,417,509,4,333.056,2,0.2,29.1424
2011,CA-2014-116407,20191115,20191121,359,1155,509,4,24.896,4,0.2,7.78
2012,CA-2015-155761,20201211,20201211,681,1504,546,2,159.984,2,0.2,35.9964
2013,CA-2015-155761,20201211,20201211,681,1325,546,2,46.344,3,0.2,4.6344
2014,CA-2016-145905,20210918,20210923,42,77,1,4,350.98,1,0.0,84.2352
2015,CA-2016-145905,20210918,20210923,42,1056,1,4,13.08,2,0.0,6.0168
2016,CA-2016-145905,20210918,20210923,42,1401,1,4,900.08,4,0.0,117.0104
2017,CA-2015-113110,20200319,20200323,90,641,93,4,17.568,2,0.2,6.3684
2018,CA-2015-113110,20200319,20200323,90,947,93,4,14.62,2,0.0,6.8714
2019,CA-2015-113110,20200319,20200323,90,1429,93,4,33.36,4,0.0,8.6736
2020,CA-2015-113110,20200319,20200323,90,1186,93,4,40.14,6,0.0,19.6686
2021,CA-2016-168354,20210919,20210921,644,1343,489,1,1606.23,9,0.0,481.869
2022,CA-2016-168354,20210919,20210921,644,1169,489,1,17.04,3,0.0,7.668
2023,CA-2016-168354,20210919,20210921,644,840,489,1,49.53,3,0.0,23.7744
2024,CA-2016-168354,20210919,20210921,644,128,489,1,872.32,4,0.0,244.2496
2025,US-2017-111241,20220820,20220822,306,755,51,3,239.12,5,0.2,77.714
2026,CA-2015-114237,20200313,20200315,487,44,613,1,141.96,2,0.0,39.7488
2027,CA-2016-113516,20210908,20210910,781,732,61,3,33.024,2,0.2,11.5584
2028,CA-2016-113516,20210908,20210910,781,719,61,3,67.136,4,0.2,23.4976
2029,CA-2015-117961,20201126,20201130,309,654,298,4,14.73,3,0.0,6.9231
2030,CA-2015-117961,20201126,20201130,309,1331,298,4,104.9,5,0.0,25.176
2031,CA-2015-117961,20201126,20201130,309,787,298,4,61.04,4,0.0,30.52
2032,CA-2015-117961,20201126,20201130,309,1094,298,4,10.95,3,0.0,5.1465
2033,CA-2016-128923,20211209,20211213,295,1162,538,4,9.392,2,0.2,3.2872
2034,CA-2016-128923,20211209,20211213,295,487,538,4,9.328,1,0.2,0.816200000000001
2035,CA-2017-162481,20220925,20220929,182,760,336,4,8.26,2,0.0,3.8822
2036,CA-2017-162481,20220925,20220929,182,101,336,4,269.97,3,0.0,51.2943
2037,CA-2015-119214,20200123,20200127,185,1191,355,4,29.04,3,0.0,13.9392
2038,CA-2015-119214,20200123,20200127,185,984,355,4,14.62,2,0.0,6.8714
2039,CA-2015-122287,20200618,20200623,704,1117,15,4,11.952,3,0.2,4.3326
2040,CA-2015-122287,20200618,20200623,704,834,15,4,4.536,7,0.7,-3.3264
2041,CA-2015-122287,20200618,20200623,704,787,15,4,9.156,2,0.7,-6.104
2042,CA-2015-122287,20200618,20200623,704,318,15,4,75.36,5,0.2,20.724
2043,CA-2015-104493,20201002,20201008,247,839,97,4,57.504,6,0.2,20.1264
2044,US-2017-158946,20221118,20221123,411,531,449,4,38.864,7,0.2,7.7728
2045,CA-2014-129168,20190817,20190823,418,1116,548,4,15.552,3,0.2,5.4432
2046,CA-2016-131835,20210717,20210721,490,465,385,4,162.64,2,0.0,45.5392
2047,CA-2016-131835,20210717,20210721,490,1740,385,4,597.0,3,0.0,280.59
2048,CA-2016-131835,20210717,20210721,490,1249,385,4,55.48,1,0.0,26.6304
2049,CA-2015-142237,20200711,20200713,150,311,483,1,289.8,7,0.2,36.225
2050,CA-2015-142237,20200711,20200713,150,803,483,1,2.502,3,0.7,-2.0016
2051,CA-2015-142237,20200711,20200713,150,783,483,1,6.48,4,0.7,-4.752
2052,CA-2015-142237,20200711,20200713,150,113,483,1,341.488,8,0.3,-73.176
2053,CA-2015-142237,20200711,20200713,150,595,483,1,11.12,5,0.2,0.834
2054,CA-2015-142237,20200711,20200713,150,249,483,1,25.344,6,0.2,3.4848
2055,CA-2016-136434,20211201,20211207,631,178,254,4,17.31,3,0.0,5.193
2056,CA-2017-120376,20221222,20221225,757,1489,310,1,199.95,5,0.0,63.984
2057,CA-2017-120376,20221222,20221225,757,90,310,1,1586.69,7,0.0,412.5394
2058,CA-2017-120376,20221222,20221225,757,1478,310,1,84.99,1,0.0,30.5964
2059,CA-2017-120376,20221222,20221225,757,370,310,1,411.8,2,0.0,70.006
2060,CA-2014-106439,20191031,20191104,298,928,69,4,11.34,3,0.0,5.2164
2061,CA-2014-106439,20191031,20191104,298,1406,69,4,80.3,5,0.0,20.878
2062,CA-2014-106439,20191031,20191104,298,743,69,4,15.968,2,0.2,5.3892
2063,CA-2014-106439,20191031,20191104,298,1050,69,4,64.74,13,0.0,30.4278
2064,CA-2014-106439,20191031,20191104,298,812,69,4,19.296,3,0.2,6.03
2065,CA-2014-106439,20191031,20191104,298,1358,69,4,405.64,4,0.0,12.1692
2066,CA-2014-106439,20191031,20191104,298,113,69,4,146.352,3,0.2,-9.14700000000001
2067,CA-2014-106439,20191031,20191104,298,1586,69,4,251.91,9,0.0,47.8629
2068,CA-2014-106439,20191031,20191104,298,517,69,4,12.39,3,0.0,3.717
2069,CA-2015-133452,20200413,20200419,792,1541,83,4,199.96,4,0.0,69.986
2070,CA-2015-133452,20200413,20200419,792,361,83,4,710.832,3,0.2,-97.7394
2071,CA-2016-146521,20210721,20210723,136,650,483,3,1.941,1,0.7,-1.294
2072,US-2017-110996,20221120,20221125,414,115,79,4,283.92,5,0.2,-46.137
2073,CA-2016-129693,20211126,20211202,742,759,614,4,7.312,2,0.2,2.5592
2074,CA-2017-122504,20221107,20221112,194,1558,35,3,59.97,3,0.0,13.7931
2075,CA-2017-122504,20221107,20221112,194,1771,35,3,761.544,7,0.2,66.6351
2076,CA-2014-131051,20191201,20191205,760,198,100,4,58.2,3,0.0,28.518
2077,CA-2017-140676,20220912,20220915,82,1250,284,1,39.9,5,0.0,19.95
2078,CA-2017-140676,20220912,20220915,82,386,284,1,90.86,7,0.0,26.3494
2079,CA-2017-140676,20220912,20220915,82,1256,284,1,94.85,5,0.0,45.528
2080,CA-2015-120103,20201224,20201229,537,1098,16,4,106.232,7,0.2,37.1812
2081,CA-2015-120103,20201224,20201229,537,1758,16,4,111.984,2,0.2,11.1984
2082,CA-2015-120103,20201224,20201229,537,240,16,4,7.712,2,0.2,1.7352
2083,CA-2017-104647,20220223,20220301,150,1190,65,4,37.44,6,0.0,16.848
2084,CA-2014-110352,20191123,20191129,256,997,545,4,23.68,2,0.2,8.88
2085,CA-2016-140501,20210623,20210628,339,991,405,4,122.12,4,0.0,56.1752
2086,CA-2016-140501,20210623,20210628,339,948,405,4,18.45,5,0.0,8.6715
2087,CA-2016-140501,20210623,20210628,339,1293,405,4,324.9,5,0.0,38.988
2088,CA-2016-140501,20210623,20210628,339,1205,405,4,146.73,3,0.0,68.9631
2089,CA-2016-140501,20210623,20210628,339,938,405,4,3.96,2,0.0,1.4652
2090,CA-2015-139290,20201026,20201030,549,999,84,4,5.76,2,0.0,2.6496
2091,CA-2017-166142,20220715,20220719,525,805,149,4,26.55,3,0.0,13.0095
2092,CA-2017-166142,20220715,20220719,525,372,149,4,310.443,3,0.3,-48.7839
2093,CA-2014-145926,20191117,20191121,533,123,335,4,479.9,5,0.0,81.583
2094,CA-2015-149678,20200413,20200415,61,1452,392,3,12.88,1,0.0,0.3864
2095,US-2015-164357,20201125,20201129,685,509,434,4,13.12,5,0.2,1.476
2096,US-2016-146570,20210515,20210520,705,708,343,4,511.84,8,0.0,240.5648
2097,US-2016-146570,20210515,20210520,705,624,343,4,91.96,4,0.0,25.7488
2098,US-2016-146570,20210515,20210520,705,602,343,4,8.34,3,0.0,2.1684
2099,CA-2017-124401,20220907,20220912,636,1312,472,4,37.68,3,0.2,2.355
2100,CA-2017-124401,20220907,20220912,636,1544,472,4,279.944,7,0.2,80.4839
2101,US-2014-140116,20190310,20190317,445,1294,126,4,636.408,3,0.2,-15.9102000000001
2102,US-2014-140116,20190310,20190317,445,504,126,4,83.168,4,0.2,9.35639999999999
2103,CA-2014-123295,20190718,20190718,30,91,20,2,259.136,4,0.2,-25.9136
2104,CA-2017-167101,20220324,20220328,93,1045,405,3,221.92,4,0.0,106.5216
2105,CA-2017-167101,20220324,20220328,93,1491,405,3,26.0,2,0.0,11.7
2106,US-2014-167633,20190930,20191005,120,1282,153,4,15.552,3,0.2,5.4432
2107,US-2014-152723,20190926,20190926,323,775,558,2,0.876,1,0.8,-1.4016
2108,CA-2015-164882,20201031,20201031,688,1025,86,2,19.98,1,0.0,9.3906
2109,CA-2015-164882,20201031,20201031,688,827,86,2,398.352,3,0.2,124.485
2110,CA-2015-164882,20201031,20201031,688,617,86,2,5.04,3,0.0,1.26
2111,CA-2015-164882,20201031,20201031,688,907,86,2,17.45,5,0.0,8.027
2112,CA-2015-164882,20201031,20201031,688,121,86,2,323.136,4,0.2,20.196
2113,CA-2015-164882,20201031,20201031,688,1449,86,2,29.7,3,0.0,8.019
2114,CA-2015-164882,20201031,20201031,688,1733,86,2,1295.84,4,0.2,145.782
2115,CA-2015-164882,20201031,20201031,688,1397,86,2,46.84,2,0.0,12.6468
2116,CA-2015-164882,20201031,20201031,688,19,86,2,425.833,1,0.15,20.0392
2117,CA-2015-159786,20201012,20201017,647,327,411,3,209.67,1,0.4,-13.978
2118,CA-2016-130267,20210919,20210923,725,1158,109,4,159.88,7,0.0,73.5448
2119,CA-2017-155460,20220413,20220415,662,1172,614,1,5.28,1,0.0,2.376
2120,CA-2017-155460,20220413,20220415,662,763,614,1,895.92,5,0.2,302.373
2121,US-2017-168690,20220107,20220113,761,644,175,4,2.808,3,0.7,-1.9656
2122,CA-2017-158246,20221109,20221111,341,101,110,1,215.976,3,0.2,-2.69970000000004
2123,CA-2017-167381,20220922,20220924,261,16,315,3,241.96,2,0.0,41.1332
2124,CA-2017-167381,20220922,20220924,261,946,315,3,27.72,9,0.0,13.3056
2125,CA-2017-144862,20221201,20221205,261,878,485,4,104.68,5,0.2,35.3295
2126,CA-2017-144862,20221201,20221205,261,1709,485,4,62.958,7,0.4,9.4437
2127,CA-2014-126032,20190623,20190628,108,1462,485,4,86.376,3,0.2,1.0797
2128,CA-2015-134859,20201004,20201009,383,265,483,4,64.944,3,0.2,6.4944
2129,CA-2015-134859,20201004,20201009,383,1097,483,4,20.736,4,0.2,7.2576
2130,US-2014-114188,20190520,20190522,640,379,369,3,33.28,4,0.0,9.3184
2131,US-2014-114188,20190520,20190522,640,621,369,3,38.52,9,0.0,11.9412
2132,US-2014-114188,20190520,20190522,640,140,369,3,139.86,7,0.0,60.1398
2133,CA-2015-156524,20201120,20201126,218,1237,406,4,19.65,3,0.0,9.039
2134,CA-2015-122210,20201130,20201204,788,782,483,4,152.991,3,0.7,-122.3928
2135,CA-2015-122210,20201130,20201204,788,901,483,4,10.584,7,0.2,-2.3814
2136,CA-2015-122210,20201130,20201204,788,1788,483,4,94.92,4,0.4,15.82
2137,CA-2015-156377,20201231,20210105,741,221,541,4,14.76,5,0.6,-11.439
2138,CA-2015-156377,20201231,20210105,741,759,541,4,3.656,4,0.8,-5.8496
2139,US-2017-157896,20221116,20221116,127,1251,405,2,146.82,3,0.0,73.41
2140,CA-2014-159520,20190606,20190611,311,799,402,4,149.544,9,0.2,50.4711
2141,CA-2014-159520,20190606,20190611,311,1434,402,4,17.14,2,0.0,4.4564
2142,CA-2014-159520,20190606,20190611,311,353,402,4,991.764,3,0.4,-347.1174
2143,CA-2016-155481,20210901,20210905,216,1277,484,4,30.48,6,0.2,9.906
2144,CA-2016-155481,20210901,20210905,216,1763,484,4,23.988,2,0.4,-4.7976
2145,CA-2016-155481,20210901,20210905,216,926,484,4,16.688,7,0.2,5.4236
2146,US-2016-152051,20210625,20210629,762,100,487,4,422.058,3,0.3,-18.0882
2147,US-2016-152051,20210625,20210629,762,838,487,4,38.088,4,0.7,-27.9312
2148,US-2016-152051,20210625,20210629,762,1353,487,4,254.352,6,0.2,-50.8704
2149,CA-2014-141607,20191212,20191217,788,281,42,4,43.31,1,0.0,4.331
2150,CA-2017-102771,20220331,20220405,228,1730,408,4,84.95,5,0.0,22.087
2151,US-2017-139969,20221119,20221126,17,79,528,4,233.058,3,0.3,-53.2704
2152,CA-2014-167360,20191124,20191129,623,1508,351,3,111.79,7,0.0,43.5981
2153,CA-2015-123505,20201122,20201126,49,1177,303,4,14.94,3,0.0,7.0218
2154,CA-2016-117282,20210714,20210718,234,805,405,4,14.16,2,0.2,5.133
2155,US-2016-120460,20210430,20210505,83,318,532,4,22.608,3,0.6,-10.1736
2156,CA-2016-111115,20210725,20210727,449,910,66,3,21.48,6,0.0,10.74
2157,CA-2014-124646,20190622,20190624,239,1329,334,1,501.81,3,0.0,0.0
2158,CA-2014-124646,20190622,20190624,239,1341,334,1,161.94,3,0.0,9.71639999999999
2159,CA-2017-148166,20221021,20221026,567,634,158,4,17.856,4,0.2,2.0088
2160,CA-2016-159737,20210903,20210909,173,816,213,4,8.808,3,0.8,-14.9736
2161,CA-2016-141019,20210514,20210514,464,242,439,2,79.384,1,0.2,29.769
2162,CA-2016-101938,20210107,20210112,241,592,77,4,34.58,1,0.0,10.0282
2163,CA-2017-166296,20220313,20220319,428,1263,70,4,314.55,3,0.0,150.984
2164,CA-2016-154018,20211013,20211019,318,1532,553,4,191.976,3,0.2,23.997
2165,CA-2016-154018,20211013,20211019,318,1057,553,4,8.288,2,0.2,3.0044
2166,CA-2016-154018,20211013,20211019,318,257,553,4,139.92,5,0.6,-150.414
2167,CA-2016-154018,20211013,20211019,318,544,553,4,15.872,1,0.2,1.1904
2168,CA-2016-154018,20211013,20211019,318,808,553,4,6.286,7,0.8,-11.0005
2169,CA-2017-117870,20220127,20220130,370,613,448,3,14.016,3,0.2,1.752
2170,CA-2017-117870,20220127,20220130,370,1482,448,3,71.976,3,0.2,-8.997
2171,CA-2017-117870,20220127,20220130,370,1824,448,3,107.982,3,0.4,-26.9955
2172,US-2017-137491,20221119,20221125,453,128,568,4,305.312,2,0.3,-8.72320000000002
2173,CA-2014-152296,20190801,20190803,337,826,100,1,19.752,3,0.2,6.9132
2174,CA-2016-112025,20210730,20210804,473,734,547,4,9.264,3,0.8,-13.896
2175,CA-2015-132507,20200730,20200803,136,1325,546,3,61.792,4,0.2,6.1792
2176,CA-2016-125738,20211015,20211021,583,1071,583,4,45.68,2,0.0,21.0128
2177,CA-2016-125738,20211015,20211021,583,1197,583,4,60.12,9,0.0,28.8576
2178,CA-2016-125738,20211015,20211021,583,702,583,4,41.72,5,0.2,13.0375
2179,CA-2016-125738,20211015,20211021,583,1107,583,4,71.6,8,0.0,32.936
2180,CA-2016-128818,20210507,20210511,147,651,405,4,85.232,7,0.2,30.8966
2181,CA-2016-128818,20210507,20210511,147,997,405,4,44.4,3,0.0,22.2
2182,CA-2016-128818,20210507,20210511,147,84,405,4,442.764,4,0.1,59.0352
2183,CA-2016-128818,20210507,20210511,147,1622,405,4,3999.95,5,0.0,1159.9855
2184,CA-2016-128818,20210507,20210511,147,1507,405,4,199.95,5,0.0,21.9945
2185,CA-2016-128818,20210507,20210511,147,205,405,4,63.68,8,0.0,28.0192
2186,CA-2017-124576,20220801,20220804,327,746,92,3,54.896,2,0.2,18.5274
2187,CA-2016-101378,20210714,20210714,646,1528,5,2,29.0,2,0.0,7.25
2188,CA-2017-143063,20220810,20220815,337,882,242,4,70.08,6,0.0,35.04
2189,CA-2017-143063,20220810,20220815,337,268,242,4,121.3,2,0.0,25.473
2190,CA-2017-143063,20220810,20220815,337,1817,242,4,1454.49,9,0.0,378.1674
2191,CA-2016-118913,20210625,20210629,56,390,69,4,60.81,3,0.0,17.0268
2192,CA-2016-128412,20211210,20211217,45,708,614,4,153.552,3,0.2,51.8238
2193,CA-2016-128412,20211210,20211217,45,416,614,4,65.34,3,0.0,22.869
2194,CA-2016-128412,20211210,20211217,45,1085,614,4,123.92,4,0.0,55.764
2195,CA-2016-128412,20211210,20211217,45,383,614,4,35.1,3,0.0,12.285
2196,CA-2016-128412,20211210,20211217,45,1549,614,4,44.75,5,0.0,8.50249999999999
2197,CA-2016-136483,20211201,20211206,22,501,510,4,4.704,2,0.2,0.4116
2198,CA-2014-163013,20191128,20191204,82,538,7,4,14.67,3,0.0,3.9609
2199,CA-2015-135363,20200328,20200402,148,1208,482,4,15.552,3,0.2,5.4432
2200,CA-2015-135363,20200328,20200402,148,1056,482,4,5.232,1,0.2,1.7004
2201,US-2014-165659,20190601,20190606,478,204,26,4,22.2,6,0.0,9.102
2202,US-2014-165659,20190601,20190606,478,1777,26,4,881.93,7,0.0,229.3018
2203,CA-2015-138002,20200906,20200912,111,729,613,4,6.096,2,0.2,2.1336
2204,CA-2015-138002,20200906,20200912,111,309,613,4,191.82,3,0.0,74.8098
2205,CA-2015-128860,20200629,20200705,679,184,481,4,20.104,1,0.2,1.7591
2206,CA-2016-164350,20210910,20210912,143,488,502,3,67.56,3,0.2,8.44499999999999
2207,US-2014-103905,20190714,20190720,62,680,207,4,29.932,7,0.8,-46.3946
2208,US-2014-103905,20190714,20190720,62,1731,207,4,38.272,4,0.2,3.8272
2209,CA-2015-129854,20200822,20200826,627,483,405,4,16.52,4,0.0,7.5992
2210,CA-2014-125556,20191114,20191116,521,1713,139,3,832.93,7,0.0,233.2204
2211,CA-2014-125556,20191114,20191116,521,775,139,3,43.8,10,0.0,21.024
2212,CA-2016-162313,20211127,20211130,776,453,316,1,167.292,6,0.1,29.7408
2213,CA-2017-107874,20221121,20221125,726,261,408,4,27.42,1,0.0,11.2422
2214,CA-2017-129378,20221001,20221002,576,721,102,1,1.44,1,0.2,0.504
2215,CA-2017-129378,20221001,20221002,576,717,102,1,61.776,13,0.2,20.8494
2216,CA-2017-129378,20221001,20221002,576,388,102,1,241.96,2,0.0,60.49
2217,CA-2017-129378,20221001,20221002,576,58,102,1,108.608,4,0.2,9.50319999999999
2218,CA-2014-151953,20190920,20190925,197,581,163,4,2.816,2,0.2,0.9856
2219,CA-2017-130841,20220728,20220801,513,644,99,4,9.984,4,0.2,3.6192
2220,CA-2017-130841,20220728,20220801,513,1350,99,4,14.98,1,0.0,4.1944
2221,CA-2017-130841,20220728,20220801,513,1743,99,4,1145.6,4,0.2,100.24
2222,CA-2015-131884,20201206,20201206,217,1733,452,2,485.94,2,0.4,-89.0890000000001
2223,CA-2015-131884,20201206,20201206,217,613,452,2,37.376,8,0.2,4.672
2224,CA-2015-131884,20201206,20201206,217,132,452,2,70.686,1,0.3,-24.2352
2225,CA-2017-121909,20220731,20220805,246,1232,483,4,54.816,3,0.2,17.8152
2226,CA-2016-106383,20210319,20210321,113,17,130,3,72.294,1,0.7,-98.8018
2227,CA-2017-130771,20220729,20220803,448,932,520,4,2.896,2,0.2,0.4706
2228,CA-2017-130771,20220729,20220803,448,1773,520,4,124.792,1,0.2,15.599
2229,CA-2016-139157,20211001,20211005,307,353,407,4,330.588,1,0.4,-115.7058
2230,CA-2014-128055,20190331,20190405,1,822,100,4,673.568,2,0.2,252.588
2231,CA-2014-128055,20190331,20190405,1,436,100,4,52.98,2,0.0,14.8344
2232,CA-2017-157091,20220626,20220701,196,150,246,4,526.45,5,0.0,31.587
2233,CA-2017-132122,20220709,20220714,370,1400,213,4,228.92,5,0.2,14.3075
2234,CA-2015-123232,20201214,20201216,210,1711,472,3,319.968,4,0.2,35.9964
2235,CA-2017-104066,20221205,20221210,616,1485,585,4,205.03,7,0.0,67.6599
2236,CA-2015-145849,20200915,20200917,182,1290,245,3,190.86,2,0.0,11.4516
2237,CA-2015-145849,20200915,20200917,182,496,245,3,24.32,8,0.0,8.2688
2238,CA-2016-122322,20210715,20210721,644,1428,582,4,44.4,5,0.0,12.432
2239,CA-2017-166849,20220420,20220426,695,303,213,4,44.4,2,0.6,-52.17
2240,CA-2016-146633,20211115,20211117,748,777,69,3,1016.792,1,0.2,381.297
2241,CA-2016-146633,20211115,20211117,748,761,69,3,38.136,7,0.2,13.3476
2242,US-2016-126893,20211126,20211201,182,1835,483,4,494.982,3,0.4,-115.4958
2243,CA-2017-103380,20221121,20221125,80,1392,81,4,56.56,2,0.0,15.2712
2244,CA-2017-103380,20221121,20221125,80,602,81,4,5.56,2,0.0,1.4456
2245,CA-2017-103380,20221121,20221125,80,939,81,4,9.02,2,0.0,3.5178
2246,CA-2017-103380,20221121,20221125,80,409,81,4,8.62,1,0.0,2.2412
2247,CA-2017-103380,20221121,20221125,80,1835,81,4,659.976,3,0.2,49.4982
2248,CA-2015-116092,20200215,20200218,396,1259,64,3,13.36,2,0.0,6.4128
2249,CA-2015-116092,20200215,20200218,396,702,64,3,41.72,5,0.2,13.0375
2250,CA-2015-116092,20200215,20200218,396,659,64,3,11.52,5,0.2,4.176
2251,CA-2015-116092,20200215,20200218,396,406,64,3,541.44,6,0.0,157.0176
2252,CA-2015-116092,20200215,20200218,396,1050,64,3,19.44,3,0.0,9.3312
2253,CA-2016-117849,20210415,20210417,383,1260,97,3,143.7,3,0.0,68.976
2254,CA-2015-169201,20200928,20201001,323,391,99,1,43.26,3,0.0,14.2758
2255,CA-2015-169201,20200928,20201001,323,416,99,1,43.56,2,0.0,15.246
2256,CA-2016-164091,20210917,20210922,448,1749,282,4,437.85,3,0.0,131.355
2257,CA-2016-164091,20210917,20210922,448,315,282,4,109.48,2,0.0,33.9388
2258,CA-2017-105214,20220616,20220619,768,50,100,1,1212.96,7,0.2,90.972
2259,CA-2017-105214,20220616,20220619,768,1126,100,1,18.54,2,0.0,8.7138
2260,CA-2015-117611,20201108,20201110,551,922,95,3,5.0,1,0.0,2.4
2261,CA-2015-117611,20201108,20201110,551,1518,95,3,371.97,3,0.0,66.9546
2262,US-2015-137960,20201218,20201218,547,1523,408,2,166.24,1,0.0,24.936
2263,CA-2017-122994,20220206,20220209,545,40,587,1,359.97,3,0.0,79.1934
2264,CA-2016-131065,20211114,20211116,2,1576,190,3,499.98,2,0.0,114.9954
2265,CA-2016-131065,20211114,20211116,2,1172,190,3,5.28,1,0.0,2.376
2266,CA-2016-131065,20211114,20211116,2,845,190,3,8.26,2,0.0,3.8822
2267,CA-2017-149146,20221012,20221012,701,1240,431,2,7.968,2,0.2,2.6892
2268,CA-2017-137470,20220917,20220917,758,1149,615,2,12.96,2,0.0,6.3504
2269,CA-2017-105480,20221220,20221226,216,1189,411,4,6.48,1,0.0,3.1104
2270,CA-2017-105480,20221220,20221226,216,768,411,4,6.984,1,0.2,2.3571
2271,CA-2017-164917,20221202,20221207,518,618,171,4,47.96,5,0.2,4.1965
2272,CA-2015-102036,20200921,20200927,174,1385,614,4,199.74,6,0.0,47.9376
2273,CA-2015-142944,20200306,20200311,389,152,100,4,435.26,7,0.0,95.7572
2274,CA-2015-142944,20200306,20200311,389,1612,100,4,1119.984,2,0.2,377.9946
2275,CA-2014-157882,20191003,20191008,47,336,67,3,143.432,1,0.2,3.58579999999998
2276,CA-2014-157882,20191003,20191008,47,96,67,3,122.352,3,0.2,13.7646
2277,CA-2014-104283,20190627,20190701,466,1411,344,4,306.2,5,0.0,0.0
2278,CA-2014-104283,20190627,20190701,466,324,344,4,85.98,1,0.0,22.3548
2279,CA-2014-104283,20190627,20190701,466,1461,344,4,223.96,4,0.0,53.7504
2280,CA-2017-142622,20221030,20221102,379,113,615,1,97.568,2,0.2,-6.098
2281,CA-2017-142622,20221030,20221102,379,123,615,1,614.272,8,0.2,-23.0352000000001
2282,CA-2017-142622,20221030,20221102,379,45,615,1,199.98,2,0.0,37.9962
2283,CA-2016-132143,20210903,20210905,287,1184,142,1,48.16,7,0.0,22.1536
2284,CA-2015-153108,20200305,20200309,686,1731,251,4,23.92,2,0.0,6.6976
2285,CA-2015-153108,20200305,20200309,686,420,251,4,60.69,7,0.0,16.3863
2286,CA-2016-112676,20210505,20210508,595,1243,513,1,14.352,3,0.2,5.2026
2287,CA-2017-165687,20221117,20221123,177,459,594,4,35.04,2,0.0,12.264
2288,US-2017-112928,20220601,20220605,65,421,459,3,17.48,5,0.2,1.311
2289,CA-2017-143343,20220610,20220613,120,552,66,1,16.4,5,0.0,4.756
2290,CA-2017-115154,20220108,20220111,658,339,615,1,892.98,2,0.0,80.3682
2291,CA-2015-149342,20200420,20200425,762,1732,191,4,287.97,3,0.0,77.7519
2292,CA-2015-149342,20200420,20200425,762,242,191,4,595.38,6,0.0,297.69
2293,CA-2015-149342,20200420,20200425,762,1087,191,4,12.96,2,0.0,6.2208
2294,CA-2015-130995,20201101,20201106,616,1691,405,4,4.95,1,0.0,1.3365
2295,CA-2017-127929,20221223,20221227,287,268,142,4,181.95,3,0.0,38.2095
2296,CA-2015-113145,20201101,20201105,777,1180,406,4,13.52,4,0.0,6.2192
2297,CA-2015-113145,20201101,20201105,777,171,406,4,259.7,5,0.0,106.477
2298,CA-2015-113145,20201101,20201105,777,1728,406,4,42.95,1,0.0,1.2885
2299,CA-2015-113145,20201101,20201105,777,1509,406,4,1399.93,7,0.0,601.9699
2300,CA-2015-113145,20201101,20201105,777,1781,406,4,503.96,4,0.0,125.99
2301,CA-2014-162362,20191114,20191118,387,664,317,4,12.72,3,0.0,6.36
2302,CA-2014-162362,20191114,20191118,387,659,317,4,11.52,4,0.0,5.6448
2303,CA-2016-106558,20210117,20210121,222,1490,191,4,316.0,4,0.0,31.6
2304,CA-2017-157931,20220917,20220922,531,62,195,3,723.92,4,0.0,188.2192
2305,CA-2017-157931,20220917,20220922,531,1049,195,3,106.32,3,0.0,49.9704
2306,CA-2016-115574,20211223,20211224,102,32,214,1,141.372,2,0.3,-14.1372
2307,CA-2015-160794,20200806,20200808,542,1254,546,1,27.216,3,0.2,9.8658
2308,CA-2017-116225,20221105,20221109,724,1496,405,4,390.75,5,0.0,171.93
2309,US-2017-120418,20220611,20220612,67,70,15,1,280.792,1,0.2,35.099
2310,US-2017-120418,20220611,20220612,67,1369,15,1,68.448,4,0.2,7.70039999999999
2311,US-2017-120418,20220611,20220612,67,565,15,1,88.04,5,0.2,6.603
2312,US-2017-120418,20220611,20220612,67,539,15,1,15.872,1,0.2,1.984
2313,US-2017-120418,20220611,20220612,67,1355,15,1,215.592,3,0.2,-48.5082
2314,CA-2017-122035,20220720,20220725,269,1001,500,4,14.62,2,0.0,6.8714
2315,CA-2017-122035,20220720,20220725,269,417,500,4,416.32,2,0.0,112.4064
2316,CA-2017-122035,20220720,20220725,269,655,500,4,43.0,5,0.0,20.21
2317,CA-2017-122035,20220720,20220725,269,113,500,4,182.94,3,0.0,27.441
2318,CA-2017-122035,20220720,20220725,269,725,500,4,60.83,7,0.0,30.415
2319,CA-2017-122035,20220720,20220725,269,1551,500,4,389.97,3,0.0,132.5898
2320,CA-2015-117828,20201223,20201226,69,410,593,1,194.32,4,0.0,56.3528
2321,CA-2017-165491,20220320,20220324,334,1467,615,4,265.93,7,0.0,63.8232
2322,CA-2015-109470,20201231,20210103,420,825,272,3,94.74,3,0.0,44.5278
2323,CA-2015-109470,20201231,20210103,420,677,272,3,60.64,4,0.0,27.8944
2324,CA-2015-109470,20201231,20210103,420,787,272,3,76.3,5,0.0,38.15
2325,CA-2015-109470,20201231,20210103,420,673,272,3,364.8,12,0.0,167.808
2326,CA-2015-105102,20200915,20200919,92,726,408,3,79.872,3,0.2,29.952
2327,CA-2015-105102,20200915,20200919,92,48,408,3,46.384,1,0.2,1.1596
2328,CA-2015-105102,20200915,20200919,92,1168,408,3,12.96,2,0.0,6.2208
2329,CA-2017-138422,20220923,20220926,442,893,128,1,14.352,3,0.2,5.2026
2330,US-2015-147739,20201225,20201229,353,183,484,4,547.136,4,0.2,-68.3920000000001
2331,CA-2016-155187,20210924,20210926,448,1311,64,3,41.96,2,0.0,2.9372
2332,CA-2016-155187,20210924,20210926,448,1046,64,3,41.7,5,0.0,20.85
2333,CA-2017-169285,20220321,20220325,663,1249,247,4,277.4,5,0.0,133.152
2334,CA-2017-169285,20220321,20220325,663,1287,247,4,5.78,1,0.0,2.8322
2335,CA-2014-140886,20190930,20191004,447,391,504,4,69.216,6,0.2,11.2476
2336,CA-2017-152695,20221210,20221210,131,892,139,2,10.86,3,0.0,5.1042
2337,CA-2017-152695,20221210,20221210,131,376,139,2,426.79,7,0.0,123.7691
2338,CA-2014-110639,20190823,20190823,643,1241,405,2,25.92,4,0.0,12.4416
2339,CA-2014-110639,20190823,20190823,643,1271,405,2,45.92,4,0.0,22.5008
2340,CA-2014-121727,20190819,20190824,379,633,441,4,10.72,2,0.2,1.742
2341,CA-2016-137736,20211110,20211115,201,636,198,4,41.86,7,0.0,10.465
2342,US-2014-143231,20191231,20200103,305,226,295,1,63.2,5,0.0,23.384
2343,US-2014-143231,20191231,20200103,305,1467,295,1,113.97,3,0.0,27.3528
2344,US-2014-155894,20190726,20190730,152,1416,214,3,123.552,3,0.2,-29.3436
2345,CA-2016-119025,20210222,20210228,613,400,626,4,490.32,9,0.0,137.2896
2346,CA-2016-159373,20210313,20210318,478,1065,569,4,70.08,5,0.2,24.528
2347,CA-2016-159373,20210313,20210318,478,809,569,4,1.272,2,0.8,-2.1624
2348,CA-2016-159373,20210313,20210318,478,373,569,4,557.585,5,0.3,0.0
2349,CA-2017-109701,20221202,20221203,41,811,66,2,9.024,6,0.2,3.1584
2350,CA-2017-109701,20221202,20221203,41,662,66,2,69.456,2,0.2,22.5732
2351,CA-2017-109701,20221202,20221203,41,1229,66,2,10.86,2,0.0,5.3214
2352,CA-2017-109701,20221202,20221203,41,436,66,2,79.47,3,0.0,22.2516
2353,CA-2017-109701,20221202,20221203,41,532,66,2,10.08,6,0.0,5.04
2354,CA-2015-111514,20200831,20200902,672,21,100,1,1552.831,7,0.15,200.9546
2355,CA-2015-111514,20200831,20200902,672,746,100,1,137.24,5,0.2,46.3185
2356,CA-2015-111514,20200831,20200902,672,1598,100,1,36.51,1,0.0,15.6993
2357,CA-2015-111514,20200831,20200902,672,1623,100,1,239.976,3,0.2,80.9919
2358,US-2014-148838,20190317,20190321,166,356,407,4,1579.746,7,0.4,-447.5947
2359,US-2014-148838,20190317,20190321,166,339,407,4,1071.576,4,0.4,-553.6476
2360,US-2014-148838,20190317,20190321,166,366,407,4,613.908,3,0.4,-122.7816
2361,US-2014-148838,20190317,20190321,166,1194,407,4,34.86,7,0.0,16.3842
2362,US-2014-148838,20190317,20190321,166,1079,407,4,155.04,4,0.0,75.9696
2363,CA-2017-136497,20220416,20220420,642,698,441,4,13.71,5,0.7,-10.054
2364,US-2016-108637,20210313,20210318,6,312,598,4,127.88,2,0.0,40.9216
2365,US-2016-108637,20210313,20210318,6,467,598,4,160.32,2,0.0,44.8896
2366,US-2016-108637,20210313,20210318,6,843,598,4,46.0,4,0.0,20.7
2367,CA-2014-102295,20191124,20191126,260,74,91,3,120.712,1,0.2,-18.1068
2368,CA-2017-123659,20220210,20220213,529,1171,285,1,23.12,4,0.0,11.3288
2369,US-2016-129469,20210923,20210927,434,220,445,4,532.704,6,0.2,-26.6352
2370,US-2016-129469,20210923,20210927,434,480,445,4,4.912,2,0.2,0.307
2371,CA-2017-155152,20220707,20220709,534,1580,490,3,252.0,4,0.0,93.24
2372,CA-2016-159940,20210707,20210711,81,318,207,3,60.288,8,0.6,-27.1296
2373,CA-2016-159940,20210707,20210711,81,913,207,3,2.632,1,0.2,0.8225
2374,CA-2016-159940,20210707,20210711,81,1114,207,3,23.688,9,0.2,7.6986
2375,CA-2016-159940,20210707,20210711,81,62,207,3,253.372,2,0.3,-14.4784
2376,CA-2017-119669,20220124,20220130,757,901,197,4,5.67,3,0.0,0.1134
2377,US-2014-164616,20190819,20190821,540,708,441,3,76.776,4,0.7,-58.8616
2378,US-2014-164616,20190819,20190821,540,1456,441,3,9.184,2,0.2,1.148
2379,CA-2015-148628,20201206,20201211,437,1237,112,4,32.75,5,0.0,15.065
2380,CA-2016-118052,20210506,20210510,78,939,451,4,7.216,2,0.2,1.7138
2381,CA-2016-118052,20210506,20210510,78,1176,451,4,49.568,2,0.2,15.49
2382,CA-2016-118052,20210506,20210510,78,311,451,4,54.712,7,0.2,11.6263
2383,US-2017-117534,20220325,20220326,183,424,51,1,176.04,4,0.0,45.7704
2384,US-2017-117534,20220325,20220326,183,569,51,1,16.02,9,0.0,4.4856
2385,US-2017-117534,20220325,20220326,183,722,51,1,185.92,4,0.2,62.748
2386,US-2017-117534,20220325,20220326,183,1683,51,1,211.168,4,0.2,15.8376
2387,US-2017-117534,20220325,20220326,183,1603,51,1,479.984,2,0.2,59.998
2388,CA-2015-145065,20201212,20201215,217,916,97,1,7.86,2,0.0,3.6156
2389,CA-2015-145065,20201212,20201215,217,740,97,1,24.448,2,0.2,8.8624
2390,US-2015-127040,20201206,20201210,690,1258,405,4,6.48,1,0.0,3.1104
2391,US-2015-127040,20201206,20201210,690,1088,405,4,41.86,7,0.0,20.5114
2392,US-2015-127040,20201206,20201210,690,1538,405,4,1619.91,9,0.0,97.1945999999999
2393,US-2015-127040,20201206,20201210,690,239,405,4,113.92,4,0.0,42.1504
2394,CA-2016-128111,20210317,20210323,177,489,300,4,39.68,2,0.0,10.3168
2395,CA-2015-137897,20201114,20201119,595,1522,408,4,37.6,2,0.0,2.256
2396,CA-2015-137897,20201114,20201119,595,1492,408,4,59.9,2,0.0,23.96
2397,CA-2015-137897,20201114,20201119,595,1248,408,4,37.0,5,0.0,16.65
2398,CA-2017-169264,20220814,20220816,574,967,98,3,5.76,2,0.0,2.8224
2399,CA-2017-169264,20220814,20220816,574,478,98,3,16.68,6,0.0,4.3368
2400,CA-2017-147361,20220909,20220915,667,1355,493,4,628.81,7,0.0,12.5762
2401,CA-2017-147361,20220909,20220915,667,1362,493,4,56.45,5,0.0,14.677
2402,CA-2017-145877,20220401,20220404,53,1312,353,3,94.2,6,0.0,23.55
2403,CA-2017-145877,20220401,20220404,53,866,353,3,28.4,5,0.0,13.348
2404,US-2016-110170,20210927,20211003,329,6,549,4,956.6648,7,0.32,-225.0976
2405,CA-2017-108574,20221007,20221011,508,1518,68,4,1115.91,9,0.0,200.8638
2406,CA-2017-108574,20221007,20221011,508,1813,68,4,128.744,7,0.2,-28.9674
2407,CA-2017-108574,20221007,20221011,508,1705,68,4,79.92,10,0.2,26.973
2408,CA-2017-144589,20220120,20220125,754,590,100,4,24.2,5,0.0,7.986
2409,CA-2017-144589,20220120,20220125,754,1798,100,4,359.976,3,0.2,130.4913
2410,CA-2017-155985,20220323,20220325,76,167,100,1,211.84,8,0.0,76.2624
2411,CA-2014-162684,20190801,20190806,58,914,482,4,5.68,2,0.2,1.917
2412,CA-2015-142041,20200607,20200609,268,811,67,3,7.52,5,0.2,2.632
2413,CA-2014-151295,20191112,20191116,340,1141,68,4,11.96,2,0.0,5.8604
2414,CA-2014-151295,20191112,20191116,340,342,68,4,629.064,3,0.2,31.4532
2415,CA-2016-156300,20211229,20220102,740,74,626,4,754.45,5,0.0,60.356
2416,CA-2015-146087,20200706,20200711,607,24,296,4,301.96,2,0.0,60.392
2417,CA-2017-168655,20221012,20221018,523,1542,389,4,595.0,5,0.0,95.2
2418,CA-2017-168655,20221012,20221018,523,726,389,4,79.872,3,0.2,29.952
2419,CA-2016-107202,20210521,20210528,453,1619,367,4,2396.4,10,0.2,179.73
2420,CA-2017-159597,20221109,20221114,490,1364,41,4,63.56,2,0.0,3.178
2421,CA-2017-159597,20221109,20221114,490,1577,41,4,99.99,1,0.0,43.9956
2422,CA-2016-155551,20210418,20210423,167,1399,219,4,230.376,3,0.2,-48.9549
2423,CA-2016-155551,20210418,20210423,167,1110,219,4,9.664,2,0.2,3.2616
2424,US-2017-147669,20221225,20221230,724,1533,445,4,158.928,7,0.2,41.7186
2425,US-2017-147669,20221225,20221230,724,662,445,4,13.023,1,0.7,-10.4184
2426,US-2017-147669,20221225,20221230,724,347,445,4,273.06,2,0.4,-104.673
2427,US-2017-147669,20221225,20221230,724,928,445,4,39.312,13,0.2,12.7764
2428,CA-2016-169922,20210611,20210617,552,793,519,4,1.344,4,0.8,-2.1504
2429,CA-2016-169922,20210611,20210617,552,701,519,4,8.272,4,0.8,-13.6488
2430,CA-2016-169922,20210611,20210617,552,299,519,4,12.544,7,0.6,-9.0944
2431,CA-2017-100748,20220513,20220520,628,947,99,4,58.48,8,0.0,27.4856
2432,CA-2017-129805,20221228,20230102,329,204,613,4,7.4,2,0.0,3.034
2433,CA-2014-148586,20190325,20190401,64,92,405,4,366.786,7,0.1,65.2064
2434,US-2017-112613,20220528,20220601,371,1730,547,4,54.368,4,0.2,4.0776
2435,CA-2015-154746,20201114,20201117,595,862,595,1,33.96,2,0.0,16.98
2436,CA-2015-154746,20201114,20201117,595,443,595,1,826.11,3,0.0,322.1829
2437,CA-2017-140053,20220703,20220710,123,268,392,4,545.85,9,0.0,114.6285
2438,CA-2014-164210,20191118,20191120,615,323,132,3,145.98,2,0.5,-99.2664
2439,CA-2014-164210,20191118,20191120,615,1164,132,3,35.808,4,0.2,12.5328
2440,CA-2017-139948,20220717,20220722,728,232,187,4,7.904,2,0.2,2.1736
2441,CA-2016-146934,20210522,20210527,17,1848,383,4,345.0,5,0.0,86.25
2442,CA-2016-146934,20210522,20210527,17,359,383,4,174.286,2,0.3,-19.9184
2443,CA-2016-146934,20210522,20210527,17,445,383,4,662.84,4,0.0,172.3384
2444,CA-2016-146934,20210522,20210527,17,1531,383,4,95.1,5,0.0,30.432
2445,CA-2016-146934,20210522,20210527,17,875,383,4,26.88,6,0.0,12.9024
2446,CA-2016-146934,20210522,20210527,17,1720,383,4,257.98,2,0.0,74.8142
2447,CA-2015-100573,20200925,20201001,42,848,64,4,17.48,2,0.0,8.2156
2448,CA-2016-119165,20211031,20211106,68,65,485,4,492.835,5,0.3,-14.081
2449,CA-2015-128027,20200914,20200917,161,1355,495,3,269.49,3,0.0,5.38979999999999
2450,CA-2016-140207,20211105,20211110,178,797,102,4,29.12,5,0.2,9.828
2451,CA-2017-140949,20220317,20220322,196,944,406,3,18.75,5,0.0,9.0
2452,CA-2017-140949,20220317,20220322,196,1685,406,3,119.7,6,0.0,31.122
2453,CA-2017-140949,20220317,20220322,196,661,406,3,9.144,3,0.2,3.0861
2454,CA-2017-140949,20220317,20220322,196,1531,406,3,57.06,3,0.0,18.2592
2455,CA-2017-140949,20220317,20220322,196,1549,406,3,71.6,8,0.0,13.604
2456,CA-2017-140949,20220317,20220322,196,1300,406,3,107.44,8,0.0,27.9344
2457,CA-2017-140949,20220317,20220322,196,1001,406,3,7.31,1,0.0,3.4357
2458,CA-2017-140949,20220317,20220322,196,527,406,3,59.1,6,0.0,22.458
2459,CA-2017-140949,20220317,20220322,196,1393,406,3,46.53,3,0.0,12.0978
2460,CA-2017-138548,20220815,20220821,366,431,386,4,97.84,2,0.0,25.4384
2461,CA-2015-142419,20200711,20200713,674,1125,615,3,29.97,3,0.0,13.4865
2462,CA-2015-142419,20200711,20200713,674,700,615,3,98.352,3,0.2,34.4232
2463,CA-2017-148691,20221203,20221209,179,695,405,4,83.92,5,0.2,29.372
2464,CA-2017-148691,20221203,20221209,179,698,405,4,14.624,2,0.2,5.1184
2465,CA-2017-148691,20221203,20221209,179,1701,405,4,136.99,1,0.0,36.9873
2466,CA-2017-148691,20221203,20221209,179,963,405,4,3.15,1,0.0,1.512
2467,CA-2017-128755,20220504,20220508,519,1070,592,4,9.11,1,0.0,4.0995
2468,CA-2017-128755,20220504,20220508,519,1389,592,4,571.44,4,0.0,165.7176
2469,CA-2017-128755,20220504,20220508,519,1288,592,4,32.4,5,0.0,15.552
2470,CA-2017-128755,20220504,20220508,519,1334,592,4,16.91,1,0.0,4.5657
2471,US-2016-135923,20210122,20210128,156,212,424,4,14.272,8,0.2,4.2816
2472,US-2016-135923,20210122,20210128,156,19,424,4,451.136,4,0.2,-67.6704
2473,US-2016-135923,20210122,20210128,156,390,424,4,64.864,4,0.2,6.4864
2474,CA-2016-114972,20211103,20211106,591,67,66,1,217.584,2,0.2,-29.9178
2475,CA-2016-114972,20211103,20211106,591,1475,66,1,82.95,5,0.0,29.0325
2476,CA-2016-114972,20211103,20211106,591,1009,66,1,87.71,7,0.0,41.2237
2477,CA-2016-114972,20211103,20211106,591,443,66,1,1101.48,4,0.0,429.5772
2478,CA-2017-102750,20220904,20220908,308,319,67,3,1322.352,3,0.2,-99.1764
2479,CA-2014-145212,20190913,20190919,200,563,406,4,5.46,3,0.0,1.4742
2480,CA-2017-141992,20220619,20220625,290,1441,534,4,11.184,1,0.2,0.8388
2481,CA-2017-141992,20220619,20220625,290,1399,534,4,153.584,2,0.2,-32.6366
2482,CA-2017-147956,20221224,20221231,32,1329,614,4,1003.62,6,0.0,0.0
2483,CA-2017-126067,20220828,20220903,442,1708,614,4,35.168,4,0.2,11.4296
2484,CA-2017-126067,20220828,20220903,442,321,614,4,1137.75,5,0.0,250.305
2485,CA-2017-126067,20220828,20220903,442,705,614,4,99.68,5,0.2,32.396
2486,CA-2017-126067,20220828,20220903,442,602,614,4,5.56,2,0.0,1.4456
2487,CA-2015-104514,20200102,20200104,128,1356,148,3,85.52,2,0.0,22.2352
2488,CA-2015-104514,20200102,20200104,128,521,148,3,9.84,3,0.0,2.6568
2489,CA-2015-104514,20200102,20200104,128,1259,148,3,20.04,3,0.0,9.6192
2490,CA-2015-141040,20201009,20201013,735,1745,407,3,631.96,4,0.0,303.3408
2491,CA-2015-141040,20201009,20201013,735,1160,407,3,23.92,4,0.0,10.764
2492,CA-2014-113579,20191213,20191215,424,1103,69,3,90.24,6,0.0,41.5104
2493,CA-2014-144624,20191119,20191123,395,1793,400,4,4548.81,7,0.0,1228.1787
2494,CA-2016-146206,20210910,20210914,445,362,548,3,300.93,5,0.3,-34.392
2495,CA-2016-146206,20210910,20210914,445,1707,548,3,719.96,5,0.2,53.997
2496,CA-2014-136644,20190616,20190622,676,52,249,4,647.84,8,0.0,32.3919999999999
2497,CA-2015-122371,20200926,20201001,110,1369,96,4,64.17,3,0.0,18.6093
2498,CA-2015-122371,20200926,20201001,110,847,96,4,124.46,2,0.0,58.4962
2499,CA-2016-126935,20210519,20210524,112,839,98,4,9.584,1,0.2,3.3544
2500,US-2017-133781,20220622,20220623,200,897,170,1,37.608,3,0.2,12.6927
2501,CA-2017-131618,20220617,20220620,474,1138,237,1,12.224,2,0.2,4.4312
2502,CA-2017-131618,20220617,20220620,474,659,237,1,2.304,4,0.8,-3.5712
2503,CA-2017-131618,20220617,20220620,474,690,237,1,9.36,4,0.8,-16.38
2504,CA-2016-149482,20211114,20211119,656,948,99,4,7.38,2,0.0,3.4686
2505,CA-2014-143917,20190725,20190727,435,1332,100,3,53.72,4,0.0,15.0416
2506,CA-2014-143917,20190725,20190727,435,1421,100,3,8187.65,5,0.0,327.506
2507,CA-2014-143917,20190725,20190727,435,298,100,3,77.92,8,0.0,34.2848
2508,CA-2015-120397,20200702,20200702,623,403,547,2,32.784,4,0.8,-85.2384
2509,CA-2017-163902,20220302,20220308,549,1704,68,4,196.776,3,0.2,14.7582
2510,CA-2017-163902,20220302,20220308,549,1474,68,4,479.94,6,0.0,52.7934
2511,CA-2016-136812,20211118,20211123,62,1394,466,4,1117.92,4,0.0,55.896
2512,CA-2015-102722,20200418,20200419,447,1552,281,1,106.5,6,0.0,41.535
2513,CA-2017-155089,20221202,20221206,189,738,187,4,45.66,5,0.7,-33.484
2514,CA-2016-124506,20211111,20211117,66,1557,214,4,95.968,4,0.2,1.19959999999999
2515,CA-2016-124506,20211111,20211117,66,126,214,4,47.992,2,0.3,-2.0568
2516,CA-2014-106572,20190905,20190910,574,1306,438,4,264.32,2,0.2,19.824
2517,CA-2014-128888,20191115,20191122,584,877,548,4,604.656,9,0.2,204.0714
2518,CA-2017-123134,20220502,20220507,243,281,388,4,129.93,3,0.0,12.993
2519,CA-2016-124352,20211015,20211021,142,1010,466,4,20.16,7,0.0,9.8784
2520,CA-2016-124352,20211015,20211021,142,988,466,4,29.46,6,0.0,14.4354
2521,CA-2016-124352,20211015,20211021,142,432,466,4,868.59,3,0.0,251.8911
2522,CA-2016-124352,20211015,20211021,142,1208,466,4,12.96,2,0.0,6.2208
2523,CA-2016-124352,20211015,20211021,142,1809,466,4,5.5,1,0.0,1.375
2524,CA-2016-124352,20211015,20211021,142,673,466,4,121.6,4,0.0,55.936
2525,CA-2015-124541,20200406,20200410,771,613,546,4,42.048,9,0.2,5.256
2526,CA-2015-124541,20200406,20200410,771,1534,546,4,25.488,2,0.2,4.4604
2527,CA-2015-124541,20200406,20200410,771,843,546,4,6.9,3,0.8,-12.075
2528,CA-2015-124541,20200406,20200410,771,812,546,4,9.648,6,0.8,-16.884
2529,CA-2015-124541,20200406,20200410,771,1108,546,4,7.968,2,0.2,2.8884
2530,CA-2014-108707,20191024,20191029,189,1073,159,4,10.368,2,0.2,3.6288
2531,CA-2014-111500,20190817,20190821,209,1063,26,4,114.2,5,0.0,52.532
2532,CA-2014-111500,20190817,20190821,209,668,26,4,17.96,4,0.0,8.2616
2533,CA-2014-111500,20190817,20190821,209,923,26,4,12.67,7,0.0,4.5612
2534,CA-2014-111500,20190817,20190821,209,1478,26,4,339.96,4,0.0,122.3856
2535,US-2017-117723,20220815,20220818,222,1413,482,3,1801.632,6,0.2,-337.806
2536,CA-2015-143238,20200906,20200908,467,1563,56,1,46.32,4,0.0,18.0648
2537,CA-2015-168746,20200127,20200129,721,57,440,3,181.986,2,0.3,-54.5958
2538,CA-2015-168746,20200127,20200129,721,1707,440,3,431.976,4,0.4,-100.7944
2539,CA-2015-168746,20200127,20200129,721,1776,440,3,155.37,1,0.4,-36.253
2540,CA-2015-113404,20200716,20200716,268,104,100,2,1348.704,6,0.2,-219.1644
2541,CA-2015-113404,20200716,20200716,268,120,100,2,700.152,3,0.2,78.7671
2542,CA-2016-144792,20210430,20210504,426,236,17,4,111.888,7,0.2,22.3776
2543,CA-2014-164385,20190926,20191001,553,418,483,3,143.952,3,0.2,14.3952
2544,US-2016-114174,20210908,20210914,44,33,300,4,173.94,3,0.0,13.9152
2545,US-2016-114174,20210908,20210914,44,948,300,4,14.76,4,0.0,6.9372
2546,CA-2017-108070,20220416,20220420,357,1416,102,4,205.92,4,0.0,2.0592
2547,CA-2017-108070,20220416,20220420,357,7,102,4,102.833,1,0.15,-6.049
2548,US-2015-128090,20200816,20200822,395,548,16,4,2.304,1,0.2,0.2592
2549,US-2015-128090,20200816,20200822,395,1782,16,4,1879.96,5,0.2,211.4955
2550,US-2015-128090,20200816,20200822,395,1137,16,4,313.024,8,0.2,105.6456
2551,US-2015-128090,20200816,20200822,395,954,16,4,5.04,2,0.2,1.764
2552,CA-2017-101042,20221119,20221123,7,305,272,4,821.88,6,0.0,213.6888
2553,CA-2017-101042,20221119,20221123,7,641,272,4,21.96,2,0.0,10.7604
2554,CA-2016-155439,20210914,20210918,602,1016,492,4,25.92,4,0.0,12.4416
2555,CA-2016-118626,20210815,20210820,347,1692,185,4,705.544,7,0.2,70.5544000000001
2556,CA-2015-111458,20200926,20200930,590,1503,408,4,50.0,2,0.0,12.0
2557,US-2016-126844,20211008,20211014,119,314,547,4,51.712,8,0.6,-32.32
2558,US-2015-112508,20200324,20200330,102,421,155,4,6.992,2,0.2,0.5244
2559,CA-2015-147788,20200531,20200604,754,42,580,4,1406.86,7,0.0,140.686
2560,CA-2015-147788,20200531,20200604,754,996,580,4,15.75,5,0.0,7.56
2561,CA-2015-147788,20200531,20200604,754,1292,580,4,323.1,2,0.0,61.389
2562,CA-2015-144288,20201225,20201231,485,987,514,4,9.216,4,0.2,3.3408
2563,CA-2015-144288,20201225,20201231,485,1189,514,4,10.368,2,0.2,3.6288
2564,CA-2015-110632,20200317,20200322,333,1468,405,3,15.02,1,0.0,2.7036
2565,CA-2015-110632,20200317,20200322,333,1334,405,3,33.82,2,0.0,9.1314
2566,CA-2017-109589,20221221,20221224,73,1552,269,1,71.0,4,0.0,27.69
2567,CA-2017-123967,20221101,20221103,686,691,601,3,25.12,5,0.2,7.85
2568,CA-2017-123967,20221101,20221103,686,361,601,3,2665.62,9,0.0,239.9058
2569,CA-2017-148929,20220907,20220911,708,1388,406,4,478.08,8,0.0,133.8624
2570,CA-2017-134404,20221227,20221227,234,1701,456,2,164.388,2,0.4,-35.6174
2571,CA-2017-134404,20221227,20221227,234,619,456,2,13.248,4,0.2,3.6432
2572,CA-2017-109778,20220716,20220721,781,597,240,4,2.912,2,0.2,0.91
2573,CA-2016-155845,20210812,20210815,160,1576,526,3,1399.944,7,0.2,52.4979
2574,CA-2017-145128,20220709,20220714,701,150,247,4,526.45,5,0.0,31.587
2575,CA-2014-129091,20191122,20191127,618,900,191,4,16.23,3,0.0,7.9527
2576,CA-2014-129091,20191122,20191127,618,676,191,4,319.9,5,0.0,156.751
2577,CA-2014-129091,20191122,20191127,618,866,191,4,11.36,2,0.0,5.3392
2578,CA-2014-129091,20191122,20191127,618,435,191,4,675.12,3,0.0,290.3016
2579,US-2014-155502,20190126,20190131,683,302,586,4,62.82,3,0.0,30.7818
2580,US-2014-155502,20190126,20190131,683,1411,586,4,489.92,8,0.0,0.0
2581,US-2014-155502,20190126,20190131,683,1203,586,4,19.44,3,0.0,9.3312
2582,US-2014-155502,20190126,20190131,683,1046,586,4,16.68,2,0.0,8.34
2583,US-2014-155502,20190126,20190131,683,1853,586,4,155.35,13,0.0,0.0
2584,US-2014-155502,20190126,20190131,683,196,586,4,12.42,3,0.0,4.4712
2585,US-2014-155502,20190126,20190131,683,1755,586,4,187.98,2,0.0,52.6344
2586,CA-2015-121041,20201103,20201110,176,854,543,4,6.608,2,0.2,2.1476
2587,CA-2017-131695,20220630,20220706,617,1342,407,4,248.57,7,0.0,67.1139
2588,CA-2017-131695,20220630,20220706,617,210,407,4,22.23,1,0.0,9.7812
2589,CA-2016-137729,20210505,20210509,80,1345,64,4,5.98,1,0.0,1.0166
2590,CA-2016-137729,20210505,20210509,80,1723,64,4,246.168,3,0.2,21.5397
2591,US-2016-115455,20210908,20210914,684,307,239,4,14.136,2,0.6,-7.7748
2592,US-2016-115455,20210908,20210914,684,357,239,4,601.47,3,0.5,-300.735
2593,CA-2017-128300,20221124,20221126,659,1788,497,3,79.1,2,0.0,39.55
2594,CA-2017-128300,20221124,20221126,659,700,497,3,327.84,8,0.0,157.3632
2595,CA-2017-149048,20220513,20220517,93,885,242,4,180.96,2,0.0,81.432
2596,CA-2017-149048,20220513,20220517,93,832,242,4,914.97,3,0.0,411.7365
2597,CA-2017-149048,20220513,20220517,93,1764,242,4,587.97,3,0.0,158.7519
2598,CA-2017-149048,20220513,20220517,93,1294,242,4,530.34,2,0.0,95.4612
2599,CA-2017-149048,20220513,20220517,93,1124,242,4,14.94,3,0.0,7.3206
2600,CA-2017-108553,20220423,20220429,698,376,407,4,121.94,2,0.0,35.3626
2601,CA-2017-108553,20220423,20220429,698,1442,407,4,122.71,7,0.0,36.813
2602,CA-2016-165848,20210604,20210604,275,1043,408,2,14.94,3,0.0,7.0218
2603,CA-2016-165848,20210604,20210604,275,1661,408,2,1349.85,3,0.0,364.4595
2604,CA-2016-165848,20210604,20210604,275,3,408,2,136.784,1,0.2,5.1294
2605,CA-2016-165848,20210604,20210604,275,278,408,2,61.12,4,0.0,20.7808
2606,CA-2014-112718,20191216,20191221,441,660,163,4,1.167,1,0.7,-0.8558
2607,CA-2016-154053,20210304,20210310,507,594,95,4,16.99,1,0.0,4.9271
2608,CA-2014-127446,20191125,20191130,490,1505,519,4,24.672,3,0.2,0.0
2609,CA-2014-127446,20191125,20191130,490,963,519,4,2.52,1,0.2,0.882
2610,CA-2014-127446,20191125,20191130,490,320,519,4,1218.735,5,0.3,-121.8735
2611,CA-2014-127446,20191125,20191130,490,948,519,4,5.904,2,0.2,1.9926
2612,CA-2014-127446,20191125,20191130,490,1080,519,4,15.696,3,0.2,5.1012
2613,CA-2014-127446,20191125,20191130,490,145,519,4,6.096,3,0.6,-3.9624
2614,CA-2016-137204,20210428,20210505,97,86,68,4,41.568,2,0.2,2.598
2615,CA-2014-147298,20190426,20190503,20,134,69,4,230.28,3,0.2,23.028
2616,CA-2014-147298,20190426,20190503,20,696,69,4,18.288,6,0.2,5.715
2617,CA-2017-147942,20220401,20220405,537,993,99,4,5.78,2,0.0,2.7166
2618,CA-2017-147942,20220401,20220405,537,690,99,4,121.68,13,0.2,38.025
2619,CA-2017-115931,20221222,20221226,394,481,390,4,4.17,3,0.0,1.0842
2620,CA-2017-115931,20221222,20221226,394,1718,390,4,67.04,4,0.2,6.704
2621,CA-2017-115931,20221222,20221226,394,1320,390,4,37.32,3,0.0,10.4496
2622,CA-2017-115931,20221222,20221226,394,964,390,4,18.45,5,0.0,8.6715
2623,CA-2014-164861,20191203,20191206,492,1146,351,3,25.92,4,0.0,12.4416
2624,CA-2017-127180,20221022,20221024,731,1615,407,1,11199.968,4,0.2,3919.9888
2625,CA-2017-127180,20221022,20221024,731,1727,407,1,2399.6,8,0.0,647.892
2626,CA-2017-127180,20221022,20221024,731,869,407,1,63.9,5,0.0,28.755
2627,CA-2017-127180,20221022,20221024,731,1820,407,1,52.99,1,0.0,0.529899999999998
2628,US-2017-165344,20221113,20221115,667,1531,458,1,60.864,4,0.2,9.1296
2629,US-2017-165344,20221113,20221115,667,1642,458,1,652.995,7,0.7,-935.9595
2630,US-2017-165344,20221113,20221115,667,766,458,1,11.22,10,0.7,-7.48
2631,CA-2015-168186,20200910,20200915,8,1050,467,4,14.94,3,0.0,7.0218
2632,US-2017-110604,20220515,20220520,360,140,613,4,39.96,2,0.0,17.1828
2633,US-2017-110604,20220515,20220520,360,80,613,4,42.624,2,0.2,4.2624
2634,US-2017-110604,20220515,20220520,360,122,613,4,220.96,1,0.2,24.858
2635,CA-2015-116750,20200705,20200710,79,275,424,3,4.928,2,0.2,0.739199999999999
2636,CA-2015-116750,20200705,20200710,79,836,424,3,7.23,5,0.7,-5.784
2637,CA-2015-162369,20200815,20200819,772,1292,68,4,323.1,2,0.0,61.389
2638,CA-2017-108441,20220612,20220618,665,1069,408,4,19.04,4,0.0,9.3296
2639,CA-2017-108441,20220612,20220618,665,670,408,4,13.128,3,0.2,4.2666
2640,CA-2017-108441,20220612,20220618,665,627,408,4,64.14,3,0.0,16.6764
2641,CA-2017-108441,20220612,20220618,665,59,408,4,858.24,4,0.1,143.04
2642,CA-2015-169740,20200220,20200225,466,1482,24,4,29.99,1,0.0,2.999
2643,CA-2016-124051,20211229,20211230,414,1096,207,1,186.048,6,0.2,67.4424
2644,CA-2016-149111,20210417,20210421,83,1799,432,3,36.792,1,0.2,4.1391
2645,CA-2016-149111,20210417,20210421,83,144,432,3,18.624,8,0.2,6.2856
2646,CA-2014-131002,20190907,20190912,738,296,467,3,57.69,3,0.0,23.6529
2647,CA-2014-131002,20190907,20190912,738,671,467,3,42.81,3,0.0,20.1207
2648,CA-2014-131002,20190907,20190912,738,1031,467,3,12.96,2,0.0,6.2208
2649,CA-2014-131002,20190907,20190912,738,305,467,3,821.88,6,0.0,213.6888
2650,CA-2014-131002,20190907,20190912,738,1689,467,3,104.85,3,0.0,28.3095
2651,US-2016-146794,20210926,20211001,692,45,52,4,424.9575,5,0.15,19.998
2652,CA-2017-112515,20220917,20220921,55,668,582,3,10.776,3,0.2,3.5022
2653,CA-2017-112515,20220917,20220921,55,789,582,3,11.784,3,0.2,4.2717
2654,CA-2017-112515,20220917,20220921,55,1019,582,3,164.88,3,0.0,80.7912
2655,CA-2017-112515,20220917,20220921,55,30,582,3,1292.94,3,0.0,77.5763999999999
2656,CA-2017-112515,20220917,20220921,55,815,582,3,25.584,2,0.2,8.9544
2657,CA-2017-112515,20220917,20220921,55,1333,582,3,261.74,2,0.0,65.435
2658,CA-2017-112515,20220917,20220921,55,961,582,3,14.4,5,0.0,7.056
2659,CA-2016-150343,20210816,20210820,598,892,99,4,10.86,3,0.0,5.1042
2660,CA-2015-135538,20201224,20201228,333,122,12,4,883.84,4,0.2,99.4319999999999
2661,CA-2017-123372,20221128,20221202,205,1791,408,4,1979.89,11,0.0,494.9725
2662,CA-2017-123372,20221128,20221202,205,879,408,4,79.96,2,0.0,35.982
2663,CA-2017-159604,20220414,20220415,154,775,353,1,8.76,2,0.0,4.2048
2664,CA-2016-164784,20210501,20210504,321,966,512,1,3.984,1,0.2,1.2948
2665,CA-2016-164784,20210501,20210504,321,370,512,1,370.62,3,0.4,-142.071
2666,CA-2016-164784,20210501,20210504,321,759,512,1,2.742,2,0.7,-2.0108
2667,CA-2016-111794,20211001,20211001,324,1570,518,2,79.512,3,0.2,20.8719
2668,CA-2016-111794,20211001,20211001,324,1049,518,2,28.352,1,0.2,9.5688
2669,US-2015-139759,20200825,20200830,568,96,68,4,40.784,1,0.2,4.5882
2670,US-2015-139759,20200825,20200830,568,436,68,4,105.96,4,0.0,29.6688
2671,CA-2014-126403,20190909,20190912,657,1086,299,3,166.44,3,0.0,79.8912
2672,CA-2014-126403,20190909,20190912,657,110,299,3,785.88,6,0.0,212.1876
2673,CA-2014-126403,20190909,20190912,657,1276,299,3,26.2,2,0.0,12.838
2674,CA-2014-126403,20190909,20190912,657,1294,299,3,1325.85,5,0.0,238.653
2675,CA-2017-136875,20221203,20221203,744,1045,95,2,166.44,3,0.0,79.8912
2676,CA-2017-132185,20221127,20221202,198,485,417,4,8.76,5,0.2,0.7665
2677,CA-2017-132185,20221127,20221202,198,400,417,4,43.584,1,0.2,4.3584
2678,US-2014-160780,20190621,20190621,722,682,135,2,11.088,7,0.7,-8.1312
2679,US-2014-160780,20190621,20190621,722,757,135,2,25.164,2,0.7,-16.776
2680,CA-2017-127026,20220121,20220127,516,659,314,4,14.4,5,0.0,7.056
2681,CA-2017-127026,20220121,20220127,516,1518,314,4,619.95,5,0.0,111.591
2682,CA-2017-127026,20220121,20220127,516,687,314,4,89.52,4,0.0,42.0744
2683,CA-2017-127026,20220121,20220127,516,1651,314,4,350.973,3,0.1,152.0883
2684,CA-2017-127026,20220121,20220127,516,1816,314,4,164.99,1,0.0,49.497
2685,CA-2017-137085,20220629,20220706,182,662,64,4,312.552,9,0.2,101.5794
2686,CA-2016-133123,20210906,20210911,416,879,433,4,95.952,3,0.2,29.985
2687,CA-2016-133123,20210906,20210911,416,674,433,4,3.204,2,0.7,-2.4564
2688,US-2016-128195,20210804,20210805,617,720,232,1,3.98,5,0.8,-6.567
2689,CA-2015-153220,20201112,20201114,790,1198,66,1,15.7,5,0.0,7.065
2690,CA-2014-123064,20190630,20190702,619,622,215,1,5.248,4,0.2,1.64
2691,CA-2017-156412,20221204,20221208,158,821,483,4,5.346,3,0.7,-4.455
2692,US-2016-144211,20210828,20210902,174,1161,127,4,15.48,3,0.2,5.6115
2693,US-2016-144211,20210828,20210902,174,1794,127,4,108.576,3,0.2,8.1432
2694,CA-2016-138079,20210122,20210128,38,185,615,4,109.9,5,0.0,37.366
2695,CA-2014-143182,20191015,20191020,218,296,160,4,15.384,1,0.2,4.0383
2696,CA-2016-161662,20210207,20210209,77,1220,450,1,30.352,2,0.2,10.6232
2697,CA-2014-145317,20190318,20190323,701,1664,163,4,821.3,4,0.5,-16.426
2698,CA-2014-145317,20190318,20190323,701,1643,163,4,22638.48,6,0.5,-1811.0784
2699,CA-2014-145317,20190318,20190323,701,1130,163,4,21.376,4,0.2,7.4816
2700,CA-2014-145317,20190318,20190323,701,573,163,4,8.016,3,0.2,1.002
2701,CA-2014-145317,20190318,20190323,701,296,163,4,30.768,2,0.2,8.0766
2702,CA-2014-145317,20190318,20190323,701,933,163,4,18.936,3,0.2,5.9175
2703,CA-2014-145317,20190318,20190323,701,208,163,4,122.352,3,0.2,15.294
2704,CA-2014-143413,20190524,20190530,654,1166,284,4,116.28,3,0.0,56.9772
2705,CA-2017-156818,20220711,20220713,351,1525,405,3,132.6,6,0.0,17.238
2706,CA-2017-155873,20220616,20220621,10,1429,390,4,16.68,2,0.0,4.3368
2707,CA-2017-155873,20220616,20220621,10,1092,390,4,19.44,3,0.0,9.3312
2708,CA-2017-155873,20220616,20220621,10,1131,390,4,192.16,4,0.0,92.2368
2709,CA-2015-121797,20200130,20200206,130,200,69,4,227.36,7,0.0,81.8496
2710,CA-2015-121797,20200130,20200206,130,1622,69,4,1919.976,3,0.2,215.9973
2711,US-2015-120572,20201211,20201215,300,680,163,4,12.828,2,0.7,-8.9796
2712,CA-2017-132430,20221009,20221011,165,263,449,1,45.888,4,0.2,9.1776
2713,CA-2017-146031,20220729,20220801,304,557,413,3,60.12,9,0.0,22.2444
2714,CA-2014-110100,20190425,20190429,452,1844,434,4,302.376,3,0.2,37.797
2715,CA-2015-103723,20201201,20201206,111,576,614,4,13.9,5,0.0,5.56
2716,CA-2014-127187,20191204,20191208,165,1703,407,4,129.98,2,0.0,62.3904
2717,CA-2017-128475,20220826,20220901,677,1462,191,4,71.98,2,0.0,15.1158
2718,CA-2014-100006,20190907,20190913,217,1753,407,4,377.97,3,0.0,109.6113
2719,CA-2017-144827,20221221,20221227,684,1412,43,4,124.36,2,0.0,33.5772
2720,CA-2014-110030,20191206,20191208,460,236,548,3,23.976,3,0.6,-14.3856
2721,CA-2014-121286,20191104,20191108,580,907,419,3,8.376,3,0.2,2.7222
2722,CA-2014-121286,20191104,20191108,580,471,419,3,58.24,5,0.2,5.096
2723,CA-2016-164735,20210414,20210419,738,1349,586,3,81.2,5,0.0,12.18
2724,CA-2014-153479,20191004,20191008,204,1012,115,4,14.45,5,0.0,6.7915
2725,CA-2014-153479,20191004,20191008,204,755,115,4,95.648,2,0.2,31.0856
2726,CA-2017-149888,20221107,20221113,276,1821,482,4,359.97,5,0.4,-71.994
2727,CA-2017-149888,20221107,20221113,276,323,482,4,350.352,4,0.4,-140.1408
2728,CA-2017-119193,20221222,20221224,698,670,459,1,1.641,1,0.7,-1.3128
2729,CA-2017-119193,20221222,20221224,698,1798,459,1,629.958,7,0.4,94.4937
2730,CA-2017-104801,20220213,20220219,285,523,614,4,6.63,3,0.0,1.7901
2731,CA-2017-104801,20220213,20220219,285,1509,614,4,799.96,4,0.0,343.9828
2732,CA-2017-104801,20220213,20220219,285,285,614,4,107.53,1,0.0,21.506
2733,CA-2014-107594,20190702,20190706,259,1796,386,4,73.98,2,0.0,19.9746
2734,CA-2014-107594,20190702,20190706,259,494,386,4,5.58,1,0.0,2.1762
2735,CA-2015-129770,20200221,20200223,356,1035,393,3,49.12,4,0.0,23.0864
2736,CA-2015-115798,20201113,20201119,435,1819,148,4,377.97,3,0.0,94.4925
2737,CA-2015-115798,20201113,20201119,435,1110,148,4,42.28,7,0.0,19.8716
2738,CA-2015-115798,20201113,20201119,435,45,148,4,299.97,3,0.0,56.9943
2739,CA-2015-115798,20201113,20201119,435,1744,148,4,89.98,2,0.0,43.1904
2740,CA-2017-122707,20220416,20220418,248,1422,4,1,477.24,4,0.0,9.54480000000001
2741,CA-2017-122707,20220416,20220418,248,1579,4,1,25.98,2,0.0,1.5588
2742,CA-2016-165015,20210225,20210227,74,882,456,3,46.72,5,0.2,17.52
2743,CA-2014-149244,20191104,20191108,538,307,96,4,35.34,2,0.0,13.4292
2744,CA-2015-140144,20200620,20200625,680,218,100,3,257.64,6,0.0,100.4796
2745,CA-2015-140144,20200620,20200625,680,1786,100,3,125.976,3,0.2,47.241
2746,CA-2017-163321,20220807,20220811,289,1587,430,3,79.992,1,0.2,21.9978
2747,CA-2014-155887,20190512,20190517,445,341,295,4,700.056,3,0.3,-130.0104
2748,US-2015-165449,20201122,20201126,44,1575,539,4,27.168,4,0.2,-1.3584
2749,CA-2015-110247,20201204,20201208,645,698,185,4,8.226,3,0.7,-6.0324
2750,US-2014-141257,20190608,20190614,173,95,615,4,585.552,3,0.2,73.194
2751,CA-2014-154669,20190808,20190811,754,1304,114,3,423.28,11,0.0,110.0528
2752,CA-2014-158029,20190526,20190530,321,65,65,4,225.296,2,0.2,22.5296
2753,CA-2015-155306,20200417,20200421,293,576,100,4,5.56,2,0.0,2.224
2754,CA-2015-155306,20200417,20200421,293,1554,100,4,323.37,3,0.0,129.348
2755,CA-2015-155306,20200417,20200421,293,1764,100,4,783.96,5,0.2,68.5965
2756,CA-2015-155306,20200417,20200421,293,432,100,4,1447.65,5,0.0,419.8185
2757,CA-2015-155306,20200417,20200421,293,1088,100,4,11.96,2,0.0,5.8604
2758,CA-2016-127775,20210611,20210613,278,1532,408,3,239.97,3,0.0,71.991
2759,CA-2016-146171,20210311,20210315,402,296,191,4,76.92,4,0.0,31.5372
2760,CA-2016-146171,20210311,20210315,402,1348,191,4,481.32,4,0.0,125.1432
2761,CA-2014-129574,20190526,20190529,245,1191,579,1,48.4,5,0.0,23.232
2762,CA-2017-126536,20221012,20221014,567,1569,99,1,0.99,1,0.0,0.4356
2763,CA-2017-126536,20221012,20221014,567,686,99,1,101.84,5,0.2,36.917
2764,CA-2017-165757,20220622,20220628,599,765,484,4,10.332,3,0.7,-7.5768
2765,CA-2017-165757,20220622,20220628,599,799,484,4,31.155,5,0.7,-23.8855
2766,CA-2017-165757,20220622,20220628,599,1417,484,4,8.928,2,0.2,0.6696
2767,CA-2017-167752,20220115,20220118,663,380,483,1,34.384,1,0.2,3.86819999999999
2768,CA-2017-167752,20220115,20220118,663,440,483,1,1924.16,8,0.2,312.676
2769,US-2015-122140,20200402,20200407,532,401,534,4,32.192,2,0.8,-80.48
2770,US-2015-122140,20200402,20200407,532,1549,534,4,50.12,7,0.2,-0.626500000000007
2771,US-2015-122140,20200402,20200407,532,1558,534,4,47.976,3,0.2,1.7991
2772,CA-2016-163986,20210903,20210910,374,1323,629,4,54.5,5,0.0,14.17
2773,CA-2017-158967,20221210,20221212,116,205,159,1,19.104,3,0.2,5.7312
2774,CA-2016-131576,20211122,20211126,632,753,309,4,49.44,3,0.0,24.2256
2775,CA-2017-143455,20221111,20221118,522,1267,458,4,10.368,2,0.2,3.6288
2776,CA-2016-144729,20211021,20211025,357,1416,96,4,154.44,3,0.0,1.5444
2777,CA-2015-127019,20201221,20201225,277,458,124,4,60.984,7,0.2,4.5738
2778,CA-2015-138534,20200717,20200719,392,28,34,3,195.466,2,0.15,-13.7976
2779,CA-2017-108322,20220430,20220505,714,204,180,4,23.68,8,0.2,6.216
2780,CA-2017-108322,20220430,20220505,714,1560,180,4,2.376,3,0.2,0.7425
2781,CA-2017-167668,20220506,20220508,744,1008,408,1,59.2,4,0.0,29.6
2782,CA-2017-146724,20221120,20221127,324,503,332,4,22.0,10,0.0,9.68
2783,CA-2016-139878,20211111,20211116,458,1720,311,4,257.98,2,0.0,74.8142
2784,US-2016-106677,20211105,20211110,57,1803,483,4,23.988,2,0.4,-15.992
2785,CA-2016-116974,20211009,20211015,534,1856,460,4,23.976,4,0.4,-15.5844
2786,CA-2015-149972,20200921,20200923,142,136,67,1,601.536,4,0.2,0.0
2787,CA-2015-149972,20200921,20200923,142,925,67,1,7.9,2,0.0,2.528
2788,US-2014-117744,20191202,20191206,497,189,531,4,58.36,5,0.6,-24.803
2789,US-2014-117744,20191202,20191206,497,501,531,4,16.464,7,0.2,1.4406
2790,US-2014-117744,20191202,20191206,497,236,531,4,39.96,5,0.6,-23.976
2791,CA-2014-125514,20190921,20190922,93,386,362,1,25.96,2,0.0,7.5284
2792,CA-2014-125514,20190921,20190922,93,448,362,1,36.27,3,0.0,10.881
2793,CA-2014-125514,20190921,20190922,93,1016,362,1,6.48,1,0.0,3.1104
2794,CA-2014-154599,20190412,20190417,441,1732,87,4,1075.088,14,0.2,94.0701999999999
2795,CA-2014-154599,20190412,20190417,441,1701,87,4,438.368,4,0.2,38.3572
2796,CA-2014-154599,20190412,20190417,441,747,87,4,18.088,7,0.2,6.5569
2797,CA-2014-154599,20190412,20190417,441,7,87,4,308.499,3,0.15,-18.147
2798,CA-2017-158743,20221020,20221027,336,549,26,4,13.36,4,0.0,4.1416
2799,CA-2017-158743,20221020,20221027,336,1083,26,4,39.96,2,0.0,18.7812
2800,CA-2017-158743,20221020,20221027,336,773,26,4,145.85,5,0.0,70.008
2801,CA-2016-153318,20211025,20211028,406,1710,171,1,783.96,5,0.2,78.396
2802,US-2015-110163,20201101,20201104,294,527,474,1,7.88,1,0.2,1.773
2803,CA-2017-143329,20221103,20221108,221,160,393,4,41.37,3,0.0,17.3754
2804,CA-2015-159380,20200512,20200516,181,1239,100,4,12.84,3,0.0,5.778
2805,CA-2015-159380,20200512,20200516,181,1255,100,4,25.68,6,0.0,11.556
2806,CA-2015-122623,20200907,20200911,130,58,537,4,47.516,2,0.3,-2.0364
2807,CA-2015-148635,20200725,20200727,515,940,615,3,9.42,2,0.0,0.471
2808,CA-2015-148635,20200725,20200727,515,1281,615,3,12.96,2,0.0,6.2208
2809,CA-2015-148635,20200725,20200727,515,19,615,3,704.9,5,0.0,56.392
2810,CA-2015-148635,20200725,20200727,515,77,615,3,561.568,2,0.2,28.0784
2811,CA-2015-135685,20201116,20201118,535,1025,626,3,179.82,9,0.0,84.5154
2812,CA-2015-135685,20201116,20201118,535,177,626,3,185.58,6,0.0,76.0878
2813,CA-2015-135685,20201116,20201118,535,328,626,3,214.11,3,0.0,36.3987
2814,CA-2015-135685,20201116,20201118,535,1576,626,3,999.96,4,0.0,229.9908
2815,CA-2015-135685,20201116,20201118,535,322,626,3,653.55,3,0.0,111.1035
2816,CA-2015-104626,20200901,20200908,235,694,295,4,114.6,5,0.0,51.57
2817,CA-2015-104626,20200901,20200908,235,112,295,4,60.74,1,0.0,15.185
2818,CA-2015-104626,20200901,20200908,235,152,295,4,124.36,2,0.0,27.3592
2819,CA-2015-104626,20200901,20200908,235,1386,295,4,1088.76,6,0.0,315.7404
2820,CA-2016-160500,20210505,20210508,224,793,48,1,6.72,5,0.2,2.352
2821,CA-2016-160500,20210505,20210508,224,359,48,1,298.776,3,0.2,7.46939999999999
2822,CA-2017-100202,20211231,20220105,72,1777,31,4,302.376,3,0.2,22.6782
2823,CA-2017-131016,20220918,20220920,200,475,519,1,8.928,2,0.2,0.557999999999999
2824,CA-2017-131016,20220918,20220920,200,1301,519,1,47.584,2,0.2,-2.974
2825,US-2014-112914,20190925,20190930,544,1212,546,4,33.792,8,0.2,10.56
2826,US-2014-112914,20190925,20190930,544,29,546,4,300.5328,2,0.32,-97.2312
2827,US-2014-112914,20190925,20190930,544,761,546,4,2.724,2,0.8,-4.3584
2828,US-2014-112914,20190925,20190930,544,861,546,4,3.264,2,0.2,1.1016
2829,CA-2016-124149,20210423,20210426,517,1170,450,1,108.336,6,0.2,37.9176
2830,CA-2016-124149,20210423,20210426,517,1317,450,1,55.92,5,0.2,6.291
2831,CA-2016-124149,20210423,20210426,517,1192,450,1,78.304,2,0.2,29.364
2832,CA-2014-148915,20191101,20191105,559,1330,472,4,443.92,5,0.2,-94.333
2833,CA-2014-148915,20191101,20191105,559,1703,472,4,155.976,3,0.2,54.5916
2834,CA-2017-134649,20220126,20220131,121,523,4,3,15.47,7,0.0,4.1769
2835,CA-2017-134649,20220126,20220131,121,715,4,3,7.16,2,0.0,3.4368
2836,CA-2017-110842,20221111,20221116,294,458,67,4,10.89,1,0.0,2.8314
2837,CA-2017-110842,20221111,20221116,294,1054,67,4,19.44,3,0.0,9.3312
2838,CA-2017-110842,20221111,20221116,294,673,67,4,121.6,5,0.2,39.52
2839,CA-2016-147368,20210609,20210612,744,1641,185,1,695.7,2,0.5,-27.828
2840,US-2015-104185,20200903,20200908,341,1348,405,3,120.33,1,0.0,31.2858
2841,US-2014-125521,20190314,20190319,149,105,589,4,1139.92,4,0.0,284.98
2842,US-2017-135062,20220831,20220904,648,1021,424,3,229.544,7,0.2,83.2097
2843,CA-2017-135650,20220323,20220327,15,1355,549,4,143.728,2,0.2,-32.3388
2844,CA-2017-112865,20220518,20220522,89,1468,484,4,36.048,3,0.2,-0.901200000000001
2845,US-2016-162852,20211227,20211231,87,131,240,4,845.488,8,0.3,-12.0784000000001
2846,CA-2017-138163,20221117,20221120,789,540,294,1,50.94,3,0.0,14.2632
2847,CA-2017-152093,20220910,20220915,704,777,215,4,762.594,3,0.8,-1143.891
2848,CA-2017-157854,20220408,20220415,225,276,195,4,56.28,6,0.0,15.7584
2849,CA-2017-157854,20220408,20220415,225,692,195,4,2690.97,3,0.0,1264.7559
2850,CA-2016-123617,20211128,20211203,37,760,176,4,7.434,6,0.7,-5.6994
2851,US-2016-128293,20210602,20210605,420,1316,482,1,64.784,1,0.2,-12.9568
2852,CA-2017-107342,20221217,20221222,778,1123,242,4,28.16,4,0.0,13.2352
2853,CA-2016-136371,20210319,20210321,724,155,410,3,14.98,1,0.0,6.8908
2854,CA-2016-136371,20210319,20210321,724,145,410,3,20.32,4,0.0,6.9088
2855,CA-2017-137344,20220820,20220820,268,1300,295,2,40.29,3,0.0,10.4754
2856,CA-2017-169810,20220725,20220731,622,993,500,4,20.23,7,0.0,9.5081
2857,CA-2016-128594,20210826,20210829,209,68,96,1,1603.136,4,0.2,100.196
2858,CA-2016-154690,20210815,20210817,132,65,424,3,225.296,2,0.2,22.5296
2859,CA-2017-138975,20220519,20220523,674,1561,190,4,67.8,4,0.0,4.068
2860,CA-2017-138975,20220519,20220523,674,1840,190,4,377.97,3,0.0,98.2722
2861,CA-2017-138975,20220519,20220523,674,47,190,4,1628.82,9,0.0,374.6286
2862,CA-2017-138975,20220519,20220523,674,1021,190,4,286.93,7,0.0,140.5957
2863,CA-2017-106537,20220812,20220817,643,1031,174,4,20.736,4,0.2,7.2576
2864,US-2017-103828,20220813,20220813,378,1336,100,2,31.44,3,0.0,8.4888
2865,US-2017-103828,20220813,20220813,378,463,100,2,83.79,7,0.0,22.6233
2866,US-2017-103828,20220813,20220813,378,489,100,2,59.52,3,0.0,15.4752
2867,US-2017-103828,20220813,20220813,378,1427,100,2,31.92,4,0.0,9.2568
2868,CA-2016-115588,20211110,20211112,18,1432,459,3,14.72,5,0.2,-3.312
2869,CA-2016-115588,20211110,20211112,18,1349,459,3,38.976,3,0.2,-2.436
2870,CA-2017-143861,20220612,20220619,452,188,183,4,17.088,2,0.2,1.068
2871,CA-2014-148040,20190322,20190326,85,1176,20,4,74.352,3,0.2,23.235
2872,CA-2014-148040,20190322,20190326,85,71,20,4,314.352,3,0.2,-35.3646
2873,CA-2017-135167,20220615,20220620,681,553,67,4,4.26,1,0.0,1.7466
2874,CA-2017-137022,20221116,20221122,726,1358,97,4,811.28,8,0.0,24.3384
2875,US-2017-102638,20221229,20221231,493,930,408,1,6.03,3,0.0,2.9547
2876,US-2016-167339,20210121,20210123,747,123,96,3,153.568,2,0.2,-5.75880000000002
2877,US-2016-167339,20210121,20210123,747,62,96,3,1013.488,7,0.2,76.0116
2878,CA-2016-152072,20210115,20210119,245,878,388,4,52.34,2,0.0,24.5998
2879,CA-2016-152072,20210115,20210119,245,524,388,4,4.66,2,0.0,1.3514
2880,CA-2016-152072,20210115,20210119,245,1478,388,4,254.97,3,0.0,91.7892
2881,CA-2016-102932,20210919,20210923,683,664,382,3,25.44,6,0.0,12.72
2882,CA-2016-102932,20210919,20210923,683,1423,382,3,27.93,3,0.0,8.0997
2883,CA-2014-165540,20190221,20190225,754,805,240,4,8.85,5,0.8,-13.7175
2884,CA-2016-130799,20211111,20211116,90,197,99,3,6.96,4,0.0,2.2272
2885,CA-2016-164483,20210130,20210203,363,637,100,4,17.456,2,0.2,5.8914
2886,US-2016-159856,20211018,20211022,276,106,19,4,307.92,5,0.2,-34.641
2887,CA-2017-102099,20221218,20221219,276,600,65,1,6.63,3,0.0,1.7901
2888,CA-2017-102099,20221218,20221219,276,1207,65,1,12.96,2,0.0,6.2208
2889,CA-2017-102099,20221218,20221219,276,1036,65,1,32.4,5,0.0,15.552
2890,CA-2017-164049,20221102,20221106,432,1074,614,4,23.85,5,0.0,10.7325
2891,CA-2014-142727,20190429,20190501,322,86,280,3,51.96,2,0.0,12.99
2892,CA-2014-142727,20190429,20190501,322,642,280,3,17.94,3,0.0,8.6112
2893,CA-2017-139913,20221023,20221029,348,1231,411,4,11.56,2,0.0,5.6644
2894,CA-2017-139913,20221023,20221029,348,1172,411,4,26.4,5,0.0,11.88
2895,CA-2017-139913,20221023,20221029,348,168,411,4,69.08,11,0.0,29.0136
2896,CA-2017-139913,20221023,20221029,348,1731,411,4,35.88,3,0.0,10.0464
2897,CA-2014-169033,20190330,20190403,439,534,402,4,49.65,5,0.0,20.853
2898,US-2016-164630,20210104,20210109,252,1603,421,4,959.968,4,0.2,119.996
2899,US-2015-114839,20200426,20200430,615,120,545,4,408.422,2,0.3,-5.83460000000002
2900,CA-2015-166464,20200912,20200917,593,1603,408,4,479.984,2,0.2,59.998
2901,CA-2015-166464,20200912,20200917,593,963,408,4,12.6,4,0.0,6.048
2902,CA-2017-124898,20220911,20220915,189,1226,191,4,184.66,7,0.0,84.9436
2903,CA-2016-164035,20210612,20210617,169,1156,213,4,23.12,5,0.2,8.381
2904,CA-2016-153577,20210627,20210701,429,1061,224,4,37.464,7,0.2,12.1758
2905,CA-2016-153577,20210627,20210701,429,118,224,4,539.658,3,0.3,-7.7094000000001
2906,CA-2014-127586,20190926,20190930,178,1378,615,4,310.12,2,0.0,80.6312
2907,CA-2017-121615,20221103,20221109,219,1042,331,4,8.56,2,0.0,3.852
2908,CA-2017-121615,20221103,20221109,219,1336,331,4,52.4,5,0.0,14.148
2909,CA-2017-121615,20221103,20221109,219,969,331,4,14.94,3,0.0,6.8724
2910,CA-2017-166415,20220219,20220223,499,943,613,4,11.22,3,0.0,0.224400000000001
2911,CA-2015-118444,20201105,20201109,777,388,155,4,387.136,4,0.2,24.196
2912,CA-2014-113929,20190616,20190621,148,884,399,4,41.4,5,0.0,19.458
2913,CA-2014-113929,20190616,20190621,148,599,399,4,35.0,4,0.0,10.5
2914,CA-2014-113929,20190616,20190621,148,753,399,4,39.552,3,0.2,14.3376
2915,CA-2015-134747,20201012,20201017,219,1794,252,3,135.72,3,0.0,35.2872
2916,CA-2015-134747,20201012,20201017,219,691,252,3,12.56,2,0.0,5.652
2917,CA-2015-134747,20201012,20201017,219,1739,252,3,263.96,4,0.0,71.2692
2918,CA-2017-155047,20220827,20220830,684,577,534,1,5.952,1,0.2,0.372
2919,CA-2016-160129,20211123,20211123,474,925,484,2,15.8,5,0.2,2.37
2920,CA-2016-160129,20211123,20211123,474,211,484,2,14.368,2,0.2,3.9512
2921,CA-2016-160129,20211123,20211123,474,282,484,2,70.448,7,0.2,12.3284
2922,CA-2017-164329,20220130,20220130,526,1346,98,2,129.3,2,0.0,6.46499999999999
2923,US-2015-141453,20201130,20201203,194,650,520,3,3.882,3,0.8,-5.823
2924,CA-2014-156993,20190628,20190704,662,937,311,4,6.08,1,0.0,3.04
2925,CA-2014-157721,20190902,20190905,396,404,415,1,19.9,1,0.0,8.955
2926,CA-2014-157721,20190902,20190905,396,214,415,1,70.71,1,0.0,4.94969999999999
2927,CA-2017-128629,20220710,20220714,101,168,191,3,18.84,3,0.0,7.9128
2928,CA-2017-158106,20220604,20220610,182,548,328,4,8.64,3,0.0,2.5056
2929,US-2017-120390,20221019,20221026,753,846,418,4,1633.188,4,0.7,-1306.5504
2930,CA-2017-143434,20221118,20221124,498,232,323,4,19.76,4,0.0,8.2992
2931,CA-2015-168564,20200808,20200808,771,845,98,2,6.608,2,0.2,2.2302
2932,CA-2015-168564,20200808,20200808,771,742,98,2,7.28,2,0.2,2.73
2933,CA-2015-168564,20200808,20200808,771,62,98,2,144.784,1,0.2,10.8588
2934,US-2016-169040,20211206,20211212,312,1764,614,4,156.792,1,0.2,13.7193
2935,US-2016-169040,20211206,20211212,312,1791,614,4,431.976,3,0.2,26.9985
2936,US-2016-169040,20211206,20211212,312,851,614,4,35.89,1,0.0,16.1505
2937,US-2016-169040,20211206,20211212,312,704,614,4,47.208,7,0.2,15.3426
2938,US-2016-169040,20211206,20211212,312,1122,614,4,248.08,7,0.0,116.5976
2939,US-2016-169040,20211206,20211212,312,1051,614,4,189.7,5,0.0,89.159
2940,US-2016-169040,20211206,20211212,312,705,614,4,59.808,3,0.2,19.4376
2941,CA-2017-155880,20220325,20220331,353,55,626,4,90.99,1,0.0,14.5584
2942,CA-2017-155880,20220325,20220331,353,128,626,4,1526.56,7,0.0,427.4368
2943,CA-2017-155880,20220325,20220331,353,98,626,4,368.97,3,0.0,40.5867
2944,CA-2017-126242,20221119,20221124,494,1313,69,4,305.01,9,0.0,76.2525
2945,CA-2017-126242,20221119,20221124,494,234,69,4,18.7,1,0.0,7.106
2946,CA-2016-166443,20211104,20211105,463,287,100,1,38.29,7,0.0,16.4647
2947,CA-2017-169859,20221214,20221218,535,317,95,4,26.25,3,0.0,11.025
2948,CA-2017-169859,20221214,20221218,535,645,95,4,64.96,14,0.2,22.736
2949,CA-2017-169859,20221214,20221218,535,848,95,4,43.7,5,0.0,20.539
2950,CA-2017-134915,20221112,20221112,273,1491,13,2,41.6,4,0.2,13.0
2951,CA-2017-134915,20221112,20221112,273,1156,13,2,23.12,5,0.2,8.381
2952,CA-2017-134915,20221112,20221112,273,133,13,2,113.888,2,0.2,9.9652
2953,CA-2017-134915,20221112,20221112,273,151,13,2,113.568,2,0.2,-5.6784
2954,CA-2017-134915,20221112,20221112,273,1691,13,2,7.92,2,0.2,0.693
2955,CA-2017-134915,20221112,20221112,273,1725,13,2,671.984,2,0.2,50.3988
2956,CA-2016-153353,20210818,20210824,298,1694,408,4,39.99,1,0.0,11.5971
2957,CA-2017-123638,20220627,20220704,484,94,415,4,191.646,3,0.1,31.941
2958,CA-2017-168900,20220504,20220509,693,795,458,4,2.313,1,0.7,-1.9275
2959,CA-2015-158456,20201224,20201229,444,679,66,4,19.936,4,0.2,7.2268
2960,CA-2015-158456,20201224,20201229,444,942,66,4,45.92,4,0.0,21.5824
2961,CA-2017-143665,20220426,20220501,605,1228,615,4,20.34,3,0.0,9.3564
2962,CA-2017-143665,20220426,20220501,605,972,615,4,39.28,8,0.0,19.2472
2963,CA-2017-137428,20221216,20221221,63,96,78,3,81.568,2,0.2,9.1764
2964,CA-2017-137428,20221216,20221221,63,112,78,3,97.184,2,0.2,6.074
2965,CA-2017-137428,20221216,20221221,63,758,78,3,24.32,5,0.2,8.208
2966,CA-2017-137428,20221216,20221221,63,224,78,3,18.96,2,0.0,7.584
2967,CA-2014-162866,20191227,20191231,187,184,237,4,32.952,6,0.6,-19.7712
2968,CA-2014-162866,20191227,20191231,187,1375,237,4,30.016,4,0.2,3.0016
2969,CA-2017-167941,20221106,20221109,364,417,424,3,499.584,3,0.2,43.7136
2970,CA-2017-167941,20221106,20221109,364,1128,424,3,31.104,6,0.2,10.8864
2971,CA-2017-167941,20221106,20221109,364,752,424,3,13.272,8,0.7,-10.6176
2972,CA-2017-167941,20221106,20221109,364,307,424,3,28.272,2,0.2,6.3612
2973,CA-2017-167941,20221106,20221109,364,1316,424,3,259.136,4,0.2,-51.8272
2974,CA-2017-111808,20221216,20221220,48,834,467,4,10.8,5,0.0,5.184
2975,CA-2015-137512,20200507,20200512,25,326,517,4,244.006,2,0.3,-31.3722
2976,CA-2015-137512,20200507,20200512,25,1030,517,4,15.936,4,0.2,5.3784
2977,CA-2017-139773,20221204,20221204,238,75,485,2,188.552,7,0.3,-2.69360000000003
2978,CA-2017-134607,20221003,20221008,328,1362,411,3,22.58,2,0.0,5.8708
2979,CA-2014-109232,20190113,20190116,559,55,494,3,545.94,6,0.0,87.3504
2980,CA-2015-139850,20200612,20200617,296,1236,483,4,20.736,4,0.2,7.2576
2981,CA-2015-139850,20200612,20200617,296,265,483,4,43.296,2,0.2,4.3296
2982,CA-2014-131310,20190712,20190718,153,75,615,4,123.136,4,0.2,13.8528
2983,CA-2014-131310,20190712,20190718,153,764,615,4,11.264,4,0.2,3.8016
2984,US-2014-112872,20191206,20191211,630,1361,475,3,53.424,3,0.2,4.6746
2985,US-2014-112872,20191206,20191211,630,353,475,3,275.49,1,0.5,-170.8038
2986,CA-2016-139269,20210525,20210530,344,166,191,4,24.96,4,0.0,6.24
2987,CA-2016-139269,20210525,20210530,344,1191,191,4,19.36,2,0.0,9.2928
2988,CA-2016-139269,20210525,20210530,344,1315,191,4,1267.65,9,0.0,152.118
2989,CA-2016-139010,20210221,20210226,492,1579,66,3,12.99,1,0.0,0.779399999999999
2990,CA-2016-139010,20210221,20210226,492,645,66,3,18.56,4,0.2,6.496
2991,CA-2016-139010,20210221,20210226,492,1355,66,3,449.15,5,0.0,8.98299999999999
2992,CA-2016-139010,20210221,20210226,492,733,66,3,31.248,7,0.2,10.9368
2993,CA-2016-134376,20211002,20211006,772,466,407,4,61.44,3,0.0,16.5888
2994,CA-2017-147291,20220311,20220317,517,763,310,4,895.92,4,0.0,421.0824
2995,CA-2016-112893,20210909,20210913,60,833,109,3,55.36,4,0.2,18.684
2996,US-2014-150532,20190714,20190721,585,1317,16,4,55.92,5,0.2,6.291
2997,CA-2014-138317,20190621,20190625,578,864,482,4,24.896,4,0.2,8.4024
2998,CA-2014-138317,20190621,20190625,578,158,482,4,3.984,1,0.2,0.6474
2999,CA-2014-138317,20190621,20190625,578,1567,482,4,95.968,4,0.2,28.7904
3000,CA-2014-138317,20190621,20190625,578,1675,482,4,206.991,3,0.7,-172.4925
3001,CA-2014-138317,20190621,20190625,578,455,482,4,44.416,2,0.2,3.8864
3002,CA-2014-138317,20190621,20190625,578,640,482,4,9.006,2,0.7,-7.2048
3003,CA-2015-130610,20200705,20200710,783,781,324,4,19.0,5,0.0,8.93
3004,CA-2017-104381,20221216,20221223,635,702,411,4,33.376,4,0.2,10.43
3005,CA-2016-131499,20210908,20210910,506,452,406,1,207.48,1,0.0,62.244
3006,CA-2014-148761,20190517,20190521,582,663,620,4,91.68,3,0.0,45.84
3007,CA-2017-116519,20221013,20221015,169,393,405,1,904.9,5,0.0,253.372
3008,CA-2014-130729,20191024,20191029,2,745,84,4,34.272,3,0.2,11.1384
3009,CA-2016-124772,20211205,20211206,366,309,274,1,191.82,3,0.0,74.8098
3010,CA-2016-115525,20210725,20210729,657,376,459,4,243.88,5,0.2,27.4365
3011,CA-2017-134845,20220417,20220423,712,665,132,4,12.03,5,0.7,-9.223
3012,CA-2017-134845,20220417,20220423,712,1625,132,4,2549.985,5,0.7,-3399.98
3013,CA-2017-134845,20220417,20220423,712,697,132,4,21.594,2,0.7,-15.8356
3014,CA-2017-134845,20220417,20220423,712,772,132,4,8.964,6,0.7,-6.5736
3015,CA-2017-134845,20220417,20220423,712,1150,132,4,20.736,4,0.2,7.2576
3016,US-2015-138919,20200917,20200921,473,365,408,4,344.22,2,0.4,-103.266
3017,US-2016-160528,20210823,20210830,516,1379,563,4,727.296,8,0.2,-172.7328
3018,US-2016-160528,20210823,20210830,516,318,563,4,22.608,3,0.6,-10.1736
3019,US-2016-160528,20210823,20210830,516,1542,563,4,666.4,7,0.2,-33.32
3020,CA-2015-123568,20201108,20201114,670,924,584,4,5.04,3,0.0,0.2016
3021,CA-2015-123568,20201108,20201114,670,1085,584,4,92.94,3,0.0,41.823
3022,CA-2015-123568,20201108,20201114,670,290,584,4,66.69,3,0.0,22.0077
3023,CA-2015-123568,20201108,20201114,670,694,584,4,91.68,5,0.2,28.65
3024,CA-2017-124674,20221117,20221123,343,17,524,4,327.7328,2,0.32,-14.4588
3025,CA-2015-164441,20201108,20201113,13,717,406,4,52.272,11,0.2,17.6418
3026,CA-2015-164441,20201108,20201113,13,1118,406,4,17.94,3,0.0,8.073
3027,CA-2017-169054,20220422,20220426,531,187,484,4,254.352,3,0.2,0.0
3028,CA-2014-106719,20190824,20190824,626,749,354,2,8.288,2,0.2,2.6936
3029,CA-2017-116855,20221217,20221221,36,114,589,4,504.9,5,0.0,80.784
3030,US-2016-164189,20210324,20210328,234,1819,469,4,403.168,4,0.2,25.198
3031,CA-2015-168480,20200921,20200927,223,4,316,4,194.32,4,0.0,31.0912
3032,CA-2015-168480,20200921,20200927,223,504,316,4,25.99,1,0.0,7.5371
3033,US-2016-114293,20211121,20211126,373,113,469,4,195.136,4,0.2,-12.196
3034,CA-2017-134173,20220916,20220921,6,1262,485,4,20.736,4,0.2,7.2576
3035,US-2015-123960,20200611,20200616,71,1549,281,4,53.7,6,0.0,10.203
3036,US-2015-123960,20200611,20200616,71,749,281,4,36.26,7,0.0,16.6796
3037,US-2015-123960,20200611,20200616,71,588,281,4,56.3,2,0.0,15.764
3038,US-2015-123960,20200611,20200616,71,1267,281,4,32.4,5,0.0,15.552
3039,US-2015-123960,20200611,20200616,71,306,281,4,29.16,2,0.0,10.7892
3040,CA-2017-101749,20221003,20221008,52,328,81,4,171.288,3,0.2,-6.42330000000003
3041,US-2016-147991,20210505,20210509,793,296,503,4,16.72,5,0.2,3.344
3042,CA-2017-149559,20220911,20220912,428,1207,63,2,12.96,2,0.0,6.2208
3043,CA-2017-149559,20220911,20220912,428,868,63,2,22.18,2,0.0,10.8682
3044,CA-2017-149559,20220911,20220912,428,88,63,2,2054.272,8,0.2,256.784
3045,CA-2015-135174,20200430,20200502,103,1729,460,3,1022.97,5,0.4,-255.7425
3046,CA-2017-125290,20221106,20221110,133,510,334,3,13.9,5,0.0,3.614
3047,CA-2017-125290,20221106,20221110,133,1204,334,3,26.38,1,0.0,12.1348
3048,CA-2014-137351,20190930,20191004,198,795,614,4,43.176,7,0.2,13.4925
3049,CA-2017-121419,20220402,20220404,745,370,191,1,411.8,2,0.0,70.006
3050,CA-2017-121419,20220402,20220404,745,1480,191,1,360.0,4,0.0,129.6
3051,US-2017-148054,20221006,20221011,579,252,203,4,41.96,2,0.0,2.9372
3052,US-2017-148054,20221006,20221011,579,464,203,4,227.84,4,0.0,66.0736
3053,US-2017-148054,20221006,20221011,579,1098,203,4,37.94,2,0.0,18.2112
3054,CA-2016-128517,20210409,20210414,727,1776,310,3,517.9,2,0.0,134.654
3055,CA-2016-128517,20210409,20210414,727,669,310,3,5.28,2,0.0,2.4288
3056,US-2015-100377,20200828,20200901,765,1604,214,4,2799.96,5,0.2,874.9875
3057,CA-2017-131492,20221019,20221024,325,875,99,3,8.96,2,0.0,4.3008
3058,CA-2017-131492,20221019,20221024,325,968,99,3,31.5,10,0.0,15.12
3059,CA-2017-131492,20221019,20221024,325,278,99,3,30.56,2,0.0,10.3904
3060,CA-2017-131492,20221019,20221024,325,360,99,3,24.368,2,0.2,-3.3506
3061,CA-2016-144554,20211107,20211112,225,1541,456,4,119.976,3,0.2,22.4955
3062,CA-2017-127621,20220303,20220307,639,1099,532,4,26.88,8,0.2,9.744
3063,CA-2015-145184,20201127,20201129,353,1765,148,1,83.97,3,0.0,23.5116
3064,CA-2015-145184,20201127,20201129,353,1469,148,1,104.97,3,0.0,7.3479
3065,CA-2017-106859,20220313,20220318,84,1308,389,3,90.8,8,0.0,25.424
3066,CA-2017-106859,20220313,20220318,84,1844,389,3,140.736,8,0.2,49.2576
3067,CA-2017-106859,20220313,20220318,84,1573,389,3,214.95,5,0.0,88.1295
3068,CA-2017-106859,20220313,20220318,84,1109,389,3,45.36,7,0.0,21.7728
3069,CA-2017-106859,20220313,20220318,84,1131,389,3,288.24,6,0.0,138.3552
3070,US-2017-120089,20221130,20221130,522,452,459,2,663.936,4,0.2,82.9919999999999
3071,CA-2014-119375,20191117,20191122,790,1359,148,4,2934.33,7,0.0,792.2691
3072,CA-2014-119375,20191117,20191122,790,222,148,4,124.41,3,0.0,14.9292
3073,CA-2014-119375,20191117,20191122,790,596,148,4,57.75,5,0.0,26.565
3074,CA-2016-125206,20210103,20210105,470,1400,68,1,114.46,2,0.0,28.615
3075,CA-2015-126137,20201003,20201008,109,44,66,4,120.666,2,0.15,18.4548
3076,CA-2014-143903,20190720,20190724,437,1389,533,4,342.864,3,0.2,38.5722
3077,CA-2014-143903,20190720,20190724,437,269,533,4,16.74,5,0.6,-14.229
3078,CA-2014-143903,20190720,20190724,437,81,533,4,981.372,2,0.3,-140.196
3079,CA-2014-104780,20190521,20190525,115,586,96,4,31.84,8,0.0,10.5072
3080,CA-2017-101182,20220904,20220905,417,1128,33,1,12.96,2,0.0,6.2208
3081,CA-2017-101182,20220904,20220905,417,1815,33,1,43.176,3,0.2,15.1116
3082,US-2017-132297,20220527,20220602,241,773,273,4,58.34,2,0.0,28.0032
3083,US-2017-132297,20220527,20220602,241,1791,273,4,539.97,3,0.0,134.9925
3084,CA-2014-100328,20190128,20190203,345,654,407,4,3.928,1,0.2,1.3257
3085,CA-2017-118773,20220209,20220214,758,829,547,4,252.784,4,0.8,-417.0936
3086,CA-2017-118773,20220209,20220214,758,1532,547,4,127.984,2,0.2,15.998
3087,CA-2017-118773,20220209,20220214,758,158,547,4,3.984,2,0.6,-2.6892
3088,CA-2017-118773,20220209,20220214,758,378,547,4,12.992,2,0.8,-32.48
3089,US-2017-159205,20220331,20220402,189,190,272,3,61.0,5,0.0,25.62
3090,US-2017-159205,20220331,20220402,189,1698,272,3,671.93,7,0.0,188.1404
3091,CA-2016-112123,20210303,20210308,89,676,148,4,447.86,7,0.0,219.4514
3092,CA-2016-112123,20210303,20210308,89,1732,148,4,479.95,5,0.0,129.5865
3093,CA-2016-112123,20210303,20210308,89,1147,148,4,166.44,3,0.0,79.8912
3094,CA-2015-114468,20200823,20200823,747,1449,209,2,31.68,4,0.2,2.772
3095,CA-2015-114468,20200823,20200823,747,1077,209,2,10.368,2,0.2,3.6288
3096,CA-2015-114468,20200823,20200823,747,931,209,2,12.032,8,0.2,2.256
3097,CA-2015-114468,20200823,20200823,747,391,209,2,5.768,2,0.8,-13.5548
3098,CA-2017-135692,20220427,20220501,184,960,538,4,33.12,4,0.2,11.592
3099,CA-2017-135692,20220427,20220501,184,20,538,4,220.2656,4,0.32,-42.1096
3100,CA-2017-131233,20220414,20220419,177,668,407,4,10.776,3,0.2,3.5022
3101,CA-2017-131233,20220414,20220419,177,32,407,4,242.352,3,0.2,9.08819999999997
3102,CA-2017-119578,20221222,20221227,367,1445,489,3,695.16,6,0.0,34.758
3103,CA-2017-119578,20221222,20221227,367,35,489,3,220.98,1,0.0,50.8254
3104,CA-2016-124562,20211208,20211212,402,689,441,4,12.957,7,0.7,-9.5018
3105,US-2017-140074,20220323,20220329,255,1185,407,4,25.68,6,0.0,11.556
3106,CA-2016-103037,20210725,20210729,432,1004,547,4,15.712,4,0.2,5.6956
3107,CA-2017-127460,20220710,20220714,283,1412,207,4,298.464,6,0.2,26.1156
3108,CA-2016-121671,20210717,20210722,3,1105,353,4,21.93,3,0.0,10.0878
3109,CA-2016-121671,20210717,20210722,3,1367,353,4,242.94,3,0.0,4.85880000000002
3110,CA-2016-121671,20210717,20210722,3,1138,353,4,7.64,1,0.0,3.7436
3111,CA-2016-121671,20210717,20210722,3,1139,353,4,51.84,8,0.0,25.4016
3112,CA-2016-121671,20210717,20210722,3,1294,353,4,265.17,1,0.0,47.7306
3113,CA-2016-150350,20210823,20210830,540,1638,614,4,837.6,3,0.2,62.8200000000001
3114,CA-2016-150350,20210823,20210830,540,870,614,4,135.9,5,0.0,63.873
3115,CA-2016-150350,20210823,20210830,540,1156,614,4,34.68,6,0.0,16.9932
3116,CA-2016-150350,20210823,20210830,540,79,614,4,532.704,6,0.2,-39.9528
3117,CA-2016-150350,20210823,20210830,540,409,614,4,43.1,5,0.0,11.206
3118,CA-2016-150350,20210823,20210830,540,1436,614,4,15.88,4,0.0,0.158799999999999
3119,CA-2015-121720,20200611,20200612,355,104,166,1,1123.92,5,0.2,-182.637
3120,CA-2015-121720,20200611,20200612,355,1773,166,1,249.584,2,0.2,31.198
3121,CA-2015-121720,20200611,20200612,355,259,166,1,48.672,3,0.2,7.3008
3122,CA-2015-121720,20200611,20200612,355,482,166,1,60.768,2,0.2,7.59599999999999
3123,CA-2015-121720,20200611,20200612,355,830,166,1,78.6,5,0.7,-62.88
3124,CA-2015-121720,20200611,20200612,355,691,166,1,3.768,2,0.7,-3.14
3125,CA-2015-121720,20200611,20200612,355,1354,166,1,1036.624,2,0.2,51.8312
3126,CA-2015-121720,20200611,20200612,355,1404,166,1,563.808,4,0.2,21.1428
3127,CA-2017-149895,20220908,20220912,253,1760,483,4,258.528,2,0.4,-47.3968
3128,CA-2017-147564,20221002,20221006,101,1266,406,4,49.12,4,0.0,23.0864
3129,CA-2014-136399,20191216,20191217,129,290,69,1,44.46,2,0.0,14.6718
3130,CA-2014-136399,20191216,20191217,129,93,69,1,241.568,2,0.2,18.1176
3131,CA-2014-136399,20191216,20191217,129,1490,69,1,395.0,5,0.0,39.5
3132,CA-2014-136399,20191216,20191217,129,1862,69,1,627.168,4,0.2,70.5563999999999
3133,CA-2014-107916,20190824,20190826,400,301,410,1,13.28,2,0.0,6.3744
3134,CA-2014-107916,20190824,20190826,400,682,410,1,12.672,3,0.2,4.4352
3135,CA-2017-164168,20221112,20221118,473,663,532,4,30.56,5,0.8,-45.84
3136,CA-2017-164168,20221112,20221118,473,1377,532,4,77.952,3,0.2,-15.5904
3137,CA-2017-164168,20221112,20221118,473,1857,532,4,67.992,1,0.2,8.49899999999999
3138,CA-2017-164168,20221112,20221118,473,856,532,4,12.224,2,0.2,4.4312
3139,CA-2017-164168,20221112,20221118,473,1586,532,4,44.784,2,0.2,-0.559800000000005
3140,CA-2017-164168,20221112,20221118,473,195,532,4,22.848,3,0.6,-17.7072
3141,CA-2015-112557,20200425,20200428,389,422,408,1,206.43,3,0.0,90.8292
3142,US-2014-122959,20191212,20191212,186,780,569,2,210.392,2,0.8,-336.6272
3143,CA-2017-162572,20220925,20220927,622,1567,439,3,119.96,5,0.2,35.988
3144,CA-2017-162572,20220925,20220927,622,523,439,3,10.608,6,0.2,0.9282
3145,US-2016-148110,20210905,20210911,51,94,520,4,347.802,7,0.3,-24.843
3146,CA-2017-131828,20220211,20220213,171,125,614,3,963.136,4,0.2,108.3528
3147,CA-2017-131828,20220211,20220213,171,1796,614,3,88.776,3,0.2,7.7679
3148,CA-2014-109218,20190630,20190703,51,516,64,3,32.4,5,0.0,10.368
3149,CA-2016-120558,20210607,20210610,635,1219,408,1,32.4,5,0.0,15.552
3150,US-2014-109036,20191220,20191225,431,973,613,4,31.05,3,0.0,14.904
3151,CA-2015-147830,20201215,20201218,561,1518,456,1,2025.36,6,0.2,607.608
3152,CA-2015-147830,20201215,20201218,561,1620,456,1,1799.994,2,0.7,-2639.9912
3153,CA-2015-147830,20201215,20201218,561,1857,456,1,101.988,2,0.4,-16.998
3154,CA-2015-147830,20201215,20201218,561,291,456,1,262.864,7,0.2,69.0018
3155,CA-2017-150497,20220720,20220724,703,831,333,4,735.98,2,0.0,331.191
3156,CA-2014-128986,20190803,20190805,299,1096,13,3,93.024,3,0.2,33.7212
3157,CA-2015-139584,20200824,20200828,268,329,405,4,284.364,2,0.4,-75.8304000000001
3158,CA-2015-139584,20200824,20200828,268,1491,405,4,26.0,2,0.0,11.7
3159,US-2016-162677,20210326,20210327,193,1334,430,1,67.64,5,0.2,5.9185
3160,US-2016-162677,20210326,20210327,193,1494,430,1,119.976,3,0.2,-17.9964
3161,US-2014-150924,20190912,20190916,612,804,547,3,5.18,5,0.8,-8.029
3162,CA-2014-153969,20190921,20190925,321,864,98,4,15.56,2,0.0,7.3132
3163,CA-2014-153969,20190921,20190925,321,897,98,4,78.35,5,0.0,36.8245
3164,CA-2014-153969,20190921,20190925,321,525,98,4,59.52,3,0.0,15.4752
3165,CA-2014-153969,20190921,20190925,321,1042,98,4,38.52,9,0.0,17.334
3166,CA-2014-153969,20190921,20190925,321,1717,98,4,239.984,2,0.2,23.9984
3167,CA-2014-153969,20190921,20190925,321,1161,98,4,19.35,3,0.0,9.4815
3168,CA-2016-146682,20211029,20211031,446,233,315,1,67.0,5,0.0,32.16
3169,CA-2016-138695,20210528,20210603,422,113,185,4,390.272,8,0.2,-24.392
3170,CA-2016-138695,20210528,20210603,422,1118,185,4,62.192,13,0.2,19.435
3171,CA-2017-107461,20221221,20221226,598,720,492,3,23.88,6,0.0,11.2236
3172,US-2016-133879,20210321,20210328,444,824,214,4,3.168,2,0.8,-4.752
3173,US-2016-133879,20210321,20210328,444,60,214,4,528.43,5,0.3,0.0
3174,US-2016-133879,20210321,20210328,444,634,214,4,13.392,3,0.2,1.5066
3175,CA-2017-157483,20221111,20221118,276,615,310,4,181.86,7,0.0,50.9208
3176,US-2017-132059,20220923,20220929,45,14,128,4,180.588,2,0.7,-240.784
3177,US-2017-132059,20220923,20220929,45,1557,128,4,47.984,2,0.2,0.599799999999997
3178,CA-2017-122280,20220910,20220910,693,1283,407,2,18.76,2,0.0,9.0048
3179,CA-2017-105235,20221205,20221211,703,186,406,4,20.94,3,0.0,6.0726
3180,CA-2017-105235,20221205,20221211,703,157,406,4,58.68,2,0.0,18.1908
3181,CA-2017-105235,20221205,20221211,703,402,406,4,254.9,5,0.0,68.823
3182,CA-2017-152912,20221109,20221112,93,836,286,3,9.64,2,0.0,4.4344
3183,CA-2017-152912,20221109,20221112,93,1591,286,3,826.62,3,0.0,355.4466
3184,CA-2017-152912,20221109,20221112,93,1386,286,3,1633.14,9,0.0,473.6106
3185,CA-2017-152912,20221109,20221112,93,1386,286,3,544.38,3,0.0,157.8702
3186,CA-2014-123498,20191107,20191109,742,662,546,1,26.046,3,0.8,-44.2782
3187,CA-2014-123498,20191107,20191109,742,898,546,1,74.352,3,0.2,26.9526
3188,CA-2017-159352,20220312,20220317,418,1850,299,4,69.93,7,0.0,32.1678
3189,US-2017-146416,20221020,20221022,358,994,119,3,3.75,1,0.0,1.8
3190,US-2017-146416,20221020,20221022,358,714,119,3,20.928,4,0.2,7.5864
3191,US-2015-163783,20201227,20210101,235,1382,213,4,12.672,3,0.2,-3.168
3192,CA-2017-123981,20221002,20221008,662,1757,408,4,65.99,1,0.0,17.1574
3193,CA-2017-158953,20220604,20220608,523,742,559,4,6.37,7,0.8,-9.555
3194,CA-2014-165428,20190901,20190904,384,758,545,1,3.648,3,0.8,-6.0192
3195,CA-2014-165428,20190901,20190904,384,1252,545,1,31.104,6,0.2,10.8864
3196,CA-2016-169026,20210808,20210813,163,921,343,4,23.34,3,0.0,0.2334
3197,CA-2017-109750,20220722,20220728,286,1705,405,4,29.97,3,0.0,14.0859
3198,CA-2015-149384,20200710,20200710,259,766,19,2,3.366,3,0.7,-2.244
3199,CA-2014-131527,20191201,20191207,736,1737,430,4,95.968,4,0.2,9.59680000000001
3200,CA-2017-164000,20221218,20221222,28,573,483,4,18.704,7,0.2,2.338
3201,CA-2014-164224,20190518,20190520,770,152,437,3,149.232,3,0.2,3.7308
3202,CA-2014-164224,20190518,20190520,770,1108,437,3,15.936,4,0.2,5.7768
3203,CA-2014-158372,20191110,20191116,636,1755,96,4,601.536,8,0.2,60.1536
3204,CA-2014-158372,20191110,20191116,636,1578,96,4,10.99,1,0.0,4.2861
3205,CA-2014-158372,20191110,20191116,636,154,96,4,39.88,2,0.0,11.1664
3206,CA-2014-158372,20191110,20191116,636,1155,96,4,62.24,8,0.0,28.008
3207,CA-2014-158372,20191110,20191116,636,199,96,4,53.2,5,0.0,14.896
3208,CA-2014-158372,20191110,20191116,636,951,96,4,39.84,8,0.0,18.3264
3209,CA-2016-108882,20210109,20210115,448,1470,51,4,349.95,5,0.0,118.983
3210,CA-2016-108882,20210109,20210115,448,1786,51,4,377.928,9,0.2,141.723
3211,US-2017-108245,20220922,20220927,692,858,562,4,13.392,3,0.2,5.022
3212,US-2017-108245,20220922,20220927,692,665,562,4,11.228,7,0.8,-18.5262
3213,CA-2014-142314,20191223,20191228,686,423,254,4,207.24,11,0.0,58.0272
3214,CA-2016-132409,20210526,20210601,752,535,483,4,1.504,1,0.2,0.1692
3215,CA-2016-132409,20210526,20210601,752,416,483,4,34.848,2,0.2,6.534
3216,CA-2017-150189,20220708,20220710,779,981,104,1,75.18,6,0.0,35.3346
3217,CA-2014-114433,20190513,20190517,571,1541,77,4,149.97,3,0.0,52.4895
3218,CA-2017-104640,20221110,20221116,284,796,407,4,931.176,3,0.2,314.2719
3219,CA-2017-104640,20221110,20221116,284,1760,407,4,430.88,2,0.0,124.9552
3220,US-2015-137008,20201002,20201008,400,1098,378,4,94.85,5,0.0,45.528
3221,US-2015-137008,20201002,20201008,400,869,378,4,51.12,4,0.0,23.004
3222,US-2015-137008,20201002,20201008,400,1480,378,4,90.0,1,0.0,32.4
3223,CA-2014-108189,20191002,20191005,279,1134,19,1,9.408,2,0.2,3.4104
3224,CA-2014-108189,20191002,20191005,279,911,19,1,4.672,2,0.2,1.46
3225,CA-2014-108189,20191002,20191005,279,1740,19,1,318.4,2,0.2,107.46
3226,CA-2014-108189,20191002,20191005,279,899,19,1,12.768,6,0.2,4.6284
3227,CA-2014-108189,20191002,20191005,279,1446,19,1,15.36,2,0.2,-3.264
3228,CA-2014-108189,20191002,20191005,279,1732,19,1,230.376,3,0.2,20.1579
3229,CA-2014-108189,20191002,20191005,279,1549,19,1,7.16,1,0.2,-0.089500000000001
3230,CA-2014-154641,20190811,20190816,435,1413,408,4,375.34,1,0.0,18.767
3231,CA-2017-131625,20220901,20220905,96,316,405,3,114.9,5,0.0,39.066
3232,US-2017-156356,20220416,20220422,559,662,548,4,26.046,3,0.8,-44.2782
3233,US-2017-156356,20220416,20220422,559,681,548,4,2.896,1,0.8,-4.7784
3234,US-2017-156356,20220416,20220422,559,1366,548,4,32.544,2,0.2,-7.7292
3235,CA-2016-138933,20210424,20210427,384,772,89,1,3.984,1,0.2,1.3944
3236,CA-2016-140746,20210115,20210115,629,350,139,2,181.797,1,0.3,-15.5826
3237,CA-2016-146836,20210502,20210502,134,1350,407,2,44.94,3,0.0,12.5832
3238,CA-2016-146836,20210502,20210502,134,652,407,2,45.576,3,0.2,15.9516
3239,US-2016-127971,20211120,20211127,240,111,548,4,318.43,5,0.3,-77.333
3240,US-2016-127971,20211120,20211127,240,1800,548,4,122.92,7,0.2,46.095
3241,US-2016-127971,20211120,20211127,240,138,548,4,7.068,3,0.6,-2.8272
3242,US-2016-140809,20210201,20210203,151,1362,587,1,56.45,5,0.0,14.677
3243,CA-2017-114524,20220331,20220405,257,749,214,3,13.468,13,0.8,-22.8956
3244,CA-2017-113355,20221201,20221205,696,1858,541,4,219.8,5,0.2,24.7275
3245,CA-2017-113355,20221201,20221205,696,93,541,4,317.058,3,0.3,-18.1176
3246,US-2017-140907,20221210,20221212,102,1584,613,3,49.08,3,0.0,4.908
3247,US-2017-140907,20221210,20221212,102,1293,613,3,324.9,5,0.0,38.988
3248,US-2017-140907,20221210,20221212,102,495,613,3,18.24,3,0.0,5.2896
3249,CA-2016-159730,20210917,20210921,695,133,613,4,113.888,2,0.2,9.9652
3250,CA-2016-159730,20210917,20210921,695,1754,613,4,105.584,2,0.2,7.9188
3251,CA-2016-157868,20211223,20211229,490,914,312,4,24.85,7,0.0,11.6795
3252,CA-2017-119389,20220417,20220419,88,184,482,1,60.312,3,0.2,5.2773
3253,CA-2017-110373,20221027,20221030,483,567,213,3,7.056,3,0.2,2.205
3254,CA-2017-110373,20221027,20221030,483,1730,213,3,27.184,2,0.2,2.0388
3255,CA-2016-155474,20210708,20210714,131,1734,614,4,107.984,1,0.2,9.4486
3256,CA-2016-155474,20210708,20210714,131,812,614,4,19.296,3,0.2,6.03
3257,CA-2015-155453,20200809,20200814,618,967,163,4,4.608,2,0.2,1.6704
3258,US-2016-161844,20211209,20211214,211,330,506,3,79.974,3,0.4,-29.3238
3259,US-2016-161844,20211209,20211214,211,789,506,3,2.946,2,0.7,-2.0622
3260,US-2016-162103,20211113,20211117,450,649,224,4,3.136,2,0.8,-4.704
3261,CA-2014-151554,20191114,20191115,155,1273,561,1,20.736,4,0.2,7.2576
3262,CA-2014-140662,20191117,20191119,763,1494,98,1,99.98,2,0.0,7.99839999999999
3263,CA-2014-140662,20191117,20191119,763,1217,98,1,733.95,7,0.0,352.296
3264,CA-2014-140662,20191117,20191119,763,401,98,1,241.44,3,0.0,72.432
3265,CA-2016-122518,20210304,20210308,640,968,171,3,10.08,4,0.2,3.528
3266,US-2014-126571,20191011,20191015,364,1404,482,4,281.904,2,0.2,10.5714
3267,US-2014-126571,20191011,20191015,364,867,482,4,201.432,3,0.2,67.9833
3268,CA-2014-143840,20190522,20190529,263,1784,2,4,135.98,2,0.0,33.995
3269,CA-2014-143840,20190522,20190529,263,1801,2,4,44.95,1,0.0,12.586
3270,CA-2014-115980,20190715,20190719,787,1569,500,4,2.97,3,0.0,1.3068
3271,CA-2014-115980,20190715,20190719,787,905,500,4,6.54,3,0.0,2.6814
3272,CA-2015-155145,20201227,20201229,441,1569,116,3,7.92,8,0.0,3.4848
3273,CA-2015-146038,20200209,20200216,696,96,69,4,203.92,5,0.2,22.941
3274,CA-2017-133865,20220508,20220512,611,1604,66,4,3359.952,6,0.2,1049.985
3275,CA-2017-116358,20221102,20221106,436,937,267,4,18.24,3,0.0,9.12
3276,CA-2017-116358,20221102,20221106,436,626,267,4,27.78,6,0.0,9.1674
3277,CA-2014-102988,20190405,20190409,308,630,586,3,22.96,7,0.0,7.5768
3278,CA-2014-102988,20190405,20190409,308,1735,586,3,28.99,1,0.0,8.4071
3279,CA-2014-102988,20190405,20190409,308,1215,586,3,12.96,2,0.0,6.3504
3280,CA-2014-102988,20190405,20190409,308,476,586,3,22.96,7,0.0,6.6584
3281,CA-2014-102988,20190405,20190409,308,1443,586,3,4164.05,5,0.0,83.2810000000001
3282,US-2014-117170,20190917,20190924,444,1488,432,4,47.984,2,0.2,13.1956
3283,US-2014-117170,20190917,20190924,444,1068,432,4,4.624,1,0.2,1.6762
3284,CA-2014-159478,20190930,20191006,514,145,408,4,15.24,3,0.0,5.1816
3285,CA-2014-103702,20190912,20190917,18,738,445,4,63.924,7,0.7,-46.8776
3286,CA-2017-150525,20220220,20220225,402,552,464,4,6.56,2,0.0,1.9024
3287,CA-2017-150525,20220220,20220225,402,389,464,4,13.11,3,0.0,3.4086
3288,CA-2015-157770,20201213,20201215,632,1729,111,1,494.376,3,0.2,49.4376
3289,CA-2015-157770,20201213,20201215,632,639,111,1,29.2,5,0.2,9.855
3290,CA-2015-157770,20201213,20201215,632,1501,111,1,248.85,5,0.0,27.3735
3291,CA-2015-157770,20201213,20201215,632,1559,111,1,36.24,1,0.0,15.2208
3292,CA-2016-167290,20211030,20211104,360,613,324,4,11.68,2,0.0,3.504
3293,CA-2014-106264,20191226,20191230,150,1436,95,4,11.91,3,0.0,0.1191
3294,CA-2014-106264,20191226,20191230,150,197,95,4,3.48,2,0.0,1.1136
3295,CA-2014-138023,20190815,20190818,431,779,532,1,30.96,8,0.8,-52.632
3296,CA-2017-113418,20221001,20221003,163,1644,408,1,1704.89,11,0.0,767.2005
3297,US-2015-110569,20200523,20200530,250,675,16,4,19.194,7,0.7,-12.796
3298,US-2015-110569,20200523,20200530,250,469,16,4,121.792,4,0.2,13.7016
3299,CA-2017-136308,20221116,20221116,548,1622,100,2,1919.976,3,0.2,215.9973
3300,US-2014-159926,20191118,20191122,173,782,484,4,50.997,1,0.7,-40.7976
3301,US-2014-159926,20191118,20191122,173,1399,484,4,76.792,1,0.2,-16.3183
3302,US-2014-159926,20191118,20191122,173,1714,484,4,539.964,6,0.4,-107.9928
3303,US-2014-159926,20191118,20191122,173,184,484,4,60.312,3,0.2,5.2773
3304,US-2014-159926,20191118,20191122,173,834,484,4,1.944,3,0.7,-1.4256
3305,CA-2014-104738,20191230,20200101,708,900,553,3,12.984,3,0.2,4.7067
3306,CA-2014-104738,20191230,20200101,708,1771,553,3,217.584,2,0.2,19.0386
3307,CA-2014-104738,20191230,20200101,708,1701,553,3,328.776,3,0.2,28.7679
3308,CA-2014-104738,20191230,20200101,708,729,553,3,2.286,3,0.8,-3.6576
3309,CA-2014-104738,20191230,20200101,708,1567,553,3,47.984,2,0.2,14.3952
3310,CA-2015-144386,20201105,20201111,311,682,405,4,25.344,6,0.2,8.8704
3311,CA-2016-111416,20210917,20210922,482,722,408,4,232.4,5,0.2,78.435
3312,CA-2016-162747,20210320,20210325,28,267,341,3,86.45,7,0.0,38.038
3313,US-2014-133130,20190927,20191001,750,93,96,4,603.92,5,0.2,45.294
3314,US-2014-133130,20190927,20191001,750,1067,96,4,81.98,2,0.0,40.1702
3315,CA-2017-169978,20221224,20221228,324,93,410,4,271.764,2,0.1,48.3136
3316,CA-2017-169978,20221224,20221228,324,716,410,4,14.376,3,0.2,4.8519
3317,CA-2017-161739,20221110,20221115,248,183,567,3,341.96,5,0.6,-427.45
3318,CA-2015-165057,20200911,20200915,679,625,86,4,181.35,9,0.0,48.9645
3319,CA-2015-165057,20200911,20200915,679,987,86,4,8.64,3,0.0,4.2336
3320,CA-2014-134551,20191220,20191225,767,472,505,4,43.512,7,0.2,3.8073
3321,CA-2014-134551,20191220,20191225,767,122,505,4,662.88,3,0.2,74.574
3322,CA-2014-134551,20191220,20191225,767,1182,505,4,25.92,5,0.2,9.072
3323,CA-2015-120810,20200723,20200727,753,438,405,4,68.94,3,0.0,20.682
3324,CA-2015-120810,20200723,20200727,753,218,405,4,128.82,3,0.0,50.2398
3325,CA-2014-165309,20191111,20191115,423,692,548,4,896.99,5,0.8,-1480.0335
3326,CA-2014-165309,20191111,20191115,423,689,548,4,1.234,1,0.8,-1.9744
3327,CA-2014-165309,20191111,20191115,423,588,548,4,67.56,3,0.2,6.756
3328,CA-2014-165309,20191111,20191115,423,1229,548,4,21.72,5,0.2,7.8735
3329,CA-2014-165309,20191111,20191115,423,1084,548,4,262.336,8,0.2,95.0968
3330,CA-2014-165309,20191111,20191115,423,1811,548,4,148.48,2,0.2,16.704
3331,CA-2014-165309,20191111,20191115,423,1861,548,4,241.176,3,0.2,15.0735
3332,CA-2017-122595,20221214,20221220,305,1471,215,4,227.976,3,0.2,28.497
3333,CA-2017-122595,20221214,20221220,305,1800,215,4,52.68,3,0.2,19.755
3334,CA-2017-122595,20221214,20221220,305,244,215,4,2.032,1,0.6,-1.3208
3335,US-2017-109253,20220821,20220822,608,477,77,1,17.12,4,0.0,4.9648
3336,US-2017-109253,20220821,20220822,608,1849,77,1,431.968,4,0.2,37.7972
3337,US-2017-109253,20220821,20220822,608,143,77,1,129.92,4,0.0,10.3936
3338,US-2017-109253,20220821,20220822,608,329,77,1,568.728,3,0.2,28.4363999999999
3339,US-2017-109253,20220821,20220822,608,672,77,1,117.144,9,0.2,42.4647
3340,US-2017-109253,20220821,20220822,608,437,77,1,203.52,3,0.0,54.9504
3341,US-2017-109253,20220821,20220822,608,960,77,1,51.75,5,0.0,24.84
3342,CA-2016-145982,20210827,20210901,732,1067,303,3,122.97,3,0.0,60.2553
3343,CA-2016-145982,20210827,20210901,732,327,303,3,244.615,1,0.3,20.967
3344,CA-2016-145982,20210827,20210901,732,1680,303,3,59.97,3,0.0,28.7856
3345,CA-2016-145982,20210827,20210901,732,1181,303,3,81.54,9,0.0,36.693
3346,CA-2016-145982,20210827,20210901,732,911,303,3,11.68,4,0.0,5.256
3347,CA-2016-145982,20210827,20210901,732,645,303,3,29.0,5,0.0,13.92
3348,CA-2015-112014,20200813,20200820,580,570,120,4,50.8,5,0.0,13.208
3349,CA-2017-154732,20221105,20221107,31,656,214,1,16.03,5,0.8,-25.648
3350,US-2016-157308,20210817,20210821,570,789,614,4,15.712,4,0.2,5.6956
3351,CA-2016-147536,20211226,20211231,48,1557,407,4,89.97,3,0.0,18.8937
3352,US-2014-134733,20190923,20190928,93,26,96,4,435.999,3,0.15,20.5176
3353,US-2014-134733,20190923,20190928,93,1786,96,4,83.984,2,0.2,31.494
3354,US-2014-150434,20190719,20190724,124,1707,137,4,359.98,2,0.0,93.5948
3355,US-2014-150434,20190719,20190724,124,364,137,4,70.56,1,0.3,-4.032
3356,US-2014-150434,20190719,20190724,124,786,137,4,20.88,2,0.0,9.6048
3357,US-2014-150434,20190719,20190724,124,729,137,4,3.81,1,0.0,1.8288
3358,CA-2017-100335,20220907,20220913,563,1119,213,4,73.008,9,0.2,26.4654
3359,CA-2016-139234,20210506,20210510,17,665,213,4,3.208,2,0.8,-5.2932
3360,CA-2016-139234,20210506,20210510,17,1584,213,4,26.176,2,0.2,-3.272
3361,US-2015-142020,20200604,20200608,746,1272,407,3,30.44,4,0.0,14.3068
3362,US-2015-142020,20200604,20200608,746,161,407,3,35.28,3,0.0,11.9952
3363,CA-2015-139962,20201213,20201220,245,1267,304,4,19.44,3,0.0,9.3312
3364,CA-2015-139962,20201213,20201220,245,837,304,4,37.88,2,0.0,18.94
3365,CA-2016-130050,20210716,20210718,488,205,545,3,9.552,3,0.6,-3.8208
3366,CA-2014-115161,20190131,20190202,455,39,71,1,290.666,2,0.15,3.41959999999999
3367,CA-2014-165379,20190709,20190715,93,1203,533,4,10.368,2,0.2,3.6288
3368,CA-2014-165379,20190709,20190715,93,1160,533,4,14.352,3,0.2,4.485
3369,CA-2015-115511,20201121,20201125,578,22,364,4,141.96,2,0.0,41.1684
3370,CA-2015-115511,20201121,20201125,578,732,364,4,66.048,4,0.2,23.1168
3371,CA-2016-134887,20210325,20210325,736,1570,465,2,1287.45,5,0.0,244.6155
3372,CA-2017-123778,20220923,20220930,109,667,100,4,25.824,6,0.2,9.0384
3373,CA-2017-123778,20220923,20220930,109,401,100,4,160.96,2,0.0,48.288
3374,CA-2015-161718,20201204,20201210,706,224,399,4,28.44,3,0.0,11.376
3375,CA-2015-161718,20201204,20201210,706,91,399,4,364.41,5,0.1,8.09800000000002
3376,CA-2015-161718,20201204,20201210,706,1693,399,4,39.96,4,0.0,10.3896
3377,CA-2015-161718,20201204,20201210,706,100,399,4,361.764,2,0.1,68.3332
3378,CA-2016-100671,20211101,20211104,180,1419,529,1,111.672,9,0.2,6.97949999999999
3379,CA-2017-142867,20220317,20220321,605,765,548,4,13.776,6,0.8,-22.0416
3380,CA-2017-142867,20220317,20220321,605,1274,548,4,10.272,3,0.2,3.21
3381,CA-2017-103156,20221123,20221124,747,153,482,1,24.048,9,0.2,7.2144
3382,US-2017-162208,20220827,20220830,708,892,187,1,2.896,1,0.2,0.9774
3383,CA-2015-130659,20201204,20201209,537,893,408,3,17.94,3,0.0,8.7906
3384,CA-2015-130659,20201204,20201209,537,107,408,3,384.174,7,0.1,29.8802
3385,CA-2015-130659,20201204,20201209,537,1847,408,3,1799.75,5,0.0,539.925
3386,CA-2017-148404,20221007,20221011,245,1386,421,4,580.672,4,0.2,65.3255999999999
3387,CA-2017-148404,20221007,20221011,245,933,421,4,18.936,3,0.2,5.9175
3388,CA-2017-148404,20221007,20221011,245,1842,421,4,222.384,2,0.2,16.6788
3389,CA-2017-148404,20221007,20221011,245,754,421,4,50.454,6,0.7,-33.636
3390,CA-2017-148404,20221007,20221011,245,324,421,4,154.764,3,0.4,-36.1116
3391,CA-2017-101077,20220325,20220330,199,1255,532,3,6.848,2,0.2,2.14
3392,CA-2014-166471,20190809,20190813,503,1729,613,4,1091.168,4,0.2,68.198
3393,CA-2014-166471,20190809,20190813,503,1681,613,4,219.168,2,0.2,-43.8336
3394,CA-2014-105340,20191122,20191125,263,713,561,1,6.928,1,0.8,-11.0848
3395,US-2017-131583,20220610,20220610,152,1046,485,2,40.032,6,0.2,15.012
3396,US-2017-148362,20220701,20220708,428,1330,245,4,443.92,4,0.0,13.3176
3397,US-2017-148362,20220701,20220708,428,782,245,4,169.99,1,0.0,78.1954
3398,US-2017-148362,20220701,20220708,428,1219,245,4,25.92,4,0.0,12.4416
3399,CA-2014-102274,20191121,20191126,206,1796,276,4,36.99,1,0.0,9.9873
3400,CA-2014-102274,20191121,20191126,206,1263,276,4,629.1,6,0.0,301.968
3401,CA-2014-102274,20191121,20191126,206,1346,276,4,193.95,3,0.0,9.69749999999998
3402,CA-2014-102274,20191121,20191126,206,563,276,4,5.46,3,0.0,1.4742
3403,CA-2015-129700,20200504,20200505,448,205,238,1,22.288,7,0.6,-8.9152
3404,CA-2017-168739,20220529,20220605,335,279,548,4,65.424,4,0.6,-52.3392
3405,CA-2015-152527,20201017,20201017,159,1395,64,2,77.88,2,0.0,3.89399999999999
3406,US-2014-150119,20190423,20190427,450,100,441,4,281.372,2,0.3,-12.0588
3407,US-2014-150119,20190423,20190427,450,100,441,4,281.372,2,0.3,-12.0588
3408,US-2014-150119,20190423,20190427,450,644,441,4,7.488,8,0.7,-5.2416
3409,US-2014-150119,20190423,20190427,450,216,441,4,22.336,4,0.2,7.8176
3410,US-2017-150847,20220430,20220506,363,1267,441,4,10.368,2,0.2,3.6288
3411,CA-2016-100244,20210920,20210924,308,1105,100,4,65.79,9,0.0,30.2634
3412,CA-2016-100244,20210920,20210924,308,782,100,4,271.984,2,0.2,88.3948
3413,CA-2016-100244,20210920,20210924,308,501,100,4,11.76,4,0.0,3.1752
3414,CA-2016-100244,20210920,20210924,308,1166,100,4,77.52,2,0.0,37.9848
3415,CA-2016-100244,20210920,20210924,308,673,100,4,48.64,2,0.2,15.808
3416,CA-2016-116540,20210902,20210902,717,923,625,2,1.81,1,0.0,0.6516
3417,CA-2016-116540,20210902,20210902,717,845,625,2,8.26,2,0.0,3.8822
3418,CA-2015-151841,20200427,20200502,745,458,122,4,43.56,5,0.2,3.267
3419,CA-2015-151841,20200427,20200502,745,1433,122,4,5.84,2,0.2,0.73
3420,CA-2015-150791,20200906,20200913,133,60,407,4,271.764,2,0.1,60.392
3421,CA-2016-134803,20210528,20210603,153,394,64,4,262.24,2,0.0,78.672
3422,CA-2016-134803,20210528,20210603,153,1232,64,4,182.72,8,0.0,84.0512
3423,CA-2016-134803,20210528,20210603,153,1522,64,4,131.6,7,0.0,7.896
3424,CA-2016-134803,20210528,20210603,153,731,64,4,22.72,4,0.2,7.384
3425,CA-2016-134803,20210528,20210603,153,1638,64,4,558.4,2,0.2,41.88
3426,CA-2015-153381,20200924,20200928,203,696,259,4,15.24,4,0.0,6.858
3427,CA-2015-153381,20200924,20200928,203,65,259,4,1408.1,10,0.0,394.268
3428,US-2017-111024,20220703,20220706,730,1027,450,3,32.896,4,0.2,11.1024
3429,US-2017-111024,20220703,20220706,730,340,450,3,215.148,2,0.4,-103.9882
3430,US-2017-111024,20220703,20220706,730,1161,450,3,30.96,6,0.2,11.223
3431,CA-2017-148264,20221208,20221209,460,1391,54,1,29.79,3,0.0,8.6391
3432,CA-2017-148264,20221208,20221209,460,235,54,1,128.9,2,0.0,15.468
3433,CA-2017-148264,20221208,20221209,460,1225,54,1,60.12,9,0.0,28.8576
3434,CA-2017-131212,20221205,20221209,9,701,600,4,24.816,3,0.2,8.3754
3435,CA-2017-131212,20221205,20221209,9,644,600,4,14.976,6,0.2,5.4288
3436,US-2015-100531,20200927,20200929,570,706,213,1,15.08,2,0.8,-22.62
3437,US-2015-100531,20200927,20200929,570,277,213,1,24.288,3,0.6,-12.7512
3438,CA-2017-152583,20221030,20221030,620,277,533,2,16.192,2,0.6,-8.5008
3439,CA-2017-152583,20221030,20221030,620,340,533,2,251.006,2,0.3,-68.1302
3440,CA-2017-152583,20221030,20221030,620,1362,533,2,54.192,6,0.2,4.0644
3441,CA-2015-144099,20201129,20201130,606,678,100,2,4.304,1,0.2,1.5602
3442,CA-2014-158337,20190311,20190314,414,1155,407,3,108.92,14,0.0,49.014
3443,CA-2017-168858,20221119,20221123,353,858,406,4,16.74,3,0.0,8.37
3444,CA-2017-168858,20221119,20221123,353,454,406,4,2504.74,7,0.0,626.185
3445,CA-2016-116344,20210729,20210802,397,1353,484,4,84.784,2,0.2,-16.9568
3446,CA-2015-131779,20200612,20200617,459,1345,148,4,29.9,5,0.0,5.083
3447,CA-2016-158869,20210806,20210807,35,1049,407,1,70.88,2,0.0,33.3136
3448,CA-2017-102554,20220611,20220615,442,535,1,4,3.76,2,0.0,1.0904
3449,CA-2016-162614,20211007,20211013,735,801,69,4,27.264,2,0.2,8.8608
3450,CA-2014-168592,20190908,20190914,233,470,99,4,56.65,5,0.0,24.3595
3451,CA-2014-168592,20190908,20190914,233,1370,99,4,14.97,1,0.0,4.1916
3452,CA-2014-168592,20190908,20190914,233,930,99,4,4.02,2,0.0,1.9698
3453,CA-2014-157609,20190316,20190321,442,1769,432,3,471.92,2,0.2,29.495
3454,CA-2015-153325,20200301,20200302,719,816,193,3,58.72,4,0.0,27.0112
3455,CA-2015-153626,20200709,20200714,250,492,514,4,5.16,3,0.2,0.838499999999999
3456,CA-2016-166485,20210220,20210227,32,1289,514,4,16.496,2,0.2,5.5674
3457,CA-2017-136448,20220916,20220918,53,1488,485,1,71.976,3,0.2,19.7934
3458,CA-2017-136448,20220916,20220918,53,276,485,1,22.512,3,0.2,2.2512
3459,CA-2017-136448,20220916,20220918,53,735,485,1,3.444,2,0.7,-2.7552
3460,CA-2017-136448,20220916,20220918,53,692,485,1,538.194,2,0.7,-412.6154
3461,CA-2017-136448,20220916,20220918,53,1567,485,1,47.984,2,0.2,14.3952
3462,CA-2017-114258,20221105,20221110,269,1797,532,3,492.768,4,0.2,55.4363999999999
3463,CA-2015-152611,20200220,20200223,414,605,385,3,286.79,7,0.0,74.5654
3464,CA-2016-165470,20211125,20211130,326,1277,163,4,5.08,1,0.2,1.651
3465,CA-2017-128699,20221203,20221205,559,1513,163,3,47.992,1,0.2,7.19879999999999
3466,US-2015-147242,20200910,20200914,258,453,304,4,61.96,2,0.0,16.1096
3467,US-2015-147242,20200910,20200914,258,47,304,4,361.96,2,0.0,83.2508
3468,US-2015-147242,20200910,20200914,258,1201,304,4,278.82,9,0.0,125.469
3469,CA-2016-146143,20211214,20211219,493,210,343,4,133.38,6,0.0,58.6872
3470,CA-2015-100888,20200406,20200410,512,1083,430,4,47.952,3,0.2,16.1838
3471,US-2016-150035,20211201,20211205,152,269,100,4,16.74,2,0.0,4.3524
3472,CA-2017-122644,20221112,20221117,687,1228,441,4,10.848,2,0.2,3.5256
3473,CA-2017-122644,20221112,20221117,687,1566,441,4,18.544,2,0.2,3.0134
3474,CA-2017-111815,20220303,20220310,276,62,308,4,180.98,1,0.0,47.0548
3475,CA-2017-111815,20220303,20220310,276,1544,308,4,99.98,2,0.0,42.9914
3476,CA-2016-144911,20211127,20211130,662,1589,267,1,34.95,5,0.0,15.378
3477,CA-2016-144911,20211127,20211130,662,673,267,1,152.0,5,0.0,69.92
3478,CA-2014-143385,20190831,20190905,697,1505,395,4,92.52,9,0.0,18.504
3479,CA-2016-131289,20211208,20211214,708,568,99,4,8.56,2,0.0,2.4824
3480,CA-2016-131289,20211208,20211214,708,1216,99,4,45.36,7,0.0,21.7728
3481,CA-2016-131289,20211208,20211214,708,361,99,4,1421.664,6,0.2,-195.4788
3482,CA-2014-124023,20190407,20190410,596,299,6,1,8.96,2,0.0,2.7776
3483,CA-2014-124688,20190827,20190829,136,1696,595,1,579.95,5,0.0,168.1855
3484,CA-2014-124688,20190827,20190829,136,225,595,1,29.12,4,0.0,12.5216
3485,CA-2014-124688,20190827,20190829,136,357,595,1,1202.94,3,0.0,300.735
3486,CA-2016-151169,20211021,20211026,550,750,148,4,7.92,4,0.0,3.564
3487,US-2016-134761,20211130,20211130,193,1794,429,2,36.192,1,0.2,2.7144
3488,CA-2017-120705,20220905,20220911,506,1347,159,4,147.184,2,0.2,-29.4368
3489,CA-2015-157322,20200702,20200706,646,120,211,4,408.422,2,0.3,-5.83460000000002
3490,CA-2015-157322,20200702,20200706,646,111,211,4,382.116,6,0.3,-92.7996
3491,CA-2015-157322,20200702,20200706,646,1414,211,4,68.6,5,0.2,6.0025
3492,CA-2015-157322,20200702,20200706,646,1386,211,4,435.504,3,0.2,48.9941999999999
3493,CA-2015-157322,20200702,20200706,646,1065,211,4,11.168,2,0.2,3.7692
3494,CA-2017-142034,20220924,20220928,415,1524,338,4,72.0,4,0.0,12.96
3495,CA-2017-142034,20220924,20220928,415,1483,338,4,655.9,5,0.0,275.478
3496,CA-2017-142034,20220924,20220928,415,60,338,4,603.92,4,0.0,181.176
3497,CA-2016-107328,20210808,20210815,122,338,67,4,513.024,2,0.2,12.8256
3498,CA-2016-107328,20210808,20210815,122,465,67,4,487.92,6,0.0,136.6176
3499,CA-2016-107328,20210808,20210815,122,729,67,4,15.24,5,0.2,5.334
3500,CA-2016-108616,20210929,20211003,381,1470,6,4,209.97,3,0.0,71.3898
3501,CA-2016-108616,20210929,20211003,381,719,6,4,62.94,3,0.0,30.2112
3502,CA-2016-108616,20210929,20211003,381,507,6,4,25.92,9,0.0,7.776
3503,CA-2017-125115,20220410,20220410,637,1253,520,2,10.368,2,0.2,3.6288
3504,CA-2017-125115,20220410,20220410,637,1506,520,2,95.736,3,0.2,20.3439
3505,CA-2016-150945,20211218,20211220,383,1401,405,3,900.08,4,0.0,117.0104
3506,CA-2014-166863,20190620,20190624,668,1692,564,4,201.584,2,0.2,20.1584
3507,CA-2014-166863,20190620,20190624,668,664,564,4,3.392,4,0.8,-5.088
3508,CA-2014-166863,20190620,20190624,668,11,564,4,193.0656,4,0.32,-19.8744
3509,CA-2014-166863,20190620,20190624,668,1087,564,4,15.552,3,0.2,5.4432
3510,CA-2014-166863,20190620,20190624,668,1062,564,4,11.648,2,0.2,4.0768
3511,CA-2014-166863,20190620,20190624,668,1638,564,4,418.8,2,0.4,-97.72
3512,CA-2014-166863,20190620,20190624,668,1407,564,4,509.488,7,0.2,-127.372
3513,CA-2017-140326,20220904,20220906,334,1,215,1,825.174,9,0.3,-117.882
3514,CA-2017-140326,20220904,20220906,334,1248,215,1,17.76,3,0.2,5.55
3515,CA-2017-140326,20220904,20220906,334,507,215,1,6.912,3,0.2,0.864
3516,CA-2016-168536,20211220,20211224,681,1525,343,4,66.3,3,0.0,8.619
3517,US-2016-113649,20210809,20210812,318,1022,424,1,30.816,9,0.2,9.63
3518,US-2016-113649,20210809,20210812,318,1765,424,1,44.784,2,0.2,4.4784
3519,US-2016-113649,20210809,20210812,318,429,424,1,569.536,4,0.2,64.0727999999999
3520,CA-2015-124975,20200622,20200625,506,347,207,1,796.425,7,0.5,-525.6405
3521,CA-2015-168767,20200410,20200415,223,665,91,4,12.832,2,0.2,4.3308
3522,CA-2016-114482,20211121,20211125,225,1235,258,3,40.46,7,0.0,19.8254
3523,CA-2016-114482,20211121,20211125,225,1734,258,3,404.94,3,0.0,109.3338
3524,CA-2016-137673,20210905,20210910,520,1528,97,4,116.0,8,0.0,29.0
3525,CA-2016-132731,20211124,20211128,293,1834,532,4,657.552,6,0.2,49.3164
3526,CA-2017-148922,20221210,20221215,720,1509,343,3,599.97,3,0.0,257.9871
3527,CA-2017-148922,20221210,20221215,720,1684,343,3,38.97,3,0.0,0.779400000000001
3528,CA-2017-148922,20221210,20221215,720,776,343,3,45.84,8,0.0,22.0032
3529,CA-2016-130680,20210624,20210629,68,1853,95,4,38.24,4,0.2,-9.56
3530,CA-2015-141145,20200917,20200923,196,1498,174,4,87.168,3,0.2,10.896
3531,US-2016-152835,20210519,20210523,655,568,247,4,21.4,5,0.0,6.206
3532,CA-2016-155565,20210528,20210528,258,1431,408,2,54.9,5,0.0,15.372
3533,CA-2014-110849,20190418,20190423,388,1647,69,4,287.968,4,0.2,97.1892
3534,CA-2014-110849,20190418,20190423,388,552,69,4,13.12,4,0.0,3.8048
3535,CA-2014-110849,20190418,20190423,388,492,69,4,10.75,5,0.0,3.5475
3536,CA-2014-110849,20190418,20190423,388,903,69,4,11.62,2,0.0,3.6022
3537,CA-2016-145842,20210617,20210620,289,1302,407,3,40.74,3,0.0,0.407399999999999
3538,CA-2014-158771,20190509,20190509,667,1295,272,2,83.25,3,0.0,14.985
3539,CA-2014-158771,20190509,20190509,667,968,272,2,9.45,3,0.0,4.536
3540,CA-2014-158771,20190509,20190509,667,985,272,2,20.65,5,0.0,9.499
3541,CA-2014-158771,20190509,20190509,667,1182,272,2,45.36,7,0.0,21.7728
3542,CA-2016-157511,20210918,20210920,721,212,441,1,5.352,3,0.2,1.6056
3543,CA-2016-157511,20210918,20210920,721,94,441,1,99.372,2,0.3,-7.09799999999999
3544,CA-2016-157511,20210918,20210920,721,549,441,1,2.672,1,0.2,0.3674
3545,CA-2017-121216,20221223,20221225,526,1270,528,3,28.672,8,0.2,10.3936
3546,CA-2017-121216,20221223,20221225,526,414,528,3,29.312,8,0.8,-74.7456
3547,CA-2017-155292,20221030,20221101,635,1420,276,1,105.98,7,0.0,4.23919999999999
3548,CA-2017-155292,20221030,20221101,635,1442,276,1,35.06,2,0.0,10.518
3549,CA-2017-155292,20221030,20221101,635,58,276,1,33.94,1,0.0,9.1638
3550,CA-2017-155292,20221030,20221101,635,971,276,1,30.0,8,0.0,14.4
3551,CA-2016-152555,20210329,20210402,498,1098,215,3,45.528,3,0.2,15.9348
3552,CA-2016-152555,20210329,20210402,498,100,215,3,844.116,6,0.3,-36.1764
3553,CA-2016-152555,20210329,20210402,498,1716,215,3,812.736,8,0.2,60.9552
3554,CA-2017-107832,20221123,20221126,284,705,482,3,7.476,1,0.7,-5.9808
3555,CA-2014-120838,20190323,20190326,604,1306,67,3,330.4,2,0.0,85.904
3556,CA-2014-120838,20190323,20190326,604,1810,67,3,604.752,6,0.2,37.797
3557,CA-2017-118542,20221201,20221205,135,1280,65,4,45.36,7,0.0,21.7728
3558,CA-2017-118542,20221201,20221205,135,774,65,4,10.128,2,0.2,3.6714
3559,CA-2017-152737,20221107,20221112,767,761,100,4,21.792,4,0.2,7.6272
3560,CA-2017-152737,20221107,20221112,767,1601,100,4,439.8,4,0.0,145.134
3561,CA-2017-109757,20220904,20220909,496,551,437,3,8.256,4,0.2,0.6192
3562,CA-2017-109757,20220904,20220909,496,801,437,3,25.56,5,0.7,-20.448
3563,CA-2017-109757,20220904,20220909,496,703,437,3,4.368,2,0.7,-3.0576
3564,CA-2017-109757,20220904,20220909,496,1014,437,3,11.52,4,0.2,3.744
3565,CA-2016-130029,20210703,20210706,313,1058,69,1,12.96,2,0.0,6.2208
3566,CA-2016-130029,20210703,20210706,313,915,69,1,3.96,2,0.0,0.0792000000000002
3567,CA-2017-103877,20220907,20220914,633,780,347,4,1577.94,3,0.0,757.4112
3568,CA-2016-137176,20210909,20210914,189,276,534,3,15.008,4,0.6,-12.0064
3569,CA-2017-168109,20220703,20220703,380,1567,614,2,59.98,2,0.0,26.3912
3570,CA-2017-168109,20220703,20220703,380,1633,614,2,2395.2,6,0.2,209.58
3571,CA-2017-168109,20220703,20220703,380,1518,614,2,1687.8,4,0.0,742.632
3572,CA-2017-168109,20220703,20220703,380,1705,614,2,7.992,1,0.2,2.6973
3573,US-2017-126081,20220629,20220704,282,1242,558,4,5.184,1,0.2,1.8144
3574,CA-2017-117023,20220807,20220812,412,589,402,4,11.68,2,0.0,5.4896
3575,CA-2017-117023,20220807,20220812,412,612,402,4,104.8,10,0.0,26.2
3576,CA-2015-143532,20200319,20200324,200,1110,173,4,14.496,3,0.2,4.8924
3577,CA-2016-103163,20210607,20210611,288,769,34,4,4.784,1,0.2,1.5548
3578,CA-2016-103163,20210607,20210611,288,1244,34,4,4.73,1,0.0,2.3177
3579,CA-2016-104157,20210725,20210729,543,1299,343,4,7.89,1,0.0,0.315599999999999
3580,CA-2016-104157,20210725,20210729,543,1276,343,4,65.5,5,0.0,32.095
3581,CA-2016-104157,20210725,20210729,543,375,343,4,2430.08,8,0.0,388.8128
3582,CA-2017-117807,20221001,20221007,214,1081,359,4,104.85,1,0.0,50.328
3583,CA-2015-121650,20201210,20201216,425,507,314,4,3.9,2,0.0,1.521
3584,CA-2015-121650,20201210,20201216,425,357,314,4,801.96,2,0.0,200.49
3585,CA-2015-121650,20201210,20201216,425,123,314,4,191.96,2,0.0,32.6332
3586,CA-2015-121650,20201210,20201216,425,958,314,4,2.61,1,0.0,1.2006
3587,CA-2017-161823,20220903,20220908,20,543,100,4,5.96,2,0.0,1.6688
3588,CA-2017-121839,20220924,20220928,516,1793,450,4,1169.694,3,0.4,-253.4337
3589,CA-2017-158729,20221219,20221221,13,1443,279,1,1665.62,2,0.0,33.3124
3590,CA-2017-146535,20221124,20221130,288,659,276,4,2.88,1,0.0,1.4112
3591,CA-2017-146535,20221124,20221130,288,1348,276,4,1443.96,12,0.0,375.4296
3592,CA-2014-154186,20191213,20191215,617,1433,547,3,2.92,1,0.2,0.365
3593,CA-2016-108434,20211205,20211207,366,1378,407,3,465.18,3,0.0,120.9468
3594,CA-2016-164154,20210911,20210917,579,705,459,4,22.428,3,0.7,-17.9424
3595,CA-2016-164154,20210911,20210917,579,1375,459,4,37.52,5,0.2,3.752
3596,CA-2017-148012,20221209,20221215,436,630,485,4,2.624,1,0.2,0.4264
3597,CA-2014-102869,20190909,20190914,456,1073,484,3,15.552,3,0.2,5.4432
3598,CA-2014-102869,20190909,20190914,456,1520,484,3,64.704,6,0.2,-4.8528
3599,CA-2014-102869,20190909,20190914,456,225,484,3,17.472,3,0.2,5.0232
3600,CA-2014-102869,20190909,20190914,456,1775,484,3,135.516,1,0.4,-31.6204
3601,CA-2017-138310,20220626,20220630,574,1513,126,4,431.928,9,0.2,64.7892
3602,CA-2014-159835,20191117,20191124,621,1155,485,4,12.448,2,0.2,3.89
3603,CA-2014-159835,20191117,20191124,621,136,485,4,657.93,5,0.3,-93.99
3604,CA-2017-112956,20220821,20220827,753,1045,286,4,277.4,5,0.0,133.152
3605,CA-2017-112956,20220821,20220827,753,282,286,4,25.16,2,0.0,8.5544
3606,CA-2017-112956,20220821,20220827,753,316,286,4,91.92,4,0.0,31.2528
3607,CA-2016-119683,20210312,20210316,150,853,407,3,29.34,3,0.0,13.4964
3608,CA-2014-163559,20190923,20190928,719,722,408,3,139.44,3,0.2,47.061
3609,CA-2014-140228,20190428,20190503,295,967,456,4,6.912,3,0.2,2.5056
3610,CA-2014-140228,20190428,20190503,295,1362,456,4,27.096,3,0.2,2.0322
3611,CA-2014-140228,20190428,20190503,295,1330,456,4,177.568,2,0.2,-37.7332
3612,US-2016-131674,20211129,20211201,557,1598,533,3,58.416,2,0.2,16.7946
3613,CA-2015-110093,20201203,20201208,10,1027,483,4,16.448,2,0.2,5.5512
3614,CA-2015-110093,20201203,20201208,10,1463,483,4,36.784,2,0.2,10.5754
3615,CA-2017-112529,20221119,20221121,680,346,569,1,718.116,6,0.3,-71.8116
3616,CA-2017-112529,20221119,20221121,680,534,569,1,31.776,4,0.2,8.7384
3617,CA-2016-154536,20210905,20210909,345,823,482,4,9.555,5,0.7,-7.3255
3618,CA-2017-141929,20220904,20220908,617,832,64,4,487.984,2,0.2,152.495
3619,CA-2017-141929,20220904,20220908,617,1759,64,4,5.56,1,0.2,1.7375
3620,CA-2017-141929,20220904,20220908,617,1383,64,4,217.85,5,0.0,65.355
3621,CA-2016-109743,20210922,20210929,692,594,515,4,40.776,3,0.2,4.58729999999999
3622,CA-2016-109743,20210922,20210929,692,1829,515,4,63.936,8,0.2,5.5944
3623,CA-2014-159184,20190914,20190919,347,239,193,4,142.4,5,0.0,52.688
3624,CA-2014-159184,20190914,20190919,347,715,193,4,7.16,2,0.0,3.4368
3625,CA-2017-113530,20220519,20220521,67,94,98,3,681.408,12,0.2,42.588
3626,CA-2017-113530,20220519,20220521,67,515,98,3,3.52,2,0.0,1.0208
3627,CA-2017-113530,20220519,20220521,67,475,98,3,5.58,1,0.0,1.395
3628,CA-2017-113530,20220519,20220521,67,1498,98,3,36.32,1,0.0,10.896
3629,CA-2014-169726,20190809,20190813,372,831,613,4,2060.744,7,0.2,643.9825
3630,CA-2017-155957,20221126,20221130,136,416,441,4,52.272,3,0.2,9.801
3631,CA-2017-155957,20221126,20221130,136,469,441,4,213.136,7,0.2,23.9778
3632,CA-2017-132178,20220503,20220508,190,1303,64,3,69.52,2,0.0,19.4656
3633,CA-2017-132178,20220503,20220508,190,1290,64,3,763.44,8,0.0,45.8063999999999
3634,CA-2016-145177,20211110,20211114,607,967,458,4,9.216,4,0.2,3.3408
3635,CA-2016-145177,20211110,20211114,607,1693,458,4,41.958,7,0.4,-9.7902
3636,CA-2016-145177,20211110,20211114,607,1246,458,4,89.568,2,0.2,32.4684
3637,CA-2016-145177,20211110,20211114,607,1126,458,4,22.248,3,0.2,7.5087
3638,CA-2016-145177,20211110,20211114,607,426,458,4,334.88,4,0.2,29.302
3639,CA-2016-145177,20211110,20211114,607,167,458,4,148.288,7,0.2,29.6576
3640,CA-2016-145177,20211110,20211114,607,1068,458,4,4.624,1,0.2,1.6762
3641,CA-2016-145177,20211110,20211114,607,1534,458,4,178.92,7,0.2,-29.0745
3642,CA-2016-145177,20211110,20211114,607,726,458,4,69.888,7,0.7,-46.592
3643,CA-2014-156594,20191220,20191223,493,832,65,3,487.984,2,0.2,152.495
3644,CA-2014-156594,20191220,20191223,493,528,65,3,47.3,2,0.0,12.298
3645,CA-2014-156594,20191220,20191223,493,616,65,3,4.13,1,0.0,1.1564
3646,CA-2014-156594,20191220,20191223,493,762,65,3,155.12,5,0.2,50.414
3647,CA-2014-146528,20190725,20190727,778,1157,68,3,6.48,1,0.0,3.1752
3648,CA-2014-146528,20190725,20190727,778,1439,68,3,15.52,4,0.0,4.5008
3649,CA-2015-168459,20201122,20201127,487,789,512,4,2.946,2,0.7,-2.0622
3650,CA-2015-168459,20201122,20201127,487,942,512,4,55.104,6,0.2,18.5976
3651,CA-2017-109960,20221209,20221211,193,1597,311,3,104.88,6,0.0,41.952
3652,CA-2017-109960,20221209,20221211,193,531,311,3,34.7,5,0.0,12.492
3653,CA-2017-109960,20221209,20221211,193,704,311,3,33.72,4,0.0,15.5112
3654,CA-2017-109960,20221209,20221211,193,1043,311,3,14.94,3,0.0,7.0218
3655,CA-2017-133004,20220831,20220905,39,425,248,4,638.73,9,0.0,166.0698
3656,CA-2017-168102,20220424,20220430,166,1338,163,4,113.568,2,0.2,-21.294
3657,CA-2017-158036,20220908,20220914,197,1535,443,4,9.096,1,0.2,1.7055
3658,CA-2015-128083,20200312,20200317,248,892,179,4,8.688,3,0.2,2.9322
3659,CA-2015-128083,20200312,20200317,248,251,179,4,30.88,4,0.2,3.86
3660,CA-2015-128083,20200312,20200317,248,194,179,4,6.408,3,0.2,1.4418
3661,CA-2016-161676,20210718,20210723,400,1457,13,4,33.8,5,0.2,4.225
3662,CA-2016-155005,20210613,20210615,669,1810,314,3,377.97,3,0.0,94.4925
3663,US-2017-129777,20220703,20220709,288,1564,303,4,258.9,10,0.0,93.204
3664,US-2017-129777,20220703,20220709,288,1145,303,4,24.56,2,0.0,11.5432
3665,CA-2014-129364,20191208,20191213,735,966,474,4,27.888,7,0.2,9.0636
3666,CA-2014-129364,20191208,20191213,735,684,474,4,6.456,4,0.7,-4.5192
3667,CA-2014-129364,20191208,20191213,735,1800,474,4,52.68,3,0.2,19.755
3668,CA-2014-129364,20191208,20191213,735,1424,474,4,13.88,5,0.2,-2.6025
3669,CA-2014-129364,20191208,20191213,735,1579,474,4,103.92,10,0.2,-18.186
3670,CA-2014-129364,20191208,20191213,735,1005,474,4,11.52,5,0.2,3.744
3671,CA-2014-129364,20191208,20191213,735,1111,474,4,10.368,2,0.2,3.6288
3672,CA-2014-129364,20191208,20191213,735,1327,474,4,39.072,3,0.2,2.9304
3673,CA-2016-104969,20210408,20210414,262,868,460,4,8.872,1,0.2,3.2161
3674,CA-2016-104969,20210408,20210414,262,813,460,4,121.104,6,0.7,-100.92
3675,CA-2017-154109,20221106,20221111,521,111,485,4,127.372,2,0.3,-30.9332
3676,CA-2017-154109,20221106,20221111,521,1025,485,4,47.952,3,0.2,16.1838
3677,CA-2015-156440,20201205,20201209,513,290,97,4,44.46,2,0.0,14.6718
3678,CA-2015-132626,20200709,20200714,116,925,285,4,15.8,4,0.0,5.056
3679,CA-2015-132626,20200709,20200714,116,1644,285,4,464.97,3,0.0,209.2365
3680,CA-2015-132626,20200709,20200714,116,241,285,4,181.96,2,0.0,20.0156
3681,CA-2015-132626,20200709,20200714,116,955,285,4,12.39,3,0.0,5.6994
3682,CA-2015-132626,20200709,20200714,116,754,285,4,84.09,3,0.0,42.045
3683,CA-2015-132626,20200709,20200714,116,566,285,4,79.36,4,0.0,32.5376
3684,CA-2015-132626,20200709,20200714,116,801,285,4,153.36,9,0.0,70.5456
3685,CA-2015-132626,20200709,20200714,116,703,285,4,43.68,6,0.0,21.4032
3686,CA-2015-132626,20200709,20200714,116,1402,285,4,98.21,7,0.0,28.4809
3687,CA-2016-102792,20211213,20211219,345,630,89,4,9.84,3,0.0,3.2472
3688,CA-2016-108567,20210520,20210524,193,808,182,4,2.694,2,0.7,-2.245
3689,CA-2017-140760,20220602,20220605,228,1172,14,3,25.344,6,0.2,7.92
3690,CA-2017-140760,20220602,20220605,228,855,14,3,43.92,5,0.2,15.921
3691,US-2015-131359,20201030,20201102,280,1623,126,3,59.994,2,0.7,-45.9954
3692,US-2015-131359,20201030,20201102,280,1606,126,3,439.992,1,0.2,164.997
3693,US-2015-131359,20201030,20201102,280,1844,126,3,87.96,5,0.2,30.786
3694,US-2015-131359,20201030,20201102,280,245,126,3,15.488,4,0.2,3.6784
3695,CA-2016-142097,20211015,20211020,616,726,595,4,232.96,7,0.0,116.48
3696,CA-2016-142097,20211015,20211020,616,868,595,4,66.54,6,0.0,32.6046
3697,CA-2016-142097,20211015,20211020,616,391,595,4,43.26,3,0.0,14.2758
3698,CA-2015-151680,20201119,20201121,745,151,615,3,141.96,2,0.0,22.7136
3699,CA-2014-140039,20190913,20190917,580,1328,19,4,79.4,5,0.2,5.95500000000001
3700,CA-2017-160416,20221113,20221118,16,1574,416,3,163.96,4,0.0,70.5028
3701,CA-2017-169411,20221224,20221229,14,191,411,4,37.93,1,0.0,6.8274
3702,CA-2016-126543,20210109,20210113,501,224,459,3,15.168,2,0.2,3.792
3703,CA-2015-104941,20200613,20200619,206,616,2,4,24.78,6,0.0,6.9384
3704,CA-2015-104941,20200613,20200619,206,688,2,4,19.14,3,0.0,8.8044
3705,CA-2015-104941,20200613,20200619,206,1614,2,4,899.97,3,0.0,314.9895
3706,CA-2015-104941,20200613,20200619,206,1216,2,4,32.4,5,0.0,15.552
3707,CA-2017-160087,20220318,20220322,275,534,534,4,23.832,3,0.2,6.5538
3708,CA-2014-120544,20191123,20191127,714,205,558,4,6.368,2,0.6,-2.5472
3709,CA-2014-120544,20191123,20191127,714,464,558,4,34.176,3,0.8,-87.1488
3710,CA-2014-120544,20191123,20191127,714,1569,558,4,5.544,7,0.2,1.6632
3711,CA-2017-113670,20221015,20221017,659,332,68,1,510.24,3,0.2,6.37799999999996
3712,CA-2017-113670,20221015,20221017,659,1067,68,1,204.95,5,0.0,100.4255
3713,CA-2017-166198,20220421,20220424,412,1473,613,1,11.54,1,0.0,3.462
3714,CA-2017-166198,20220421,20220424,412,304,613,1,162.6,3,0.0,34.146
3715,CA-2014-135608,20191208,20191210,379,1144,609,3,45.68,2,0.0,21.0128
3716,CA-2014-135608,20191208,20191210,379,93,609,3,603.92,5,0.2,45.294
3717,CA-2017-144568,20220529,20220602,399,940,362,4,23.55,5,0.0,1.1775
3718,CA-2016-142370,20210919,20210923,757,1444,191,4,5.04,2,0.0,0.1512
3719,CA-2016-142370,20210919,20210923,757,1544,191,4,249.95,5,0.0,107.4785
3720,CA-2016-105900,20210917,20210923,107,557,242,4,33.4,5,0.0,12.358
3721,CA-2016-151155,20211220,20211224,10,202,343,4,18.92,4,0.0,7.3788
3722,CA-2016-151155,20211220,20211224,10,795,343,4,15.42,2,0.0,6.939
3723,CA-2017-144036,20221122,20221126,290,475,547,4,35.712,8,0.2,2.232
3724,US-2014-169789,20191230,20200104,501,831,16,4,551.985,5,0.7,-459.9875
3725,CA-2017-127264,20220403,20220405,664,567,215,1,7.056,3,0.2,2.205
3726,CA-2016-151512,20211226,20220102,692,383,126,4,18.72,2,0.2,3.51
3727,CA-2016-165169,20210605,20210611,386,1344,148,4,360.38,2,0.0,93.6988
3728,CA-2016-165169,20210605,20210611,386,475,148,4,11.16,2,0.0,2.79
3729,CA-2016-165169,20210605,20210611,386,951,148,4,14.94,3,0.0,6.8724
3730,CA-2015-109575,20200918,20200923,432,1419,285,4,41.96,2,0.0,7.9724
3731,CA-2015-109575,20200918,20200923,432,1407,285,4,636.86,7,0.0,0.0
3732,CA-2015-109575,20200918,20200923,432,1706,285,4,499.99,1,0.0,129.9974
3733,CA-2015-109575,20200918,20200923,432,1707,285,4,1259.93,7,0.0,327.5818
3734,CA-2015-109575,20200918,20200923,432,672,285,4,65.08,4,0.0,31.8892
3735,CA-2017-168193,20220306,20220311,651,1163,406,3,26.38,1,0.0,12.1348
3736,CA-2017-168193,20220306,20220311,651,231,406,3,71.97,3,0.0,16.5531
3737,CA-2016-115476,20210317,20210317,782,1703,148,2,129.98,2,0.0,62.3904
3738,CA-2016-115476,20210317,20210317,782,672,148,2,32.54,2,0.0,15.9446
3739,CA-2016-133340,20211209,20211213,464,1826,314,4,10.9,1,0.0,3.052
3740,CA-2016-133340,20211209,20211213,464,1488,314,4,59.98,2,0.0,25.1916
3741,CA-2016-133340,20211209,20211213,464,422,314,4,61.929,1,0.1,23.3954
3742,CA-2016-137848,20210115,20210121,788,854,406,4,16.52,4,0.0,7.5992
3743,CA-2016-137848,20210115,20210121,788,1259,406,4,60.12,9,0.0,28.8576
3744,CA-2016-137848,20210115,20210121,788,732,406,4,49.536,3,0.2,17.3376
3745,CA-2014-113047,20191024,20191024,45,925,496,2,11.85,3,0.0,3.792
3746,CA-2016-149979,20210923,20210928,619,1384,191,3,118.25,5,0.0,34.2925
3747,CA-2016-149979,20210923,20210928,619,84,191,3,368.97,3,0.0,81.1734
3748,CA-2017-161956,20220827,20220829,234,242,54,3,198.46,2,0.0,99.23
3749,CA-2017-161956,20220827,20220829,234,401,54,3,321.92,4,0.0,96.576
3750,CA-2017-161956,20220827,20220829,234,1606,54,3,879.984,2,0.2,329.994
3751,CA-2017-161956,20220827,20220829,234,1438,54,3,28.4,5,0.0,8.236
3752,CA-2017-161956,20220827,20220829,234,134,54,3,230.28,3,0.2,23.028
3753,CA-2017-161956,20220827,20220829,234,1096,54,3,116.28,3,0.0,56.9772
3754,CA-2017-161956,20220827,20220829,234,780,54,3,841.568,2,0.2,294.5488
3755,CA-2017-161956,20220827,20220829,234,1338,54,3,354.9,5,0.0,17.745
3756,CA-2016-116799,20210303,20210306,367,1138,560,1,42.784,7,0.2,15.5092
3757,CA-2016-116799,20210303,20210306,367,135,560,1,563.43,5,0.3,-56.343
3758,CA-2016-111283,20210228,20210304,451,525,456,4,111.104,7,0.2,8.3328
3759,CA-2015-167745,20200918,20200923,295,589,69,4,11.68,2,0.0,5.4896
3760,CA-2015-167745,20200918,20200923,295,1457,69,4,16.9,2,0.0,5.07
3761,CA-2015-167745,20200918,20200923,295,190,69,4,24.4,2,0.0,10.248
3762,CA-2017-104577,20220512,20220517,148,1065,294,4,87.6,5,0.0,42.048
3763,CA-2016-156251,20210813,20210818,762,7,631,3,241.96,2,0.0,24.196
3764,CA-2016-156251,20210813,20210818,762,778,631,3,8.52,3,0.0,4.1748
3765,CA-2017-125878,20220225,20220302,515,744,214,4,1.788,3,0.8,-3.0396
3766,CA-2016-163153,20210321,20210325,223,374,545,4,99.372,2,0.3,-1.41960000000001
3767,CA-2016-163153,20210321,20210325,223,532,545,4,1.344,1,0.2,0.504
3768,CA-2015-103205,20201208,20201210,375,1855,545,3,119.96,5,0.2,11.996
3769,CA-2014-153913,20191216,20191220,418,65,160,3,1013.832,9,0.2,101.3832
3770,CA-2014-153913,20191216,20191220,418,906,160,3,1.984,2,0.2,0.6696
3771,CA-2016-155530,20211217,20211221,158,367,100,4,2003.52,6,0.2,-325.572
3772,US-2016-101196,20210512,20210517,287,1416,484,4,82.368,2,0.2,-19.5624
3773,CA-2014-115357,20190806,20190811,641,1459,492,3,62.91,3,0.0,22.6476
3774,US-2014-102715,20190411,20190413,378,917,171,3,6.912,3,0.2,2.3328
3775,US-2014-102715,20190411,20190413,378,1515,171,3,383.976,3,0.2,81.5949
3776,US-2014-102715,20190411,20190413,378,1016,171,3,10.368,2,0.2,3.6288
3777,US-2014-102715,20190411,20190413,378,1510,171,3,335.944,7,0.2,41.993
3778,CA-2015-107937,20200503,20200508,344,220,39,4,665.88,6,0.0,106.5408
3779,US-2017-148768,20221130,20221202,602,1778,171,3,71.976,3,0.2,8.99699999999999
3780,CA-2017-118521,20220216,20220220,460,1220,408,4,37.94,2,0.0,18.2112
3781,CA-2014-149643,20191116,20191120,644,1681,265,4,273.96,2,0.0,10.9584
3782,CA-2015-135314,20200709,20200714,489,1798,482,3,269.982,3,0.4,40.4973
3783,CA-2017-165204,20221113,20221116,529,1218,512,3,8.904,3,0.2,3.339
3784,CA-2017-165204,20221113,20221116,529,1401,512,3,720.064,4,0.2,-63.0056
3785,CA-2017-125752,20220731,20220804,262,1564,159,4,41.424,2,0.2,8.2848
3786,CA-2017-112487,20221226,20221230,746,657,441,4,3.132,2,0.7,-2.61
3787,CA-2016-144218,20211031,20211104,350,1378,68,4,1085.42,7,0.0,282.2092
3788,CA-2016-169971,20210904,20210909,337,561,546,4,3.912,1,0.2,1.0269
3789,CA-2016-169971,20210904,20210909,337,504,546,4,62.376,3,0.2,7.0173
3790,US-2016-133508,20210417,20210421,727,903,362,4,29.05,5,0.0,9.0055
3791,CA-2014-107139,20190705,20190711,233,706,64,4,180.96,6,0.2,67.86
3792,CA-2015-111325,20200227,20200228,112,654,478,1,4.419,3,0.7,-3.3879
3793,CA-2015-111325,20200227,20200228,112,549,478,1,16.032,6,0.2,2.2044
3794,CA-2015-163762,20201127,20201201,354,534,407,4,29.79,3,0.0,12.5118
3795,US-2014-117163,20190127,20190202,264,1400,96,4,57.23,1,0.0,14.3075
3796,US-2014-117163,20190127,20190202,264,355,96,4,333.0,3,0.2,-16.65
3797,US-2014-117163,20190127,20190202,264,572,96,4,36.44,4,0.0,12.0252
3798,CA-2017-121314,20220923,20220926,77,1217,170,1,251.64,3,0.2,88.074
3799,CA-2017-147760,20221104,20221105,434,371,427,1,523.764,3,0.4,-192.0468
3800,CA-2017-147760,20221104,20221105,434,1772,427,1,1359.96,5,0.2,118.9965
3801,CA-2016-156503,20211014,20211020,556,108,430,4,102.592,1,0.2,10.2592
3802,CA-2016-156503,20211014,20211020,556,1533,430,4,22.704,1,0.2,5.9598
3803,CA-2016-156503,20211014,20211020,556,1166,430,4,93.024,3,0.2,33.7212
3804,CA-2016-156503,20211014,20211020,556,1427,430,4,12.768,2,0.2,1.4364
3805,CA-2016-156503,20211014,20211020,556,857,430,4,35.008,4,0.2,13.128
3806,CA-2016-156503,20211014,20211020,556,1169,430,4,39.152,1,0.2,14.682
3807,CA-2015-113628,20201112,20201119,35,514,179,4,11.76,5,0.2,1.323
3808,CA-2015-113628,20201112,20201119,35,768,179,4,5.238,2,0.7,-4.0158
3809,CA-2015-113628,20201112,20201119,35,749,179,4,4.662,3,0.7,-3.7296
3810,CA-2015-113628,20201112,20201119,35,103,179,4,523.92,5,0.2,-72.039
3811,CA-2015-113628,20201112,20201119,35,1695,179,4,100.792,1,0.2,10.0792
3812,CA-2015-113628,20201112,20201119,35,124,179,4,146.136,3,0.2,16.4403
3813,CA-2017-147753,20220305,20220305,598,992,626,2,25.06,2,0.0,11.7782
3814,CA-2015-103961,20201105,20201109,565,1007,233,4,19.824,6,0.2,6.4428
3815,CA-2016-152471,20210708,20210708,793,1790,163,2,823.96,5,0.2,51.4975
3816,CA-2016-152471,20210708,20210708,793,1286,163,2,15.984,2,0.2,4.995
3817,CA-2015-102582,20200915,20200919,578,357,6,4,801.96,2,0.0,200.49
3818,CA-2015-102582,20200915,20200919,578,1803,6,4,59.97,3,0.0,0.0
3819,CA-2015-102582,20200915,20200919,578,131,6,4,1056.86,7,0.0,306.4894
3820,CA-2017-141873,20221009,20221014,322,674,407,4,12.816,3,0.2,4.3254
3821,CA-2017-141873,20221009,20221014,322,27,407,4,314.352,3,0.2,-15.7176
3822,CA-2017-141873,20221009,20221014,322,1020,407,4,18.98,2,0.0,8.9206
3823,CA-2017-141873,20221009,20221014,322,781,407,4,18.24,6,0.2,6.156
3824,CA-2015-140984,20200914,20200918,138,1306,406,4,991.2,6,0.0,257.712
3825,CA-2015-140984,20200914,20200918,138,1606,406,4,879.984,2,0.2,329.994
3826,CA-2015-140984,20200914,20200918,138,721,406,4,12.96,9,0.2,4.536
3827,CA-2014-132801,20191007,20191012,368,1332,533,4,107.44,10,0.2,10.744
3828,CA-2017-141733,20220507,20220511,661,120,311,4,1458.65,5,0.0,423.0085
3829,CA-2017-141733,20220507,20220511,661,80,311,4,26.64,1,0.0,7.4592
3830,CA-2017-141733,20220507,20220511,661,59,311,4,476.8,2,0.0,119.2
3831,CA-2017-141733,20220507,20220511,661,410,311,4,87.444,2,0.1,18.4604
3832,US-2015-111927,20201114,20201119,475,285,147,4,76.14,3,0.0,26.649
3833,US-2015-111927,20201114,20201119,475,743,147,4,19.96,2,0.0,9.3812
3834,CA-2014-105984,20191124,20191124,550,1699,441,2,1049.97,5,0.4,-209.994
3835,CA-2014-105984,20191124,20191124,550,63,441,2,611.058,3,0.3,-34.9176
3836,CA-2014-100363,20190408,20190415,394,908,13,4,2.368,2,0.2,0.8288
3837,CA-2014-100363,20190408,20190415,394,1278,13,4,19.008,3,0.2,6.8904
3838,CA-2014-126760,20190726,20190802,439,1721,365,4,911.984,2,0.2,113.998
3839,CA-2014-126760,20190726,20190802,439,104,365,4,674.352,3,0.2,-109.5822
3840,CA-2014-126760,20190726,20190802,439,286,365,4,134.01,9,0.0,36.1827
3841,CA-2014-126760,20190726,20190802,439,1595,365,4,170.97,3,0.0,70.0977
3842,US-2014-109162,20190608,20190612,427,94,502,4,170.352,3,0.2,10.647
3843,CA-2014-101931,20191028,20191031,765,808,69,1,7.184,2,0.2,2.245
3844,CA-2014-101931,20191028,20191031,765,1437,69,1,6.28,2,0.0,0.0628000000000002
3845,CA-2014-101931,20191028,20191031,765,1425,69,1,480.74,2,0.0,14.4222
3846,CA-2014-101931,20191028,20191031,765,7,69,1,616.998,6,0.15,-36.294
3847,CA-2014-101931,20191028,20191031,765,1392,69,1,141.4,5,0.0,38.178
3848,CA-2017-129000,20221125,20221127,730,1329,306,3,501.81,3,0.0,0.0
3849,CA-2017-161053,20220922,20220923,357,818,23,1,691.96,4,0.0,318.3016
3850,CA-2017-161053,20220922,20220923,357,1589,23,1,34.95,5,0.0,15.378
3851,CA-2015-142377,20201204,20201209,542,1145,353,4,85.96,7,0.0,40.4012
3852,CA-2015-127593,20200921,20200921,207,284,303,2,85.3,2,0.0,14.501
3853,CA-2017-130526,20221126,20221129,313,695,234,1,33.568,8,0.8,-53.7088
3854,US-2017-131849,20220606,20220610,299,293,100,4,4.95,1,0.0,2.178
3855,US-2017-131849,20220606,20220610,299,1382,100,4,26.4,5,0.0,0.0
3856,US-2017-105389,20221023,20221028,224,821,569,3,3.564,3,0.8,-6.237
3857,US-2017-105389,20221023,20221028,224,1790,569,3,823.96,5,0.2,51.4975
3858,US-2017-105389,20221023,20221028,224,491,569,3,10.272,3,0.2,0.8988
3859,CA-2014-140816,20191220,20191220,744,1499,136,2,447.944,7,0.2,89.5888
3860,CA-2017-154039,20220217,20220222,383,338,215,4,480.96,3,0.5,-269.3376
3861,CA-2017-154039,20220217,20220222,383,1787,215,4,124.792,1,0.2,10.9193
3862,CA-2014-135755,20190503,20190510,556,841,416,4,40.176,3,0.2,14.5638
3863,CA-2014-135755,20190503,20190510,556,798,416,4,10.896,3,0.2,3.9498
3864,CA-2017-123246,20221017,20221019,40,530,96,3,10.64,4,0.0,2.7664
3865,CA-2015-157133,20201128,20201203,452,313,212,4,151.96,5,0.6,-182.352
3866,CA-2014-124709,20190727,20190729,314,1542,100,3,238.0,2,0.0,38.08
3867,CA-2017-146360,20220423,20220425,673,1564,248,3,155.34,6,0.0,55.9224
3868,CA-2015-132486,20201023,20201027,361,1476,97,3,148.32,9,0.0,63.7776
3869,CA-2015-132486,20201023,20201027,361,125,97,3,240.784,1,0.2,27.0882
3870,CA-2015-132486,20201023,20201027,361,126,97,3,191.968,7,0.2,16.7972
3871,CA-2015-132486,20201023,20201027,361,1287,97,3,11.56,2,0.0,5.6644
3872,CA-2015-132486,20201023,20201027,361,872,97,3,11.8,4,0.0,5.664
3873,CA-2015-132486,20201023,20201027,361,77,97,3,842.352,3,0.2,42.1176
3874,CA-2016-136231,20210905,20210907,224,853,509,3,23.472,3,0.2,7.6284
3875,CA-2016-136231,20210905,20210907,224,700,509,3,86.058,7,0.7,-63.1092
3876,CA-2016-136231,20210905,20210907,224,1784,509,3,108.784,2,0.2,6.79900000000001
3877,CA-2016-136231,20210905,20210907,224,1042,509,3,10.272,3,0.2,3.21
3878,CA-2016-140641,20211028,20211102,276,686,187,4,38.19,5,0.7,-26.733
3879,CA-2014-151001,20190405,20190407,368,1393,217,1,49.632,4,0.2,3.7224
3880,CA-2014-151001,20190405,20190407,368,1327,217,1,52.096,4,0.2,3.9072
3881,CA-2015-129896,20200615,20200620,589,1160,12,4,9.568,2,0.2,2.99
3882,CA-2015-129896,20200615,20200620,589,1416,12,4,82.368,2,0.2,-19.5624
3883,CA-2015-129896,20200615,20200620,589,313,12,4,364.704,6,0.2,-36.4704
3884,CA-2015-129896,20200615,20200620,589,223,12,4,40.256,4,0.2,11.0704
3885,CA-2014-152849,20190705,20190712,240,563,510,4,4.368,3,0.2,0.3822
3886,US-2017-127341,20220129,20220202,150,677,215,4,12.128,4,0.8,-20.6176
3887,CA-2016-167759,20210303,20210308,137,1801,241,3,134.85,3,0.0,37.758
3888,CA-2014-100895,20190602,20190606,722,621,195,4,8.56,2,0.0,2.6536
3889,CA-2014-100895,20190602,20190606,722,1722,195,4,239.97,3,0.0,67.1916
3890,CA-2014-100895,20190602,20190606,722,1343,195,4,356.94,2,0.0,107.082
3891,US-2016-163881,20211124,20211130,710,1548,67,4,659.9,2,0.0,217.767
3892,US-2016-163881,20211124,20211130,710,70,67,4,1684.752,6,0.2,210.594
3893,US-2016-163881,20211124,20211130,710,1470,67,4,559.92,8,0.0,190.3728
3894,US-2016-144547,20211110,20211114,540,1600,545,4,279.944,7,0.2,48.9902
3895,US-2014-112200,20191122,20191128,745,743,209,4,9.98,5,0.8,-16.467
3896,CA-2017-110212,20220501,20220505,695,1526,30,4,48.9,5,0.0,18.093
3897,CA-2017-134285,20221207,20221212,237,908,569,4,3.552,3,0.2,1.2432
3898,CA-2017-134285,20221207,20221212,237,1039,569,4,15.552,3,0.2,5.4432
3899,CA-2017-102267,20221130,20221204,681,908,536,4,2.368,2,0.2,0.8288
3900,CA-2017-157980,20221207,20221209,693,1536,459,1,127.984,2,0.2,25.5968
3901,CA-2015-121097,20200103,20200108,687,1140,521,4,10.368,2,0.2,3.6288
3902,CA-2015-151043,20201114,20201120,504,1486,485,4,47.984,2,0.2,-1.1996
3903,US-2015-119312,20201002,20201007,178,1325,68,3,270.34,14,0.0,75.6952
3904,CA-2015-167010,20200405,20200410,786,459,485,4,98.112,7,0.2,18.396
3905,CA-2015-167010,20200405,20200410,786,1404,485,4,563.808,4,0.2,21.1428
3906,CA-2015-167010,20200405,20200410,786,725,485,4,10.428,4,0.7,-6.952
3907,CA-2015-167010,20200405,20200410,786,183,485,4,547.136,4,0.2,-68.3920000000001
3908,CA-2015-167010,20200405,20200410,786,1691,485,4,14.85,5,0.4,-3.2175
3909,CA-2015-167010,20200405,20200410,786,1792,485,4,41.988,2,0.4,-9.7972
3910,CA-2015-167010,20200405,20200410,786,173,485,4,7.584,1,0.2,2.37
3911,CA-2015-167010,20200405,20200410,786,41,485,4,352.45,5,0.5,-211.47
3912,CA-2017-126788,20220605,20220606,7,1736,562,1,470.376,3,0.2,52.9173
3913,CA-2017-148068,20220918,20220925,528,1116,408,4,19.44,3,0.0,9.3312
3914,CA-2017-148068,20220918,20220925,528,219,408,4,9.82,2,0.0,3.2406
3915,US-2017-142573,20220718,20220723,521,338,16,4,801.6,5,0.5,-448.896
3916,US-2017-142573,20220718,20220723,521,121,16,4,161.568,2,0.2,10.098
3917,US-2017-142573,20220718,20220723,521,1034,16,4,16.096,2,0.2,5.2312
3918,US-2017-142573,20220718,20220723,521,771,16,4,7.656,4,0.7,-6.1248
3919,US-2017-142573,20220718,20220723,521,57,16,4,311.976,3,0.2,-42.8967
3920,US-2015-148817,20201201,20201207,425,1335,589,4,61.68,4,0.0,16.6536
3921,US-2015-148817,20201201,20201207,425,815,589,4,63.96,4,0.0,30.7008
3922,CA-2016-110044,20210628,20210702,641,1717,213,3,359.976,3,0.2,35.9976
3923,CA-2017-146920,20220828,20220901,673,1172,214,4,25.344,6,0.2,7.92
3924,CA-2017-146920,20220828,20220901,673,1104,214,4,26.72,5,0.2,9.352
3925,CA-2014-103940,20190917,20190921,96,1420,613,4,30.28,2,0.0,1.2112
3926,CA-2014-103940,20190917,20190921,96,1325,613,4,57.93,3,0.0,16.2204
3927,CA-2014-103940,20190917,20190921,96,307,613,4,35.34,2,0.0,13.4292
3928,CA-2014-103940,20190917,20190921,96,746,613,4,137.24,5,0.2,46.3185
3929,CA-2016-162082,20210314,20210317,408,44,544,1,241.332,5,0.32,-14.196
3930,CA-2016-162082,20210314,20210317,408,1139,544,1,5.184,1,0.2,1.8792
3931,CA-2016-162082,20210314,20210317,408,504,544,1,145.544,7,0.2,16.3737
3932,CA-2016-132094,20210826,20210902,780,614,484,4,5.472,3,0.2,1.6416
3933,CA-2016-132094,20210826,20210902,780,1488,484,4,47.984,2,0.2,13.1956
3934,CA-2017-123001,20220902,20220908,61,535,34,4,9.4,5,0.0,2.726
3935,CA-2017-123001,20220902,20220908,61,1008,34,4,74.0,5,0.0,37.0
3936,CA-2017-123001,20220902,20220908,61,1810,34,4,201.584,2,0.2,12.599
3937,CA-2015-118955,20200616,20200620,475,852,541,4,28.752,3,0.2,9.3444
3938,CA-2015-118955,20200616,20200620,475,1254,541,4,27.216,3,0.2,9.8658
3939,CA-2015-118955,20200616,20200620,475,73,541,4,197.372,2,0.3,-25.3764
3940,US-2016-143448,20211210,20211210,512,105,244,2,1424.9,5,0.0,356.225
3941,CA-2017-117863,20220518,20220523,764,225,407,4,14.56,2,0.0,6.2608
3942,CA-2017-117863,20220518,20220523,764,661,407,4,3.048,1,0.2,1.0287
3943,CA-2017-160458,20220527,20220529,259,1087,512,3,25.92,5,0.2,9.072
3944,US-2016-142685,20210623,20210630,505,1422,397,4,835.17,7,0.0,16.7034
3945,CA-2016-133144,20210516,20210521,228,1287,67,3,17.34,3,0.0,8.4966
3946,CA-2017-167871,20221118,20221123,17,1147,162,4,44.384,1,0.2,15.5344
3947,CA-2017-167871,20221118,20221123,17,1432,162,4,2.944,1,0.2,-0.6624
3948,CA-2016-119963,20211118,20211122,705,586,561,4,6.368,2,0.2,1.0348
3949,CA-2016-119963,20211118,20211122,705,991,561,4,48.848,2,0.2,15.8756
3950,CA-2016-119963,20211118,20211122,705,1145,561,4,19.648,2,0.2,6.6312
3951,CA-2016-119963,20211118,20211122,705,112,561,4,255.108,6,0.3,-18.222
3952,CA-2014-121167,20191128,20191130,530,784,398,3,17.248,2,0.2,6.0368
3953,US-2016-151862,20210301,20210308,580,1812,126,4,159.984,2,0.2,13.9986
3954,CA-2017-152961,20220115,20220119,670,1277,303,4,12.7,2,0.0,5.842
3955,CA-2014-133228,20190404,20190409,539,287,309,4,5.47,1,0.0,2.3521
3956,CA-2014-133228,20190404,20190409,539,539,309,4,79.36,4,0.0,23.808
3957,CA-2016-114951,20210626,20210703,227,221,98,4,22.14,3,0.0,6.4206
3958,CA-2016-156573,20210529,20210602,622,737,514,4,11.277,3,0.7,-8.6457
3959,CA-2016-156573,20210529,20210602,622,595,514,4,4.448,2,0.2,0.3336
3960,CA-2016-156573,20210529,20210602,622,175,514,4,44.76,3,0.2,14.547
3961,CA-2015-113901,20201019,20201024,566,688,310,4,38.28,6,0.0,17.6088
3962,CA-2015-113901,20201019,20201024,566,1778,310,4,149.95,5,0.0,44.985
3963,CA-2017-134838,20220219,20220220,256,491,68,1,12.84,3,0.0,3.4668
3964,CA-2017-134838,20220219,20220220,256,286,68,1,44.67,3,0.0,12.0609
3965,CA-2016-120257,20210922,20210928,615,584,484,4,7.872,3,0.2,0.885599999999999
3966,CA-2014-164910,20191112,20191117,225,591,417,3,7.872,3,0.2,0.885599999999999
3967,CA-2016-149902,20210401,20210406,242,565,407,4,88.04,4,0.0,22.8904
3968,CA-2016-146010,20210520,20210523,262,779,124,1,40.635,7,0.7,-32.508
3969,US-2015-163685,20200601,20200605,427,715,569,4,5.728,8,0.8,-9.1648
3970,US-2015-163685,20200601,20200605,427,1178,569,4,42.24,10,0.2,13.2
3971,CA-2014-135090,20191122,20191126,711,1160,67,4,53.82,9,0.0,24.219
3972,CA-2015-132374,20200222,20200224,611,525,324,3,79.36,4,0.0,20.6336
3973,CA-2016-167556,20210329,20210402,390,1048,405,4,13.48,2,0.0,6.74
3974,CA-2016-167556,20210329,20210402,390,788,405,4,29.8,5,0.2,9.3125
3975,CA-2016-167556,20210329,20210402,390,311,405,4,414.0,8,0.0,124.2
3976,CA-2016-167556,20210329,20210402,390,653,405,4,41.328,7,0.2,14.9814
3977,US-2016-116400,20211022,20211024,251,270,593,1,39.92,4,0.0,11.1776
3978,CA-2017-101308,20221002,20221007,283,926,614,4,8.94,3,0.0,4.1124
3979,CA-2017-101308,20221002,20221007,283,1820,614,4,84.784,2,0.2,-20.1362
3980,CA-2014-114517,20191223,20191227,752,330,407,4,53.316,2,0.4,-19.5492
3981,CA-2014-114517,20191223,20191227,752,423,407,4,56.52,3,0.0,15.8256
3982,CA-2017-119564,20221215,20221220,599,248,615,4,22.77,3,0.0,9.7911
3983,CA-2016-135265,20210707,20210709,132,101,68,3,287.968,4,0.2,-3.59960000000005
3984,CA-2016-135265,20210707,20210709,132,1612,68,3,2799.96,5,0.2,944.9865
3985,CA-2016-135265,20210707,20210709,132,1192,68,3,48.94,1,0.0,24.47
3986,CA-2016-108735,20210417,20210421,392,32,60,4,257.499,3,0.15,24.2352
3987,CA-2017-112333,20220408,20220414,428,1354,386,4,2591.56,4,0.0,621.9744
3988,CA-2017-112333,20220408,20220414,428,415,386,4,41.95,5,0.0,10.4875
3989,US-2016-159415,20210417,20210422,175,272,505,4,79.12,5,0.2,13.846
3990,CA-2014-122588,20191125,20191127,49,176,491,3,52.96,2,0.0,20.1248
3991,CA-2014-137589,20191103,20191108,540,1422,481,4,286.344,3,0.2,-64.4274
3992,CA-2015-161998,20200501,20200505,192,176,187,4,63.552,3,0.2,14.2992
3993,CA-2015-161998,20200501,20200505,192,1450,187,4,41.376,3,0.2,4.65479999999999
3994,CA-2015-161998,20200501,20200505,192,609,187,4,172.704,6,0.2,10.794
3995,CA-2015-105627,20200308,20200312,212,26,623,4,512.94,3,0.0,97.4586
3996,CA-2015-105627,20200308,20200312,212,84,623,4,860.93,7,0.0,189.4046
3997,CA-2015-105627,20200308,20200312,212,1797,623,4,769.95,5,0.0,223.2855
3998,CA-2015-105627,20200308,20200312,212,559,623,4,14.98,1,0.0,4.494
3999,CA-2015-105627,20200308,20200312,212,152,623,4,373.08,6,0.0,82.0776
4000,US-2015-149629,20200717,20200720,534,48,182,3,231.92,5,0.2,5.798
4001,CA-2014-116834,20191011,20191016,245,178,615,4,63.47,11,0.0,19.041
4002,CA-2014-116834,20191011,20191016,245,1545,615,4,345.0,5,0.0,58.65
4003,CA-2016-145730,20210303,20210308,131,375,569,4,637.896,3,0.3,-127.5792
4004,CA-2016-145730,20210303,20210308,131,1629,569,4,287.91,3,0.4,33.5895
4005,CA-2016-145730,20210303,20210308,131,849,569,4,36.6,3,0.2,11.895
4006,US-2015-168732,20201210,20201216,438,569,195,4,1.78,1,0.0,0.4984
4007,US-2015-168732,20201210,20201216,438,1054,195,4,25.92,4,0.0,12.4416
4008,US-2015-168732,20201210,20201216,438,1502,195,4,101.94,6,0.0,21.4074
4009,CA-2015-107468,20201218,20201222,518,491,132,4,6.848,2,0.2,0.5992
4010,CA-2017-144463,20220101,20220105,679,179,67,4,474.43,11,0.0,199.2606
4011,CA-2017-100811,20221121,20221124,134,1089,485,1,8.448,2,0.2,2.64
4012,CA-2017-100811,20221121,20221124,134,1371,485,1,39.296,4,0.2,3.9296
4013,CA-2015-153612,20201222,20201227,111,477,628,4,17.12,4,0.0,4.9648
4014,CA-2015-165624,20200823,20200828,285,393,190,4,542.94,3,0.0,152.0232
4015,CA-2015-165624,20200823,20200828,285,987,190,4,8.64,3,0.0,4.2336
4016,CA-2015-165624,20200823,20200828,285,1166,190,4,193.8,5,0.0,94.962
4017,CA-2015-165624,20200823,20200828,285,1239,190,4,21.4,5,0.0,9.63
4018,CA-2015-165624,20200823,20200828,285,1173,190,4,97.88,2,0.0,48.94
4019,CA-2015-165624,20200823,20200828,285,1586,190,4,251.91,9,0.0,47.8629
4020,CA-2015-165624,20200823,20200828,285,409,190,4,25.86,3,0.0,6.7236
4021,CA-2014-154963,20190622,20190627,4,129,480,4,170.058,3,0.3,-4.85879999999999
4022,CA-2014-154963,20190622,20190627,4,1831,480,4,82.782,3,0.4,-15.1767
4023,CA-2014-154963,20190622,20190627,4,56,480,4,853.93,5,0.3,0.0
4024,CA-2017-130764,20221027,20221028,397,27,99,1,556.665,5,0.15,6.54900000000002
4025,CA-2017-130764,20221027,20221028,397,1804,99,1,95.84,4,0.2,34.742
4026,CA-2017-139311,20220811,20220813,687,1126,523,1,29.664,4,0.2,10.0116
4027,CA-2017-139311,20220811,20220813,687,622,523,1,9.184,7,0.2,2.87
4028,CA-2017-139311,20220811,20220813,687,1732,523,1,153.584,2,0.2,13.4386
4029,CA-2017-139311,20220811,20220813,687,812,523,1,12.864,8,0.8,-22.512
4030,CA-2017-124296,20221224,20221228,177,1655,279,4,479.97,3,0.0,239.985
4031,CA-2017-124296,20221224,20221228,177,92,279,4,232.88,4,0.0,60.5488
4032,CA-2016-169957,20210926,20210930,705,388,602,4,236.88,6,0.0,66.3264
4033,CA-2016-169957,20210926,20210930,705,1247,602,4,29.9,5,0.0,14.651
4034,CA-2016-169957,20210926,20210930,705,1550,602,4,100.0,4,0.0,21.0
4035,US-2016-108777,20211212,20211212,394,799,451,2,18.693,3,0.7,-14.3313
4036,US-2016-108777,20211212,20211212,394,1536,451,2,383.952,6,0.2,76.7904
4037,CA-2015-148859,20201228,20210101,285,1419,214,4,24.816,2,0.2,1.551
4038,CA-2014-110786,20191229,20200102,38,158,99,4,24.9,5,0.0,8.217
4039,CA-2014-110786,20191229,20200102,38,1055,99,4,21.12,4,0.0,9.504
4040,CA-2014-110786,20191229,20200102,38,1655,99,4,767.952,6,0.2,287.982
4041,CA-2014-110786,20191229,20200102,38,769,99,4,14.352,3,0.2,4.6644
4042,CA-2014-110786,20191229,20200102,38,1722,99,4,191.976,3,0.2,19.1976
4043,CA-2014-110786,20191229,20200102,38,965,99,4,274.77,9,0.0,126.3942
4044,CA-2014-110786,20191229,20200102,38,161,99,4,70.56,6,0.0,23.9904
4045,CA-2015-137750,20200625,20200630,364,207,99,4,204.85,5,0.0,57.358
4046,CA-2015-136378,20200402,20200407,171,787,547,4,9.156,3,0.8,-13.734
4047,CA-2017-100356,20221021,20221025,711,418,215,4,23.992,2,0.8,-62.3792
4048,US-2015-166520,20200716,20200719,427,1053,408,1,80.88,3,0.0,39.6312
4049,US-2015-166520,20200716,20200719,427,1513,408,1,599.9,10,0.0,191.968
4050,CA-2017-136350,20220624,20220626,293,264,406,3,276.69,3,0.0,49.8042
4051,CA-2017-136350,20220624,20220626,293,78,406,3,172.764,2,0.1,32.6332
4052,CA-2014-122931,20190929,20191003,703,581,483,4,4.224,3,0.2,1.4784
4053,CA-2014-122931,20190929,20191003,703,366,483,4,409.272,2,0.4,-81.8544
4054,CA-2014-122931,20190929,20191003,703,983,483,4,55.44,11,0.2,18.018
4055,CA-2014-122931,20190929,20191003,703,1056,483,4,20.928,4,0.2,6.8016
4056,CA-2014-122931,20190929,20191003,703,1413,483,4,1801.632,6,0.2,-337.806
4057,CA-2014-122931,20190929,20191003,703,363,483,4,67.176,1,0.4,-20.1528
4058,CA-2014-163034,20191124,20191128,213,1292,213,4,646.2,5,0.2,-8.07749999999999
4059,CA-2015-124058,20201120,20201124,452,1851,77,4,72.744,7,0.2,-15.4581
4060,CA-2015-124058,20201120,20201124,452,59,77,4,572.16,3,0.2,35.76
4061,CA-2016-129196,20211101,20211107,789,1533,213,4,68.112,3,0.2,17.8794
4062,US-2015-138716,20200917,20200920,171,702,614,1,25.032,3,0.2,7.8225
4063,US-2016-122182,20210310,20210314,75,1541,485,4,39.992,1,0.2,7.4985
4064,US-2014-130358,20190623,20190626,221,560,422,1,20.016,9,0.2,1.7514
4065,US-2014-130358,20190623,20190626,221,1439,422,1,3.104,1,0.2,0.3492
4066,CA-2014-102673,20191101,20191105,432,931,421,4,7.52,5,0.2,1.41
4067,CA-2014-102673,20191101,20191105,432,491,421,4,10.272,3,0.2,0.8988
4068,CA-2014-102673,20191101,20191105,432,969,421,4,47.808,12,0.2,15.5376
4069,CA-2014-102673,20191101,20191105,432,1841,421,4,978.84,9,0.2,110.1195
4070,CA-2016-145303,20210828,20210831,758,639,532,1,13.14,9,0.8,-21.681
4071,CA-2016-145303,20210828,20210831,758,737,532,1,10.024,4,0.8,-16.5396
4072,CA-2016-145303,20210828,20210831,758,28,532,1,156.3728,2,0.32,-52.8908
4073,CA-2015-156104,20201206,20201208,573,1609,245,3,999.98,2,0.0,449.991
4074,US-2015-164308,20200924,20200927,677,1834,461,1,821.94,6,0.0,213.7044
4075,CA-2017-108112,20221115,20221120,212,262,172,4,220.064,4,0.2,55.016
4076,CA-2017-108112,20221115,20221120,212,187,172,4,339.136,4,0.2,0.0
4077,CA-2015-100685,20201219,20201221,703,764,362,3,7.04,2,0.0,3.3088
4078,CA-2015-100685,20201219,20201221,703,935,362,3,5.04,4,0.0,0.2016
4079,CA-2015-100685,20201219,20201221,703,1096,362,3,116.28,3,0.0,56.9772
4080,CA-2015-165414,20201221,20201224,476,1763,430,1,47.976,3,0.2,4.7976
4081,CA-2016-140417,20210925,20210929,427,1046,476,4,60.048,9,0.2,22.518
4082,CA-2016-140417,20210925,20210929,427,841,476,4,5.022,1,0.7,-3.5154
4083,US-2017-151316,20220624,20220630,492,832,217,4,182.994,3,0.8,-320.2395
4084,US-2017-151316,20220624,20220630,492,1042,217,4,10.272,3,0.2,3.21
4085,CA-2017-163692,20220907,20220909,245,768,16,1,7.857,3,0.7,-6.0237
4086,CA-2016-111913,20210804,20210806,453,1762,91,3,302.384,2,0.2,30.2384
4087,CA-2016-111913,20210804,20210806,453,768,91,3,20.952,3,0.2,7.0713
4088,CA-2016-111913,20210804,20210806,453,654,91,3,11.784,3,0.2,3.9771
4089,US-2014-156559,20190819,20190826,462,5,25,4,638.82,9,0.0,172.4814
4090,CA-2016-161473,20210401,20210405,733,962,408,4,20.7,2,0.0,9.936
4091,CA-2016-161473,20210401,20210405,733,1433,408,4,10.95,3,0.0,3.285
4092,CA-2016-161473,20210401,20210405,733,769,408,4,14.352,3,0.2,4.6644
4093,CA-2017-166576,20220516,20220518,395,1376,437,1,221.024,2,0.2,-55.256
4094,CA-2015-102491,20200824,20200828,446,1626,270,4,3080.0,7,0.0,1416.8
4095,CA-2015-102491,20200824,20200828,446,1558,270,4,79.96,4,0.0,18.3908
4096,CA-2015-102491,20200824,20200828,446,1736,270,4,587.97,3,0.0,170.5113
4097,CA-2014-116904,20190923,20190928,670,1282,334,4,32.4,5,0.0,15.552
4098,CA-2014-116904,20190923,20190928,670,1316,334,4,404.9,5,0.0,16.196
4099,CA-2014-116904,20190923,20190928,670,683,334,4,9449.95,5,0.0,4630.4755
4100,CA-2014-116904,20190923,20190928,670,650,334,4,12.94,2,0.0,6.47
4101,US-2017-102288,20220619,20220623,792,468,548,4,2.264,1,0.8,-5.2072
4102,US-2017-102288,20220619,20220623,792,439,548,4,0.444,1,0.8,-1.11
4103,US-2017-102288,20220619,20220623,792,1071,548,4,146.176,8,0.2,47.5072
4104,CA-2017-137456,20221221,20221221,624,205,359,2,15.92,2,0.0,7.0048
4105,US-2017-155999,20220807,20220813,378,1694,97,4,159.96,5,0.2,17.9955
4106,US-2017-155999,20220807,20220813,378,655,97,4,13.76,2,0.2,4.644
4107,US-2016-148334,20210822,20210826,202,784,546,4,4.312,2,0.8,-6.8992
4108,CA-2015-105599,20200907,20200907,487,1373,406,2,13.96,2,0.0,0.279199999999999
4109,CA-2015-105599,20200907,20200907,487,360,406,2,27.414,3,0.4,-14.1639
4110,CA-2015-153717,20201225,20210101,222,1796,310,4,73.98,2,0.0,19.9746
4111,CA-2015-153717,20201225,20210101,222,43,310,4,160.98,1,0.0,20.9274
4112,CA-2015-153717,20201225,20210101,222,1156,310,4,17.34,3,0.0,8.4966
4113,CA-2015-153717,20201225,20210101,222,552,310,4,3.28,1,0.0,0.9512
4114,CA-2015-116687,20200502,20200507,558,953,548,4,8.856,3,0.2,2.9889
4115,CA-2015-116687,20200502,20200507,558,1739,548,4,158.376,3,0.2,13.8579
4116,CA-2016-163573,20211124,20211127,13,832,614,1,1219.96,5,0.2,381.2375
4117,CA-2015-153416,20201124,20201129,764,750,67,4,3.168,2,0.2,0.99
4118,CA-2015-153416,20201124,20201129,764,1150,67,4,19.44,3,0.0,9.3312
4119,CA-2015-153416,20201124,20201129,764,1293,67,4,454.86,7,0.0,54.5832
4120,CA-2015-153416,20201124,20201129,764,745,67,4,91.392,8,0.2,29.7024
4121,CA-2017-117394,20220904,20220910,526,1464,482,4,19.04,4,0.2,-1.428
4122,CA-2017-133823,20220511,20220512,468,1190,613,2,37.44,6,0.0,16.848
4123,CA-2017-133823,20220511,20220512,468,1009,613,2,37.59,3,0.0,17.6673
4124,CA-2017-133823,20220511,20220512,468,672,613,2,26.032,2,0.2,9.4366
4125,CA-2014-127523,20190511,20190518,87,463,415,4,35.91,3,0.0,9.6957
4126,CA-2017-123239,20220727,20220731,508,191,163,3,91.032,3,0.2,-2.27580000000001
4127,CA-2017-156769,20220506,20220509,315,572,587,1,54.66,6,0.0,18.0378
4128,CA-2014-127299,20190919,20190924,388,1402,421,4,67.344,6,0.2,7.57619999999999
4129,CA-2014-127299,20190919,20190924,388,1632,421,4,2624.985,3,0.5,-944.9946
4130,CA-2015-121272,20200329,20200404,228,414,613,4,73.28,4,0.0,21.2512
4131,CA-2014-115336,20191118,20191125,11,681,214,4,14.48,5,0.8,-23.892
4132,CA-2015-111703,20200702,20200709,416,1043,161,4,11.952,3,0.2,4.0338
4133,CA-2015-111703,20200702,20200709,416,1215,161,4,15.552,3,0.2,5.6376
4134,CA-2014-128839,20190908,20190913,770,922,589,4,45.0,9,0.0,21.6
4135,CA-2014-128839,20190908,20190913,770,1617,589,4,209.97,3,0.0,90.2871
4136,CA-2017-105914,20221002,20221008,613,754,67,4,112.12,5,0.2,42.045
4137,CA-2017-105914,20221002,20221008,613,1401,67,4,1575.14,7,0.0,204.7682
4138,CA-2017-110926,20221119,20221123,202,910,586,4,25.06,7,0.0,12.53
4139,CA-2016-117226,20211230,20220101,425,833,535,1,6.924,6,0.8,-10.386
4140,CA-2017-127313,20221201,20221204,617,1332,482,1,37.392,3,0.2,2.337
4141,CA-2017-127313,20221201,20221204,617,272,482,1,79.12,5,0.2,13.846
4142,CA-2016-136287,20210613,20210617,717,986,268,4,18.9,3,0.0,8.694
4143,US-2014-107699,20190519,20190523,370,688,317,4,57.42,9,0.0,26.4132
4144,CA-2017-112725,20220130,20220206,262,597,99,4,12.74,7,0.0,5.733
4145,CA-2017-112725,20220130,20220206,262,512,99,4,8.82,3,0.0,2.3814
4146,CA-2017-112725,20220130,20220206,262,64,99,4,120.784,1,0.2,-13.5882
4147,CA-2015-136196,20201128,20201204,758,285,398,4,322.59,3,0.0,64.518
4148,CA-2017-106068,20221023,20221028,621,672,520,4,9.762,3,0.8,-15.1311
4149,CA-2017-106068,20221023,20221028,621,1414,520,4,13.72,1,0.2,1.2005
4150,CA-2017-106068,20221023,20221028,621,1545,520,4,55.2,1,0.2,-2.07
4151,CA-2017-106068,20221023,20221028,621,1367,520,4,259.136,4,0.2,-58.3056
4152,CA-2017-100160,20220907,20220911,126,980,483,4,29.24,5,0.2,9.8685
4153,CA-2017-100160,20220907,20220911,126,1203,483,4,15.552,3,0.2,5.4432
4154,CA-2017-100160,20220907,20220911,126,861,483,4,4.896,3,0.2,1.6524
4155,CA-2016-139689,20211229,20220103,534,838,502,4,38.088,4,0.7,-27.9312
4156,CA-2016-139689,20211229,20220103,534,644,502,4,2.808,3,0.7,-1.9656
4157,CA-2015-101091,20201205,20201209,725,1557,484,3,47.984,2,0.2,0.599799999999997
4158,CA-2015-101091,20201205,20201209,725,681,484,3,26.064,6,0.7,-19.9824
4159,CA-2014-126907,20191101,20191108,703,1056,213,4,15.696,3,0.2,5.1012
4160,US-2016-164588,20210416,20210423,45,568,191,4,12.84,3,0.0,3.7236
4161,CA-2017-115546,20220514,20220518,33,1791,408,4,539.97,3,0.0,134.9925
4162,CA-2017-115546,20220514,20220518,33,1362,408,4,22.58,2,0.0,5.8708
4163,CA-2015-163587,20200314,20200318,276,1007,369,4,16.52,4,0.0,7.5992
4164,CA-2015-163587,20200314,20200318,276,763,369,4,671.94,3,0.0,315.8118
4165,US-2017-106131,20220114,20220116,759,1547,122,1,169.064,7,0.2,-14.7931
4166,US-2017-106131,20220114,20220116,759,1397,122,1,168.624,9,0.2,14.7546
4167,CA-2015-160213,20200308,20200313,51,1236,402,4,19.44,3,0.0,9.3312
4168,CA-2014-157924,20191011,20191013,318,1368,81,1,31.92,4,0.0,8.2992
4169,CA-2014-157924,20191011,20191013,318,53,81,1,433.568,2,0.2,-65.0352
4170,CA-2015-100216,20200413,20200414,326,1073,14,1,31.104,6,0.2,10.8864
4171,CA-2015-100216,20200413,20200414,326,1195,14,1,54.816,3,0.2,17.8152
4172,CA-2017-100601,20221116,20221120,378,1373,51,4,48.86,7,0.0,0.977199999999998
4173,CA-2016-152163,20210701,20210701,361,731,492,2,14.2,2,0.0,6.532
4174,CA-2016-152163,20210701,20210701,361,1073,492,2,12.96,2,0.0,6.2208
4175,CA-2016-152163,20210701,20210701,361,773,492,2,58.34,2,0.0,28.0032
4176,CA-2015-154340,20201129,20201130,266,588,105,1,56.3,2,0.0,15.764
4177,CA-2014-128846,20190407,20190412,659,1805,492,4,629.95,5,0.0,163.787
4178,CA-2014-128846,20190407,20190412,659,1021,492,4,122.97,3,0.0,60.2553
4179,CA-2016-148593,20210616,20210618,68,1126,68,3,46.35,5,0.0,21.7845
4180,US-2017-119039,20220306,20220310,83,810,98,4,14.976,9,0.2,5.4288
4181,CA-2017-128426,20221007,20221011,381,664,545,4,4.24,5,0.8,-6.36
4182,US-2017-136868,20221006,20221012,170,1499,408,4,319.96,4,0.0,115.1856
4183,US-2017-136868,20221006,20221012,170,1169,408,4,17.04,3,0.0,7.668
4184,US-2017-136868,20221006,20221012,170,1326,408,4,344.91,3,0.0,10.3473
4185,CA-2016-143749,20211205,20211207,20,25,295,1,81.94,1,0.0,20.485
4186,CA-2016-111493,20211021,20211022,158,1584,284,1,98.16,6,0.0,9.816
4187,CA-2017-112536,20220518,20220523,691,789,557,4,6.874,7,0.8,-10.6547
4188,CA-2017-112536,20220518,20220523,691,743,557,4,1.996,1,0.8,-3.2934
4189,CA-2017-112536,20220518,20220523,691,1417,557,4,8.928,2,0.2,0.6696
4190,CA-2016-157714,20210926,20211001,175,1245,260,3,9.99,1,0.0,4.4955
4191,CA-2017-166709,20221117,20221122,328,1615,148,4,10499.97,3,0.0,5039.9856
4192,CA-2015-129392,20200708,20200708,224,1257,547,2,21.12,5,0.2,6.6
4193,CA-2015-150875,20201116,20201120,327,320,200,4,696.42,2,0.0,160.1766
4194,CA-2015-150875,20201116,20201120,327,1716,200,4,304.776,3,0.2,22.8582
4195,CA-2015-154200,20200618,20200622,88,504,97,4,51.98,2,0.0,15.0742
4196,CA-2016-124233,20210408,20210414,150,232,66,4,24.7,5,0.0,10.374
4197,US-2015-134271,20200418,20200423,641,1001,407,3,21.93,3,0.0,10.3071
4198,US-2016-161683,20211203,20211208,147,381,483,4,394.816,4,0.2,93.7688
4199,US-2016-161683,20211203,20211208,147,677,483,4,18.192,4,0.7,-14.5536
4200,CA-2015-143105,20201210,20201210,483,1001,407,2,7.31,1,0.0,3.4357
4201,CA-2015-143105,20201210,20201210,483,1609,407,2,799.984,2,0.2,249.995
4202,CA-2015-143105,20201210,20201210,483,1184,407,2,41.28,6,0.0,18.9888
4203,CA-2015-143105,20201210,20201210,483,1163,407,2,184.66,7,0.0,84.9436
4204,CA-2014-145387,20191031,20191102,42,527,488,3,49.25,5,0.0,18.715
4205,CA-2014-145387,20191031,20191102,42,1157,488,3,10.16,2,0.0,4.7752
4206,CA-2014-145387,20191031,20191102,42,221,488,3,14.76,2,0.0,4.2804
4207,CA-2014-145387,20191031,20191102,42,801,488,3,34.08,2,0.0,15.6768
4208,CA-2014-145387,20191031,20191102,42,138,488,3,17.67,3,0.0,7.7748
4209,CA-2014-145387,20191031,20191102,42,88,488,3,1604.9,5,0.0,481.47
4210,CA-2014-145387,20191031,20191102,42,353,488,3,385.686,1,0.3,-60.6078
4211,CA-2017-109715,20221209,20221214,34,1286,214,4,15.984,2,0.2,4.995
4212,CA-2014-166457,20190505,20190509,589,1198,276,3,9.42,3,0.0,4.239
4213,CA-2014-166457,20190505,20190509,589,591,276,3,6.56,2,0.0,1.9024
4214,CA-2014-166457,20190505,20190509,589,1101,276,3,24.56,2,0.0,11.5432
4215,CA-2016-164637,20210304,20210308,631,794,249,4,128.4,3,0.0,64.2
4216,CA-2014-103590,20191130,20191204,387,891,403,4,62.28,4,0.0,29.2716
4217,CA-2015-111234,20200218,20200222,11,975,64,4,9.24,3,0.0,4.4352
4218,CA-2017-149881,20220401,20220403,557,37,99,1,482.664,8,0.15,85.176
4219,CA-2017-149881,20220401,20220403,557,1620,99,1,4799.984,2,0.2,359.9988
4220,CA-2017-134565,20220611,20220613,738,1256,613,3,37.94,2,0.0,18.2112
4221,CA-2017-134565,20220611,20220613,738,712,613,3,18.288,6,0.2,6.6294
4222,CA-2017-134565,20220611,20220613,738,1634,613,3,385.8,5,0.2,130.2075
4223,CA-2017-134565,20220611,20220613,738,1416,613,3,102.96,2,0.0,1.0296
4224,CA-2017-134565,20220611,20220613,738,8,613,3,174.42,3,0.0,41.8608
4225,CA-2016-108644,20210930,20211003,696,654,233,1,1.964,2,0.8,-3.2406
4226,US-2014-102631,20191213,20191217,249,280,214,4,94.428,3,0.6,-42.4926
4227,CA-2017-120327,20221111,20221116,788,942,262,4,45.92,4,0.0,21.5824
4228,CA-2015-154970,20200105,20200110,713,106,613,4,61.584,1,0.2,-6.9282
4229,CA-2016-113803,20210324,20210326,780,1148,254,1,22.48,1,0.0,10.3408
4230,CA-2017-100223,20220705,20220710,472,264,534,4,332.028,9,0.6,-348.6294
4231,CA-2017-100223,20220705,20220710,472,774,534,4,11.394,9,0.8,-17.6607
4232,CA-2017-100223,20220705,20220710,472,1032,534,4,15.552,3,0.2,5.6376
4233,CA-2017-100223,20220705,20220710,472,1157,534,4,31.104,6,0.2,11.2752
4234,CA-2017-100223,20220705,20220710,472,825,534,4,6.316,1,0.8,-10.4214
4235,CA-2014-168823,20190921,20190924,483,1244,485,1,11.352,3,0.2,4.1151
4236,CA-2014-168823,20190921,20190924,483,1006,485,1,20.808,9,0.2,7.0227
4237,CA-2016-162404,20210723,20210727,562,671,234,4,11.416,4,0.8,-18.8364
4238,CA-2017-104024,20220829,20220903,497,541,483,3,9.408,7,0.2,0.7056
4239,CA-2017-147144,20220326,20220328,551,623,614,1,19.83,1,0.0,5.949
4240,CA-2017-158673,20221229,20230104,419,1081,312,4,209.7,2,0.0,100.656
4241,CA-2014-133704,20190920,20190926,484,405,64,4,43.92,4,0.0,11.8584
4242,CA-2014-133704,20190920,20190926,484,704,64,4,20.232,3,0.2,6.5754
4243,CA-2016-159142,20210404,20210405,498,1724,595,1,149.97,3,0.0,5.99879999999998
4244,CA-2016-159142,20210404,20210405,498,1126,595,1,27.81,3,0.0,13.0707
4245,CA-2014-138436,20190326,20190330,350,1525,67,4,66.3,3,0.0,8.619
4246,CA-2017-117702,20221128,20221204,473,622,284,4,1.64,1,0.0,0.738
4247,CA-2017-117702,20221128,20221204,473,159,284,4,1049.2,5,0.0,272.792
4248,CA-2017-117702,20221128,20221204,473,296,284,4,20.9,5,0.0,7.524
4249,CA-2016-157336,20211201,20211205,697,816,139,3,88.08,6,0.0,40.5168
4250,CA-2016-157336,20211201,20211205,697,136,139,3,751.92,4,0.0,150.384
4251,CA-2014-168130,20190919,20190919,105,65,406,2,887.103,7,0.1,177.4206
4252,CA-2015-155068,20201023,20201023,617,1856,166,2,55.944,7,0.2,-13.2867
4253,CA-2015-155068,20201023,20201023,617,557,166,2,10.688,2,0.2,2.2712
4254,CA-2015-155068,20201023,20201023,617,1860,166,2,11.824,2,0.2,1.0346
4255,CA-2017-163160,20221013,20221016,768,1204,222,1,63.312,3,0.2,20.5764
4256,CA-2017-163160,20221013,20221016,768,666,222,1,96.784,4,0.8,-145.176
4257,CA-2017-163160,20221013,20221016,768,182,222,1,10.476,3,0.6,-6.8094
4258,CA-2015-101924,20200904,20200909,418,672,471,4,9.762,2,0.7,-6.8334
4259,CA-2016-124793,20210314,20210316,528,98,613,1,196.784,2,0.2,-22.1382
4260,CA-2017-118367,20221028,20221102,467,895,408,3,47.98,2,0.0,23.99
4261,CA-2017-164819,20221015,20221019,658,958,139,3,13.05,5,0.0,6.003
4262,CA-2017-158344,20220807,20220811,134,1516,335,4,63.96,4,0.0,19.8276
4263,CA-2017-123351,20220921,20220925,445,401,191,4,80.48,1,0.0,24.144
4264,CA-2017-110429,20221103,20221108,224,647,485,4,11.673,3,0.7,-7.782
4265,US-2016-131611,20211105,20211109,276,348,545,4,863.128,8,0.3,-160.2952
4266,US-2016-131611,20211105,20211109,276,821,545,4,3.564,3,0.8,-6.237
4267,US-2016-131611,20211105,20211109,276,6,545,4,956.6648,7,0.32,-225.0976
4268,US-2016-131611,20211105,20211109,276,719,545,4,12.588,3,0.8,-20.1408
4269,US-2016-131611,20211105,20211109,276,1573,545,4,171.96,5,0.2,45.1395
4270,US-2017-124821,20220625,20220629,42,322,615,3,871.4,4,0.0,148.138
4271,CA-2015-166975,20201126,20201130,694,280,508,4,692.472,11,0.2,190.4298
4272,CA-2016-123806,20211124,20211127,448,171,284,3,207.76,4,0.0,85.1816
4273,US-2017-158505,20220721,20220721,686,1829,579,2,71.928,9,0.2,6.2937
4274,US-2017-158505,20220721,20220721,686,504,579,2,25.99,1,0.0,7.5371
4275,CA-2015-142692,20201023,20201028,23,808,614,4,3.592,1,0.2,1.1225
4276,CA-2015-123456,20200709,20200713,441,434,534,4,48.632,2,0.8,-121.58
4277,CA-2017-151358,20220818,20220822,563,1292,614,4,323.1,2,0.0,61.389
4278,US-2016-107440,20210416,20210420,105,1631,378,4,9099.93,7,0.0,2365.9818
4279,US-2016-107440,20210416,20210420,105,158,378,4,9.96,2,0.0,3.2868
4280,US-2016-107440,20210416,20210420,105,739,378,4,25.3,5,0.0,11.891
4281,CA-2014-166989,20191114,20191118,650,1268,406,4,11.36,2,0.0,5.2256
4282,CA-2014-166989,20191114,20191118,650,75,406,4,69.264,2,0.1,14.6224
4283,CA-2014-103100,20191220,20191223,7,995,245,1,3.69,1,0.0,1.7343
4284,CA-2014-103100,20191220,20191223,7,831,245,1,1103.97,3,0.0,496.7865
4285,CA-2015-105690,20201121,20201126,121,38,565,3,246.1328,2,0.32,-76.0116
4286,CA-2015-105690,20201121,20201126,121,947,565,3,11.696,2,0.2,3.9474
4287,CA-2015-105690,20201121,20201126,121,1606,565,3,439.992,1,0.2,164.997
4288,CA-2017-127516,20221228,20230103,261,1316,514,4,64.784,1,0.2,-12.9568
4289,US-2015-117184,20200517,20200521,580,726,548,4,33.28,5,0.8,-49.92
4290,US-2015-117184,20200517,20200521,580,1162,548,4,14.088,3,0.2,4.9308
4291,CA-2017-102407,20221209,20221213,59,475,64,3,11.16,2,0.0,2.79
4292,CA-2017-102407,20221209,20221213,59,359,64,3,896.328,9,0.2,22.4082
4293,CA-2017-102407,20221209,20221213,59,407,64,3,189.0,1,0.0,68.04
4294,CA-2017-130967,20220310,20220316,250,1855,484,4,53.982,3,0.4,-10.7964
4295,CA-2017-101581,20221022,20221027,240,345,473,4,177.225,5,0.5,-120.513
4296,CA-2017-169124,20220703,20220710,485,179,40,4,129.39,3,0.0,54.3438
4297,CA-2017-117261,20220904,20220910,752,1302,66,4,54.32,4,0.0,0.543199999999999
4298,CA-2017-129021,20220823,20220826,603,1725,185,3,4367.896,13,0.2,327.5922
4299,CA-2017-129021,20220823,20220826,603,1033,185,3,49.568,2,0.2,15.49
4300,CA-2017-129021,20220823,20220826,603,442,185,3,161.376,6,0.2,12.1032
4301,CA-2017-129021,20220823,20220826,603,197,185,3,2.784,2,0.2,0.4176
4302,CA-2017-129021,20220823,20220826,603,1023,185,3,8.72,5,0.2,2.943
4303,CA-2014-123253,20190822,20190825,203,561,449,3,3.912,1,0.2,1.0269
4304,CA-2016-121601,20211004,20211004,530,890,572,2,59.752,7,0.2,19.4194
4305,CA-2014-162278,20191026,20191030,34,156,614,3,63.92,4,0.0,3.196
4306,CA-2014-162278,20191026,20191030,34,1698,614,3,383.96,5,0.2,38.396
4307,CA-2016-161095,20210628,20210628,176,747,66,2,7.752,3,0.2,2.8101
4308,CA-2016-161095,20210628,20210628,176,695,66,2,33.568,2,0.2,11.7488
4309,CA-2014-125829,20191104,20191111,788,1713,68,4,666.344,7,0.2,66.6344
4310,CA-2014-125829,20191104,20191111,788,340,68,4,573.728,4,0.2,-64.5444
4311,CA-2014-125829,20191104,20191111,788,675,68,4,21.936,3,0.2,8.226
4312,CA-2014-125829,20191104,20191111,788,1031,68,4,19.44,3,0.0,9.3312
4313,CA-2014-125829,20191104,20191111,788,1657,68,4,447.968,4,0.2,139.99
4314,CA-2014-123127,20190908,20190912,708,415,402,4,16.78,2,0.0,4.195
4315,CA-2015-115945,20200625,20200701,9,612,68,4,20.96,2,0.0,5.24
4316,CA-2015-115945,20200625,20200701,9,819,68,4,88.752,3,0.2,27.735
4317,CA-2015-115945,20200625,20200701,9,1358,68,4,304.23,3,0.0,9.12689999999999
4318,CA-2015-136735,20200726,20200802,318,867,99,4,167.86,2,0.0,78.8942
4319,US-2017-136189,20221207,20221211,201,142,593,4,82.38,6,0.0,25.5378
4320,CA-2014-152345,20191229,20200103,719,1856,389,3,23.976,3,0.2,-5.6943
4321,CA-2014-152345,20191229,20200103,719,1385,389,3,33.29,1,0.0,7.9896
4322,US-2015-147662,20200214,20200219,416,705,437,4,14.952,2,0.7,-11.9616
4323,US-2015-147662,20200214,20200219,416,1791,437,4,323.982,3,0.4,-80.9955
4324,US-2015-147662,20200214,20200219,416,729,437,4,2.286,2,0.7,-1.6764
4325,US-2015-147662,20200214,20200219,416,636,437,4,14.352,3,0.2,0.897
4326,US-2015-147662,20200214,20200219,416,1557,437,4,71.976,3,0.2,0.899699999999996
4327,CA-2016-153346,20210125,20210127,737,480,386,1,9.21,3,0.0,2.3025
4328,CA-2016-153346,20210125,20210127,737,1014,386,1,18.0,5,0.0,8.28
4329,CA-2017-118360,20220401,20220407,347,1074,406,4,42.93,9,0.0,19.3185
4330,CA-2017-149853,20221003,20221009,603,1059,160,4,15.552,3,0.2,5.4432
4331,CA-2017-149853,20221003,20221009,603,392,160,4,17.92,5,0.2,1.12
4332,CA-2017-107909,20220901,20220906,718,1514,611,4,19.99,1,0.0,6.7966
4333,CA-2017-107909,20220901,20220906,718,776,611,4,22.92,5,0.2,8.022
4334,CA-2015-112375,20201221,20201227,634,1556,156,4,50.88,6,0.2,14.628
4335,CA-2015-112375,20201221,20201227,634,888,156,4,27.312,2,0.2,9.2178
4336,CA-2015-154795,20201220,20201224,315,880,10,4,7.92,1,0.2,2.772
4337,CA-2015-154795,20201220,20201224,315,211,10,4,14.368,2,0.2,3.9512
4338,CA-2015-125234,20201127,20201201,705,1462,69,4,107.97,3,0.0,22.6737
4339,CA-2015-125234,20201127,20201201,705,1051,69,4,113.82,3,0.0,53.4954
4340,CA-2017-133501,20220827,20220901,212,1282,506,4,5.184,1,0.2,1.8144
4341,US-2014-129609,20190322,20190322,782,583,253,2,16.28,2,0.0,6.512
4342,CA-2017-130309,20221217,20221221,296,1386,587,4,544.38,3,0.0,157.8702
4343,CA-2017-105410,20220319,20220322,559,845,99,1,19.824,6,0.2,6.6906
4344,CA-2017-105410,20220319,20220322,559,1681,99,1,657.504,6,0.2,-131.5008
4345,CA-2017-105410,20220319,20220322,559,1501,99,1,99.54,2,0.0,10.9494
4346,CA-2017-105410,20220319,20220322,559,1544,99,1,199.96,4,0.0,85.9828
4347,CA-2016-120355,20210918,20210925,525,70,404,4,631.782,2,0.1,140.396
4348,CA-2016-120355,20210918,20210925,525,288,404,4,60.72,3,0.0,26.1096
4349,CA-2017-169894,20221124,20221129,545,814,14,3,20.724,2,0.7,-15.1976
4350,CA-2017-169894,20221124,20221129,545,1293,14,3,415.872,8,0.2,-41.5872
4351,US-2017-100482,20220411,20220415,384,1336,450,4,16.768,2,0.2,1.4672
4352,US-2017-100482,20220411,20220415,384,1561,450,4,27.12,2,0.2,-4.746
4353,CA-2017-107748,20221210,20221212,21,1804,109,3,95.84,4,0.2,34.742
4354,CA-2017-107748,20221210,20221212,21,1150,109,3,12.96,2,0.0,6.2208
4355,CA-2017-153654,20221124,20221126,497,824,417,3,19.008,8,0.7,-12.672
4356,CA-2015-155600,20201204,20201207,652,658,504,3,1598.058,7,0.7,-1065.372
4357,CA-2015-155600,20201204,20201207,652,596,504,3,36.96,4,0.2,12.012
4358,CA-2017-162565,20221211,20221211,656,1140,207,2,10.368,2,0.2,3.6288
4359,CA-2017-162565,20221211,20221211,656,297,207,2,77.72,1,0.6,-66.062
4360,CA-2017-162565,20221211,20221211,656,117,207,2,520.464,2,0.3,-14.8704
4361,CA-2016-127642,20210521,20210523,166,1060,490,1,111.96,2,0.0,54.8604
4362,US-2017-163195,20220217,20220221,465,1822,279,3,29.16,3,0.0,8.4564
4363,CA-2017-111332,20220520,20220522,555,537,436,3,131.94,3,0.0,35.6238
4364,CA-2017-111332,20220520,20220522,555,516,436,3,25.92,4,0.0,8.2944
4365,CA-2017-111332,20220520,20220522,555,1404,436,3,704.76,4,0.0,162.0948
4366,CA-2017-111332,20220520,20220522,555,920,436,3,7.41,3,0.0,3.4827
4367,CA-2017-111332,20220520,20220522,555,492,436,3,21.5,10,0.0,7.095
4368,CA-2017-117044,20220911,20220913,318,913,214,3,10.528,4,0.2,3.29
4369,CA-2017-117044,20220911,20220913,318,1227,214,3,20.544,6,0.2,6.42
4370,US-2016-165078,20211105,20211110,484,719,248,4,104.9,5,0.0,50.352
4371,US-2016-165078,20211105,20211110,484,566,248,4,39.68,2,0.0,16.2688
4372,US-2016-165078,20211105,20211110,484,952,248,4,51.75,5,0.0,24.84
4373,US-2017-169320,20220723,20220725,462,589,243,3,11.68,2,0.0,5.4896
4374,US-2017-169320,20220723,20220725,462,1534,243,3,159.75,5,0.0,11.1825
4375,CA-2016-158575,20211118,20211124,667,441,448,4,103.968,6,0.2,16.8948
4376,CA-2014-166954,20190425,20190430,111,268,101,4,303.25,5,0.0,63.6825
4377,CA-2014-166954,20190425,20190430,111,406,101,4,270.72,3,0.0,78.5088
4378,CA-2014-166954,20190425,20190430,111,117,101,4,1487.04,5,0.2,148.704
4379,CA-2015-140830,20201130,20201202,610,848,272,3,17.48,2,0.0,8.2156
4380,CA-2015-140830,20201130,20201202,610,874,272,3,71.88,2,0.0,32.346
4381,CA-2015-152891,20201025,20201030,741,625,99,4,60.45,3,0.0,16.3215
4382,CA-2015-152891,20201025,20201030,741,335,99,4,253.176,3,0.2,-31.647
4383,US-2015-122784,20200720,20200727,619,659,224,4,2.88,5,0.8,-4.464
4384,US-2015-122784,20200720,20200727,619,46,224,4,384.944,4,0.3,-126.4816
4385,US-2015-122784,20200720,20200727,619,1732,224,4,153.584,2,0.2,13.4386
4386,US-2015-122784,20200720,20200727,619,21,224,4,913.43,5,0.3,-52.1959999999999
4387,CA-2016-156811,20211027,20211102,100,405,100,4,43.92,4,0.0,11.8584
4388,CA-2016-156811,20211027,20211102,100,702,100,4,25.032,3,0.2,7.8225
4389,CA-2017-111556,20221120,20221122,139,1225,408,1,46.76,7,0.0,22.4448
4390,CA-2017-111556,20221120,20221122,139,28,408,1,183.968,2,0.2,-25.2956
4391,CA-2017-111556,20221120,20221122,139,1725,408,1,1259.97,3,0.0,327.5922
4392,CA-2017-111556,20221120,20221122,139,624,408,1,68.97,3,0.0,19.3116
4393,CA-2016-108868,20210908,20210912,418,537,532,4,70.368,2,0.2,6.1572
4394,CA-2016-108868,20210908,20210912,418,1709,532,4,59.96,5,0.2,21.7355
4395,CA-2014-142965,20190720,20190720,725,1377,458,2,25.984,1,0.2,-5.1968
4396,CA-2014-142965,20190720,20190720,725,673,458,2,27.36,3,0.7,-21.888
4397,CA-2016-148740,20211115,20211119,35,1775,95,4,361.376,2,0.2,27.1032
4398,US-2014-138758,20190707,20190711,388,98,482,4,172.186,2,0.3,-46.7362
4399,US-2014-138758,20190707,20190711,388,246,482,4,69.008,2,0.2,12.0764
4400,CA-2016-131737,20210317,20210317,315,879,286,2,199.9,5,0.0,89.955
4401,CA-2016-131737,20210317,20210317,315,440,286,2,901.95,3,0.0,297.6435
4402,CA-2016-131737,20210317,20210317,315,297,286,2,971.5,5,0.0,252.59
4403,CA-2016-114538,20211226,20211227,629,554,124,1,11.328,2,0.2,2.5488
4404,CA-2014-127936,20190902,20190904,153,554,405,1,21.24,3,0.0,8.0712
4405,CA-2015-164336,20200705,20200710,547,1528,484,4,34.8,3,0.2,2.175
4406,CA-2015-164336,20200705,20200710,547,1349,484,4,38.976,3,0.2,-2.436
4407,CA-2016-100041,20211120,20211125,79,1115,242,4,9.08,2,0.0,4.086
4408,CA-2016-100041,20211120,20211125,79,1047,242,4,314.55,3,0.0,150.984
4409,CA-2016-100041,20211120,20211125,79,654,242,4,4.91,1,0.0,2.3077
4410,US-2014-154879,20190506,20190511,705,1006,64,4,5.78,2,0.0,2.7166
4411,US-2014-154879,20190506,20190511,705,533,64,4,107.94,6,0.0,30.2232
4412,CA-2014-130624,20190621,20190624,736,1237,407,1,19.65,3,0.0,9.039
4413,CA-2014-130624,20190621,20190624,736,1825,407,1,617.97,3,0.0,160.6722
4414,CA-2014-130624,20190621,20190624,736,404,407,1,59.7,3,0.0,26.865
4415,CA-2017-132339,20220819,20220823,341,796,297,4,387.99,1,0.0,182.3553
4416,CA-2014-153983,20191129,20191206,32,1847,100,4,575.92,2,0.2,71.99
4417,CA-2014-153983,20191129,20191206,32,937,100,4,30.4,5,0.0,15.2
4418,CA-2017-112900,20220409,20220412,435,755,309,3,478.24,8,0.0,219.9904
4419,CA-2014-160157,20191220,20191227,512,271,447,4,190.848,3,0.2,-21.4704
4420,CA-2014-139633,20191217,20191224,255,759,441,4,5.484,4,0.7,-4.0216
4421,CA-2015-163090,20201117,20201121,302,1440,213,3,40.92,5,0.2,3.069
4422,CA-2014-117016,20190304,20190309,670,516,167,4,15.552,3,0.2,2.3328
4423,CA-2017-159464,20220518,20220519,737,409,196,1,17.24,2,0.0,4.4824
4424,CA-2017-159464,20220518,20220519,737,34,196,1,302.94,3,0.0,75.735
4425,CA-2017-159464,20220518,20220519,737,1759,196,1,34.75,5,0.0,15.6375
4426,CA-2017-159464,20220518,20220519,737,652,196,1,113.94,6,0.0,54.6912
4427,CA-2017-159464,20220518,20220519,737,1765,196,1,55.98,2,0.0,15.6744
4428,US-2017-103226,20220922,20220928,240,1181,389,4,27.18,3,0.0,12.231
4429,CA-2017-119452,20220321,20220327,153,125,467,4,1805.88,6,0.0,523.7052
4430,CA-2017-147725,20220914,20220914,478,528,382,2,70.95,3,0.0,18.447
4431,CA-2016-168893,20211103,20211108,45,922,272,3,20.0,4,0.0,9.6
4432,CA-2016-168893,20211103,20211108,45,530,272,3,7.98,3,0.0,2.0748
4433,CA-2016-168893,20211103,20211108,45,240,272,3,24.1,5,0.0,9.158
4434,CA-2016-168893,20211103,20211108,45,599,272,3,8.75,1,0.0,2.625
4435,CA-2016-168893,20211103,20211108,45,354,272,3,842.94,3,0.0,160.1586
4436,CA-2016-163398,20210503,20210508,127,637,215,4,2.182,1,0.8,-3.6003
4437,CA-2016-163398,20210503,20210508,127,575,215,4,27.384,7,0.2,2.7384
4438,CA-2016-163398,20210503,20210508,127,424,215,4,26.406,3,0.8,-71.2962
4439,CA-2016-162726,20211227,20220102,543,1146,565,4,10.368,2,0.2,3.6288
4440,CA-2016-162726,20211227,20220102,543,1248,565,4,23.68,4,0.2,7.4
4441,US-2016-111290,20210722,20210726,217,1601,327,4,109.95,1,0.0,36.2835
4442,US-2016-111290,20210722,20210726,217,1357,327,4,965.85,5,0.0,135.219
4443,US-2016-111290,20210722,20210726,217,529,327,4,29.2,5,0.0,10.512
4444,US-2016-111290,20210722,20210726,217,1165,327,4,32.4,5,0.0,15.552
4445,US-2014-147704,20191116,20191121,713,897,241,4,78.35,5,0.0,36.8245
4446,US-2014-147704,20191116,20191121,713,1212,241,4,31.68,6,0.0,14.256
4447,US-2014-147704,20191116,20191121,713,703,241,4,29.12,4,0.0,14.2688
4448,US-2014-147704,20191116,20191121,713,1313,241,4,169.45,5,0.0,42.3625
4449,CA-2015-121965,20200619,20200623,464,164,66,4,12.56,2,0.0,4.0192
4450,CA-2015-121965,20200619,20200623,464,1262,66,4,6.48,1,0.0,3.1104
4451,CA-2015-121965,20200619,20200623,464,847,66,4,186.69,3,0.0,87.7443
4452,CA-2016-147137,20210704,20210706,4,145,98,1,25.4,5,0.0,8.636
4453,CA-2016-147137,20210704,20210706,4,887,98,1,43.96,2,0.0,20.6612
4454,CA-2016-147137,20210704,20210706,4,14,98,1,1279.165,5,0.15,225.735
4455,CA-2016-147137,20210704,20210706,4,1373,98,1,27.92,4,0.0,0.558399999999999
4456,US-2015-146745,20200903,20200908,58,91,99,4,129.568,2,0.2,-12.9568
4457,US-2015-146745,20200903,20200908,58,767,99,4,6.368,2,0.2,2.1492
4458,CA-2017-115175,20220807,20220812,489,1137,102,4,244.55,5,0.0,114.9385
4459,CA-2017-105851,20220313,20220320,684,1443,126,4,1332.496,2,0.2,-299.8116
4460,US-2017-125717,20220928,20221001,236,207,122,1,32.776,1,0.2,3.2776
4461,US-2017-125717,20220928,20221001,236,1347,122,1,147.184,2,0.2,-29.4368
4462,US-2017-125717,20220928,20221001,236,1568,122,1,54.384,2,0.2,1.3596
4463,US-2017-125717,20220928,20221001,236,708,122,1,76.776,4,0.7,-58.8616
4464,US-2017-125717,20220928,20221001,236,1199,122,1,14.352,3,0.2,5.2026
4465,US-2017-125717,20220928,20221001,236,394,122,1,209.792,2,0.2,26.224
4466,CA-2015-163895,20200807,20200811,577,845,200,4,3.304,1,0.2,1.1151
4467,CA-2017-168641,20221124,20221201,414,597,408,4,16.38,9,0.0,7.371
4468,CA-2017-168641,20221124,20221201,414,877,408,4,167.96,2,0.0,78.9412
4469,CA-2017-168641,20221124,20221201,414,6,408,4,321.568,2,0.2,-16.0784
4470,CA-2017-168641,20221124,20221201,414,1146,408,4,12.96,2,0.0,6.2208
4471,CA-2017-156895,20220508,20220512,209,107,484,4,128.058,3,0.3,-23.7822
4472,CA-2017-121300,20220929,20220929,504,111,455,2,63.686,1,0.3,-15.4666
4473,CA-2017-121300,20220929,20220929,504,1587,455,2,239.976,3,0.2,65.9934
4474,CA-2017-121300,20220929,20220929,504,369,455,2,344.22,2,0.4,-189.321
4475,CA-2017-121300,20220929,20220929,504,1189,455,2,15.552,3,0.2,5.4432
4476,CA-2017-121300,20220929,20220929,504,301,455,2,21.248,4,0.2,7.4368
4477,CA-2017-121300,20220929,20220929,504,1178,455,2,8.448,2,0.2,2.64
4478,CA-2017-130211,20221022,20221022,72,1296,463,2,333.09,3,0.0,23.3163
4479,CA-2017-130211,20221022,20221022,72,359,463,2,248.98,2,0.0,54.7756
4480,CA-2014-147235,20190324,20190328,139,1285,407,4,24.9,5,0.0,11.703
4481,CA-2016-109365,20211103,20211108,789,918,69,4,15.26,7,0.0,5.0358
4482,CA-2016-109365,20211103,20211108,789,441,69,4,43.32,2,0.0,14.2956
4483,CA-2016-109365,20211103,20211108,789,798,69,4,43.584,12,0.2,15.7992
4484,CA-2016-109365,20211103,20211108,789,1121,69,4,116.28,3,0.0,56.9772
4485,CA-2016-109365,20211103,20211108,789,724,69,4,9.296,2,0.2,3.0212
4486,CA-2016-109365,20211103,20211108,789,1050,69,4,19.44,3,0.0,9.3312
4487,CA-2016-109365,20211103,20211108,789,1263,69,4,314.55,3,0.0,150.984
4488,CA-2015-162621,20200905,20200911,122,672,545,4,16.27,5,0.8,-25.2185
4489,CA-2015-162621,20200905,20200911,122,1446,545,4,69.12,9,0.2,-14.688
4490,CA-2015-162621,20200905,20200911,122,788,545,4,4.47,3,0.8,-7.8225
4491,CA-2017-105921,20220814,20220821,390,326,66,4,418.296,3,0.2,5.2287
4492,CA-2014-150798,20191201,20191203,381,1606,441,3,659.988,2,0.4,109.998
4493,CA-2014-150798,20191201,20191203,381,145,441,3,8.128,2,0.2,1.4224
4494,CA-2014-150798,20191201,20191203,381,1146,441,3,36.288,7,0.2,12.7008
4495,CA-2014-150798,20191201,20191203,381,50,441,3,909.72,6,0.3,-51.9839999999999
4496,CA-2017-112753,20220618,20220623,137,40,66,4,917.9235,9,0.15,75.5936999999999
4497,CA-2017-112753,20220618,20220623,137,1151,66,4,38.88,6,0.0,19.0512
4498,CA-2017-155075,20221202,20221209,314,780,484,4,631.176,4,0.7,-462.8624
4499,CA-2014-103401,20191121,20191126,310,1214,99,4,12.96,2,0.0,6.2208
4500,CA-2016-124814,20210410,20210416,287,1189,34,4,12.96,2,0.0,6.2208
4501,CA-2016-124814,20210410,20210416,287,645,34,4,23.2,5,0.2,8.12
4502,CA-2014-116757,20190630,20190704,542,1150,548,4,25.92,5,0.2,9.072
4503,CA-2014-116757,20190630,20190704,542,927,548,4,21.312,6,0.2,7.1928
4504,US-2014-138247,20191224,20191229,83,1688,68,4,173.656,7,0.2,17.3656
4505,US-2014-138247,20191224,20191229,83,393,68,4,361.96,2,0.0,101.3488
4506,US-2014-138247,20191224,20191229,83,1592,68,4,62.85,3,0.0,13.1985
4507,US-2014-138247,20191224,20191229,83,1729,68,4,818.376,3,0.2,51.1485
4508,US-2014-138247,20191224,20191229,83,1366,68,4,20.34,1,0.0,0.203399999999998
4509,US-2014-138247,20191224,20191229,83,231,68,4,23.99,1,0.0,5.5177
4510,CA-2017-167003,20220523,20220529,785,328,67,4,171.288,3,0.2,-6.42330000000003
4511,CA-2016-119935,20211110,20211114,436,175,353,4,37.3,2,0.0,17.158
4512,CA-2016-119935,20211110,20211114,436,700,353,4,81.96,2,0.0,39.3408
4513,CA-2016-118969,20211002,20211003,469,738,16,1,54.792,6,0.7,-40.1808
4514,CA-2016-145240,20210906,20210908,88,1351,547,1,10.784,1,0.2,0.808799999999999
4515,CA-2016-120873,20211027,20211101,120,63,590,3,290.98,1,0.0,75.6548
4516,US-2017-111920,20221022,20221026,610,572,467,4,36.44,4,0.0,12.0252
4517,US-2016-128678,20210915,20210920,625,1076,614,4,21.4,5,0.0,10.058
4518,US-2016-128678,20210915,20210920,625,727,614,4,48.664,7,0.2,15.8158
4519,CA-2016-101385,20210925,20211001,413,619,98,4,16.56,4,0.0,6.9552
4520,CA-2017-107167,20220610,20220614,560,1403,163,4,1347.52,8,0.2,84.2199999999999
4521,CA-2014-109491,20190220,20190226,453,1493,254,4,62.31,3,0.0,22.4316
4522,CA-2014-109491,20190220,20190226,453,145,254,4,20.32,4,0.0,6.9088
4523,CA-2017-105445,20220220,20220225,100,916,132,3,9.432,3,0.2,3.0654
4524,CA-2014-107454,20191102,20191106,634,966,407,4,34.86,7,0.0,16.0356
4525,CA-2014-107454,20191102,20191106,634,286,407,4,89.34,6,0.0,24.1218
4526,US-2017-105046,20220717,20220723,76,1845,412,4,269.98,2,0.0,67.495
4527,US-2017-105046,20220717,20220723,76,1261,412,4,99.9,5,0.0,47.952
4528,US-2017-105046,20220717,20220723,76,311,412,4,39.08,4,0.0,14.4596
4529,CA-2017-152856,20220908,20220910,659,1598,452,3,116.832,4,0.2,33.5892
4530,CA-2016-134691,20211114,20211118,421,735,546,4,2.296,2,0.8,-3.9032
4531,CA-2016-118759,20211114,20211117,485,90,405,1,408.006,2,0.1,72.5344
4532,CA-2016-118759,20211114,20211117,485,1351,405,1,40.44,3,0.0,10.5144
4533,CA-2014-140403,20191010,20191010,756,96,70,2,122.352,3,0.2,13.7646
4534,CA-2014-140403,20191010,20191010,756,856,70,2,15.28,2,0.0,7.4872
4535,CA-2015-163104,20200319,20200326,495,1141,64,4,11.96,2,0.0,5.8604
4536,CA-2017-138464,20220708,20220712,778,249,615,4,15.84,3,0.0,4.9104
4537,CA-2017-138464,20220708,20220712,778,697,615,4,86.376,3,0.2,30.2316
4538,CA-2017-138464,20220708,20220712,778,587,615,4,18.24,3,0.0,6.2016
4539,CA-2017-138464,20220708,20220712,778,630,615,4,13.12,4,0.0,4.3296
4540,CA-2015-104129,20200227,20200302,279,1820,489,4,105.98,2,0.0,1.0598
4541,CA-2015-104129,20200227,20200302,279,364,489,4,493.92,7,0.3,-28.224
4542,US-2017-132206,20220616,20220621,518,664,215,4,5.936,7,0.8,-8.904
4543,CA-2017-113474,20220330,20220331,755,894,466,1,325.86,2,0.0,149.8956
4544,CA-2015-126557,20200712,20200717,648,124,213,3,383.607,9,0.3,-5.48010000000002
4545,CA-2015-126557,20200712,20200717,648,1811,213,3,148.48,2,0.2,16.704
4546,CA-2015-126557,20200712,20200717,648,1698,213,3,537.544,7,0.2,53.7544
4547,CA-2015-126557,20200712,20200717,648,770,213,3,1.928,2,0.8,-2.9884
4548,CA-2015-126557,20200712,20200717,648,574,213,3,6.912,3,0.2,0.6912
4549,CA-2015-126557,20200712,20200717,648,198,213,3,7.76,1,0.6,-2.134
4550,CA-2015-126557,20200712,20200717,648,1825,213,3,659.168,4,0.2,49.4376
4551,US-2017-107636,20220430,20220502,570,989,140,1,5.76,2,0.0,2.8224
4552,US-2014-165862,20190713,20190717,303,349,69,4,351.216,3,0.2,4.39019999999998
4553,US-2014-106334,20191227,20200102,363,134,100,4,230.28,3,0.2,23.028
4554,US-2014-106334,20191227,20200102,363,1227,100,4,12.84,3,0.0,5.778
4555,CA-2016-101448,20210227,20210301,251,837,624,3,56.82,3,0.0,28.41
4556,CA-2015-130218,20200323,20200326,689,933,493,1,31.56,4,0.0,14.202
4557,CA-2015-130218,20200323,20200326,689,1373,493,1,27.92,4,0.0,0.558399999999999
4558,US-2017-117331,20221021,20221028,559,800,13,4,8.559,1,0.7,-6.5619
4559,CA-2014-127383,20191231,20200105,155,898,537,4,49.568,2,0.2,17.9684
4560,CA-2014-110219,20190505,20190508,250,66,569,1,127.869,3,0.3,-9.13350000000001
4561,CA-2015-118871,20201204,20201209,329,885,69,3,271.44,3,0.0,122.148
4562,CA-2015-118871,20201204,20201209,329,1687,69,3,110.352,3,0.2,8.2764
4563,CA-2015-118871,20201204,20201209,329,213,69,3,36.4,5,0.0,13.832
4564,CA-2017-129490,20220926,20220930,695,103,172,4,419.136,4,0.2,-57.6312
4565,CA-2014-101175,20191209,20191214,223,1419,14,4,100.704,6,0.2,-1.2588
4566,US-2017-149510,20221203,20221210,489,423,424,4,45.216,3,0.2,4.5216
4567,US-2017-149510,20221203,20221210,489,815,424,4,28.782,6,0.7,-21.1068
4568,US-2017-149510,20221203,20221210,489,1138,424,4,24.448,4,0.2,8.8624
4569,CA-2015-111990,20201108,20201113,199,768,548,4,10.476,6,0.8,-17.2854
4570,CA-2014-169460,20190419,20190421,563,285,102,3,76.14,3,0.0,26.649
4571,US-2015-152128,20200525,20200527,569,554,268,3,21.24,3,0.0,8.0712
4572,US-2015-152128,20200525,20200527,569,708,268,3,127.96,2,0.0,60.1412
4573,CA-2017-126662,20220717,20220721,10,1614,67,4,479.984,2,0.2,89.997
4574,CA-2016-139395,20211212,20211218,503,1755,314,4,657.93,7,0.0,184.2204
4575,CA-2016-139395,20211212,20211218,503,269,314,4,33.48,4,0.0,8.7048
4576,CA-2016-139395,20211212,20211218,503,595,314,4,13.9,5,0.0,3.614
4577,CA-2016-139395,20211212,20211218,503,1322,314,4,26.86,2,0.0,6.715
4578,US-2014-121734,20190411,20190416,684,839,202,4,9.584,1,0.2,3.3544
4579,CA-2015-110947,20200609,20200615,26,706,590,4,113.1,3,0.0,56.55
4580,US-2014-150126,20190727,20190802,52,1183,408,4,65.78,11,0.0,32.2322
4581,CA-2015-164427,20200731,20200806,47,1583,342,4,239.7,6,0.0,105.468
4582,CA-2016-120250,20210919,20210922,44,258,484,1,25.632,3,0.2,3.8448
4583,CA-2016-121993,20210610,20210612,343,995,484,1,23.616,8,0.2,7.9704
4584,US-2016-100405,20210826,20210828,766,483,68,3,8.26,2,0.0,3.7996
4585,US-2017-163790,20221102,20221104,568,857,44,3,76.58,7,0.0,38.29
4586,US-2017-163790,20221102,20221104,568,581,44,3,8.8,5,0.0,4.224
4587,US-2017-163790,20221102,20221104,568,790,44,3,590.352,6,0.2,206.6232
4588,US-2017-163790,20221102,20221104,568,941,44,3,5.58,3,0.0,0.1674
4589,US-2017-163790,20221102,20221104,568,229,44,3,25.02,3,0.0,10.5084
4590,US-2017-163790,20221102,20221104,568,1346,44,3,452.55,7,0.0,22.6275
4591,CA-2016-129868,20211226,20211231,495,1428,64,4,17.76,2,0.0,4.9728
4592,CA-2016-129868,20211226,20211231,495,1762,64,4,302.384,2,0.2,30.2384
4593,CA-2016-129868,20211226,20211231,495,107,64,4,146.352,3,0.2,-5.48820000000001
4594,CA-2016-129868,20211226,20211231,495,460,64,4,7.9,2,0.0,2.054
4595,CA-2016-129868,20211226,20211231,495,356,64,4,902.712,3,0.2,33.8517000000001
4596,CA-2016-129868,20211226,20211231,495,533,64,4,53.97,3,0.0,15.1116
4597,CA-2016-140564,20211205,20211210,745,474,150,3,33.92,8,0.0,13.2288
4598,US-2017-169502,20220828,20220901,503,1448,626,4,21.81,3,0.0,5.8887
4599,US-2017-169502,20220828,20220901,503,414,626,4,91.6,5,0.0,26.564
4600,CA-2015-146948,20200716,20200720,507,131,284,4,150.98,1,0.0,43.7842
4601,CA-2015-146948,20200716,20200720,507,849,284,4,137.25,9,0.0,63.135
4602,CA-2015-146948,20200716,20200720,507,917,284,4,11.52,4,0.0,5.4144
4603,US-2015-113327,20200526,20200529,83,1232,430,3,18.272,1,0.2,5.9384
4604,US-2015-113327,20200526,20200529,83,1206,430,3,153.728,4,0.2,53.8048
4605,US-2015-113327,20200526,20200529,83,896,430,3,12.224,2,0.2,4.4312
4606,US-2015-113327,20200526,20200529,83,1567,430,3,167.944,7,0.2,50.3832
4607,CA-2015-135020,20200528,20200602,540,1831,411,4,45.99,1,0.0,13.3371
4608,CA-2015-135020,20200528,20200602,540,1343,411,4,535.41,3,0.0,160.623
4609,CA-2015-135020,20200528,20200602,540,661,411,4,6.096,2,0.2,2.0574
4610,CA-2015-135020,20200528,20200602,540,1258,411,4,45.36,7,0.0,21.7728
4611,US-2017-141852,20221109,20221114,357,138,78,4,47.12,8,0.0,20.7328
4612,CA-2016-109407,20210124,20210126,323,649,341,3,31.36,4,0.0,15.68
4613,US-2017-165953,20211231,20220106,276,489,163,4,47.616,3,0.2,3.5712
4614,US-2017-165953,20211231,20220106,276,1162,163,4,23.48,5,0.2,8.218
4615,CA-2016-144540,20210905,20210910,299,426,547,4,62.79,3,0.8,-166.3935
4616,CA-2016-144540,20210905,20210910,299,925,547,4,28.44,9,0.2,4.266
4617,CA-2015-159863,20200904,20200907,237,1461,548,3,134.376,3,0.2,6.71880000000001
4618,CA-2015-117800,20200921,20200926,753,1769,294,4,589.9,2,0.0,147.475
4619,CA-2015-117800,20200921,20200926,753,62,294,4,542.94,3,0.0,141.1644
4620,CA-2017-145219,20221224,20221225,650,1605,69,1,2879.952,6,0.2,1007.9832
4621,CA-2017-145219,20221224,20221225,650,706,69,1,90.48,3,0.2,33.93
4622,CA-2015-161214,20201005,20201008,687,1337,149,3,77.55,5,0.0,21.714
4623,CA-2017-147228,20220909,20220914,706,1432,505,4,8.832,3,0.2,-1.9872
4624,CA-2017-147228,20220909,20220914,706,1045,505,4,177.536,4,0.2,62.1376
4625,CA-2017-147228,20220909,20220914,706,1292,505,4,258.48,2,0.2,-3.23099999999999
4626,CA-2017-147228,20220909,20220914,706,138,505,4,14.136,3,0.2,4.2408
4627,CA-2016-101336,20211113,20211118,151,1393,406,4,77.55,5,0.0,20.163
4628,CA-2016-101336,20211113,20211118,151,1320,406,4,24.88,2,0.0,6.9664
4629,CA-2016-101336,20211113,20211118,151,588,406,4,140.75,5,0.0,39.41
4630,CA-2016-101336,20211113,20211118,151,1410,406,4,36.63,3,0.0,9.8901
4631,US-2015-126235,20201015,20201015,294,162,318,2,17.14,2,0.0,6.1704
4632,CA-2017-168396,20220803,20220808,74,962,100,3,51.75,5,0.0,24.84
4633,CA-2017-168396,20220803,20220808,74,163,100,3,123.96,3,0.0,11.1564
4634,CA-2015-130456,20200821,20200826,237,36,100,4,586.398,6,0.15,34.494
4635,CA-2015-130456,20200821,20200826,237,1316,100,4,80.98,1,0.0,3.2392
4636,CA-2017-116288,20220312,20220317,106,1316,100,4,242.94,3,0.0,9.71759999999999
4637,CA-2017-168228,20220427,20220429,45,578,68,1,123.92,4,0.0,33.4584
4638,CA-2017-168228,20220427,20220429,45,483,68,1,12.39,3,0.0,5.6994
4639,CA-2017-168228,20220427,20220429,45,528,68,1,47.3,2,0.0,12.298
4640,CA-2016-102162,20210911,20210916,364,1608,592,4,1599.92,8,0.0,751.9624
4641,CA-2016-102162,20210911,20210916,364,868,592,4,11.09,1,0.0,5.4341
4642,CA-2017-130141,20221022,20221024,317,669,128,3,3.168,4,0.7,-2.5344
4643,CA-2017-130141,20221022,20221024,317,61,128,3,579.136,4,0.2,-28.9567999999999
4644,CA-2015-147501,20200802,20200806,187,720,614,4,6.368,2,0.2,2.1492
4645,CA-2015-147501,20200802,20200806,187,1638,614,4,558.4,2,0.2,41.88
4646,CA-2016-143910,20210812,20210816,67,52,406,4,145.764,2,0.1,-8.09800000000002
4647,CA-2014-146885,20190530,20190605,249,1115,593,4,13.62,3,0.0,6.129
4648,CA-2016-139556,20210426,20210501,195,135,405,4,434.646,3,0.1,62.7822
4649,CA-2017-129357,20220514,20220519,418,1210,613,4,440.19,9,0.0,206.8893
4650,CA-2017-129357,20220514,20220519,418,1452,613,4,64.4,5,0.0,1.932
4651,CA-2017-150987,20220408,20220412,30,1137,99,4,244.55,5,0.0,114.9385
4652,CA-2017-150987,20220408,20220412,30,1192,99,4,195.76,4,0.0,97.88
4653,CA-2017-132647,20220217,20220223,299,1134,385,4,11.76,2,0.0,5.7624
4654,CA-2017-132647,20220217,20220223,299,1385,385,4,166.45,5,0.0,39.948
4655,CA-2017-159107,20220624,20220626,445,917,99,3,2.88,1,0.0,1.3536
4656,CA-2014-160738,20190505,20190510,429,1392,222,4,45.248,2,0.2,3.9592
4657,CA-2015-112130,20200503,20200507,722,520,484,4,59.904,2,0.2,14.2272
4658,CA-2015-112130,20200503,20200507,722,446,484,4,23.696,2,0.2,6.5164
4659,CA-2015-112130,20200503,20200507,722,1159,484,4,7.968,2,0.2,2.8884
4660,CA-2015-112130,20200503,20200507,722,451,484,4,18.2,7,0.2,2.0475
4661,CA-2015-112130,20200503,20200507,722,1500,484,4,27.552,3,0.2,-0.344400000000005
4662,CA-2015-112130,20200503,20200507,722,100,484,4,844.116,6,0.3,-36.1764
4663,CA-2015-112130,20200503,20200507,722,1305,484,4,76.752,3,0.2,-9.594
4664,CA-2016-111409,20210918,20210922,603,982,163,4,3.0,1,0.2,1.05
4665,CA-2016-116232,20210922,20210926,13,803,177,4,7.506,9,0.7,-6.0048
4666,CA-2016-116232,20210922,20210926,13,960,177,4,16.56,2,0.2,5.796
4667,CA-2016-116547,20210110,20210117,418,140,615,4,79.92,4,0.0,34.3656
4668,CA-2016-116547,20210110,20210117,418,1527,615,4,69.98,2,0.0,13.2962
4669,US-2017-133200,20220506,20220511,197,752,538,4,11.06,10,0.8,-18.802
4670,US-2017-133200,20220506,20220511,197,10,538,4,623.4648,7,0.32,-119.1918
4671,US-2017-133200,20220506,20220511,197,1357,538,4,772.68,5,0.2,-57.951
4672,CA-2016-133550,20210731,20210806,435,396,309,4,283.14,4,0.1,72.358
4673,CA-2016-133550,20210731,20210806,435,1828,309,4,635.96,4,0.0,165.3496
4674,CA-2016-133550,20210731,20210806,435,1713,309,4,118.99,1,0.0,33.3172
4675,CA-2016-133550,20210731,20210806,435,241,309,4,272.94,3,0.0,30.0234
4676,CA-2017-139416,20220327,20220329,19,276,482,3,15.008,2,0.2,1.5008
4677,CA-2014-114510,20190314,20190319,360,701,578,4,33.088,4,0.2,11.1672
4678,CA-2014-114510,20190314,20190319,360,1316,578,4,80.98,1,0.0,3.2392
4679,CA-2014-114510,20190314,20190319,360,1599,578,4,82.8,12,0.0,6.624
4680,CA-2014-114510,20190314,20190319,360,1387,578,4,21.36,2,0.0,5.7672
4681,CA-2014-114510,20190314,20190319,360,762,578,4,62.048,2,0.2,20.1656
4682,CA-2016-169215,20210714,20210718,639,913,396,3,29.61,9,0.0,13.3245
4683,CA-2016-127698,20211201,20211201,546,1821,432,2,863.928,9,0.2,86.3928
4684,CA-2016-159912,20210829,20210903,295,364,482,4,241.92,4,0.4,-56.448
4685,CA-2016-159912,20210829,20210903,295,25,482,4,163.88,4,0.5,-81.94
4686,CA-2016-159912,20210829,20210903,295,724,482,4,3.486,2,0.7,-2.7888
4687,CA-2016-159912,20210829,20210903,295,901,482,4,10.584,7,0.2,-2.3814
4688,CA-2016-101987,20210624,20210630,328,1719,254,4,440.91,9,0.0,123.4548
4689,US-2017-154851,20220330,20220403,101,696,481,4,5.715,5,0.7,-4.7625
4690,CA-2014-138681,20191220,20191222,182,200,20,1,51.968,2,0.2,10.3936
4691,CA-2014-138681,20191220,20191222,182,1567,20,1,71.976,3,0.2,21.5928
4692,CA-2014-138681,20191220,20191222,182,132,20,1,242.352,3,0.2,-42.4116
4693,CA-2014-138681,20191220,20191222,182,1045,20,1,221.92,5,0.2,77.672
4694,CA-2014-138681,20191220,20191222,182,1212,20,1,8.448,2,0.2,2.64
4695,US-2015-138121,20201217,20201217,388,653,309,2,29.52,4,0.0,14.4648
4696,US-2015-138121,20201217,20201217,388,114,309,2,302.94,3,0.0,48.4704
4697,US-2015-138121,20201217,20201217,388,133,309,2,142.36,2,0.0,38.4372
4698,US-2015-138121,20201217,20201217,388,112,309,2,546.66,9,0.0,136.665
4699,US-2015-138121,20201217,20201217,388,214,309,2,212.13,3,0.0,14.8491
4700,CA-2017-140298,20220511,20220517,383,584,520,4,5.248,2,0.2,0.590399999999999
4701,CA-2017-140298,20220511,20220517,383,1408,520,4,74.416,2,0.2,-14.8832
4702,CA-2017-140298,20220511,20220517,383,1227,520,4,6.848,2,0.2,2.14
4703,CA-2017-140298,20220511,20220517,383,206,520,4,7.996,1,0.6,-6.9965
4704,CA-2016-166240,20210624,20210628,206,416,548,4,8.712,2,0.8,-19.602
4705,CA-2016-158435,20210517,20210518,27,1423,146,1,65.17,7,0.0,18.8993
4706,CA-2016-158435,20210517,20210518,27,980,146,1,14.62,2,0.0,6.8714
4707,CA-2016-158435,20210517,20210518,27,281,146,1,173.24,4,0.0,17.324
4708,CA-2017-138149,20220629,20220630,788,763,69,1,895.92,5,0.2,302.373
4709,CA-2017-138149,20220629,20220630,788,1383,69,1,130.71,3,0.0,39.213
4710,CA-2017-138149,20220629,20220630,788,479,69,1,11.68,2,0.0,3.0368
4711,CA-2017-138149,20220629,20220630,788,1493,69,1,62.31,3,0.0,22.4316
4712,CA-2014-112403,20190331,20190331,398,778,482,2,0.852,1,0.7,-0.5964
4713,CA-2014-108273,20191216,20191221,264,1016,549,4,36.288,7,0.2,12.7008
4714,CA-2014-108273,20191216,20191221,264,214,549,4,56.568,2,0.6,-74.9526
4715,CA-2017-121643,20220518,20220520,7,1760,472,1,344.704,2,0.2,38.7792
4716,US-2015-122910,20200512,20200516,477,1695,132,4,201.584,2,0.2,20.1584
4717,CA-2017-143126,20221203,20221207,163,351,615,3,521.96,2,0.0,88.7332
4718,CA-2015-129042,20201212,20201217,270,526,284,4,8.22,3,0.0,2.2194
4719,CA-2015-109736,20201010,20201011,208,1253,98,1,45.36,7,0.0,21.7728
4720,CA-2015-142601,20200418,20200420,203,1380,64,3,947.17,7,0.0,9.47170000000008
4721,CA-2015-142601,20200418,20200420,203,1052,64,3,61.96,2,0.0,27.882
4722,CA-2014-106229,20190607,20190611,575,340,207,3,268.935,3,0.5,-209.7693
4723,US-2017-135230,20220901,20220907,149,508,613,4,7.58,1,0.0,2.9562
4724,CA-2016-159653,20210522,20210522,363,1004,189,2,14.73,3,0.0,7.2177
4725,CA-2016-131968,20211111,20211115,450,753,151,4,9.888,2,0.7,-6.9216
4726,CA-2016-131968,20211111,20211115,450,397,151,4,671.544,3,0.2,50.3658
4727,CA-2014-119151,20191125,20191129,535,1394,405,3,1117.92,4,0.0,55.896
4728,CA-2014-119151,20191125,20191129,535,28,405,3,275.952,3,0.2,-37.9434
4729,CA-2014-123323,20191107,20191112,462,785,99,4,123.144,7,0.2,46.179
4730,CA-2016-124681,20210718,20210723,724,1472,533,3,15.576,3,0.2,3.3099
4731,US-2015-103996,20200329,20200331,623,1122,97,3,212.64,6,0.0,99.9408
4732,US-2015-103996,20200329,20200331,623,1114,97,3,9.87,3,0.0,4.5402
4733,US-2015-103996,20200329,20200331,623,1552,97,3,53.25,3,0.0,20.7675
4734,US-2015-103996,20200329,20200331,623,301,97,3,19.92,3,0.0,9.5616
4735,CA-2016-120530,20210407,20210412,244,56,408,4,658.746,3,0.1,146.388
4736,CA-2015-155054,20200613,20200619,611,845,283,4,8.26,2,0.0,3.8822
4737,CA-2015-155054,20200613,20200619,611,751,283,4,29.84,2,0.0,13.428
4738,CA-2015-155054,20200613,20200619,611,1568,283,4,67.98,2,0.0,14.9556
4739,CA-2015-105725,20200218,20200224,313,991,63,4,61.06,2,0.0,28.0876
4740,CA-2015-105725,20200218,20200224,313,330,63,4,35.544,1,0.2,-0.888600000000002
4741,CA-2017-164364,20221112,20221116,177,1013,615,4,9.96,2,0.0,4.5816
4742,CA-2017-164364,20221112,20221116,177,480,615,4,9.21,3,0.0,2.3025
4743,CA-2017-164364,20221112,20221116,177,1423,615,4,27.93,3,0.0,8.0997
4744,CA-2017-168123,20220305,20220305,352,925,336,2,7.9,2,0.0,2.528
4745,CA-2017-168123,20220305,20220305,352,1321,336,2,221.16,4,0.0,57.5016
4746,CA-2017-168123,20220305,20220305,352,676,336,2,127.96,2,0.0,62.7004
4747,CA-2017-168123,20220305,20220305,352,679,336,2,18.69,3,0.0,9.1581
4748,CA-2016-120005,20210303,20210303,762,1457,99,2,25.35,3,0.0,7.605
4749,CA-2016-120005,20210303,20210303,762,161,99,2,35.28,3,0.0,11.9952
4750,CA-2016-123526,20211224,20211225,117,1196,613,1,33.4,5,0.0,16.032
4751,CA-2016-127649,20211007,20211009,222,1638,616,1,837.6,3,0.2,62.8200000000001
4752,CA-2016-159989,20211209,20211213,250,1686,506,4,40.68,3,0.2,-9.153
4753,CA-2017-103499,20221120,20221124,278,71,508,4,209.568,2,0.2,-23.5764
4754,US-2015-167220,20201212,20201216,342,1517,520,4,22.368,4,0.2,6.4308
4755,CA-2017-126354,20220203,20220208,674,650,177,4,3.882,2,0.7,-2.588
4756,CA-2017-126354,20220203,20220208,674,1264,177,4,115.296,3,0.2,40.3536
4757,CA-2017-169817,20220921,20220925,250,809,485,4,1.908,2,0.7,-1.5264
4758,US-2017-144582,20220430,20220505,745,699,216,4,43.372,7,0.8,-69.3952
4759,CA-2014-121573,20191103,20191107,690,1710,405,4,783.96,4,0.0,219.5088
4760,CA-2014-121573,20191103,20191107,690,663,405,4,48.896,2,0.2,18.336
4761,CA-2014-121573,20191103,20191107,690,789,405,4,7.856,2,0.2,2.8478
4762,CA-2016-117660,20211230,20220104,94,995,441,4,5.904,2,0.2,1.9926
4763,CA-2016-117660,20211230,20220104,94,1434,441,4,13.712,2,0.2,1.0284
4764,CA-2014-112851,20190917,20190921,575,860,39,4,182.94,3,0.0,85.9818
4765,CA-2017-123701,20221124,20221127,592,531,99,1,27.76,4,0.0,9.9936
4766,CA-2015-118227,20200424,20200428,194,504,405,4,25.99,1,0.0,7.5371
4767,CA-2015-123155,20200309,20200312,577,1533,569,1,113.52,5,0.2,29.799
4768,CA-2015-123155,20200309,20200312,577,1742,569,1,359.88,3,0.2,22.4925
4769,CA-2017-158883,20220602,20220603,172,1278,430,2,25.344,4,0.2,9.1872
4770,US-2016-114888,20210919,20210924,133,772,98,3,11.952,3,0.2,4.1832
4771,US-2016-114888,20210919,20210924,133,1430,98,3,6.24,3,0.0,1.872
4772,US-2014-167262,20191031,20191103,13,1697,9,3,742.336,8,0.2,83.5127999999999
4773,CA-2017-119746,20221123,20221127,161,314,213,4,6.464,1,0.6,-4.04
4774,CA-2017-119746,20221123,20221127,161,967,213,4,11.52,5,0.2,4.176
4775,CA-2017-119746,20221123,20221127,161,1842,213,4,222.384,2,0.2,16.6788
4776,CA-2017-108091,20221116,20221121,266,479,49,4,23.36,4,0.0,6.0736
4777,CA-2016-101630,20210219,20210223,151,1006,402,3,8.67,3,0.0,4.0749
4778,CA-2016-101630,20210219,20210223,151,1434,402,3,25.71,3,0.0,6.6846
4779,CA-2017-132346,20221107,20221111,598,391,148,4,100.94,7,0.0,33.3102
4780,CA-2014-150301,20190708,20190710,515,94,397,1,63.882,1,0.1,10.647
4781,CA-2014-159310,20191107,20191112,679,95,547,4,683.144,4,0.3,0.0
4782,CA-2014-159310,20191107,20191112,679,646,547,4,1.476,3,0.8,-2.214
4783,CA-2014-159310,20191107,20191112,679,1448,547,4,40.712,7,0.2,3.5623
4784,US-2017-147984,20220128,20220201,296,1075,268,4,279.9,5,0.0,137.151
4785,CA-2015-104346,20201211,20201216,339,521,124,4,13.12,5,0.2,1.148
4786,CA-2015-104346,20201211,20201216,339,33,124,4,69.576,4,0.7,-143.7904
4787,CA-2015-104346,20201211,20201216,339,522,124,4,4.224,3,0.2,0.4752
4788,CA-2015-104346,20201211,20201216,339,1581,124,4,58.08,4,0.2,-6.534
4789,CA-2015-104346,20201211,20201216,339,225,124,4,52.416,9,0.2,15.0696
4790,CA-2015-104346,20201211,20201216,339,184,124,4,54.92,5,0.2,10.984
4791,CA-2015-104346,20201211,20201216,339,323,124,4,364.95,5,0.5,-248.166
4792,CA-2015-104346,20201211,20201216,339,1087,124,4,85.056,3,0.2,28.7064
4793,CA-2015-104346,20201211,20201216,339,1211,124,4,27.696,3,0.2,9.6936
4794,US-2015-141684,20200629,20200704,527,1190,406,4,24.96,4,0.0,11.232
4795,CA-2015-144722,20200316,20200323,502,179,67,4,43.13,1,0.0,18.1146
4796,CA-2015-120516,20200813,20200817,150,811,194,4,5.64,3,0.0,2.7072
4797,US-2016-148901,20210514,20210519,518,708,163,4,57.582,3,0.7,-44.1462
4798,US-2016-148901,20210514,20210519,518,1288,163,4,31.104,6,0.2,10.8864
4799,US-2016-148901,20210514,20210519,518,223,163,4,30.192,3,0.2,8.3028
4800,US-2016-148901,20210514,20210519,518,1826,163,4,43.6,5,0.2,4.36
4801,US-2016-148901,20210514,20210519,518,555,163,4,4.768,2,0.2,0.4172
4802,US-2016-148901,20210514,20210519,518,802,163,4,10.38,2,0.7,-7.612
4803,US-2016-148901,20210514,20210519,518,733,163,4,13.392,8,0.7,-9.8208
4804,CA-2017-136364,20220713,20220717,512,1823,484,3,39.594,1,0.4,-7.2589
4805,CA-2017-136364,20220713,20220717,512,226,484,3,91.008,9,0.2,19.3392
4806,CA-2015-137708,20201122,20201125,565,1028,65,3,37.94,2,0.0,18.2112
4807,CA-2015-137708,20201122,20201125,565,1042,65,3,42.8,10,0.0,19.26
4808,CA-2015-137708,20201122,20201125,565,1415,65,3,33.63,3,0.0,10.089
4809,CA-2014-149055,20191123,20191128,586,878,483,4,62.808,3,0.2,21.1977
4810,CA-2015-151589,20201227,20201230,639,1210,620,1,195.64,4,0.0,91.9508
4811,CA-2015-151589,20201227,20201230,639,1838,620,1,239.9,2,0.0,71.97
4812,CA-2016-121370,20211114,20211119,253,62,483,3,380.058,3,0.3,-21.7176
4813,CA-2016-121370,20211114,20211119,253,1613,483,3,1199.976,4,0.4,179.9964
4814,CA-2016-121370,20211114,20211119,253,237,483,3,48.576,3,0.2,9.71519999999999
4815,CA-2016-111696,20210508,20210510,741,1187,64,1,17.94,3,0.0,8.073
4816,CA-2014-139598,20191226,20191231,505,1272,483,4,18.264,3,0.2,6.1641
4817,CA-2014-139598,20191226,20191231,505,441,483,4,34.656,2,0.2,5.6316
4818,CA-2014-139598,20191226,20191231,505,449,483,4,81.552,2,0.2,8.1552
4819,CA-2014-139598,20191226,20191231,505,1338,483,4,227.136,4,0.2,-42.588
4820,CA-2017-117436,20220608,20220614,481,804,144,4,10.36,2,0.0,5.0764
4821,CA-2015-140025,20200407,20200411,589,432,569,4,463.248,8,0.8,-1181.2824
4822,CA-2015-140025,20200407,20200411,589,1532,569,4,383.952,6,0.2,47.994
4823,CA-2016-134222,20210710,20210711,579,705,21,2,44.856,6,0.7,-35.8848
4824,CA-2016-140018,20211121,20211126,148,1624,441,4,30.345,7,0.7,-24.276
4825,CA-2016-140018,20211121,20211126,148,112,441,4,127.554,3,0.3,-9.111
4826,CA-2016-140018,20211121,20211126,148,200,441,4,77.952,3,0.2,15.5904
4827,US-2017-136707,20221112,20221115,355,775,67,1,14.016,4,0.2,4.9056
4828,CA-2014-152562,20191101,20191108,397,1303,276,4,69.52,2,0.0,19.4656
4829,CA-2014-152562,20191101,20191108,397,535,276,4,5.64,3,0.0,1.6356
4830,CA-2016-152408,20210515,20210521,771,735,408,4,13.776,3,0.2,4.4772
4831,CA-2014-120278,20191107,20191112,537,403,630,4,245.88,6,0.0,68.8464
4832,CA-2014-120278,20191107,20191112,537,1410,630,4,36.63,3,0.0,9.8901
4833,CA-2014-120278,20191107,20191112,537,1362,630,4,22.58,2,0.0,5.8708
4834,CA-2014-120278,20191107,20191112,537,845,630,4,12.39,3,0.0,5.8233
4835,CA-2017-167661,20221005,20221010,535,743,99,4,39.92,5,0.2,13.473
4836,CA-2017-167661,20221005,20221010,535,1176,99,4,61.96,2,0.0,27.882
4837,CA-2017-167661,20221005,20221010,535,679,99,4,19.936,4,0.2,7.2268
4838,CA-2017-106831,20220601,20220603,285,774,443,1,3.798,2,0.7,-2.6586
4839,CA-2017-106831,20220601,20220603,285,1068,443,1,27.744,6,0.2,10.0572
4840,CA-2017-106831,20220601,20220603,285,1738,443,1,158.376,4,0.4,-34.3148
4841,CA-2017-154123,20221120,20221125,669,160,272,4,27.58,2,0.0,11.5836
4842,CA-2016-136049,20211223,20211228,570,689,438,4,5.553,3,0.7,-4.0722
4843,CA-2017-118402,20220929,20221004,398,1340,512,4,243.92,5,0.2,-54.882
4844,US-2016-139388,20211107,20211109,134,943,378,1,14.96,4,0.0,0.299200000000001
4845,US-2014-128685,20190404,20190405,552,808,65,1,7.184,2,0.2,2.245
4846,CA-2015-124044,20200723,20200726,541,775,411,3,10.512,3,0.2,3.6792
4847,CA-2014-164469,20190625,20190627,303,1757,474,3,263.96,5,0.2,19.797
4848,CA-2014-164469,20190625,20190627,303,583,474,3,71.632,11,0.2,17.908
4849,CA-2014-164469,20190625,20190627,303,487,474,3,9.328,1,0.2,0.816200000000001
4850,CA-2014-107818,20190908,20190914,487,567,610,4,5.88,2,0.0,2.646
4851,CA-2014-107818,20190908,20190914,487,56,610,4,975.92,5,0.2,121.99
4852,CA-2014-107818,20190908,20190914,487,482,610,4,303.84,8,0.0,91.152
4853,CA-2014-107818,20190908,20190914,487,1316,610,4,485.88,6,0.0,19.4352
4854,CA-2014-113320,20191212,20191215,464,296,77,3,12.54,3,0.0,4.5144
4855,CA-2014-113320,20191212,20191215,464,1309,77,3,8.94,3,0.0,0.625799999999999
4856,CA-2014-113320,20191212,20191215,464,193,77,3,9.24,3,0.0,4.4352
4857,CA-2015-137526,20200113,20200117,585,773,64,4,70.008,3,0.2,24.5028
4858,CA-2015-137526,20200113,20200117,585,198,64,4,77.6,4,0.0,38.024
4859,CA-2015-137526,20200113,20200117,585,310,64,4,464.85,9,0.0,92.97
4860,CA-2017-136063,20221215,20221219,714,497,227,4,10.192,7,0.2,1.0192
4861,CA-2016-101546,20211218,20211224,303,692,380,4,1793.98,2,0.0,843.1706
4862,CA-2014-138940,20190411,20190416,305,1745,520,3,758.352,6,0.2,265.4232
4863,CA-2016-125164,20211110,20211114,692,686,406,4,20.368,1,0.2,7.3834
4864,CA-2016-125164,20211110,20211114,692,799,406,4,49.848,3,0.2,16.8237
4865,CA-2017-163531,20220626,20220630,679,1722,407,4,239.97,3,0.0,67.1916
4866,CA-2017-122490,20221113,20221118,770,68,613,4,2404.704,6,0.2,150.294
4867,CA-2017-122490,20221113,20221118,770,708,613,4,563.024,11,0.2,190.0206
4868,CA-2017-122490,20221113,20221118,770,1326,613,4,344.91,3,0.0,10.3473
4869,CA-2017-122490,20221113,20221118,770,967,613,4,8.64,3,0.0,4.2336
4870,CA-2017-131366,20221124,20221129,675,1808,481,4,89.988,2,0.4,-14.998
4871,CA-2017-131366,20221124,20221129,675,1067,481,4,229.544,7,0.2,83.2097
4872,CA-2017-164042,20220523,20220527,435,912,548,4,1.824,2,0.2,0.6156
4873,CA-2017-164042,20220523,20220527,435,414,548,4,18.32,5,0.8,-46.716
4874,CA-2017-164042,20220523,20220527,435,1366,548,4,48.816,3,0.2,-11.5938
4875,CA-2017-164042,20220523,20220527,435,717,548,4,1.188,1,0.8,-1.9602
4876,CA-2014-132864,20191202,20191207,440,1492,441,4,119.8,5,0.2,29.95
4877,US-2014-155817,20191003,20191009,699,1304,423,4,61.568,2,0.2,4.6176
4878,US-2014-155817,20191003,20191009,699,551,423,4,6.192,3,0.2,0.4644
4879,US-2016-131891,20210729,20210731,615,646,178,1,2.214,3,0.7,-1.476
4880,CA-2017-143567,20221102,20221105,733,899,272,3,5.32,2,0.0,2.6068
4881,CA-2017-143567,20221102,20221105,733,56,272,3,975.92,4,0.0,292.776
4882,CA-2017-143567,20221102,20221105,733,1576,272,3,2249.91,9,0.0,517.4793
4883,CA-2017-143567,20221102,20221105,733,1350,272,3,59.92,4,0.0,16.7776
4884,CA-2017-104080,20220308,20220315,32,794,31,4,171.2,5,0.2,64.2
4885,CA-2017-104080,20220308,20220315,32,541,31,4,3.36,2,0.0,0.8736
4886,CA-2014-151379,20191216,20191220,678,1063,310,4,114.2,5,0.0,52.532
4887,CA-2016-163167,20211128,20211201,640,124,194,3,182.67,3,0.0,52.9743
4888,CA-2016-163167,20211128,20211201,640,1561,194,3,101.7,6,0.0,6.102
4889,CA-2016-163167,20211128,20211201,640,1413,194,3,1126.02,3,0.0,56.301
4890,CA-2016-163167,20211128,20211201,640,1403,194,3,1263.3,6,0.0,315.825
4891,CA-2016-135776,20211223,20211230,258,514,613,4,8.82,3,0.0,2.5578
4892,CA-2016-135776,20211223,20211230,258,1098,613,4,37.94,2,0.0,18.2112
4893,CA-2016-135776,20211223,20211230,258,513,613,4,4.2,2,0.0,1.176
4894,CA-2016-135776,20211223,20211230,258,1379,613,4,227.28,2,0.0,2.27279999999999
4895,CA-2016-135776,20211223,20211230,258,1260,613,4,47.9,1,0.0,22.992
4896,CA-2016-135776,20211223,20211230,258,898,613,4,61.96,2,0.0,30.3604
4897,CA-2016-135776,20211223,20211230,258,1394,613,4,1117.92,4,0.0,55.896
4898,US-2014-122021,20191015,20191017,15,110,457,1,183.372,2,0.3,-7.8588
4899,US-2014-122021,20191015,20191017,15,1159,457,1,7.968,2,0.2,2.8884
4900,CA-2016-130484,20210822,20210827,689,641,469,4,26.352,8,0.7,-18.4464
4901,CA-2017-120936,20221217,20221221,124,1348,31,4,481.32,4,0.0,125.1432
4902,CA-2017-120936,20221217,20221221,124,1441,31,4,13.98,1,0.0,3.6348
4903,CA-2017-110884,20220307,20220312,693,783,408,4,25.92,6,0.2,9.072
4904,CA-2017-110884,20220307,20220312,693,991,408,4,91.59,3,0.0,42.1314
4905,US-2014-161613,20191201,20191203,491,109,547,3,674.058,3,0.3,-19.2588
4906,US-2014-146353,20191014,20191016,355,776,368,3,22.92,4,0.0,11.0016
4907,US-2014-146353,20191014,20191016,355,1341,368,3,269.9,5,0.0,16.194
4908,CA-2014-133809,20191118,20191123,538,710,445,3,11.808,8,0.7,-8.6592
4909,CA-2014-133809,20191118,20191123,538,1854,445,3,9.588,2,0.4,-2.0774
4910,CA-2017-127306,20220114,20220118,89,856,509,4,18.336,3,0.2,6.6468
4911,CA-2017-127306,20220114,20220118,89,1015,509,4,36.288,7,0.2,12.7008
4912,CA-2017-127306,20220114,20220118,89,1748,509,4,111.984,2,0.2,6.99900000000001
4913,CA-2017-127306,20220114,20220118,89,720,509,4,5.97,5,0.7,-4.577
4914,CA-2017-127306,20220114,20220118,89,792,509,4,2.508,2,0.7,-1.8392
4915,CA-2015-161830,20200924,20200926,499,611,614,3,35.96,2,0.0,10.4284
4916,CA-2015-161830,20200924,20200926,499,679,614,3,14.952,3,0.2,5.4201
4917,CA-2017-163125,20221009,20221011,485,618,554,3,67.144,7,0.2,5.8751
4918,CA-2017-163125,20221009,20221011,485,76,554,3,254.058,3,0.3,-32.6646
4919,CA-2016-160304,20210102,20210107,92,48,287,4,173.94,3,0.0,38.2668
4920,CA-2016-160304,20210102,20210107,92,1696,287,4,231.98,2,0.0,67.2742
4921,CA-2017-101728,20220819,20220823,676,735,215,4,2.296,2,0.8,-3.9032
4922,CA-2017-114055,20221225,20221229,516,1264,5,3,96.08,2,0.0,46.1184
4923,CA-2017-114055,20221225,20221229,516,932,5,3,3.62,2,0.0,1.1946
4924,CA-2017-114055,20221225,20221229,516,1081,5,3,629.1,6,0.0,301.968
4925,CA-2017-114055,20221225,20221229,516,1794,5,3,90.48,2,0.0,23.5248
4926,CA-2017-126438,20220910,20220913,46,577,297,1,14.88,2,0.0,3.72
4927,CA-2017-117653,20221019,20221023,530,352,214,4,91.275,1,0.5,-67.5435
4928,CA-2017-143245,20221201,20221206,16,1146,139,4,19.44,3,0.0,9.3312
4929,CA-2017-143245,20221201,20221206,16,51,139,4,897.15,3,0.0,251.202
4930,US-2014-138828,20190902,20190903,424,493,405,1,57.75,5,0.0,16.17
4931,US-2014-138828,20190902,20190903,424,1043,405,1,14.94,3,0.0,7.0218
4932,CA-2017-143651,20220325,20220330,287,519,613,4,23.1,2,0.0,6.93
4933,CA-2015-106978,20200928,20201004,792,897,122,4,12.536,1,0.2,4.2309
4934,CA-2015-106978,20200928,20201004,792,721,122,4,1.08,2,0.7,-0.792
4935,CA-2015-106978,20200928,20201004,792,931,122,4,4.512,3,0.2,0.846
4936,CA-2015-155124,20200315,20200321,443,1806,577,4,16.776,3,0.2,1.6776
4937,CA-2017-150931,20220106,20220113,233,836,8,4,33.74,7,0.0,15.5204
4938,CA-2014-157147,20190113,20190118,71,1294,98,4,1325.85,5,0.0,238.653
4939,CA-2014-157147,20190113,20190118,71,27,98,4,333.999,3,0.15,3.92940000000001
4940,CA-2014-157147,20190113,20190118,71,586,98,4,19.9,5,0.0,6.567
4941,CA-2015-156482,20200206,20200213,337,73,149,4,1268.82,9,0.0,266.4522
4942,CA-2015-156482,20200206,20200213,337,22,149,4,283.92,4,0.0,82.3368
4943,CA-2015-156482,20200206,20200213,337,502,149,4,5.68,2,0.0,1.7608
4944,CA-2017-106782,20221221,20221227,469,1413,247,4,375.34,1,0.0,18.767
4945,CA-2016-151372,20210905,20210906,372,1264,87,1,96.08,2,0.0,46.1184
4946,CA-2016-151372,20210905,20210906,372,639,87,1,11.68,2,0.2,3.942
4947,CA-2016-151372,20210905,20210906,372,905,87,1,4.36,2,0.0,1.7876
4948,CA-2014-102085,20191004,20191009,351,980,615,4,29.24,4,0.0,13.7428
4949,CA-2017-107125,20221127,20221202,68,719,68,4,117.488,7,0.2,41.1208
4950,CA-2017-107125,20221127,20221202,68,164,68,4,18.84,3,0.0,6.0288
4951,CA-2016-125815,20211028,20211101,221,619,405,3,12.42,3,0.0,5.2164
4952,CA-2015-144190,20200609,20200613,556,1039,322,4,12.96,2,0.0,6.2208
4953,CA-2017-117926,20221208,20221212,55,433,98,3,69.48,1,0.0,20.844
4954,CA-2015-153906,20200316,20200320,542,1728,405,4,85.9,2,0.0,2.577
4955,CA-2014-160262,20190609,20190613,763,551,365,3,18.06,7,0.0,4.6956
4956,CA-2014-160262,20190609,20190613,763,1224,365,3,79.14,3,0.0,36.4044
4957,CA-2014-160262,20190609,20190613,763,234,365,3,37.4,2,0.0,14.212
4958,CA-2015-127607,20200320,20200326,381,691,526,4,2.512,2,0.8,-4.396
4959,CA-2015-127607,20200320,20200326,381,936,526,4,18.864,9,0.2,6.1308
4960,CA-2016-166226,20211118,20211122,746,1807,65,4,61.192,1,0.2,6.1192
4961,CA-2016-166226,20211118,20211122,746,437,65,4,67.84,1,0.0,18.3168
4962,CA-2014-156587,20190307,20190308,5,124,613,1,48.712,1,0.2,5.4801
4963,CA-2014-156587,20190307,20190308,5,518,613,1,17.94,3,0.0,4.6644
4964,CA-2014-156587,20190307,20190308,5,1367,613,1,242.94,3,0.0,4.85880000000002
4965,CA-2016-141180,20210515,20210519,230,650,159,3,7.764,4,0.7,-5.176
4966,CA-2015-109708,20200525,20200528,186,1749,505,3,467.04,4,0.2,58.3799999999999
4967,CA-2015-122406,20200802,20200805,78,1728,489,3,128.85,3,0.0,3.8655
4968,CA-2015-122406,20200802,20200805,78,1099,489,3,8.4,2,0.0,4.116
4969,CA-2015-122406,20200802,20200805,78,1587,489,3,199.98,2,0.0,83.9916
4970,CA-2015-122406,20200802,20200805,78,79,489,3,110.98,1,0.0,15.5372
4971,US-2016-153815,20211106,20211109,434,57,163,1,207.984,2,0.2,-28.5978
4972,US-2016-153815,20211106,20211109,434,1170,163,1,36.112,2,0.2,12.6392
4973,US-2016-153815,20211106,20211109,434,290,163,1,35.568,2,0.2,5.7798
4974,US-2016-153815,20211106,20211109,434,1249,163,1,88.768,2,0.2,31.0688
4975,CA-2016-164896,20211107,20211112,611,1161,78,4,12.9,2,0.0,6.321
4976,CA-2015-142202,20200918,20200923,405,1555,163,3,717.12,9,0.2,152.388
4977,CA-2015-165050,20201207,20201209,32,674,407,1,21.36,5,0.2,7.209
4978,CA-2015-165050,20201207,20201209,32,792,407,1,6.688,2,0.2,2.3408
4979,CA-2015-165050,20201207,20201209,32,1720,407,1,773.94,6,0.0,224.4426
4980,US-2016-131114,20211209,20211213,662,1434,213,3,20.568,3,0.2,1.5426
4981,US-2016-131114,20211209,20211213,662,458,213,3,4.356,2,0.8,-11.7612
4982,US-2016-131114,20211209,20211213,662,1464,213,3,19.04,4,0.2,-1.428
4983,CA-2014-160066,20191116,20191122,29,958,53,4,5.22,2,0.0,2.4012
4984,CA-2016-109925,20211106,20211110,339,1392,97,3,84.84,3,0.0,22.9068
4985,CA-2015-160696,20200906,20200910,151,932,514,4,7.24,5,0.2,1.1765
4986,CA-2014-125171,20190903,20190903,22,961,405,2,14.4,5,0.0,7.056
4987,CA-2016-149279,20210424,20210428,154,1219,124,4,15.552,3,0.2,5.4432
4988,CA-2016-149279,20210424,20210428,154,122,124,4,1325.76,6,0.2,149.148
4989,CA-2016-149279,20210424,20210428,154,804,124,4,3.108,2,0.7,-2.1756
4990,CA-2017-107321,20220831,20220904,62,803,99,4,6.672,3,0.2,2.1684
4991,CA-2017-107321,20220831,20220904,62,1760,99,4,689.408,4,0.2,77.5584
4992,US-2017-122714,20221207,20221213,323,683,215,4,1889.99,5,0.8,-2929.4845
4993,CA-2015-153038,20201218,20201225,626,848,512,4,55.936,8,0.2,18.8784
4994,CA-2015-153038,20201218,20201225,626,999,512,4,18.432,8,0.2,5.9904
4995,CA-2015-153038,20201218,20201225,626,145,512,4,20.32,5,0.2,3.556
4996,CA-2014-132227,20191104,20191110,730,672,406,4,52.064,4,0.2,18.8732
4997,CA-2017-155824,20220310,20220315,443,387,432,4,48.784,1,0.2,3.6588
4998,CA-2017-155824,20220310,20220315,443,637,432,4,13.092,4,0.7,-10.0372
4999,CA-2016-129238,20210131,20210204,669,1834,68,4,109.592,1,0.2,8.2194
5000,CA-2016-129238,20210131,20210204,669,1188,68,4,56.7,5,0.0,27.783
5001,CA-2017-159688,20220507,20220512,6,1477,64,4,79.99,1,0.0,28.7964
5002,CA-2016-136126,20210524,20210524,262,1426,592,2,69.5,5,0.0,20.155
5003,CA-2016-136126,20210524,20210524,262,1260,592,2,191.6,4,0.0,91.968
5004,CA-2016-155033,20211007,20211012,134,1024,66,4,10.56,2,0.0,5.0688
5005,CA-2014-156006,20190430,20190502,754,1534,343,3,47.79,3,0.0,16.2486
5006,CA-2015-158659,20201110,20201114,678,1389,254,3,714.3,5,0.0,207.147
5007,CA-2015-169796,20201109,20201114,245,1618,408,4,2321.9,2,0.0,1114.512
5008,CA-2015-169796,20201109,20201114,245,1345,408,4,17.94,3,0.0,3.0498
5009,CA-2015-102876,20200907,20200914,471,838,483,4,9.522,1,0.7,-6.9828
5010,CA-2015-102876,20200907,20200914,471,1785,483,4,791.964,6,0.4,-131.994
5011,CA-2015-102876,20200907,20200914,471,670,483,4,4.923,3,0.7,-3.9384
5012,US-2017-139647,20220511,20220513,765,45,16,1,209.979,7,0.7,-356.9643
5013,US-2017-160465,20220721,20220726,727,706,440,4,33.93,3,0.7,-22.62
5014,US-2017-160465,20220721,20220726,727,1297,440,4,222.32,7,0.2,25.011
5015,US-2017-160465,20220721,20220726,727,1843,440,4,210.564,6,0.4,-52.641
5016,CA-2014-153850,20191124,20191129,750,243,459,4,35.168,7,0.2,9.6712
5017,CA-2014-153850,20191124,20191129,750,1780,459,4,1502.376,4,0.4,-250.396
5018,CA-2014-127558,20191115,20191118,715,227,65,1,10.11,3,0.0,3.2352
5019,CA-2014-127558,20191115,20191118,715,1570,65,1,772.47,3,0.0,146.7693
5020,CA-2014-127558,20191115,20191118,715,1440,65,1,20.46,2,0.0,5.3196
5021,CA-2017-136511,20220323,20220325,552,1445,406,3,347.58,3,0.0,17.379
5022,CA-2016-133795,20211218,20211224,354,1498,96,4,72.64,2,0.0,21.792
5023,CA-2016-133795,20211218,20211224,354,1570,96,4,772.47,3,0.0,146.7693
5024,CA-2016-133795,20211218,20211224,354,270,96,4,39.92,4,0.0,11.1776
5025,US-2017-130953,20220729,20220803,641,841,466,4,33.48,2,0.0,16.4052
5026,US-2017-130953,20220729,20220803,641,1797,466,4,461.97,3,0.0,133.9713
5027,US-2017-130953,20220729,20220803,641,422,466,4,137.62,2,0.0,60.5528
5028,US-2017-130953,20220729,20220803,641,127,466,4,302.67,3,0.0,72.6408
5029,CA-2014-151792,20190902,20190907,183,1504,215,3,239.976,3,0.2,53.9946
5030,CA-2017-139304,20220129,20220202,779,510,98,4,8.34,3,0.0,2.1684
5031,CA-2017-139304,20220129,20220202,779,1434,98,4,8.57,1,0.0,2.2282
5032,CA-2017-139304,20220129,20220202,779,741,98,4,119.616,8,0.2,40.3704
5033,CA-2016-155166,20211226,20220102,66,116,387,4,212.94,3,0.0,25.5528
5034,CA-2016-155166,20211226,20220102,66,436,387,4,26.49,1,0.0,7.4172
5035,CA-2015-103954,20200809,20200813,332,46,626,3,687.4,5,0.0,48.118
5036,CA-2014-169803,20190406,20190412,672,322,615,4,653.55,3,0.0,111.1035
5037,CA-2014-169803,20190406,20190412,672,1561,615,4,33.9,2,0.0,2.034
5038,CA-2017-141719,20221117,20221121,257,1565,225,3,239.96,5,0.2,83.986
5039,CA-2015-136469,20200711,20200712,765,328,149,1,199.836,4,0.3,-37.1124
5040,CA-2015-136469,20200711,20200712,765,1743,149,1,716.0,2,0.0,193.32
5041,CA-2015-136469,20200711,20200712,765,825,149,1,221.06,7,0.0,103.8982
5042,CA-2016-158694,20211110,20211113,36,1170,67,3,67.71,3,0.0,32.5008
5043,CA-2016-158694,20211110,20211113,36,378,67,3,129.92,4,0.0,38.976
5044,CA-2016-158694,20211110,20211113,36,171,67,3,467.46,9,0.0,191.6586
5045,CA-2016-158694,20211110,20211113,36,1101,67,3,61.4,5,0.0,28.858
5046,CA-2016-158694,20211110,20211113,36,1344,67,3,720.76,4,0.0,187.3976
5047,CA-2016-158694,20211110,20211113,36,834,67,3,5.184,3,0.2,1.8144
5048,CA-2016-158694,20211110,20211113,36,512,67,3,14.7,5,0.0,3.969
5049,US-2014-104759,20190331,20190404,202,724,213,4,8.134,7,0.8,-13.8278
5050,US-2014-104759,20190331,20190404,202,1600,213,4,79.984,2,0.2,13.9972
5051,CA-2015-150511,20200918,20200924,6,1126,603,4,18.54,2,0.0,8.7138
5052,CA-2015-134922,20201107,20201111,415,849,484,4,24.4,2,0.2,7.93
5053,US-2017-120607,20220519,20220519,347,1205,190,2,195.64,4,0.0,91.9508
5054,CA-2015-141243,20200103,20200108,33,1555,533,3,398.4,5,0.2,84.66
5055,CA-2015-141243,20200103,20200108,33,514,533,3,7.056,3,0.2,0.7938
5056,CA-2015-141243,20200103,20200108,33,29,533,3,1352.3976,9,0.32,-437.5404
5057,CA-2015-162166,20200908,20200911,570,1178,74,1,26.4,5,0.0,11.88
5058,CA-2015-162166,20200908,20200911,570,1373,74,1,41.88,6,0.0,0.837599999999998
5059,CA-2016-120796,20210403,20210407,173,819,484,4,99.846,9,0.7,-83.205
5060,CA-2016-109722,20211205,20211207,757,1699,271,3,699.98,2,0.0,195.9944
5061,CA-2016-109722,20211205,20211207,757,1293,271,3,584.82,9,0.0,70.1784
5062,CA-2015-136798,20200508,20200512,219,785,334,4,43.98,2,0.0,21.99
5063,CA-2015-136798,20200508,20200512,219,1695,334,4,377.97,3,0.0,105.8316
5064,CA-2015-136798,20200508,20200512,219,163,334,4,123.96,3,0.0,11.1564
5065,CA-2017-122196,20220922,20220924,123,1862,149,1,391.98,2,0.0,113.6742
5066,CA-2017-142090,20221130,20221207,674,1515,418,4,383.976,3,0.2,81.5949
5067,CA-2017-142090,20221130,20221207,674,337,418,4,1781.682,7,0.4,-653.2834
5068,CA-2017-160934,20220115,20220119,773,585,65,4,21.4,5,0.0,6.206
5069,CA-2014-124478,20190808,20190812,483,1606,326,4,549.99,1,0.0,274.995
5070,CA-2014-124478,20190808,20190812,483,428,326,4,167.535,3,0.1,37.23
5071,CA-2014-124478,20190808,20190812,483,869,326,4,38.34,3,0.0,17.253
5072,CA-2014-124478,20190808,20190812,483,211,326,4,53.88,6,0.0,22.6296
5073,CA-2014-124478,20190808,20190812,483,1714,326,4,299.98,2,0.0,83.9944
5074,CA-2015-145485,20201105,20201105,396,1312,98,2,62.8,4,0.0,15.7
5075,CA-2017-151071,20220425,20220429,486,727,69,3,13.904,2,0.2,4.5188
5076,CA-2014-134572,20190420,20190422,721,332,547,3,744.1,5,0.3,-95.67
5077,CA-2014-134572,20190420,20190422,721,1415,547,3,44.84,5,0.2,5.605
5078,CA-2014-134572,20190420,20190422,721,369,547,3,401.59,2,0.3,-131.951
5079,CA-2017-143217,20221111,20221117,143,758,626,4,18.24,3,0.0,8.5728
5080,US-2017-133312,20221125,20221129,69,19,100,4,359.499,3,0.15,-29.6058
5081,US-2017-133312,20221125,20221129,69,1336,100,4,10.48,1,0.0,2.8296
5082,US-2015-137533,20201218,20201218,380,1219,440,2,20.736,4,0.2,7.2576
5083,CA-2016-155138,20210908,20210912,393,1578,431,4,35.168,4,0.2,8.3524
5084,CA-2016-155138,20210908,20210912,393,1053,431,4,64.704,3,0.2,23.4552
5085,CA-2016-108350,20210606,20210609,671,1226,299,3,105.52,4,0.0,48.5392
5086,CA-2015-144302,20200619,20200623,498,681,532,4,5.792,2,0.8,-9.5568
5087,CA-2015-109001,20200305,20200309,440,1700,482,4,466.158,7,0.4,-93.2316
5088,CA-2015-109001,20200305,20200309,440,1487,482,4,10.312,1,0.2,-1.289
5089,CA-2015-109001,20200305,20200309,440,778,482,4,2.556,3,0.7,-1.7892
5090,CA-2017-132738,20220804,20220807,329,1124,133,1,7.968,2,0.2,2.8884
5091,CA-2017-132738,20220804,20220807,329,855,133,1,8.784,1,0.2,3.1842
5092,CA-2017-156720,20221230,20230103,393,935,133,4,3.024,3,0.2,-0.6048
5093,CA-2015-119102,20200523,20200527,433,1414,491,4,51.45,3,0.0,13.8915
5094,US-2014-140452,20191206,20191210,90,459,213,4,14.016,4,0.8,-31.536
5095,US-2014-140452,20191206,20191210,90,362,213,4,214.95,5,0.5,-120.372
5096,US-2014-140452,20191206,20191210,90,1690,213,4,35.04,4,0.2,-7.008
5097,US-2014-140452,20191206,20191210,90,211,213,4,10.776,3,0.6,-4.8492
5098,US-2014-140452,20191206,20191210,90,843,213,4,4.6,2,0.8,-8.05
5099,US-2014-140452,20191206,20191210,90,1372,213,4,35.168,2,0.2,-8.3524
5100,CA-2015-141936,20200807,20200812,602,730,34,4,19.152,3,0.2,6.4638
5101,CA-2014-158442,20190317,20190317,64,595,533,2,4.448,2,0.2,0.3336
5102,CA-2014-158442,20190317,20190317,64,1157,533,2,5.184,1,0.2,1.8792
5103,CA-2014-158442,20190317,20190317,64,1168,533,2,15.552,3,0.2,5.4432
5104,CA-2015-167374,20200326,20200330,306,1142,484,3,40.032,6,0.2,12.51
5105,CA-2015-167374,20200326,20200330,306,1589,484,3,16.776,3,0.2,5.0328
5106,CA-2014-116568,20191214,20191220,94,92,158,4,186.304,4,0.2,13.9728
5107,CA-2015-147102,20200919,20200926,566,1475,191,4,66.36,4,0.0,23.226
5108,CA-2017-132213,20220425,20220426,602,613,514,1,42.048,9,0.2,5.256
5109,CA-2017-132213,20220425,20220426,602,540,514,1,67.92,5,0.2,6.792
5110,CA-2014-138450,20191018,20191022,258,857,483,4,52.512,6,0.2,19.692
5111,CA-2014-138450,20191018,20191022,258,1395,483,4,186.912,6,0.2,-35.046
5112,CA-2014-138450,20191018,20191022,258,1198,483,4,10.048,4,0.2,3.14
5113,CA-2015-153073,20201113,20201113,317,172,213,2,17.496,9,0.6,-7.4358
5114,CA-2016-147970,20210131,20210202,8,1241,534,3,15.552,3,0.2,5.4432
5115,CA-2016-150658,20211117,20211122,537,808,390,4,10.776,3,0.2,3.3675
5116,CA-2017-125640,20220725,20220729,202,1002,483,4,3.304,1,0.2,1.0738
5117,CA-2017-154137,20221111,20221117,543,1390,405,4,35.48,1,0.0,0.0
5118,CA-2015-127173,20200926,20201003,306,942,410,4,34.44,3,0.0,16.1868
5119,CA-2015-127173,20200926,20201003,306,1647,410,4,629.93,7,0.0,296.0671
5120,CA-2015-127173,20200926,20201003,306,641,410,4,79.056,9,0.2,28.6578
5121,CA-2014-149538,20190404,20190408,418,1408,279,4,232.55,5,0.0,9.30199999999999
5122,CA-2014-149538,20190404,20190408,418,1544,279,4,99.98,2,0.0,42.9914
5123,CA-2014-149538,20190404,20190408,418,1233,279,4,19.44,3,0.0,9.3312
5124,CA-2014-149538,20190404,20190408,418,1157,279,4,12.96,2,0.0,6.3504
5125,CA-2014-160766,20190914,20190914,224,324,405,2,464.292,9,0.4,-108.3348
5126,CA-2014-160766,20190914,20190914,224,853,405,2,68.46,7,0.0,31.4916
5127,CA-2014-160766,20190914,20190914,224,1667,405,2,2799.96,4,0.0,1371.9804
5128,CA-2014-160766,20190914,20190914,224,440,405,2,601.3,2,0.0,198.429
5129,CA-2014-160766,20190914,20190914,224,1730,405,2,16.99,1,0.0,4.4174
5130,CA-2014-160766,20190914,20190914,224,1698,405,2,287.97,3,0.0,80.6316
5131,CA-2014-160766,20190914,20190914,224,1030,405,2,44.82,9,0.0,21.0654
5132,CA-2017-146626,20221229,20230105,102,226,31,4,101.12,8,0.0,37.4144
5133,CA-2015-123330,20200621,20200627,276,1744,158,4,107.976,3,0.2,37.7916
5134,CA-2017-155607,20221126,20221130,283,415,405,4,58.73,7,0.0,14.6825
5135,CA-2017-155607,20221126,20221130,283,773,405,4,93.344,4,0.2,32.6704
5136,CA-2016-151323,20211023,20211028,10,929,613,4,17.05,5,0.0,8.184
5137,CA-2015-146696,20201214,20201219,631,739,97,4,8.096,2,0.2,2.7324
5138,CA-2016-128972,20211113,20211117,766,248,466,4,30.36,4,0.0,13.0548
5139,CA-2017-128335,20220929,20221005,340,864,403,4,23.34,3,0.0,10.9698
5140,CA-2017-128335,20220929,20221005,340,1289,403,4,51.55,5,0.0,24.2285
5141,CA-2015-154886,20201108,20201112,728,1512,98,4,119.9,2,0.0,43.164
5142,CA-2016-111213,20210401,20210405,291,56,405,4,1317.492,6,0.1,292.776
5143,CA-2016-111213,20210401,20210405,291,1427,405,4,63.84,8,0.0,18.5136
5144,CA-2016-111213,20210401,20210405,291,808,405,4,3.592,1,0.2,1.1225
5145,CA-2017-161333,20220202,20220207,388,246,68,4,86.26,2,0.0,29.3284
5146,CA-2017-161333,20220202,20220207,388,1303,68,4,139.04,4,0.0,38.9312
5147,CA-2017-161333,20220202,20220207,388,383,68,4,46.8,4,0.0,16.38
5148,CA-2017-128734,20221224,20221231,385,194,11,4,8.544,4,0.2,1.9224
5149,CA-2017-128734,20221224,20221231,385,70,11,4,842.376,3,0.2,105.297
5150,CA-2014-141796,20190621,20190621,366,1733,402,2,1214.85,3,0.0,352.3065
5151,CA-2017-125101,20220306,20220310,692,1313,98,3,67.78,2,0.0,16.945
5152,CA-2017-169929,20220925,20220928,474,1368,357,1,39.9,5,0.0,10.374
5153,US-2014-121566,20190630,20190706,172,828,406,4,2.688,1,0.2,0.84
5154,US-2014-121566,20190630,20190706,172,503,406,4,6.6,3,0.0,2.904
5155,US-2015-124219,20200807,20200808,447,731,349,1,28.4,4,0.0,13.064
5156,US-2015-124219,20200807,20200808,447,151,349,1,212.94,3,0.0,34.0704
5157,CA-2017-163006,20220630,20220704,299,1780,215,3,1001.584,2,0.2,125.198
5158,CA-2017-163006,20220630,20220704,299,53,215,3,569.058,3,0.3,-178.8468
5159,CA-2017-163006,20220630,20220704,299,273,215,3,14.224,2,0.6,-10.3124
5160,CA-2015-156146,20201026,20201030,23,1738,15,3,105.584,2,0.2,9.23860000000001
5161,CA-2015-156146,20201026,20201030,23,1728,15,3,68.72,2,0.2,-14.603
5162,CA-2014-111192,20190730,20190805,766,26,613,4,1367.84,8,0.0,259.8896
5163,CA-2016-115378,20211118,20211123,39,64,325,3,301.96,2,0.0,33.2156
5164,CA-2015-161627,20200706,20200711,696,116,81,4,170.352,3,0.2,-17.0352
5165,CA-2014-121006,20191110,20191116,668,507,317,4,3.9,2,0.0,1.521
5166,CA-2014-121006,20191110,20191116,668,1022,317,4,12.84,3,0.0,5.778
5167,CA-2014-121006,20191110,20191116,668,1172,317,4,15.84,3,0.0,7.128
5168,CA-2014-121006,20191110,20191116,668,136,317,4,563.94,3,0.0,112.788
5169,CA-2014-121006,20191110,20191116,668,1419,317,4,62.94,3,0.0,11.9586
5170,CA-2014-121006,20191110,20191116,668,1343,317,4,535.41,3,0.0,160.623
5171,CA-2016-122903,20210527,20210529,448,81,309,3,3504.9,5,0.0,700.98
5172,CA-2016-122903,20210527,20210529,448,1127,309,3,144.12,3,0.0,69.1776
5173,CA-2016-122903,20210527,20210529,448,1081,309,3,314.55,3,0.0,150.984
5174,CA-2015-107741,20200308,20200310,282,553,135,1,3.408,1,0.2,0.8946
5175,CA-2017-106432,20221019,20221024,123,749,574,4,2.072,2,0.8,-3.5224
5176,CA-2017-106432,20221019,20221024,123,43,574,4,328.3992,3,0.32,-91.7586
5177,CA-2016-148908,20211105,20211108,372,726,98,1,53.248,2,0.2,19.968
5178,CA-2016-123015,20211226,20211230,38,844,407,4,4.992,3,0.2,1.6848
5179,US-2015-120502,20200413,20200419,112,318,67,4,37.68,2,0.0,15.8256
5180,US-2015-120502,20200413,20200419,112,1817,67,4,258.576,2,0.2,19.3932
5181,US-2015-120502,20200413,20200419,112,473,67,4,75.84,2,0.0,29.5776
5182,CA-2017-108749,20220912,20220915,209,1233,491,1,45.36,7,0.0,21.7728
5183,CA-2017-108749,20220912,20220915,209,787,491,1,45.78,3,0.0,22.89
5184,CA-2017-163335,20220924,20220927,25,1322,191,1,40.29,3,0.0,10.0725
5185,CA-2017-163335,20220924,20220927,25,752,191,1,38.71,7,0.0,17.8066
5186,CA-2015-134719,20201010,20201015,349,1413,163,4,1801.632,6,0.2,-337.806
5187,US-2015-154389,20201127,20201203,262,1787,484,4,748.752,8,0.4,-162.2296
5188,CA-2015-115567,20200913,20200918,792,1494,242,4,199.96,4,0.0,15.9968
5189,CA-2015-115567,20200913,20200918,792,50,242,4,1516.2,7,0.0,394.212
5190,US-2017-136679,20221114,20221118,789,1596,561,4,167.952,6,0.2,-27.2922
5191,US-2017-136679,20221114,20221118,789,588,561,4,45.04,2,0.2,4.504
5192,US-2017-141943,20220505,20220509,213,886,100,4,23.16,2,0.0,11.58
5193,CA-2014-101560,20191128,20191201,176,271,492,3,397.6,5,0.0,43.736
5194,CA-2014-101560,20191128,20191201,176,1101,492,3,85.96,7,0.0,40.4012
5195,CA-2014-101560,20191128,20191201,176,630,492,3,13.12,4,0.0,4.3296
5196,CA-2014-101560,20191128,20191201,176,651,492,3,45.66,3,0.0,22.3734
5197,CA-2014-159709,20190510,20190515,36,859,606,4,158.13,3,0.0,77.4837
5198,CA-2014-159709,20190510,20190515,36,1826,606,4,43.6,5,0.2,4.36
5199,CA-2016-103982,20210303,20210308,1,1421,567,4,3930.072,3,0.2,-786.0144
5200,CA-2016-103982,20210303,20210308,1,917,567,4,2.304,1,0.2,0.7776
5201,CA-2016-103982,20210303,20210308,1,1707,567,4,431.976,3,0.2,32.3982
5202,CA-2016-103982,20210303,20210308,1,1543,567,4,41.72,7,0.2,5.7365
5203,CA-2015-142454,20200815,20200819,639,286,77,4,104.23,7,0.0,28.1421
5204,CA-2015-142454,20200815,20200819,639,1397,77,4,70.26,3,0.0,18.9702
5205,CA-2015-102015,20200912,20200918,754,626,396,4,9.26,2,0.0,3.0558
5206,CA-2015-102015,20200912,20200918,754,1353,396,4,105.98,2,0.0,4.2392
5207,CA-2015-102015,20200912,20200918,754,906,396,4,1.24,1,0.0,0.5828
5208,CA-2015-102015,20200912,20200918,754,973,396,4,20.7,2,0.0,9.936
5209,CA-2015-102015,20200912,20200918,754,1171,396,4,28.9,5,0.0,14.161
5210,CA-2015-102015,20200912,20200918,754,870,396,4,27.18,1,0.0,12.7746
5211,CA-2015-156755,20200112,20200118,791,1378,148,4,465.18,3,0.0,120.9468
5212,CA-2015-130876,20200512,20200516,64,1410,407,3,36.63,3,0.0,9.8901
5213,CA-2016-145898,20210926,20210926,162,1414,86,2,51.45,3,0.0,13.8915
5214,CA-2016-145898,20210926,20210926,162,949,86,2,7.83,3,0.0,3.6018
5215,CA-2016-145898,20210926,20210926,162,554,86,2,35.4,5,0.0,13.452
5216,CA-2016-145898,20210926,20210926,162,1118,86,2,29.9,5,0.0,13.455
5217,US-2017-159562,20220909,20220915,343,848,321,4,17.48,2,0.0,8.2156
5218,CA-2017-134635,20220415,20220417,577,1163,69,3,79.14,3,0.0,36.4044
5219,CA-2017-167080,20220610,20220614,453,532,406,4,8.4,5,0.0,4.2
5220,CA-2017-145653,20220901,20220901,125,133,309,2,498.26,7,0.0,134.5302
5221,CA-2014-140487,20190614,20190620,712,5,311,4,212.94,3,0.0,57.4938
5222,CA-2017-117401,20220518,20220522,607,395,353,3,706.86,7,0.0,197.9208
5223,CA-2017-117401,20220518,20220522,607,1813,353,3,114.95,5,0.0,2.29900000000001
5224,CA-2017-117401,20220518,20220522,607,689,353,3,43.19,7,0.0,20.7312
5225,US-2017-109582,20220912,20220917,395,1249,67,3,166.44,3,0.0,79.8912
5226,CA-2016-119865,20210621,20210626,53,698,406,4,36.56,5,0.2,12.796
5227,CA-2016-119865,20210621,20210626,53,762,406,4,186.144,6,0.2,60.4968
5228,CA-2016-119865,20210621,20210626,53,29,406,4,353.568,2,0.2,-44.196
5229,US-2014-147648,20191126,20191201,473,1084,98,4,81.98,2,0.0,40.1702
5230,CA-2017-124436,20220319,20220322,664,698,51,3,14.624,2,0.2,5.1184
5231,CA-2017-124436,20220319,20220322,664,326,51,3,697.16,5,0.2,8.71449999999999
5232,CA-2017-124436,20220319,20220322,664,177,51,3,30.93,1,0.0,12.6813
5233,CA-2017-124436,20220319,20220322,664,654,51,3,27.496,7,0.2,9.2799
5234,CA-2014-115084,20191018,20191022,474,127,30,4,605.34,6,0.0,145.2816
5235,CA-2017-131037,20220822,20220823,755,333,99,1,210.008,1,0.2,2.62509999999998
5236,CA-2016-111143,20211119,20211122,772,414,245,1,54.96,3,0.0,15.9384
5237,CA-2014-166744,20190920,20190924,227,315,286,4,164.22,3,0.0,50.9082
5238,CA-2014-166744,20190920,20190924,227,7,286,4,362.94,3,0.0,36.294
5239,CA-2014-166744,20190920,20190924,227,1567,286,4,59.98,2,0.0,26.3912
5240,CA-2016-116561,20210911,20210917,253,1409,102,4,332.94,3,0.0,6.6588
5241,CA-2016-116561,20210911,20210917,253,705,102,4,39.872,2,0.2,12.9584
5242,CA-2016-110730,20210923,20210926,155,1455,615,3,13.68,2,0.0,3.6936
5243,CA-2017-146367,20220804,20220808,329,752,526,4,3.318,3,0.8,-5.6406
5244,CA-2016-149454,20210725,20210726,437,786,587,1,10.44,1,0.0,4.8024
5245,CA-2016-156265,20210802,20210804,81,331,66,3,136.464,2,0.2,15.3522
5246,CA-2016-156265,20210802,20210804,81,1747,66,3,333.576,3,0.2,33.3576
5247,CA-2016-156265,20210802,20210804,81,649,66,3,12.544,2,0.2,4.704
5248,US-2015-168914,20200521,20200527,357,386,221,4,20.768,8,0.8,-52.9584
5249,US-2017-110989,20221103,20221105,265,1528,614,3,43.5,3,0.0,10.875
5250,CA-2015-106215,20200416,20200421,95,916,485,4,12.576,4,0.2,4.0872
5251,US-2016-169369,20211212,20211218,255,1494,191,4,249.95,5,0.0,19.996
5252,US-2016-169369,20211212,20211218,255,1266,191,4,49.12,4,0.0,23.0864
5253,CA-2015-132318,20201030,20201102,771,376,597,1,182.91,3,0.0,53.0439
5254,US-2014-131982,20190307,20190311,573,813,603,3,107.648,2,0.2,33.64
5255,CA-2015-125185,20200305,20200307,31,94,479,3,99.372,2,0.3,-7.09799999999999
5256,CA-2015-125185,20200305,20200307,31,252,479,3,33.568,2,0.2,-5.4548
5257,CA-2016-130078,20210808,20210814,130,1212,466,4,10.56,2,0.0,4.752
5258,US-2017-114034,20220103,20220108,220,1280,84,4,38.88,6,0.0,18.6624
5259,US-2017-115595,20221009,20221011,789,1123,66,1,35.2,5,0.0,16.544
5260,CA-2017-158722,20221020,20221026,483,1028,482,4,45.528,3,0.2,15.9348
5261,CA-2014-105165,20190907,20190910,730,1704,545,1,196.776,3,0.2,14.7582
5262,CA-2014-105165,20190907,20190910,730,639,545,1,2.92,2,0.8,-4.818
5263,CA-2014-105165,20190907,20190910,730,365,545,1,200.795,1,0.3,-22.948
5264,CA-2014-105165,20190907,20190910,730,1540,545,1,46.688,4,0.2,-2.918
5265,CA-2014-105165,20190907,20190910,730,572,545,1,21.864,3,0.2,3.5529
5266,CA-2017-147452,20220930,20221003,171,1134,613,1,11.76,2,0.0,5.7624
5267,CA-2017-147452,20220930,20221003,171,1246,613,1,167.94,3,0.0,82.2906
5268,CA-2017-147452,20220930,20221003,171,412,613,1,3.89,1,0.0,1.0114
5269,US-2017-114657,20221116,20221121,516,1653,416,4,52.44,4,0.0,24.1224
5270,CA-2017-144484,20220911,20220911,126,148,99,2,32.36,4,0.0,11.6496
5271,CA-2017-144484,20220911,20220911,126,465,99,2,406.6,5,0.0,113.848
5272,CA-2017-125913,20220116,20220116,397,186,65,2,27.92,4,0.0,8.0968
5273,CA-2017-125913,20220116,20220116,397,328,65,2,399.672,7,0.2,-14.9877000000001
5274,US-2016-158309,20211126,20211129,582,644,169,1,3.744,4,0.7,-2.6208
5275,CA-2015-162887,20201107,20201109,722,59,585,3,715.2,3,0.0,178.8
5276,CA-2017-147333,20221214,20221220,434,1583,23,4,159.8,4,0.0,70.312
5277,CA-2017-147333,20221214,20221220,434,1549,23,4,44.75,5,0.0,8.50249999999999
5278,CA-2014-113859,20190913,20190917,67,129,560,4,340.116,6,0.3,-9.71759999999998
5279,CA-2014-159681,20191207,20191213,603,1224,597,4,105.52,4,0.0,48.5392
5280,US-2017-104094,20220907,20220911,25,1520,626,4,13.48,1,0.0,1.8872
5281,CA-2017-152709,20221007,20221012,193,1356,311,4,85.52,2,0.0,22.2352
5282,CA-2015-105158,20200905,20200910,710,193,336,4,6.16,2,0.0,2.9568
5283,CA-2015-105158,20200905,20200910,710,1145,336,4,36.84,3,0.0,17.3148
5284,CA-2014-133424,20190330,20190404,244,1382,614,4,15.84,3,0.0,0.0
5285,CA-2014-133424,20190330,20190404,244,976,614,4,44.4,3,0.0,22.2
5286,CA-2017-105991,20220505,20220506,463,872,132,1,21.24,9,0.2,7.434
5287,CA-2017-105991,20220505,20220506,463,767,132,1,9.552,8,0.7,-7.3232
5288,CA-2017-105991,20220505,20220506,463,45,132,1,89.991,3,0.7,-152.9847
5289,US-2017-136784,20220430,20220505,16,1067,100,4,163.96,4,0.0,80.3404
5290,CA-2014-146283,20190908,20190915,444,1164,545,4,17.904,2,0.2,6.2664
5291,CA-2014-146283,20190908,20190915,444,122,545,4,966.7,5,0.3,-13.8100000000001
5292,CA-2014-146283,20190908,20190915,444,1051,545,4,182.112,6,0.2,61.4628
5293,CA-2017-151218,20220620,20220623,596,1417,171,1,4.464,1,0.2,0.3348
5294,CA-2015-111073,20201226,20201230,494,362,454,4,51.588,1,0.4,-15.4764
5295,CA-2017-144883,20220815,20220819,97,950,337,4,50.4,8,0.0,23.184
5296,CA-2017-142174,20220304,20220309,230,1075,546,4,89.568,2,0.2,32.4684
5297,CA-2017-108791,20220727,20220731,755,286,416,4,14.89,1,0.0,4.0203
5298,CA-2017-108791,20220727,20220731,755,1784,416,4,543.92,8,0.0,135.98
5299,CA-2016-106656,20210923,20210926,238,861,96,1,4.08,2,0.0,1.9176
5300,CA-2016-106656,20210923,20210926,238,986,96,1,18.9,3,0.0,8.694
5301,CA-2016-113831,20210530,20210603,35,347,595,4,2275.5,10,0.0,386.835
5302,CA-2016-113831,20210530,20210603,35,1548,595,4,1979.7,6,0.0,653.301
5303,CA-2016-113831,20210530,20210603,35,962,595,4,62.1,6,0.0,29.808
5304,US-2014-139500,20191116,20191120,9,80,217,4,37.296,2,0.3,-1.0656
5305,US-2014-166310,20190921,20190923,409,188,540,1,8.544,2,0.6,-7.476
5306,US-2016-168410,20210221,20210226,117,160,410,4,68.95,5,0.0,28.959
5307,US-2016-168410,20210221,20210226,117,1291,410,4,296.37,3,0.0,80.0199
5308,US-2016-168410,20210221,20210226,117,1779,410,4,39.98,2,0.0,1.999
5309,CA-2017-131254,20221119,20221121,556,111,548,1,191.058,3,0.3,-46.3998
5310,CA-2017-131254,20221119,20221121,556,603,548,1,13.04,5,0.2,3.912
5311,CA-2017-131254,20221119,20221121,556,777,548,1,1525.188,6,0.8,-2287.782
5312,CA-2016-123414,20210821,20210827,720,1010,428,4,9.216,4,0.2,3.3408
5313,CA-2016-123414,20210821,20210827,720,1442,428,4,28.048,2,0.2,3.506
5314,CA-2017-137876,20220430,20220505,209,146,99,4,64.96,2,0.0,21.4368
5315,CA-2017-137876,20220430,20220505,209,856,99,4,30.56,4,0.0,14.9744
5316,CA-2016-154060,20210502,20210508,218,86,427,4,187.056,9,0.2,11.691
5317,US-2017-162558,20221002,20221005,245,221,510,1,11.808,2,0.2,1.3284
5318,US-2017-162558,20221002,20221005,245,312,510,1,9.656,1,0.2,1.5691
5319,US-2017-162558,20221002,20221005,245,1207,510,1,20.736,4,0.2,7.2576
5320,US-2017-162558,20221002,20221005,245,673,510,1,27.36,3,0.7,-21.888
5321,US-2017-162558,20221002,20221005,245,319,510,1,2314.116,7,0.4,-1002.7836
5322,US-2017-162558,20221002,20221005,245,800,510,1,34.236,4,0.7,-26.2476
5323,US-2017-162558,20221002,20221005,245,267,510,1,19.76,2,0.2,5.928
5324,CA-2017-134439,20220918,20220923,754,1250,360,3,15.96,2,0.0,7.98
5325,CA-2015-119508,20201204,20201209,775,593,60,4,16.9,5,0.0,6.253
5326,CA-2015-119508,20201204,20201209,775,296,60,4,25.08,6,0.0,9.0288
5327,CA-2015-152681,20200117,20200122,672,573,297,4,6.68,2,0.0,2.004
5328,CA-2014-130813,20190106,20190108,475,1150,69,3,19.44,3,0.0,9.3312
5329,CA-2015-120320,20200305,20200309,546,1685,545,4,31.92,2,0.2,2.394
5330,CA-2016-111941,20211225,20211228,72,695,408,3,33.568,2,0.2,11.7488
5331,CA-2016-123120,20210904,20210908,183,309,406,4,63.94,1,0.0,24.9366
5332,CA-2016-123120,20210904,20210908,183,693,406,4,60.6,5,0.2,20.4525
5333,CA-2016-123120,20210904,20210908,183,1438,406,4,22.72,4,0.0,6.5888
5334,CA-2014-103331,20190826,20190901,416,194,148,4,10.68,4,0.0,4.0584
5335,CA-2014-103331,20190826,20190901,416,1156,148,4,17.34,3,0.0,8.4966
5336,CA-2014-103331,20190826,20190901,416,1180,148,4,3.38,1,0.0,1.5548
5337,CA-2015-169278,20200521,20200525,500,704,614,4,26.976,4,0.2,8.7672
5338,CA-2017-111577,20221016,20221021,37,1019,17,4,307.776,7,0.2,111.5688
5339,CA-2015-146486,20201109,20201114,239,1374,410,3,244.55,5,0.0,4.89100000000001
5340,CA-2015-146486,20201109,20201114,239,861,410,3,12.24,6,0.0,5.7528
5341,CA-2015-146486,20201109,20201114,239,1517,410,3,13.98,2,0.0,6.0114
5342,CA-2015-146486,20201109,20201114,239,1538,410,3,899.95,5,0.0,53.997
5343,US-2014-168501,20191121,20191127,377,861,534,4,1.632,1,0.2,0.5508
5344,US-2014-168501,20191121,20191127,377,1859,534,4,267.96,5,0.2,16.7475
5345,CA-2015-112053,20201011,20201013,693,1534,411,3,31.95,1,0.0,2.2365
5346,CA-2017-108539,20220321,20220323,679,1386,68,3,725.84,4,0.0,210.4936
5347,CA-2017-108539,20220321,20220323,679,798,68,3,10.896,3,0.2,3.9498
5348,CA-2017-108539,20220321,20220323,679,674,68,3,8.544,2,0.2,2.8836
5349,CA-2015-149811,20200104,20200110,176,784,340,4,32.34,3,0.0,15.5232
5350,CA-2015-149811,20200104,20200110,176,1250,340,4,39.9,5,0.0,19.95
5351,US-2017-103814,20221209,20221216,462,1083,231,4,143.856,9,0.2,48.5514
5352,CA-2016-123932,20210906,20210912,790,1276,533,4,41.92,4,0.2,15.196
5353,CA-2016-123932,20210906,20210912,790,1770,533,4,329.584,2,0.2,37.0782
5354,US-2016-101616,20210903,20210906,186,637,281,1,87.28,8,0.0,41.0216
5355,CA-2014-113768,20190513,20190519,28,92,64,4,279.456,6,0.2,20.9592
5356,CA-2014-113768,20190513,20190519,28,1202,64,4,8.0,2,0.0,3.84
5357,CA-2016-138037,20210929,20211003,49,761,98,4,27.24,5,0.2,9.534
5358,CA-2014-150490,20190805,20190811,717,1584,100,4,16.36,1,0.0,1.636
5359,CA-2014-150490,20190805,20190811,717,1299,100,4,15.78,2,0.0,0.631199999999998
5360,CA-2014-150490,20190805,20190811,717,624,100,4,45.98,2,0.0,12.8744
5361,US-2017-126060,20220414,20220418,243,31,424,4,198.272,8,0.2,-32.2192
5362,CA-2017-100951,20220609,20220610,558,1344,533,1,720.76,5,0.2,54.057
5363,CA-2016-122017,20211229,20220102,139,161,268,4,70.56,6,0.0,23.9904
5364,CA-2016-122017,20211229,20220102,139,403,268,4,81.96,2,0.0,22.9488
5365,CA-2014-123477,20190118,20190121,240,390,475,3,64.864,4,0.2,6.4864
5366,CA-2016-107790,20211120,20211124,260,1846,546,4,151.192,1,0.2,13.2293
5367,CA-2017-158071,20220610,20220615,68,1796,613,4,88.776,3,0.2,7.7679
5368,CA-2017-158071,20220610,20220615,68,1012,613,4,11.56,4,0.0,5.4332
5369,CA-2017-158071,20220610,20220615,68,1332,613,4,15.58,1,0.0,3.895
5370,CA-2017-147403,20220910,20220913,432,1213,437,1,85.056,3,0.2,28.7064
5371,US-2017-136721,20220408,20220412,566,305,319,4,273.96,2,0.0,71.2296
5372,US-2017-136721,20220408,20220412,566,294,319,4,306.9,3,0.0,79.794
5373,CA-2015-118738,20201024,20201030,23,1208,546,4,15.552,3,0.2,5.4432
5374,CA-2015-118738,20201024,20201030,23,345,546,4,347.361,7,0.3,-69.4722
5375,CA-2015-118738,20201024,20201030,23,1087,546,4,10.368,2,0.2,3.6288
5376,CA-2017-134152,20220527,20220531,655,1584,613,4,98.16,6,0.0,9.816
5377,CA-2017-134152,20220527,20220531,655,612,613,4,31.44,3,0.0,7.86
5378,CA-2014-125542,20191205,20191207,554,847,483,1,348.488,7,0.2,117.6147
5379,CA-2014-125542,20191205,20191207,554,1341,483,1,172.736,4,0.2,-30.2288
5380,CA-2016-136021,20210814,20210818,393,1057,68,4,15.54,3,0.0,7.6146
5381,CA-2016-136021,20210814,20210818,393,1621,68,4,105.552,6,0.2,35.6238
5382,CA-2016-149195,20210905,20210907,226,1136,547,3,25.92,5,0.2,9.072
5383,CA-2016-149195,20210905,20210907,226,920,547,3,15.808,8,0.2,5.3352
5384,CA-2016-149195,20210905,20210907,226,1151,547,3,10.368,2,0.2,3.7584
5385,CA-2017-161410,20220626,20220703,131,1740,485,4,358.2,3,0.4,41.79
5386,CA-2017-161410,20220626,20220703,131,1703,485,4,545.916,14,0.4,72.7888
5387,CA-2017-152786,20220312,20220317,294,668,28,4,40.41,9,0.0,18.5886
5388,CA-2017-164707,20220218,20220221,184,1748,68,3,167.976,3,0.2,10.4985
5389,CA-2017-164707,20220218,20220221,184,1598,68,3,109.53,3,0.0,47.0979
5390,CA-2017-164707,20220218,20220221,184,1004,68,3,9.82,2,0.0,4.8118
5391,CA-2017-163874,20221110,20221112,557,641,614,3,26.352,3,0.2,9.5526
5392,US-2014-123183,20191119,20191125,310,982,149,4,22.5,6,0.0,10.8
5393,US-2014-123183,20191119,20191125,310,966,149,4,9.96,2,0.0,4.5816
5394,US-2014-123183,20191119,20191125,310,738,149,4,213.08,7,0.0,102.2784
5395,US-2014-123183,20191119,20191125,310,3,149,4,1025.88,6,0.0,235.9524
5396,CA-2014-104829,20191118,20191121,368,1198,582,3,21.98,7,0.0,9.891
5397,US-2016-147340,20210924,20210924,248,226,99,2,63.2,5,0.0,23.384
5398,CA-2016-145492,20211120,20211127,491,451,64,4,39.0,12,0.0,11.31
5399,CA-2016-163202,20210927,20211002,93,747,450,4,2.907,3,0.7,-2.0349
5400,CA-2016-117681,20210409,20210414,321,13,64,4,556.665,5,0.15,6.54900000000002
5401,CA-2017-132262,20220921,20220923,524,1462,613,1,71.98,2,0.0,15.1158
5402,CA-2017-132262,20220921,20220923,524,1466,613,1,79.98,2,0.0,26.3934
5403,CA-2017-123043,20220824,20220829,31,795,407,4,24.672,4,0.2,7.71
5404,CA-2017-123043,20220824,20220829,31,643,407,4,3.744,1,0.2,1.3104
5405,US-2016-143280,20210222,20210226,775,1768,68,4,445.96,5,0.2,55.7449999999999
5406,US-2016-143280,20210222,20210226,775,1559,68,4,36.24,1,0.0,15.2208
5407,US-2016-143280,20210222,20210226,775,914,68,4,10.65,3,0.0,5.0055
5408,CA-2017-108854,20221208,20221214,225,1199,98,4,87.92,4,0.0,40.4432
5409,CA-2017-108854,20221208,20221214,225,754,98,4,22.424,1,0.2,8.409
5410,CA-2017-108854,20221208,20221214,225,706,98,4,90.48,3,0.2,33.93
5411,CA-2017-108854,20221208,20221214,225,1356,98,4,42.76,1,0.0,11.1176
5412,CA-2017-166856,20220918,20220922,767,721,391,4,10.08,7,0.2,3.528
5413,CA-2017-166856,20220918,20220922,767,1602,391,4,101.34,3,0.0,8.10719999999999
5414,CA-2016-153157,20210911,20210914,741,1801,268,1,224.75,5,0.0,62.93
5415,US-2017-125647,20220923,20220928,451,387,215,4,73.176,6,0.8,-197.5752
5416,US-2017-125647,20220923,20220928,451,1282,215,4,20.736,4,0.2,7.2576
5417,US-2017-125647,20220923,20220928,451,1836,215,4,39.984,2,0.2,-8.9964
5418,CA-2014-132542,20191006,20191008,41,806,362,3,15.36,2,0.0,7.68
5419,CA-2015-110877,20201023,20201026,356,1275,546,1,36.288,7,0.2,12.7008
5420,CA-2015-110877,20201023,20201026,356,1755,546,1,150.384,2,0.2,15.0384
5421,US-2016-151827,20210331,20210402,173,1787,483,3,280.782,3,0.4,-60.8361
5422,US-2016-151827,20210331,20210402,173,1558,483,3,31.984,2,0.2,1.1994
5423,US-2016-163258,20211229,20220102,591,643,68,4,11.232,3,0.2,3.9312
5424,CA-2017-103009,20221103,20221105,595,1090,276,3,26.4,5,0.0,11.88
5425,US-2017-120649,20220120,20220126,363,522,146,4,3.52,2,0.0,1.0208
5426,CA-2016-153598,20211203,20211206,570,1571,68,1,1649.95,5,0.0,659.98
5427,CA-2016-153598,20211203,20211206,570,175,68,1,111.9,6,0.0,51.474
5428,US-2016-108497,20210614,20210614,510,41,67,2,599.165,5,0.15,35.245
5429,CA-2016-113096,20210902,20210904,730,1393,100,1,46.53,3,0.0,12.0978
5430,CA-2014-136861,20190905,20190907,608,206,183,1,31.984,2,0.2,1.999
5431,CA-2017-117422,20221021,20221025,281,395,449,4,161.568,2,0.2,16.1568
5432,CA-2017-117422,20221021,20221025,281,1157,449,4,4.064,1,0.2,1.3716
5433,CA-2017-117422,20221021,20221025,281,749,449,4,6.216,4,0.7,-4.9728
5434,CA-2017-129707,20220425,20220429,461,478,11,4,8.896,4,0.2,0.6672
5435,CA-2015-160171,20201019,20201024,650,384,65,4,1640.7,5,0.0,459.396
5436,CA-2015-160171,20201019,20201024,650,1480,65,4,270.0,3,0.0,97.2
5437,CA-2014-103317,20190705,20190708,226,190,176,1,19.52,2,0.2,5.368
5438,CA-2014-103317,20190705,20190708,226,714,176,1,9.81,5,0.7,-6.867
5439,CA-2014-103317,20190705,20190708,226,250,176,1,213.216,3,0.2,15.9912
5440,CA-2016-167115,20210404,20210409,263,831,408,4,588.784,2,0.2,183.995
5441,US-2017-153633,20221113,20221118,744,551,164,3,2.064,1,0.2,0.1548
5442,CA-2017-155929,20220909,20220913,36,1078,13,4,6.368,2,0.2,2.388
5443,CA-2015-148712,20200417,20200423,392,1555,408,4,99.6,1,0.0,36.852
5444,CA-2015-148712,20200417,20200423,392,716,408,4,62.296,13,0.2,21.0249
5445,CA-2015-148712,20200417,20200423,392,490,408,4,10.71,3,0.0,2.7846
5446,CA-2016-128307,20210725,20210729,76,878,546,4,20.936,1,0.2,7.0659
5447,US-2016-127425,20210826,20210831,234,1809,408,4,33.0,6,0.0,8.25
5448,US-2016-127425,20210826,20210831,234,1541,408,4,249.95,5,0.0,87.4825
5449,US-2014-119081,20190912,20190919,731,1422,266,4,357.93,3,0.0,7.15860000000001
5450,US-2014-119081,20190912,20190919,731,1500,266,4,57.4,5,0.0,10.906
5451,US-2014-119081,20190912,20190919,731,827,266,4,331.96,2,0.0,149.382
5452,US-2014-119081,20190912,20190919,731,259,266,4,40.56,2,0.0,12.9792
5453,CA-2016-140613,20210722,20210729,442,1450,367,4,86.2,5,0.0,24.998
5454,US-2017-108700,20220519,20220523,595,1278,234,4,38.016,6,0.2,13.7808
5455,CA-2017-160962,20220428,20220502,491,1336,485,4,8.384,1,0.2,0.7336
5456,CA-2017-160962,20220428,20220502,491,568,485,4,6.848,2,0.2,0.770399999999999
5457,CA-2017-130631,20221229,20230102,109,902,604,4,19.6,5,0.0,9.604
5458,CA-2017-130631,20221229,20230102,109,292,604,4,68.46,2,0.0,20.538
5459,CA-2017-116680,20220904,20220906,598,803,100,3,13.344,6,0.2,4.3368
5460,CA-2017-116680,20220904,20220906,598,334,100,3,1478.272,8,0.2,92.3920000000001
5461,US-2014-107405,20190321,20190325,763,1366,417,4,16.272,1,0.2,-3.8646
5462,CA-2017-101574,20220928,20221004,74,193,66,4,9.24,3,0.0,4.4352
5463,CA-2014-146591,20190119,20190120,764,784,17,1,32.34,10,0.7,-23.716
5464,CA-2014-146591,20190119,20190120,764,1065,17,1,56.064,4,0.2,19.6224
5465,CA-2014-146591,20190119,20190120,764,870,17,1,108.72,5,0.2,36.693
5466,CA-2014-146591,20190119,20190120,764,16,17,1,181.47,5,0.7,-320.597
5467,CA-2014-107706,20190214,20190219,719,1048,548,3,16.176,3,0.2,6.066
5468,CA-2016-122448,20210609,20210614,193,96,98,4,122.352,3,0.2,13.7646
5469,CA-2014-132451,20190926,20190927,428,56,97,1,585.552,3,0.2,73.194
5470,CA-2014-132451,20190926,20190927,428,1282,97,1,19.44,3,0.0,9.3312
5471,CA-2016-158547,20210530,20210604,396,453,447,4,123.92,5,0.2,9.294
5472,CA-2017-116946,20221219,20221223,767,153,134,4,13.36,5,0.2,4.008
5473,CA-2017-116946,20221219,20221223,767,1374,134,4,78.256,2,0.2,-17.6076
5474,CA-2017-116946,20221219,20221223,767,4,134,4,102.018,7,0.7,-183.6324
5475,CA-2017-121741,20221226,20221226,790,1413,359,2,750.68,2,0.0,37.534
5476,CA-2017-169691,20220615,20220618,245,976,333,1,44.4,3,0.0,22.2
5477,CA-2017-169691,20220615,20220618,245,1334,333,1,84.55,5,0.0,22.8285
5478,CA-2017-169691,20220615,20220618,245,1199,333,1,17.94,3,0.0,8.7906
5479,CA-2016-121356,20211120,20211124,697,728,148,4,128.4,3,0.0,62.916
5480,CA-2014-101770,20190331,20190404,415,679,171,4,1.869,1,0.7,-1.3083
5481,CA-2017-105487,20221008,20221014,176,1720,97,4,103.192,1,0.2,11.6091
5482,CA-2017-105487,20221008,20221014,176,1524,97,4,36.0,2,0.0,6.48
5483,CA-2017-105487,20221008,20221014,176,1565,97,4,239.96,4,0.0,115.1808
5484,CA-2017-105487,20221008,20221014,176,1366,97,4,40.68,2,0.0,0.406799999999997
5485,CA-2017-148999,20220130,20220204,250,82,169,4,419.136,4,0.2,-68.1096
5486,CA-2014-107573,20191212,20191217,585,853,170,4,23.472,3,0.2,7.6284
5487,CA-2015-156608,20201024,20201029,544,808,569,4,3.592,4,0.8,-6.286
5488,CA-2017-134495,20220401,20220404,81,1856,163,3,23.976,3,0.2,-5.6943
5489,CA-2017-134495,20220401,20220404,81,949,163,3,6.264,3,0.2,2.0358
5490,CA-2017-134495,20220401,20220404,81,420,163,3,20.808,3,0.2,1.8207
5491,CA-2017-134495,20220401,20220404,81,111,163,3,218.352,3,0.2,-19.1058
5492,CA-2017-164098,20220126,20220127,144,1308,547,1,18.16,2,0.2,1.816
5493,CA-2014-105249,20191128,20191128,207,1432,100,2,7.36,2,0.0,0.1472
5494,CA-2014-105249,20191128,20191128,207,973,100,2,41.4,4,0.0,19.872
5495,CA-2014-105249,20191128,20191128,207,2,100,2,411.332,4,0.15,-4.83919999999998
5496,CA-2015-113523,20200904,20200908,675,688,484,4,7.656,4,0.7,-6.1248
5497,CA-2017-117821,20220612,20220616,324,1583,452,4,63.92,2,0.2,19.176
5498,CA-2017-164378,20220715,20220718,527,509,407,3,6.56,2,0.0,1.9024
5499,CA-2017-164378,20220715,20220718,527,956,407,3,7.83,3,0.0,3.6018
5500,CA-2017-164378,20220715,20220718,527,1592,407,3,41.9,2,0.0,8.799
5501,CA-2017-164378,20220715,20220718,527,84,407,3,664.146,6,0.1,88.5528
5502,CA-2017-164378,20220715,20220718,527,1270,407,3,8.96,2,0.0,4.3904
5503,CA-2017-127782,20221102,20221106,751,196,484,4,3.312,1,0.2,0.6624
5504,CA-2017-127782,20221102,20221106,751,415,484,4,20.136,3,0.2,1.2585
5505,CA-2017-127782,20221102,20221106,751,889,484,4,8.856,3,0.2,2.8782
5506,CA-2017-127782,20221102,20221106,751,1743,484,4,859.2,4,0.4,-186.16
5507,US-2016-162026,20211008,20211008,357,1026,67,2,61.96,2,0.0,27.882
5508,CA-2016-150000,20210408,20210414,592,875,197,4,17.92,4,0.0,8.6016
5509,CA-2015-168529,20201008,20201012,485,189,100,4,145.9,5,0.0,62.737
5510,US-2017-152569,20220515,20220520,351,1122,215,4,56.704,2,0.2,19.1376
5511,US-2017-152569,20220515,20220520,351,1759,215,4,11.12,2,0.2,3.475
5512,US-2014-137680,20190224,20190302,369,1027,471,4,32.896,4,0.2,11.1024
5513,US-2014-137680,20190224,20190302,369,1020,471,4,22.776,3,0.2,7.6869
5514,CA-2015-103177,20200530,20200601,275,1741,405,1,239.97,3,0.0,2.39969999999998
5515,CA-2015-103177,20200530,20200601,275,467,405,1,160.32,2,0.0,44.8896
5516,CA-2015-103177,20200530,20200601,275,1728,405,1,128.85,3,0.0,3.8655
5517,US-2016-138408,20211118,20211121,420,1571,5,3,1319.96,4,0.0,527.984
5518,CA-2017-117667,20221204,20221209,542,126,483,4,239.96,10,0.3,-10.284
5519,CA-2017-117667,20221204,20221209,542,292,483,4,54.768,2,0.2,6.846
5520,CA-2017-117667,20221204,20221209,542,494,483,4,13.392,3,0.2,3.1806
5521,CA-2017-117667,20221204,20221209,542,1183,483,4,23.92,5,0.2,8.671
5522,CA-2017-117667,20221204,20221209,542,1474,483,4,255.968,4,0.2,-28.7964
5523,CA-2016-110982,20210605,20210607,148,668,107,1,21.552,6,0.2,7.0044
5524,CA-2016-110982,20210605,20210607,148,471,107,1,58.24,4,0.0,15.7248
5525,CA-2016-147123,20211210,20211212,695,1061,63,1,80.28,12,0.0,36.9288
5526,CA-2017-154501,20220430,20220505,246,561,65,4,9.78,2,0.0,4.0098
5527,CA-2017-166933,20220424,20220428,507,923,106,4,1.81,1,0.0,0.6516
5528,CA-2015-142055,20200508,20200510,10,1220,405,1,37.94,2,0.0,18.2112
5529,CA-2015-137106,20200331,20200404,672,1680,163,4,79.96,5,0.2,27.986
5530,CA-2017-136609,20220806,20220811,737,1264,527,4,115.296,3,0.2,40.3536
5531,CA-2017-160885,20221202,20221206,382,1741,362,4,2479.96,4,0.0,743.988
5532,US-2016-167472,20210606,20210607,150,1488,26,1,179.94,6,0.0,75.5748
5533,US-2016-167472,20210606,20210607,150,1549,26,1,26.85,3,0.0,5.1015
5534,US-2016-167472,20210606,20210607,150,1554,26,1,323.37,3,0.0,129.348
5535,US-2016-167472,20210606,20210607,150,1025,26,1,59.94,3,0.0,28.1718
5536,US-2016-167472,20210606,20210607,150,709,26,1,64.14,3,0.0,30.7872
5537,US-2016-167472,20210606,20210607,150,660,26,1,11.67,3,0.0,5.6016
5538,US-2016-167472,20210606,20210607,150,1109,26,1,12.96,2,0.0,6.2208
5539,CA-2015-120551,20200413,20200420,717,724,361,4,17.43,3,0.0,8.0178
5540,US-2017-150595,20220522,20220526,459,57,215,4,181.986,2,0.3,-54.5958
5541,US-2017-150595,20220522,20220526,459,767,215,4,1.592,2,0.8,-2.6268
5542,US-2017-150595,20220522,20220526,459,1423,215,4,22.344,3,0.2,2.5137
5543,CA-2016-134936,20211219,20211225,279,325,20,4,455.97,6,0.5,-218.8656
5544,CA-2016-134936,20211219,20211225,279,645,20,4,10.44,6,0.7,-7.656
5545,CA-2016-134936,20211219,20211225,279,727,20,4,5.214,2,0.7,-4.1712
5546,CA-2017-102967,20220922,20220926,507,1351,368,4,67.4,5,0.0,17.524
5547,CA-2017-151008,20220907,20220908,396,223,575,1,25.16,2,0.0,10.5672
5548,CA-2017-151008,20220907,20220908,396,1788,575,1,126.56,4,0.2,47.46
5549,CA-2014-159800,20191128,20191201,689,471,98,1,43.68,3,0.0,11.7936
5550,CA-2014-159800,20191128,20191201,689,1562,98,1,139.93,7,0.0,34.9825
5551,US-2014-159618,20191112,20191116,190,573,545,4,2.672,1,0.2,0.334
5552,US-2014-159618,20191112,20191116,190,1424,545,4,16.656,6,0.2,-3.123
5553,US-2014-159618,20191112,20191116,190,1570,545,4,79.512,3,0.2,20.8719
5554,US-2014-159618,20191112,20191116,190,1252,545,4,36.288,7,0.2,12.7008
5555,US-2014-159618,20191112,20191116,190,45,545,4,67.9932,1,0.32,-12.9987
5556,CA-2017-116113,20221002,20221006,411,244,7,3,10.16,2,0.0,3.4544
5557,CA-2015-125066,20201214,20201218,425,275,343,4,6.16,2,0.0,1.9712
5558,CA-2015-125066,20201214,20201218,425,588,343,4,56.3,2,0.0,15.764
5559,US-2015-114741,20201206,20201210,337,1017,365,4,6.48,1,0.0,3.1104
5560,US-2015-114741,20201206,20201210,337,1294,365,4,1325.85,5,0.0,238.653
5561,US-2015-114741,20201206,20201210,337,1013,365,4,14.94,3,0.0,6.8724
5562,CA-2017-133263,20220331,20220402,355,685,190,3,34.54,1,0.0,17.27
5563,CA-2017-133263,20220331,20220402,355,1605,190,3,2999.95,5,0.0,1439.976
5564,CA-2017-133263,20220331,20220402,355,656,190,3,64.12,4,0.0,30.7776
5565,CA-2017-157966,20220313,20220313,720,495,213,2,19.456,4,0.2,2.1888
5566,CA-2017-157966,20220313,20220313,720,1640,213,2,209.986,2,0.3,8.99939999999998
5567,CA-2017-157966,20220313,20220313,720,577,213,2,29.76,5,0.2,1.86
5568,CA-2017-157966,20220313,20220313,720,108,213,2,89.768,1,0.3,-2.5648
5569,CA-2017-157966,20220313,20220313,720,1605,213,2,959.984,2,0.2,335.9944
5570,CA-2017-157966,20220313,20220313,720,1139,213,2,15.552,3,0.2,5.6376
5571,CA-2017-157966,20220313,20220313,720,1728,213,2,34.36,1,0.2,-7.3015
5572,CA-2014-151162,20191205,20191209,246,1084,441,4,98.376,3,0.2,35.6613
5573,CA-2014-151162,20191205,20191209,246,791,441,4,29.94,4,0.7,-23.952
5574,CA-2014-151162,20191205,20191209,246,1200,441,4,17.472,3,0.2,5.6784
5575,CA-2014-151162,20191205,20191209,246,1746,441,4,36.738,1,0.4,-9.1845
5576,CA-2014-151162,20191205,20191209,246,1742,441,4,179.94,2,0.4,-44.985
5577,CA-2016-136686,20211212,20211216,642,312,81,4,383.64,6,0.0,122.7648
5578,CA-2016-136686,20211212,20211216,642,423,81,4,56.52,3,0.0,15.8256
5579,CA-2017-137498,20220909,20220914,455,601,64,3,6.56,2,0.0,1.9024
5580,CA-2017-137498,20220909,20220914,455,113,64,3,243.92,5,0.2,-15.245
5581,CA-2017-137498,20220909,20220914,455,1024,64,3,47.52,9,0.0,22.8096
5582,CA-2017-163818,20221004,20221008,610,140,285,4,19.98,1,0.0,8.5914
5583,CA-2016-161158,20210509,20210513,610,486,407,4,8.0,5,0.0,3.44
5584,CA-2014-116673,20191215,20191219,398,275,96,3,6.16,2,0.0,1.9712
5585,CA-2017-105333,20221130,20221204,783,1360,406,4,83.56,4,0.0,1.6712
5586,CA-2017-105333,20221130,20221204,783,1726,406,4,546.06,3,0.0,163.818
5587,CA-2017-105333,20221130,20221204,783,1355,406,4,269.49,3,0.0,5.38979999999999
5588,CA-2015-149993,20200319,20200320,294,918,61,1,10.9,5,0.0,3.597
5589,CA-2014-168158,20190719,20190724,273,712,356,4,6.096,2,0.2,2.2098
5590,CA-2016-115224,20211208,20211211,198,1308,99,3,34.05,3,0.0,9.534
5591,CA-2016-115224,20211208,20211211,198,1404,99,3,352.38,2,0.0,81.0474
5592,CA-2014-164742,20191013,20191018,520,98,378,3,245.98,2,0.0,27.0578
5593,CA-2014-164742,20191013,20191018,520,837,378,3,18.94,1,0.0,9.47
5594,US-2017-108014,20221119,20221125,369,800,440,4,59.913,7,0.7,-45.9333
5595,CA-2017-160325,20220924,20220924,100,1710,297,2,391.98,2,0.0,109.7544
5596,CA-2017-160325,20220924,20220924,100,1749,297,2,437.85,3,0.0,131.355
5597,CA-2015-159779,20200925,20200929,666,746,368,4,68.62,2,0.0,32.2514
5598,CA-2017-151176,20220213,20220220,722,1429,284,4,25.02,3,0.0,6.5052
5599,CA-2017-151176,20220213,20220220,722,490,284,4,10.71,3,0.0,2.7846
5600,CA-2014-108903,20191003,20191003,228,608,441,2,55.984,2,0.2,4.1988
5601,CA-2014-108903,20191003,20191003,228,892,441,2,14.48,5,0.2,4.887
5602,CA-2014-108903,20191003,20191003,228,1546,441,2,142.488,3,0.2,-3.5622
5603,CA-2016-117919,20210827,20210829,737,1396,546,3,14.16,1,0.2,1.062
5604,CA-2016-117919,20210827,20210829,737,1261,546,3,79.92,5,0.2,27.972
5605,CA-2015-142475,20201203,20201207,106,790,406,4,590.352,6,0.2,206.6232
5606,CA-2016-134516,20210920,20210925,287,188,427,4,17.088,2,0.2,1.068
5607,CA-2016-134516,20210920,20210925,287,98,427,4,98.392,1,0.2,-11.0691
5608,CA-2017-105193,20220325,20220331,388,523,407,4,11.05,5,0.0,2.9835
5609,CA-2015-168634,20201206,20201211,17,412,98,4,7.78,2,0.0,2.0228
5610,CA-2017-117198,20220831,20220905,86,1548,281,4,659.9,2,0.0,217.767
5611,CA-2015-145828,20201005,20201007,485,1525,439,1,53.04,3,0.2,-4.641
5612,CA-2017-121027,20220818,20220822,334,1518,614,4,843.9,2,0.0,371.316
5613,CA-2017-121027,20220818,20220822,334,1523,614,4,1496.16,9,0.0,224.424
5614,CA-2016-147431,20210202,20210207,7,1405,406,4,117.96,2,0.0,5.898
5615,CA-2016-158001,20210823,20210827,400,553,408,4,21.3,5,0.0,8.733
5616,CA-2016-158001,20210823,20210827,400,417,408,4,1040.8,5,0.0,281.016
5617,CA-2016-158001,20210823,20210827,400,538,408,4,29.34,6,0.0,7.9218
5618,CA-2017-125745,20220630,20220704,238,190,512,4,19.52,2,0.2,5.368
5619,CA-2015-101154,20200918,20200921,159,1409,97,1,443.92,4,0.0,8.8784
5620,US-2016-124163,20210925,20210930,678,1511,624,4,499.95,5,0.0,174.9825
5621,US-2016-124163,20210925,20210930,678,496,624,4,3.04,1,0.0,1.0336
5622,US-2016-124163,20210925,20210930,678,121,624,4,201.96,2,0.0,50.49
5623,US-2016-124163,20210925,20210930,678,166,624,4,68.64,11,0.0,17.16
5624,CA-2016-121748,20211024,20211028,787,1550,66,3,100.0,4,0.0,21.0
5625,CA-2016-121748,20211024,20211028,787,1538,66,3,359.98,2,0.0,21.5988
5626,CA-2014-126683,20190929,20191001,607,193,615,3,6.16,2,0.0,2.9568
5627,CA-2014-126683,20190929,20191001,607,351,615,3,2348.82,9,0.0,399.2994
5628,CA-2017-148810,20220626,20220701,234,1012,171,4,13.872,6,0.2,4.6818
5629,CA-2017-148810,20220626,20220701,234,72,171,4,273.552,3,0.2,-13.6776
5630,US-2016-146066,20210821,20210823,624,343,485,3,815.292,9,0.4,-339.705
5631,CA-2014-127614,20190211,20190215,561,1496,589,4,234.45,3,0.0,103.158
5632,CA-2014-127614,20190211,20190215,561,358,589,4,1256.22,6,0.0,75.3731999999999
5633,CA-2014-127614,20190211,20190215,561,768,589,4,17.46,2,0.0,8.2062
5634,CA-2016-101742,20210923,20210928,167,811,405,3,10.528,7,0.2,3.6848
5635,CA-2015-134943,20201205,20201206,720,663,305,1,152.8,5,0.0,76.4
5636,CA-2017-123022,20220903,20220908,669,732,55,4,82.56,5,0.2,28.896
5637,CA-2017-123022,20220903,20220908,669,1471,55,4,284.97,3,0.0,85.491
5638,CA-2017-113208,20220326,20220402,523,295,307,4,60.84,3,0.0,23.1192
5639,CA-2014-154893,20191221,20191227,304,122,95,4,1325.76,6,0.2,149.148
5640,CA-2014-154893,20191221,20191227,304,59,95,4,572.16,3,0.2,35.76
5641,CA-2014-147900,20190923,20190928,380,1202,449,4,28.8,9,0.2,10.08
5642,CA-2017-106355,20220402,20220405,59,478,141,1,11.12,4,0.0,2.8912
5643,CA-2016-127985,20210401,20210405,189,254,191,3,7.04,4,0.0,3.0976
5644,CA-2015-166604,20200515,20200520,35,893,195,3,17.94,3,0.0,8.7906
5645,CA-2017-120719,20220323,20220326,695,727,614,1,34.76,5,0.2,11.297
5646,CA-2017-127117,20220414,20220419,329,286,380,4,74.45,5,0.0,20.1015
5647,CA-2015-104241,20200104,20200109,23,184,586,4,192.22,14,0.0,69.1992
5648,CA-2017-168179,20221102,20221107,343,1128,583,4,19.44,3,0.0,9.3312
5649,CA-2017-142342,20220717,20220719,38,1273,33,3,32.4,5,0.0,15.552
5650,CA-2017-142342,20220717,20220719,38,871,33,3,57.9,5,0.0,28.95
5651,CA-2017-142342,20220717,20220719,38,1382,33,3,10.56,2,0.0,0.0
5652,CA-2017-142342,20220717,20220719,38,23,33,3,1194.165,5,0.15,210.735
5653,CA-2017-109099,20221006,20221011,528,1084,405,4,40.99,1,0.0,20.0851
5654,US-2014-134187,20191104,20191111,752,501,63,4,2.94,1,0.0,0.7938
5655,CA-2016-145261,20211218,20211221,30,706,474,1,45.24,4,0.7,-30.16
5656,CA-2016-145261,20211218,20211221,30,613,474,1,18.688,4,0.2,2.336
5657,CA-2016-145261,20211218,20211221,30,1200,474,1,11.648,2,0.2,3.7856
5658,CA-2016-145261,20211218,20211221,30,1484,474,1,112.776,3,0.2,-8.4582
5659,CA-2016-145261,20211218,20211221,30,343,474,1,377.45,5,0.5,-264.215
5660,CA-2016-145261,20211218,20211221,30,951,474,1,15.936,4,0.2,5.1792
5661,CA-2016-145261,20211218,20211221,30,1853,474,1,28.68,3,0.2,-7.17
5662,CA-2016-108875,20210924,20211001,154,233,122,4,21.44,2,0.2,7.504
5663,CA-2016-108875,20210924,20211001,154,1338,122,4,511.056,9,0.2,-95.8230000000001
5664,CA-2016-141957,20210721,20210721,367,499,456,2,18.656,2,0.2,1.3992
5665,CA-2016-141957,20210721,20210721,367,682,456,2,11.088,7,0.7,-8.1312
5666,CA-2016-141957,20210721,20210721,367,1363,456,2,66.688,1,0.2,4.168
5667,CA-2016-141957,20210721,20210721,367,1412,456,2,99.488,2,0.2,8.7052
5668,CA-2016-142405,20210611,20210615,684,1001,613,4,14.62,2,0.0,6.8714
5669,CA-2016-142405,20210611,20210615,684,836,613,4,53.984,14,0.2,17.5448
5670,CA-2016-142405,20210611,20210615,684,1551,613,4,389.97,3,0.0,132.5898
5671,CA-2015-141012,20200609,20200611,749,250,204,3,355.36,4,0.0,92.3936
5672,CA-2015-141012,20200609,20200611,749,1843,204,3,140.376,3,0.2,8.77350000000001
5673,CA-2017-127922,20221027,20221103,692,880,532,4,15.84,2,0.2,5.544
5674,CA-2017-127922,20221027,20221103,692,1089,532,4,8.448,2,0.2,2.64
5675,CA-2016-146318,20210122,20210127,487,1242,614,4,12.96,2,0.0,6.2208
5676,CA-2014-135993,20190528,20190602,595,1731,615,4,57.408,6,0.2,5.7408
5677,CA-2014-135993,20190528,20190602,595,1599,615,4,27.6,4,0.0,2.208
5678,CA-2014-126802,20191229,20200105,792,143,213,4,38.976,3,0.6,-50.6688
5679,CA-2016-143924,20210728,20210803,677,911,313,4,20.44,7,0.0,9.198
5680,CA-2016-143924,20210728,20210803,677,1154,313,4,109.92,2,0.0,53.8608
5681,CA-2016-141551,20210924,20210930,103,688,461,4,6.38,1,0.0,2.9348
5682,CA-2016-141551,20210924,20210930,103,1111,461,4,6.48,1,0.0,3.1104
5683,CA-2014-164315,20190402,20190408,632,1257,189,4,15.84,3,0.0,7.128
5684,CA-2014-164315,20190402,20190408,632,1714,189,4,1049.93,7,0.0,293.9804
5685,CA-2014-164315,20190402,20190408,632,453,189,4,154.9,5,0.0,40.274
5686,CA-2015-131072,20201105,20201105,435,748,614,2,98.352,3,0.2,35.6526
5687,CA-2014-131541,20190728,20190728,148,909,151,2,14.32,5,0.2,5.191
5688,CA-2014-131541,20190728,20190728,148,265,151,2,129.888,6,0.2,12.9888
5689,CA-2014-131541,20190728,20190728,148,850,151,2,48.944,7,0.2,16.5186
5690,CA-2015-119550,20201226,20201231,627,82,547,4,275.058,3,0.3,-90.3762
5691,US-2015-138093,20201210,20201216,436,496,284,4,27.36,9,0.0,9.3024
5692,US-2015-138093,20201210,20201216,436,1107,284,4,44.75,5,0.0,20.585
5693,US-2015-138093,20201210,20201216,436,1849,284,4,134.99,1,0.0,36.4473
5694,US-2015-138093,20201210,20201216,436,1024,284,4,26.4,5,0.0,12.672
5695,US-2015-138093,20201210,20201216,436,62,284,4,542.94,3,0.0,141.1644
5696,CA-2016-126165,20210505,20210507,33,330,98,3,71.088,2,0.2,-1.7772
5697,CA-2017-126123,20221014,20221018,26,651,214,4,27.396,9,0.8,-42.4638
5698,CA-2017-126123,20221014,20221018,26,813,214,4,13.456,1,0.8,-23.548
5699,CA-2016-143441,20211105,20211105,254,976,553,2,11.84,1,0.2,4.44
5700,CA-2017-148320,20221103,20221108,593,1199,98,4,35.88,6,0.0,17.5812
5701,CA-2016-125661,20211124,20211126,122,862,440,1,40.752,3,0.2,15.282
5702,CA-2016-125661,20211124,20211126,122,1596,440,1,139.96,5,0.2,-22.7435
5703,US-2014-123519,20191214,20191221,718,601,452,4,2.624,1,0.2,0.2952
5704,US-2014-123519,20191214,20191221,718,347,452,4,136.53,1,0.4,-52.3365
5705,US-2014-123519,20191214,20191221,718,1548,452,4,263.96,1,0.2,42.8935
5706,CA-2014-155593,20191103,20191108,654,1439,139,4,11.64,3,0.0,3.3756
5707,CA-2017-136000,20220922,20220925,675,841,405,3,40.176,3,0.2,14.5638
5708,US-2015-160857,20200508,20200515,578,176,407,4,79.44,3,0.0,30.1872
5709,US-2015-160857,20200508,20200515,578,1422,407,4,357.93,3,0.0,7.15860000000001
5710,US-2015-160857,20200508,20200515,578,94,407,4,127.764,2,0.1,21.294
5711,US-2015-160857,20200508,20200515,578,1613,407,4,2799.944,7,0.2,1014.9797
5712,US-2015-160857,20200508,20200515,578,1216,407,4,19.44,3,0.0,9.3312
5713,CA-2017-115805,20220731,20220731,446,1799,215,2,36.792,1,0.2,4.1391
5714,US-2014-143707,20190301,20190305,332,1818,408,4,5.94,3,0.0,1.6038
5715,CA-2017-116939,20220925,20220929,27,1342,593,4,177.55,5,0.0,47.9385
5716,CA-2015-124107,20201009,20201012,93,1518,305,3,619.95,5,0.0,111.591
5717,CA-2015-124107,20201009,20201012,93,1822,305,3,29.16,3,0.0,8.4564
5718,CA-2015-124107,20201009,20201012,93,884,305,3,57.96,7,0.0,27.2412
5719,CA-2015-124107,20201009,20201012,93,458,305,3,29.403,3,0.1,5.2272
5720,CA-2017-126550,20220329,20220402,634,1327,247,3,81.4,5,0.0,21.164
5721,CA-2015-138674,20201114,20201117,418,905,475,1,8.72,5,0.2,2.289
5722,CA-2015-138674,20201114,20201117,418,1467,475,1,91.176,3,0.2,4.55879999999999
5723,CA-2015-138674,20201114,20201117,418,1541,475,1,159.968,4,0.2,29.994
5724,CA-2016-165820,20210926,20210930,243,1280,98,4,12.96,2,0.0,6.2208
5725,CA-2014-103191,20190922,20190927,780,1376,215,4,331.536,3,0.2,-82.884
5726,CA-2015-103933,20200925,20200927,234,1577,406,1,899.91,9,0.0,395.9604
5727,CA-2015-110548,20200504,20200508,35,1795,548,4,946.344,7,0.2,118.293
5728,CA-2017-117324,20221208,20221213,401,1546,625,4,178.11,3,0.0,32.0598
5729,CA-2017-117324,20221208,20221213,401,450,625,4,1089.75,3,0.0,305.13
5730,CA-2017-117324,20221208,20221213,401,991,625,4,61.06,2,0.0,28.0876
5731,CA-2017-117324,20221208,20221213,401,28,625,4,459.92,4,0.0,41.3928
5732,CA-2017-117324,20221208,20221213,401,1184,625,4,27.52,4,0.0,12.6592
5733,CA-2017-143574,20220629,20220702,234,22,143,1,638.82,9,0.0,185.2578
5734,CA-2017-143574,20220629,20220702,234,1440,143,1,30.69,3,0.0,7.9794
5735,CA-2017-143574,20220629,20220702,234,282,143,1,25.16,2,0.0,8.5544
5736,CA-2014-111773,20190629,20190703,379,645,407,4,13.92,3,0.2,4.872
5737,CA-2014-148614,20190120,20190125,545,1191,69,4,19.36,2,0.0,9.2928
5738,CA-2014-148614,20190120,20190125,545,251,69,4,19.3,2,0.0,5.79
5739,CA-2017-156139,20211231,20220106,101,815,98,4,38.376,3,0.2,13.4316
5740,US-2017-147886,20220328,20220331,206,1032,50,1,12.96,2,0.0,6.3504
5741,US-2017-147886,20220328,20220331,206,176,50,1,26.48,1,0.0,10.0624
5742,US-2017-147886,20220328,20220331,206,1678,50,1,532.72,2,0.2,53.272
5743,US-2017-147886,20220328,20220331,206,1225,50,1,26.72,4,0.0,12.8256
5744,US-2017-147886,20220328,20220331,206,1072,50,1,20.04,3,0.0,9.6192
5745,US-2017-147886,20220328,20220331,206,1379,50,1,795.48,7,0.0,7.95479999999996
5746,US-2017-147886,20220328,20220331,206,275,50,1,21.56,7,0.0,6.8992
5747,CA-2016-113733,20211208,20211212,462,1773,428,4,249.584,2,0.2,31.198
5748,CA-2016-113733,20211208,20211212,462,1533,428,4,68.112,3,0.2,17.8794
5749,CA-2016-113733,20211208,20211212,462,1599,428,4,16.56,3,0.2,-2.484
5750,CA-2017-104913,20221118,20221122,214,1709,402,4,74.95,5,0.0,36.7255
5751,CA-2014-145800,20190530,20190605,715,329,210,4,355.455,3,0.5,-184.8366
5752,CA-2016-125850,20210122,20210128,291,990,96,4,44.4,3,0.0,22.2
5753,CA-2016-125850,20210122,20210128,291,1007,96,4,20.65,5,0.0,9.499
5754,CA-2016-118514,20210203,20210210,455,50,276,4,866.4,4,0.0,225.264
5755,CA-2015-150749,20200329,20200403,56,595,595,3,5.56,2,0.0,1.4456
5756,CA-2014-163748,20191014,20191018,324,460,538,4,3.16,4,0.8,-8.532
5757,CA-2014-163748,20191014,20191018,324,1609,538,4,1999.96,5,0.2,624.9875
5758,CA-2015-119634,20200811,20200816,118,296,432,4,46.152,3,0.2,12.1149
5759,CA-2015-149300,20201122,20201123,89,1621,160,1,32.985,3,0.5,-1.9791
5760,US-2016-111528,20211230,20211230,402,1348,66,2,481.32,4,0.0,125.1432
5761,US-2016-111528,20211230,20211230,402,730,66,2,6.384,1,0.2,2.1546
5762,CA-2017-158169,20220812,20220815,396,393,59,1,542.94,3,0.0,152.0232
5763,CA-2017-158169,20220812,20220815,396,184,59,1,54.92,4,0.0,19.7712
5764,CA-2015-162047,20201103,20201105,286,135,402,1,1448.82,10,0.1,209.274
5765,CA-2015-117772,20200910,20200912,489,1405,613,3,353.88,6,0.0,17.694
5766,US-2014-126340,20191108,20191114,250,1842,85,4,333.576,3,0.2,25.0182
5767,CA-2016-149685,20211008,20211015,601,1009,569,4,60.144,6,0.2,20.2986
5768,CA-2017-126396,20220908,20220912,46,1552,547,3,85.2,6,0.2,20.235
5769,CA-2015-154900,20200225,20200301,718,968,298,4,3.15,1,0.0,1.512
5770,CA-2015-154900,20200225,20200301,718,1169,298,4,22.72,4,0.0,10.224
5771,CA-2015-103835,20200924,20200928,675,137,66,4,14.91,3,0.0,4.6221
5772,CA-2015-103835,20200924,20200928,675,432,66,4,1158.12,4,0.0,335.8548
5773,CA-2015-158939,20201126,20201201,246,1610,353,4,599.99,1,0.0,233.9961
5774,CA-2016-117408,20210831,20210906,757,1350,574,4,23.968,2,0.2,2.3968
5775,CA-2016-142398,20210412,20210416,104,72,67,4,638.288,7,0.2,-31.9144
5776,CA-2016-142398,20210412,20210416,104,840,67,4,13.208,1,0.2,4.6228
5777,CA-2016-105277,20211204,20211208,466,650,396,4,15.528,3,0.2,5.823
5778,CA-2016-112060,20211204,20211209,444,1081,98,4,104.85,1,0.0,50.328
5779,CA-2014-105270,20191111,20191118,45,570,65,4,30.48,3,0.0,7.9248
5780,CA-2014-105270,20191111,20191118,45,65,65,4,112.648,1,0.2,11.2648
5781,US-2015-159513,20200402,20200409,349,1658,69,4,71.976,3,0.2,24.2919
5782,CA-2015-155586,20201212,20201216,789,523,38,3,2.21,1,0.0,0.5967
5783,CA-2015-155586,20201212,20201216,789,881,38,3,15.52,4,0.0,7.4496
5784,CA-2015-155586,20201212,20201216,789,1070,38,3,36.44,4,0.0,16.398
5785,CA-2017-141117,20221002,20221008,382,16,475,4,217.764,6,0.7,-384.7164
5786,CA-2017-141117,20221002,20221008,382,1454,475,4,39.072,6,0.2,4.3956
5787,CA-2017-141117,20221002,20221008,382,784,475,4,22.638,7,0.7,-16.6012
5788,CA-2017-141117,20221002,20221008,382,594,475,4,95.144,7,0.2,10.7037
5789,CA-2017-115070,20220410,20220414,509,275,163,3,12.32,5,0.2,1.848
5790,CA-2017-115070,20220410,20220414,509,789,163,3,4.419,3,0.7,-3.0933
5791,CA-2017-140186,20220929,20221002,592,922,34,1,35.0,7,0.0,16.8
5792,CA-2017-140186,20220929,20221002,592,99,34,1,72.784,1,0.2,0.0
5793,CA-2017-140186,20220929,20221002,592,431,34,1,97.84,2,0.0,25.4384
5794,CA-2017-140186,20220929,20221002,592,311,34,1,51.75,1,0.0,15.525
5795,CA-2017-140186,20220929,20221002,592,773,34,1,46.672,2,0.2,16.3352
5796,CA-2014-124856,20190929,20191003,458,1378,406,3,1395.54,9,0.0,362.8404
5797,CA-2014-124856,20190929,20191003,458,157,406,3,117.36,4,0.0,36.3816
5798,CA-2014-124856,20190929,20191003,458,945,406,3,18.9,3,0.0,8.694
5799,CA-2014-124856,20190929,20191003,458,1096,406,3,77.52,2,0.0,37.9848
5800,CA-2014-166716,20190820,20190825,169,125,213,3,421.372,2,0.3,-6.01960000000005
5801,CA-2014-123225,20190711,20190714,529,1707,537,1,575.968,4,0.2,43.1976
5802,CA-2014-123225,20190711,20190714,529,1058,537,1,10.368,2,0.2,3.6288
5803,CA-2015-163440,20200322,20200324,636,1693,112,1,15.984,2,0.2,1.1988
5804,US-2017-106796,20220512,20220519,402,585,458,4,10.272,3,0.2,1.1556
5805,CA-2017-113873,20221113,20221119,427,1325,534,4,61.792,4,0.2,6.1792
5806,CA-2017-113873,20221113,20221119,427,32,534,4,205.9992,3,0.32,-27.2646
5807,CA-2016-149783,20210904,20210907,220,1157,510,3,12.192,3,0.2,4.1148
5808,CA-2016-149783,20210904,20210907,220,400,510,3,87.168,2,0.2,8.71680000000001
5809,CA-2016-149783,20210904,20210907,220,566,510,3,31.744,2,0.2,8.3328
5810,CA-2016-125017,20210206,20210211,415,163,503,4,132.224,4,0.2,-18.1808
5811,US-2015-163279,20200322,20200326,353,1204,96,4,105.52,4,0.0,48.5392
5812,US-2015-163279,20200322,20200326,353,165,96,4,91.96,2,0.0,15.6332
5813,US-2015-163279,20200322,20200326,353,1741,96,4,1487.976,3,0.2,185.997
5814,CA-2015-150196,20200702,20200703,713,1233,407,1,19.44,3,0.0,9.3312
5815,US-2015-106495,20200615,20200617,13,1540,187,1,11.672,1,0.2,-0.729500000000001
5816,CA-2014-124730,20191126,20191126,476,1758,414,2,279.96,4,0.0,78.3888
5817,CA-2014-124730,20191126,20191126,476,678,414,2,12.912,3,0.2,4.6806
5818,CA-2014-124730,20191126,20191126,476,674,414,2,17.088,4,0.2,5.7672
5819,CA-2014-124730,20191126,20191126,476,960,414,2,93.15,9,0.0,44.712
5820,CA-2014-124730,20191126,20191126,476,967,414,2,11.52,4,0.0,5.6448
5821,CA-2017-117632,20220512,20220518,175,1422,100,4,238.62,2,0.0,4.7724
5822,CA-2017-117632,20220512,20220518,175,472,100,4,7.77,1,0.0,2.0979
5823,CA-2017-117632,20220512,20220518,175,328,100,4,285.48,5,0.2,-10.7055
5824,CA-2017-117632,20220512,20220518,175,716,100,4,19.168,4,0.2,6.4692
5825,CA-2014-115056,20190502,20190502,48,458,441,2,26.136,3,0.2,1.9602
5826,CA-2017-161067,20220903,20220906,417,1047,408,3,419.4,4,0.0,201.312
5827,CA-2017-161067,20220903,20220906,417,127,408,3,90.801,1,0.1,14.1246
5828,CA-2017-161067,20220903,20220906,417,132,408,3,181.764,2,0.1,-8.07840000000002
5829,CA-2017-161067,20220903,20220906,417,576,408,3,5.56,2,0.0,2.224
5830,CA-2016-122063,20211203,20211207,526,371,254,4,581.96,2,0.0,104.7528
5831,CA-2016-122063,20211203,20211207,526,130,254,4,29.98,1,0.0,8.0946
5832,CA-2015-111206,20200718,20200722,641,1551,97,4,519.96,4,0.0,176.7864
5833,CA-2016-142895,20210721,20210726,104,949,422,4,6.264,3,0.2,2.0358
5834,CA-2016-142895,20210721,20210726,104,99,422,4,363.92,5,0.2,0.0
5835,CA-2015-101868,20200609,20200616,517,794,170,4,64.2,5,0.7,-42.8
5836,CA-2015-101868,20200609,20200616,517,728,170,4,38.52,3,0.7,-26.964
5837,CA-2015-101868,20200609,20200616,517,1581,170,4,72.6,5,0.2,-8.16749999999999
5838,CA-2017-133207,20221127,20221203,229,1833,67,4,57.568,4,0.2,5.7568
5839,CA-2015-132948,20200327,20200403,545,1310,615,4,83.7,5,0.0,3.348
5840,CA-2015-134992,20200922,20200926,506,1146,587,3,32.4,5,0.0,15.552
5841,CA-2015-134992,20200922,20200926,506,231,587,3,47.98,2,0.0,11.0354
5842,CA-2015-126725,20201117,20201121,108,1802,97,4,415.968,4,0.2,51.996
5843,CA-2015-126725,20201117,20201121,108,1340,97,4,304.9,5,0.0,6.098
5844,CA-2015-126725,20201117,20201121,108,237,97,4,80.96,4,0.0,29.1456
5845,CA-2015-126725,20201117,20201121,108,1296,97,4,777.21,7,0.0,54.4047
5846,CA-2015-126725,20201117,20201121,108,1116,97,4,32.4,5,0.0,15.552
5847,CA-2015-126725,20201117,20201121,108,73,97,4,225.568,2,0.2,2.81959999999998
5848,CA-2015-126725,20201117,20201121,108,190,97,4,36.6,3,0.0,15.372
5849,CA-2015-121783,20201110,20201114,605,454,337,4,715.64,2,0.0,178.91
5850,CA-2015-121783,20201110,20201114,605,1294,337,4,795.51,3,0.0,143.1918
5851,CA-2015-121783,20201110,20201114,605,1606,337,4,549.99,1,0.0,274.995
5852,CA-2015-121783,20201110,20201114,605,705,337,4,74.76,3,0.0,34.3896
5853,CA-2015-121783,20201110,20201114,605,298,337,4,29.22,3,0.0,12.8568
5854,US-2014-138835,20190910,20190914,188,770,597,4,9.64,2,0.0,4.7236
5855,CA-2015-112214,20200805,20200811,35,1345,534,4,33.488,7,0.2,-1.25580000000001
5856,CA-2015-112214,20200805,20200811,35,1446,534,4,23.04,3,0.2,-4.896
5857,CA-2015-112214,20200805,20200811,35,761,534,4,1.362,1,0.8,-2.1792
5858,CA-2015-112214,20200805,20200811,35,221,534,4,14.76,5,0.6,-11.439
5859,US-2017-153255,20220903,20220907,381,41,42,3,239.666,2,0.15,14.098
5860,CA-2015-108119,20201101,20201108,538,343,22,4,301.96,2,0.0,45.294
5861,CA-2015-157434,20200429,20200504,380,1108,482,3,7.968,2,0.2,2.8884
5862,CA-2016-101525,20210501,20210504,160,1106,26,3,109.92,2,0.0,53.8608
5863,CA-2016-101525,20210501,20210504,160,1241,26,3,19.44,3,0.0,9.3312
5864,CA-2016-101525,20210501,20210504,160,494,26,3,11.16,2,0.0,4.3524
5865,US-2014-117968,20190805,20190807,658,436,141,3,79.47,3,0.0,22.2516
5866,US-2014-117968,20190805,20190807,658,614,141,3,4.56,2,0.0,2.0064
5867,US-2014-117968,20190805,20190807,658,90,141,3,1133.35,5,0.0,294.671
5868,CA-2016-158211,20210104,20210108,102,613,485,4,4.672,1,0.2,0.584
5869,CA-2016-158211,20210104,20210108,102,722,485,4,104.58,6,0.7,-80.178
5870,CA-2016-152247,20211107,20211112,484,68,632,4,1603.136,4,0.2,100.196
5871,CA-2016-128223,20210614,20210614,247,334,31,2,1293.488,7,0.2,80.8430000000001
5872,CA-2016-154235,20210924,20210928,636,284,241,4,127.95,3,0.0,21.7515
5873,CA-2017-129910,20220330,20220403,498,1388,191,4,59.76,1,0.0,16.7328
5874,CA-2017-133095,20220604,20220604,261,734,25,2,108.08,7,0.0,54.04
5875,CA-2017-133095,20220604,20220604,261,809,25,2,9.54,3,0.0,4.3884
5876,CA-2015-130554,20200407,20200409,288,538,484,1,11.736,3,0.2,1.0269
5877,CA-2014-152443,20190521,20190526,283,676,297,4,447.86,7,0.0,219.4514
5878,CA-2014-152443,20190521,20190526,283,1199,297,4,17.94,3,0.0,8.7906
5879,CA-2014-152443,20190521,20190526,283,403,297,4,245.88,6,0.0,68.8464
5880,CA-2016-133319,20210905,20210911,545,1131,406,4,192.16,4,0.0,92.2368
5881,CA-2016-133935,20210918,20210922,411,68,97,4,801.568,2,0.2,50.098
5882,CA-2016-133935,20210918,20210922,411,1021,97,4,368.91,9,0.0,180.7659
5883,CA-2016-133935,20210918,20210922,411,98,97,4,885.528,9,0.2,-99.6219000000001
5884,CA-2016-136301,20210313,20210315,258,308,98,3,28.28,2,0.0,7.3528
5885,CA-2016-136301,20210313,20210315,258,1421,98,3,4912.59,3,0.0,196.5036
5886,US-2014-109456,20191016,20191017,476,642,99,2,14.352,3,0.2,5.0232
5887,US-2014-109456,20191016,20191017,476,1565,99,2,179.97,3,0.0,86.3856
5888,CA-2017-151596,20221008,20221011,99,1356,488,1,42.76,1,0.0,11.1176
5889,CA-2015-147879,20200507,20200512,131,1143,275,4,45.68,2,0.0,21.0128
5890,CA-2016-166625,20210414,20210417,393,737,284,1,25.06,2,0.0,11.7782
5891,CA-2016-146157,20211121,20211126,634,1127,213,4,38.432,1,0.2,13.4512
5892,CA-2016-146157,20211121,20211126,634,1351,213,4,21.568,2,0.2,1.6176
5893,CA-2016-146157,20211121,20211126,634,1568,213,4,81.576,3,0.2,2.03939999999999
5894,CA-2017-159954,20220910,20220914,715,842,190,4,2.78,1,0.0,1.3622
5895,CA-2017-100825,20220909,20220914,425,1385,67,4,99.87,3,0.0,23.9688
5896,CA-2014-168305,20191101,20191108,599,990,69,4,44.4,3,0.0,22.2
5897,CA-2014-168305,20191101,20191108,599,1284,69,4,21.4,5,0.0,9.63
5898,CA-2016-167682,20210403,20210409,793,273,254,4,71.12,4,0.0,22.0472
5899,CA-2016-167682,20210403,20210409,793,1703,254,4,259.96,4,0.0,124.7808
5900,CA-2017-108000,20220112,20220116,472,873,99,4,9.78,1,0.0,4.89
5901,CA-2015-146465,20201120,20201124,583,828,100,4,24.192,9,0.2,7.56
5902,CA-2016-159639,20211127,20211202,587,201,388,4,31.56,3,0.0,10.4148
5903,US-2017-153948,20221106,20221106,288,1025,100,2,59.94,3,0.0,28.1718
5904,US-2017-153948,20221106,20221106,288,1188,100,2,45.36,4,0.0,22.2264
5905,US-2017-153948,20221106,20221106,288,1024,100,2,26.4,5,0.0,12.672
5906,US-2017-153948,20221106,20221106,288,952,100,2,41.4,4,0.0,19.872
5907,US-2017-153948,20221106,20221106,288,1561,100,2,16.95,1,0.0,1.017
5908,US-2016-113985,20211202,20211207,425,734,102,4,24.704,2,0.2,9.264
5909,US-2016-113985,20211202,20211207,425,404,102,4,59.7,3,0.0,26.865
5910,US-2016-113985,20211202,20211207,425,245,102,4,14.52,3,0.0,5.6628
5911,US-2016-113985,20211202,20211207,425,662,102,4,104.184,3,0.2,33.8598
5912,CA-2016-155383,20211217,20211222,677,1337,615,4,46.53,3,0.0,13.0284
5913,CA-2014-120432,20190824,20190826,243,1453,275,3,25.5,3,0.0,6.63
5914,US-2015-126977,20200917,20200923,589,1309,408,4,14.9,5,0.0,1.043
5915,US-2015-126977,20200917,20200923,589,981,408,4,87.71,7,0.0,41.2237
5916,US-2015-126977,20200917,20200923,589,79,408,4,199.764,2,0.1,8.8784
5917,US-2015-126977,20200917,20200923,589,1384,408,4,94.6,4,0.0,27.434
5918,US-2015-126977,20200917,20200923,589,49,408,4,4228.704,6,0.2,158.5764
5919,US-2015-126977,20200917,20200923,589,19,408,4,2003.92,5,0.2,-25.0490000000001
5920,US-2015-126977,20200917,20200923,589,1758,408,4,209.97,3,0.0,58.7916
5921,US-2015-126977,20200917,20200923,589,1548,408,4,659.9,2,0.0,217.767
5922,US-2015-126977,20200917,20200923,589,1249,408,4,110.96,2,0.0,53.2608
5923,US-2015-126977,20200917,20200923,589,1686,408,4,67.8,4,0.0,1.35599999999999
5924,CA-2016-130288,20211126,20211130,216,351,406,3,313.176,2,0.4,-120.0508
5925,CA-2017-146458,20221119,20221122,623,509,595,3,22.96,7,0.0,6.6584
5926,CA-2017-150420,20220603,20220608,297,1601,601,4,1099.5,10,0.0,362.835
5927,US-2014-118997,20190408,20190412,618,325,2,4,1215.92,8,0.0,316.1392
5928,CA-2014-114314,20191011,20191015,197,947,23,4,7.31,1,0.0,3.4357
5929,CA-2014-114314,20191011,20191015,197,212,23,4,8.92,4,0.0,3.9248
5930,US-2017-169551,20220707,20220709,648,8,482,1,87.21,3,0.5,-45.3492
5931,US-2017-169551,20220707,20220709,648,1252,482,1,15.552,3,0.2,5.4432
5932,US-2017-169551,20220707,20220709,648,1721,482,1,683.988,2,0.4,-113.998
5933,US-2017-169551,20220707,20220709,648,1417,482,1,13.392,3,0.2,1.0044
5934,US-2017-169551,20220707,20220709,648,1517,482,1,16.776,3,0.2,4.8231
5935,US-2017-169551,20220707,20220709,648,1548,482,1,527.92,2,0.2,85.7869999999999
5936,CA-2016-103107,20210704,20210704,624,145,613,2,25.4,5,0.0,8.636
5937,CA-2016-103107,20210704,20210704,624,1715,613,2,177.48,3,0.2,19.9665
5938,CA-2016-103107,20210704,20210704,624,1778,613,2,71.976,3,0.2,8.99699999999999
5939,CA-2017-122077,20220519,20220525,360,1821,564,4,95.992,1,0.2,9.5992
5940,CA-2017-122077,20220519,20220525,360,1002,564,4,13.216,4,0.2,4.2952
5941,CA-2017-112431,20221012,20221014,663,1498,69,3,435.84,12,0.0,130.752
5942,CA-2017-112431,20221012,20221014,663,501,69,3,5.88,2,0.0,1.5876
5943,CA-2016-151092,20210806,20210813,779,1738,66,4,211.168,4,0.2,18.4772
5944,CA-2014-104178,20190825,20190829,391,168,67,4,6.28,1,0.0,2.6376
5945,CA-2014-104178,20190825,20190829,391,1531,67,4,95.1,5,0.0,30.432
5946,CA-2014-104178,20190825,20190829,391,1288,67,4,25.92,4,0.0,12.4416
5947,CA-2014-104178,20190825,20190829,391,1410,67,4,48.84,4,0.0,13.1868
5948,CA-2015-115924,20200914,20200918,78,804,258,3,25.9,5,0.0,12.691
5949,CA-2017-161046,20220305,20220305,128,890,344,2,42.68,4,0.0,19.6328
5950,CA-2017-161046,20220305,20220305,128,1587,344,2,299.97,3,0.0,125.9874
5951,CA-2017-161046,20220305,20220305,128,394,344,2,262.24,2,0.0,78.672
5952,CA-2017-161046,20220305,20220305,128,722,344,2,234.36,6,0.0,112.4928
5953,US-2017-141698,20220415,20220421,683,1132,546,4,20.736,4,0.2,7.2576
5954,US-2014-105151,20190330,20190331,691,513,405,1,10.5,5,0.0,2.94
5955,CA-2014-155796,20191111,20191115,766,155,486,3,23.968,2,0.2,7.7896
5956,CA-2014-155796,20191111,20191115,766,21,486,3,521.96,4,0.5,-250.5408
5957,CA-2016-127138,20210312,20210315,216,1380,98,3,676.55,5,0.0,6.76550000000006
5958,CA-2016-127138,20210312,20210315,216,453,98,3,154.9,5,0.0,40.274
5959,CA-2016-127138,20210312,20210315,216,896,98,3,30.56,4,0.0,14.9744
5960,CA-2016-127138,20210312,20210315,216,109,98,3,770.352,3,0.2,77.0352
5961,CA-2017-150602,20220209,20220214,520,249,68,3,21.12,4,0.0,6.5472
5962,CA-2014-140732,20191111,20191113,483,1722,64,3,575.928,9,0.2,57.5928
5963,CA-2014-140732,20191111,20191113,483,412,64,3,7.78,2,0.0,2.0228
5964,CA-2014-140732,20191111,20191113,483,1223,64,3,123.92,4,0.0,55.764
5965,CA-2017-119011,20220820,20220825,471,1456,98,4,17.22,3,0.0,5.166
5966,CA-2017-119011,20220820,20220825,471,1318,98,4,226.56,6,0.0,63.4368
5967,CA-2017-119011,20220820,20220825,471,1801,98,4,107.88,3,0.2,10.788
5968,CA-2016-166912,20210115,20210117,76,1084,405,1,81.98,2,0.0,40.1702
5969,CA-2014-141726,20190720,20190722,130,1047,97,1,104.85,1,0.0,50.328
5970,CA-2014-141726,20190720,20190722,130,718,97,1,8.704,2,0.2,3.1552
5971,CA-2014-141726,20190720,20190722,130,1159,97,1,19.92,4,0.0,9.7608
5972,CA-2014-141726,20190720,20190722,130,263,97,1,43.02,3,0.0,15.4872
5973,CA-2017-115105,20220206,20220211,75,14,407,4,240.784,1,0.2,30.098
5974,CA-2015-143980,20201225,20201229,380,452,406,4,414.96,2,0.0,124.488
5975,CA-2016-135636,20211008,20211013,198,1314,421,4,387.72,5,0.2,-67.851
5976,CA-2017-102155,20220713,20220717,657,1344,267,4,360.38,2,0.0,93.6988
5977,CA-2017-102155,20220713,20220717,657,1228,267,4,13.56,2,0.0,6.2376
5978,CA-2017-116953,20220424,20220425,724,1848,14,1,552.0,10,0.2,34.5
5979,CA-2014-117765,20190907,20190913,624,324,467,4,429.9,5,0.0,111.774
5980,CA-2014-117765,20190907,20190913,624,656,467,4,32.06,2,0.0,15.3888
5981,CA-2014-117765,20190907,20190913,624,129,467,4,161.96,2,0.0,45.3488
5982,CA-2014-117765,20190907,20190913,624,1391,467,4,19.86,2,0.0,5.7594
5983,CA-2016-114895,20211121,20211128,546,1032,408,4,12.96,2,0.0,6.3504
5984,CA-2017-112984,20220916,20220918,263,1227,485,3,20.544,6,0.2,6.42
5985,CA-2016-163776,20210719,20210725,410,177,342,4,185.58,6,0.0,76.0878
5986,CA-2016-163776,20210719,20210725,410,762,342,4,77.56,2,0.0,35.6776
5987,CA-2016-163776,20210719,20210725,410,1372,342,4,87.92,4,0.0,0.879199999999997
5988,CA-2016-163776,20210719,20210725,410,1084,342,4,245.94,6,0.0,120.5106
5989,CA-2016-163776,20210719,20210725,410,655,342,4,8.6,1,0.0,4.042
5990,CA-2016-163776,20210719,20210725,410,34,342,4,504.9,5,0.0,126.225
5991,US-2017-163300,20220915,20220921,278,822,69,4,2357.488,7,0.2,884.058
5992,US-2017-163300,20220915,20220921,278,1738,69,4,369.544,7,0.2,32.3351
5993,US-2017-163300,20220915,20220921,278,106,69,4,184.752,3,0.2,-20.7846
5994,CA-2016-162187,20211211,20211211,577,1349,441,2,64.96,5,0.2,-4.06
5995,CA-2016-162187,20211211,20211211,577,1457,441,2,13.52,2,0.2,1.69
5996,CA-2016-162187,20211211,20211211,577,103,441,2,458.43,5,0.3,-137.529
5997,CA-2016-162187,20211211,20211211,577,388,441,2,387.136,4,0.2,24.196
5998,CA-2016-162187,20211211,20211211,577,352,441,2,328.59,3,0.4,-147.8655
5999,US-2014-112991,20191210,20191214,692,73,201,4,338.352,3,0.2,4.22939999999997
6000,US-2014-112991,20191210,20191214,692,1015,201,4,25.92,4,0.0,12.4416
6001,US-2014-112991,20191210,20191214,692,1158,201,4,91.36,4,0.0,42.0256
6002,CA-2014-124079,20191213,20191217,640,230,16,4,87.96,3,0.2,7.6965
6003,CA-2014-124079,20191213,20191217,640,727,16,4,5.214,2,0.7,-4.1712
6004,US-2017-146878,20220921,20220927,218,748,169,4,12.294,1,0.7,-8.6058
6005,CA-2017-107244,20220907,20220911,22,232,64,4,19.76,4,0.0,8.2992
6006,CA-2015-100657,20201102,20201107,725,107,413,4,109.764,2,0.1,8.5372
6007,CA-2017-129581,20221211,20221218,440,1728,302,4,128.85,3,0.0,3.8655
6008,CA-2017-129028,20220401,20220403,295,284,493,1,127.95,3,0.0,21.7515
6009,CA-2015-135580,20201230,20210103,153,1063,69,4,68.52,3,0.0,31.5192
6010,CA-2015-135580,20201230,20210103,153,1319,69,4,74.94,3,0.0,14.2386
6011,CA-2015-135580,20201230,20210103,153,1668,69,4,2548.56,6,0.2,286.713
6012,CA-2015-135580,20201230,20210103,153,885,69,4,271.44,3,0.0,122.148
6013,CA-2015-135580,20201230,20210103,153,1838,69,4,287.88,3,0.2,35.985
6014,CA-2016-159016,20210310,20210311,428,1265,65,1,14.9,5,0.0,7.152
6015,CA-2016-159016,20210310,20210311,428,1793,65,1,4158.912,8,0.2,363.9048
6016,CA-2014-102652,20190406,20190412,63,165,69,4,91.96,2,0.0,15.6332
6017,CA-2014-102652,20190406,20190412,63,202,69,4,33.11,7,0.0,12.9129
6018,CA-2014-102652,20190406,20190412,63,1214,69,4,19.44,3,0.0,9.3312
6019,CA-2014-102652,20190406,20190412,63,1147,69,4,55.48,1,0.0,26.6304
6020,CA-2014-152422,20191005,20191010,73,438,441,3,91.92,5,0.2,11.49
6021,US-2016-156692,20210813,20210813,324,420,278,2,17.34,2,0.0,4.6818
6022,US-2016-156692,20210813,20210813,324,1462,278,2,71.98,2,0.0,15.1158
6023,CA-2014-130869,20191117,20191121,126,872,527,4,7.08,3,0.2,2.478
6024,US-2017-128832,20220424,20220427,472,1596,489,1,69.98,2,0.0,4.8986
6025,CA-2017-139717,20220824,20220826,224,395,450,3,646.272,8,0.2,64.6272
6026,CA-2017-139717,20220824,20220826,224,1157,450,3,10.368,2,0.2,3.7584
6027,CA-2017-136007,20220223,20220302,14,924,615,4,8.4,5,0.0,0.336
6028,CA-2017-136007,20220223,20220302,14,1815,615,4,71.96,5,0.2,25.186
6029,CA-2016-157364,20211119,20211121,478,596,430,1,18.48,2,0.2,6.006
6030,US-2016-112970,20211114,20211115,735,601,69,1,9.84,3,0.0,2.8536
6031,US-2017-152492,20220706,20220706,34,51,169,2,239.24,1,0.2,23.924
6032,CA-2016-101168,20211225,20220101,714,249,370,4,21.12,4,0.0,6.5472
6033,CA-2017-104010,20220423,20220425,747,1431,406,1,54.9,5,0.0,15.372
6034,CA-2015-130253,20201214,20201218,607,244,67,4,15.24,3,0.0,5.1816
6035,US-2015-155369,20200419,20200425,592,431,526,4,19.568,2,0.8,-52.8336
6036,US-2015-155369,20200419,20200425,592,796,526,4,310.392,4,0.8,-512.1468
6037,CA-2016-131205,20210904,20210908,4,255,271,4,42.6,3,0.0,16.614
6038,CA-2016-131205,20210904,20210908,4,652,271,4,113.94,6,0.0,54.6912
6039,CA-2016-131205,20210904,20210908,4,1377,271,4,129.92,4,0.0,5.1968
6040,CA-2016-131205,20210904,20210908,4,581,271,4,5.28,3,0.0,2.5344
6041,CA-2017-122364,20220924,20220929,280,1743,65,4,859.2,3,0.2,75.1800000000001
6042,CA-2017-122364,20220924,20220929,280,1630,65,4,506.28,3,0.2,177.198
6043,CA-2016-117912,20210204,20210208,739,211,18,4,14.368,2,0.2,3.9512
6044,CA-2017-145702,20220519,20220524,29,71,510,3,314.352,3,0.2,-35.3646
6045,CA-2017-145702,20220519,20220524,29,1108,510,3,27.888,7,0.2,10.1094
6046,CA-2015-113215,20200903,20200908,165,242,20,4,238.152,3,0.2,89.307
6047,CA-2016-154662,20210609,20210616,84,334,334,4,692.94,3,0.0,173.235
6048,CA-2015-105571,20201107,20201111,166,769,169,4,16.146,9,0.7,-12.9168
6049,CA-2015-105571,20201107,20201111,166,692,169,4,1345.485,5,0.7,-1031.5385
6050,CA-2016-152765,20210615,20210618,476,1052,545,1,173.488,7,0.2,54.215
6051,CA-2015-153878,20200425,20200430,769,493,626,4,57.75,5,0.0,16.17
6052,CA-2015-153878,20200425,20200430,769,400,626,4,272.4,5,0.0,76.272
6053,CA-2016-124016,20210923,20210926,409,1177,450,3,11.952,3,0.2,4.0338
6054,CA-2016-124016,20210923,20210926,409,317,450,3,28.0,4,0.2,7.7
6055,CA-2016-124016,20210923,20210926,409,724,450,3,12.201,7,0.7,-9.7608
6056,CA-2016-113551,20210818,20210820,561,701,536,1,2.068,1,0.8,-3.4122
6057,CA-2016-113551,20210818,20210820,561,1276,536,1,83.84,8,0.2,30.392
6058,CA-2014-107524,20190302,20190308,442,866,405,4,11.36,2,0.0,5.3392
6059,CA-2014-107524,20190302,20190308,442,1062,405,4,36.4,5,0.0,17.472
6060,CA-2014-138072,20191230,20200103,294,1597,482,4,27.968,2,0.2,6.992
6061,CA-2015-134201,20200410,20200416,262,1342,411,4,142.04,4,0.0,38.3508
6062,CA-2015-134201,20200410,20200416,262,561,411,4,14.67,3,0.0,6.0147
6063,CA-2015-111780,20201225,20201230,617,1614,96,3,1199.96,5,0.2,224.9925
6064,CA-2015-111780,20201225,20201230,617,1099,96,3,12.6,3,0.0,6.174
6065,CA-2015-111780,20201225,20201230,617,1118,96,3,17.94,3,0.0,8.073
6066,CA-2015-119942,20200405,20200407,770,966,482,1,23.904,6,0.2,7.7688
6067,CA-2015-151547,20200117,20200123,33,1426,501,4,88.96,8,0.2,10.008
6068,CA-2017-166695,20220520,20220524,133,52,60,4,518.272,8,0.2,-97.1760000000001
6069,CA-2017-166695,20220520,20220524,133,216,60,4,6.98,1,0.0,3.3504
6070,CA-2017-166695,20220520,20220524,133,1654,60,4,343.2,1,0.2,38.61
6071,CA-2017-167542,20220813,20220820,425,1001,482,4,17.544,3,0.2,5.9211
6072,CA-2015-120901,20201231,20210104,86,1290,520,4,152.688,2,0.2,-26.7204
6073,CA-2015-120901,20201231,20210104,86,918,520,4,3.488,2,0.2,0.5668
6074,CA-2015-120901,20201231,20210104,86,1432,520,4,5.888,2,0.2,-1.3248
6075,CA-2017-121398,20221225,20221229,286,708,65,4,153.552,3,0.2,51.8238
6076,CA-2017-121398,20221225,20221229,286,1380,65,4,270.62,2,0.0,2.70620000000002
6077,CA-2016-151561,20210901,20210907,592,1496,406,4,468.9,6,0.0,206.316
6078,CA-2016-151561,20210901,20210907,592,1559,406,4,72.48,2,0.0,30.4416
6079,CA-2016-151561,20210901,20210907,592,1433,406,4,10.95,3,0.0,3.285
6080,CA-2016-151561,20210901,20210907,592,312,406,4,191.82,3,0.0,61.3824
6081,CA-2017-154676,20220805,20220808,579,1331,547,1,151.056,9,0.2,7.5528
6082,US-2014-165589,20190218,20190218,740,223,555,2,25.16,5,0.6,-11.322
6083,US-2016-132577,20211122,20211127,354,804,548,4,6.216,6,0.8,-9.6348
6084,US-2016-132577,20211122,20211127,354,584,548,4,23.616,9,0.2,2.6568
6085,US-2016-132577,20211122,20211127,354,1468,548,4,24.032,2,0.2,-0.6008
6086,US-2016-132577,20211122,20211127,354,949,548,4,2.088,1,0.2,0.6786
6087,US-2016-132577,20211122,20211127,354,766,548,4,4.488,6,0.8,-6.732
6088,CA-2015-114048,20201214,20201218,259,298,43,4,29.22,3,0.0,12.8568
6089,CA-2015-137281,20200613,20200617,79,1136,195,4,6.48,1,0.0,3.1104
6090,US-2017-162068,20221228,20221231,587,750,133,3,1.188,2,0.7,-0.99
6091,CA-2017-100111,20220920,20220926,721,114,408,4,272.646,3,0.1,18.1764
6092,CA-2017-100111,20220920,20220926,721,1539,408,4,212.8,2,0.0,95.76
6093,CA-2017-100111,20220920,20220926,721,1076,408,4,38.52,9,0.0,18.1044
6094,CA-2017-100111,20220920,20220926,721,1498,408,4,72.64,2,0.0,21.792
6095,CA-2017-100111,20220920,20220926,721,1308,408,4,45.4,4,0.0,12.712
6096,CA-2017-100111,20220920,20220926,721,1184,408,4,13.76,2,0.0,6.3296
6097,CA-2017-100111,20220920,20220926,721,101,408,4,80.991,1,0.1,8.09909999999999
6098,CA-2017-100111,20220920,20220926,721,654,408,4,11.784,3,0.2,3.9771
6099,CA-2017-100111,20220920,20220926,721,905,408,4,4.36,2,0.0,1.7876
6100,CA-2017-100111,20220920,20220926,721,120,408,4,2888.127,11,0.1,609.7157
6101,CA-2017-100111,20220920,20220926,721,1793,408,4,1299.66,2,0.0,350.9082
6102,CA-2017-100111,20220920,20220926,721,68,408,4,2254.41,5,0.1,375.735
6103,CA-2017-100111,20220920,20220926,721,1689,408,4,104.85,3,0.0,28.3095
6104,CA-2017-100111,20220920,20220926,721,1514,408,4,59.97,3,0.0,20.3898
6105,US-2017-132381,20220822,20220824,245,342,485,1,314.532,2,0.4,-83.8752
6106,CA-2015-147011,20200618,20200622,333,553,170,4,13.632,4,0.2,3.5784
6107,CA-2014-120852,20191220,20191225,788,410,541,4,19.432,2,0.8,-49.5516
6108,CA-2014-120852,20191220,20191225,788,1584,541,4,65.44,5,0.2,-8.18
6109,CA-2016-150007,20210911,20210916,53,971,215,4,6.0,2,0.2,2.1
6110,CA-2016-150007,20210911,20210916,53,809,215,4,1.908,3,0.8,-3.2436
6111,CA-2016-124590,20211112,20211116,711,125,457,4,1474.802,7,0.3,-21.0686000000002
6112,CA-2016-124590,20211112,20211116,711,422,457,4,110.096,2,0.2,33.0288
6113,CA-2016-124590,20211112,20211116,711,907,457,4,16.752,6,0.2,5.4444
6114,CA-2016-124590,20211112,20211116,711,56,457,4,1537.074,9,0.3,0.0
6115,CA-2016-124590,20211112,20211116,711,109,457,4,449.372,2,0.3,-12.8392
6116,CA-2016-133802,20210314,20210320,709,768,88,4,41.904,6,0.2,14.1426
6117,US-2016-113677,20211113,20211119,163,1756,406,4,2279.96,4,0.0,592.7896
6118,US-2016-113677,20211113,20211119,163,966,406,4,14.94,3,0.0,6.8724
6119,CA-2017-143378,20220919,20220925,405,1722,475,4,191.976,3,0.2,19.1976
6120,CA-2017-143378,20220919,20220925,405,534,475,4,23.832,3,0.2,6.5538
6121,CA-2017-143378,20220919,20220925,405,312,475,4,409.216,8,0.2,61.3824
6122,CA-2017-143378,20220919,20220925,405,16,475,4,72.588,2,0.7,-128.2388
6123,CA-2017-152660,20221204,20221209,127,1304,213,4,61.568,2,0.2,4.6176
6124,CA-2015-142139,20200831,20200905,683,1237,523,4,20.96,4,0.2,6.812
6125,CA-2017-145772,20220603,20220607,714,1549,67,4,44.75,5,0.0,8.50249999999999
6126,CA-2017-145772,20220603,20220607,714,1113,67,4,11.96,2,0.0,5.382
6127,CA-2017-145772,20220603,20220607,714,723,67,4,3.912,1,0.2,1.2714
6128,CA-2016-124100,20210331,20210406,260,112,405,4,327.996,6,0.1,54.666
6129,US-2014-158400,20191025,20191028,28,734,98,1,49.408,4,0.2,18.528
6130,CA-2017-162033,20220326,20220402,274,1552,597,4,53.25,3,0.0,20.7675
6131,CA-2017-162033,20220326,20220402,274,931,597,4,3.76,2,0.0,1.316
6132,CA-2014-163447,20191227,20191231,734,124,406,4,767.214,14,0.1,161.9674
6133,CA-2017-145737,20220915,20220920,9,1084,511,4,163.96,5,0.2,59.4355
6134,CA-2016-148096,20210816,20210819,43,364,68,1,161.28,2,0.2,12.096
6135,CA-2016-146766,20211104,20211104,771,545,39,2,192.8,4,0.0,55.912
6136,CA-2015-105613,20201018,20201022,442,1473,557,4,27.696,3,0.2,3.462
6137,CA-2015-105613,20201018,20201022,442,376,557,4,73.164,6,0.8,-186.5682
6138,US-2016-142251,20211031,20211104,290,1196,161,3,32.064,6,0.2,11.2224
6139,CA-2014-131247,20190330,20190404,294,7,99,4,205.666,2,0.15,-12.098
6140,US-2015-113593,20200418,20200420,556,1304,108,1,115.44,3,0.0,30.0144
6141,CA-2017-121083,20220709,20220715,359,1106,140,4,274.8,5,0.0,134.652
6142,CA-2017-121083,20220709,20220715,359,1374,140,4,195.64,4,0.0,3.9128
6143,CA-2017-121083,20220709,20220715,359,1720,140,4,257.98,2,0.0,74.8142
6144,CA-2017-121083,20220709,20220715,359,566,140,4,119.04,6,0.0,48.8064
6145,CA-2017-151190,20220627,20220701,312,1061,362,4,20.07,3,0.0,9.2322
6146,CA-2014-133543,20191222,20191226,438,579,102,4,11.76,4,0.0,3.1752
6147,CA-2017-105130,20221121,20221125,595,579,100,4,11.76,4,0.0,3.1752
6148,CA-2017-105130,20221121,20221125,595,686,100,4,40.736,2,0.2,14.7668
6149,CA-2016-161928,20210627,20210629,15,1810,98,3,201.584,2,0.2,12.599
6150,CA-2017-101322,20221228,20221231,367,116,63,1,340.704,6,0.2,-34.0704
6151,US-2016-106600,20210408,20210411,649,11,191,1,354.9,5,0.0,88.725
6152,CA-2014-111871,20190318,20190321,266,41,99,3,1198.33,10,0.15,70.49
6153,CA-2017-139437,20220703,20220708,632,1372,64,4,87.92,4,0.0,0.879199999999997
6154,CA-2017-151484,20220420,20220423,184,200,482,1,51.968,2,0.2,10.3936
6155,CA-2017-151484,20220420,20220423,184,1369,482,1,51.336,3,0.2,5.7753
6156,CA-2017-151484,20220420,20220423,184,1298,482,1,332.704,1,0.2,33.2704
6157,CA-2017-151484,20220420,20220423,184,307,482,1,42.408,3,0.2,9.5418
6158,CA-2016-104150,20210803,20210805,21,870,467,3,81.54,3,0.0,38.3238
6159,CA-2016-104150,20210803,20210805,21,1594,467,3,167.28,12,0.0,23.4192
6160,CA-2016-161025,20211203,20211209,304,1357,69,4,772.68,4,0.0,108.1752
6161,CA-2014-103989,20190319,20190321,491,1849,166,1,323.976,3,0.2,28.3479
6162,CA-2014-103989,20190319,20190321,491,953,166,1,11.808,4,0.2,3.9852
6163,CA-2014-103989,20190319,20190321,491,1323,166,1,26.16,3,0.2,1.962
6164,CA-2014-103989,20190319,20190321,491,687,166,1,33.57,5,0.7,-25.737
6165,CA-2014-103989,20190319,20190321,491,283,166,1,4.992,3,0.2,1.3728
6166,CA-2014-103989,20190319,20190321,491,229,166,1,20.016,3,0.2,5.5044
6167,CA-2014-103989,20190319,20190321,491,1539,166,1,170.24,2,0.2,53.2
6168,CA-2015-142433,20200420,20200425,278,1169,545,4,117.456,3,0.2,44.046
6169,CA-2015-132815,20200919,20200922,661,1271,65,3,22.96,2,0.0,11.2504
6170,CA-2014-101266,20190827,20190830,526,1196,595,3,13.36,2,0.0,6.4128
6171,CA-2016-141523,20211219,20211224,511,671,408,3,34.248,3,0.2,11.5587
6172,CA-2016-141523,20211219,20211224,511,522,408,3,3.52,2,0.0,1.0208
6173,US-2014-106299,20190802,20190808,579,711,353,4,26.7,5,0.0,12.549
6174,US-2014-106299,20190802,20190808,579,1556,353,4,21.2,2,0.0,9.116
6175,US-2014-106299,20190802,20190808,579,1359,353,4,838.38,2,0.0,226.3626
6176,CA-2015-158421,20200921,20200926,296,54,492,4,1690.04,4,0.0,422.51
6177,CA-2015-158421,20200921,20200926,296,1371,492,4,85.96,7,0.0,24.0688
6178,CA-2015-158421,20200921,20200926,296,860,492,4,121.96,2,0.0,57.3212
6179,CA-2015-158421,20200921,20200926,296,1129,492,4,23.92,4,0.0,11.7208
6180,CA-2015-158421,20200921,20200926,296,1305,492,4,63.96,2,0.0,6.396
6181,CA-2015-158421,20200921,20200926,296,1692,492,4,629.95,5,0.0,176.386
6182,CA-2015-158421,20200921,20200926,296,1774,492,4,113.73,3,0.0,32.9817
6183,CA-2015-158421,20200921,20200926,296,639,492,4,14.6,2,0.0,6.862
6184,CA-2015-158421,20200921,20200926,296,1409,492,4,887.84,8,0.0,17.7568
6185,CA-2016-143609,20211211,20211213,194,121,472,1,403.92,5,0.2,25.245
6186,CA-2015-138331,20200807,20200812,379,564,482,4,106.8,10,0.2,10.68
6187,CA-2015-138954,20201115,20201117,514,1384,408,1,70.95,3,0.0,20.5755
6188,CA-2015-138954,20201115,20201117,514,797,408,1,34.944,6,0.2,11.7936
6189,CA-2015-138954,20201115,20201117,514,539,408,1,119.04,6,0.0,35.712
6190,CA-2017-157903,20220404,20220408,42,1838,218,4,383.84,4,0.2,47.98
6191,CA-2016-157259,20211224,20211228,392,250,408,4,799.56,9,0.0,207.8856
6192,CA-2017-107986,20221213,20221213,547,1336,613,2,31.44,3,0.0,8.4888
6193,CA-2017-104927,20221222,20221226,21,1015,548,4,25.92,5,0.2,9.072
6194,CA-2017-104927,20221222,20221226,21,774,548,4,6.33,5,0.8,-9.8115
6195,CA-2017-104927,20221222,20221226,21,1028,548,4,75.88,5,0.2,26.558
6196,CA-2017-113453,20221021,20221028,158,1835,485,4,329.988,2,0.4,-76.9972
6197,CA-2017-113453,20221021,20221028,158,1301,485,4,71.376,3,0.2,-4.46099999999999
6198,CA-2015-149909,20201113,20201117,619,1070,242,4,63.77,7,0.0,28.6965
6199,CA-2015-149909,20201113,20201117,619,1730,242,4,50.97,3,0.0,13.2522
6200,CA-2015-149909,20201113,20201117,619,1127,242,4,96.08,2,0.0,46.1184
6201,CA-2015-146675,20200416,20200420,666,1607,220,4,1439.968,4,0.2,485.9892
6202,CA-2015-146675,20200416,20200420,666,1581,220,4,43.56,3,0.2,-4.9005
6203,CA-2016-118332,20211216,20211223,598,73,33,4,563.92,5,0.2,7.04899999999995
6204,CA-2016-133669,20211021,20211027,724,1719,441,4,235.152,8,0.4,-47.0304
6205,CA-2017-145660,20221201,20221203,503,240,452,1,7.712,2,0.2,1.7352
6206,CA-2016-133697,20211020,20211024,162,1070,548,3,51.016,7,0.2,15.9425
6207,CA-2016-133697,20211020,20211024,162,933,548,3,25.248,4,0.2,7.89
6208,CA-2016-133697,20211020,20211024,162,91,548,3,56.686,1,0.3,-14.5764
6209,CA-2017-148138,20220929,20221003,500,1305,452,4,51.168,2,0.2,-6.396
6210,CA-2017-119809,20220818,20220825,791,796,613,4,2793.528,9,0.2,942.8157
6211,CA-2017-119809,20220818,20220825,791,1389,613,4,1000.02,7,0.0,290.0058
6212,CA-2017-119809,20220818,20220825,791,185,613,4,65.94,3,0.0,22.4196
6213,CA-2017-149944,20221112,20221116,485,937,607,3,18.24,3,0.0,9.12
6214,CA-2017-149944,20221112,20221116,485,469,607,3,76.12,2,0.0,22.0748
6215,CA-2014-128538,20191011,20191015,56,856,87,4,7.64,1,0.0,3.7436
6216,CA-2015-161711,20201128,20201203,488,141,408,4,68.16,3,0.0,27.9456
6217,CA-2015-161711,20201128,20201203,488,864,408,4,62.24,8,0.0,29.2528
6218,US-2015-129553,20200727,20200802,592,1856,273,4,29.97,3,0.0,0.2997
6219,CA-2016-160220,20211020,20211026,410,1718,326,4,125.7,6,0.0,35.196
6220,CA-2016-160220,20211020,20211026,410,1732,326,4,191.98,2,0.0,51.8346
6221,CA-2016-160220,20211020,20211026,410,1309,326,4,20.86,7,0.0,1.4602
6222,US-2017-157224,20220914,20220918,343,945,68,3,56.7,9,0.0,26.082
6223,CA-2017-140627,20221223,20221227,213,141,507,4,72.704,4,0.2,19.0848
6224,CA-2017-140627,20221223,20221227,213,485,507,4,12.264,7,0.2,1.0731
6225,CA-2017-140627,20221223,20221227,213,1407,507,4,218.352,3,0.2,-54.588
6226,CA-2015-133445,20201005,20201009,363,35,472,4,66.294,1,0.7,-103.8606
6227,CA-2015-133445,20201005,20201009,363,55,472,4,291.168,4,0.2,-14.5584
6228,CA-2014-148782,20191102,20191107,603,1796,550,4,88.776,3,0.2,7.7679
6229,CA-2016-148208,20210122,20210127,115,1831,440,4,110.376,4,0.4,-20.2356
6230,CA-2016-148208,20210122,20210127,115,1463,440,4,55.176,3,0.2,15.8631
6231,CA-2017-127656,20220711,20220717,578,508,263,4,30.32,4,0.0,11.8248
6232,US-2017-142188,20220911,20220911,362,102,614,2,177.568,2,0.2,8.87839999999999
6233,US-2017-142188,20220911,20220911,362,1150,614,2,19.44,3,0.0,9.3312
6234,US-2017-142188,20220911,20220911,362,1253,614,2,71.28,11,0.0,34.2144
6235,US-2017-142188,20220911,20220911,362,831,614,2,1471.96,5,0.2,459.9875
6236,US-2017-142188,20220911,20220911,362,1682,614,2,79.96,5,0.2,-17.991
6237,CA-2016-144400,20210223,20210227,12,895,482,4,57.576,3,0.2,21.591
6238,US-2016-155180,20210122,20210129,736,826,405,4,26.336,4,0.2,9.2176
6239,CA-2015-134075,20201212,20201216,317,303,102,4,166.5,3,0.0,21.645
6240,CA-2015-134075,20201212,20201216,317,1344,102,4,360.38,2,0.0,93.6988
6241,US-2016-131912,20211029,20211101,464,816,65,3,11.744,1,0.2,3.8168
6242,CA-2017-141572,20220528,20220531,467,177,368,3,247.44,8,0.0,101.4504
6243,CA-2014-134621,20191221,20191228,233,673,505,4,18.24,2,0.7,-14.592
6244,CA-2016-165561,20211124,20211128,167,1457,600,4,25.35,3,0.0,7.605
6245,CA-2015-112305,20201120,20201125,417,544,614,4,119.04,6,0.0,30.9504
6246,CA-2015-112305,20201120,20201125,417,221,614,4,22.14,3,0.0,6.4206
6247,CA-2015-112305,20201120,20201125,417,1517,614,4,13.98,2,0.0,6.0114
6248,CA-2017-121580,20220529,20220604,521,662,242,4,43.41,1,0.0,19.9686
6249,CA-2017-121580,20220529,20220604,521,283,242,4,6.24,3,0.0,2.6208
6250,CA-2017-121580,20220529,20220604,521,411,242,4,465.16,2,0.0,120.9416
6251,CA-2017-121580,20220529,20220604,521,1250,242,4,7.98,1,0.0,3.99
6252,CA-2014-101147,20191202,20191204,489,463,214,1,2.394,1,0.8,-6.3441
6253,CA-2014-165806,20190407,20190407,781,1219,194,2,58.32,9,0.0,27.9936
6254,CA-2014-165806,20190407,20190407,781,1859,194,2,200.97,3,0.0,50.2425
6255,CA-2015-151624,20200908,20200914,787,194,7,4,21.36,8,0.0,8.1168
6256,CA-2017-139444,20220909,20220915,303,946,564,4,9.856,4,0.2,3.4496
6257,CA-2015-133977,20200906,20200908,59,765,186,3,3.444,1,0.7,-2.5256
6258,CA-2017-141425,20221102,20221106,51,1425,441,3,384.592,2,0.2,-81.7258
6259,CA-2015-133536,20200328,20200330,370,896,405,3,22.92,3,0.0,11.2308
6260,CA-2015-150441,20200813,20200817,617,778,254,3,11.36,4,0.0,5.5664
6261,CA-2015-162607,20200512,20200518,652,758,615,4,14.592,3,0.2,4.9248
6262,CA-2017-103506,20220723,20220727,471,960,402,4,41.4,4,0.0,19.872
6263,CA-2016-132479,20210924,20210926,518,829,234,1,442.372,7,0.8,-729.9138
6264,CA-2017-160724,20220505,20220510,791,843,191,4,34.5,3,0.0,15.525
6265,US-2016-115952,20211006,20211006,371,833,467,2,28.85,5,0.0,14.425
6266,CA-2014-146731,20191103,20191108,60,1023,514,4,3.488,2,0.2,1.1772
6267,CA-2014-146731,20191103,20191108,60,1083,514,4,143.856,9,0.2,48.5514
6268,CA-2015-115392,20201001,20201004,650,1773,293,3,311.98,2,0.0,93.594
6269,CA-2015-115392,20201001,20201004,650,668,293,3,22.45,5,0.0,10.327
6270,CA-2017-102379,20221202,20221206,66,1724,77,4,39.992,1,0.2,-7.99840000000001
6271,CA-2017-102379,20221202,20221206,66,135,77,4,1159.056,9,0.2,43.4645999999999
6272,CA-2017-102379,20221202,20221206,66,609,77,4,179.9,5,0.0,44.975
6273,CA-2017-149706,20221211,20221212,57,1493,230,1,116.312,7,0.2,23.2624
6274,US-2016-139087,20210717,20210722,217,196,614,3,12.42,3,0.0,4.4712
6275,US-2016-139087,20210717,20210722,217,1588,614,3,428.4,3,0.0,89.964
6276,US-2016-139087,20210717,20210722,217,293,614,3,24.75,5,0.0,10.89
6277,US-2016-139087,20210717,20210722,217,959,614,3,87.71,7,0.0,41.2237
6278,US-2016-139087,20210717,20210722,217,1307,614,3,69.52,2,0.0,17.38
6279,US-2016-139087,20210717,20210722,217,1684,614,3,20.784,2,0.2,-4.6764
6280,US-2016-139087,20210717,20210722,217,638,614,3,12.816,3,0.2,4.1652
6281,CA-2017-152226,20220512,20220516,371,953,439,4,5.904,2,0.2,1.9926
6282,CA-2015-116484,20201120,20201126,376,238,452,4,63.824,2,0.2,9.57359999999999
6283,CA-2015-116484,20201120,20201126,376,1405,452,4,141.552,3,0.2,-26.541
6284,CA-2016-100944,20210924,20210928,258,860,69,4,304.9,5,0.0,143.303
6285,CA-2016-100944,20210924,20210928,258,65,69,4,563.24,5,0.2,56.324
6286,CA-2016-125080,20211021,20211026,787,353,449,4,661.176,2,0.4,-231.4116
6287,CA-2016-121020,20211024,20211031,143,1712,511,4,239.976,3,0.2,17.9982
6288,CA-2014-100090,20190708,20190712,247,358,100,4,502.488,3,0.2,-87.9354
6289,CA-2014-100090,20190708,20190712,247,700,100,4,196.704,6,0.2,68.8464
6290,US-2015-139675,20200313,20200318,563,119,38,3,915.136,4,0.2,102.9528
6291,US-2015-139675,20200313,20200318,563,207,38,3,327.76,8,0.0,91.7728
6292,CA-2017-143756,20221202,20221205,499,77,594,1,701.96,2,0.0,168.4704
6293,CA-2015-151253,20200422,20200426,64,1796,65,4,88.776,3,0.2,7.7679
6294,CA-2015-151253,20200422,20200426,64,627,65,4,64.14,3,0.0,16.6764
6295,CA-2014-141152,20190916,20190919,640,757,407,1,33.552,1,0.2,12.582
6296,CA-2014-141313,20191228,20200101,37,432,292,4,1737.18,6,0.0,503.7822
6297,CA-2014-141313,20191228,20200101,37,1315,292,4,704.25,5,0.0,84.51
6298,CA-2014-141313,20191228,20200101,37,1213,292,4,141.76,4,0.0,66.6272
6299,CA-2014-169852,20191021,20191026,687,693,95,4,36.36,3,0.2,12.2715
6300,CA-2017-107314,20221130,20221203,551,260,98,1,25.83,3,0.0,9.5571
6301,US-2014-161305,20190606,20190612,665,748,214,4,24.588,3,0.8,-38.1114
6302,US-2014-161305,20190606,20190612,665,848,214,4,13.984,2,0.2,4.7196
6303,CA-2017-166919,20221123,20221127,32,1719,534,4,195.96,5,0.2,19.596
6304,CA-2017-162712,20220618,20220620,567,1026,531,3,74.352,3,0.2,23.235
6305,CA-2017-107552,20220505,20220505,36,1193,408,2,6.68,1,0.0,3.2064
6306,CA-2016-163328,20211104,20211106,759,1437,468,3,17.584,7,0.2,-4.1762
6307,CA-2016-163328,20211104,20211106,759,103,468,3,104.784,1,0.2,-14.4078
6308,CA-2016-163328,20211104,20211106,759,1261,468,3,47.952,3,0.2,16.7832
6309,CA-2016-163328,20211104,20211106,759,53,468,3,650.352,3,0.2,-97.5528000000001
6310,CA-2016-163328,20211104,20211106,759,998,468,3,629.184,8,0.2,228.0792
6311,CA-2016-163328,20211104,20211106,759,1028,468,3,15.176,1,0.2,5.3116
6312,CA-2014-112837,20190911,20190916,481,284,80,4,127.95,3,0.0,21.7515
6313,CA-2017-120019,20220216,20220221,564,1357,139,4,579.51,3,0.0,81.1314
6314,CA-2017-120019,20220216,20220221,564,1709,139,4,14.99,1,0.0,7.3451
6315,CA-2014-100762,20191124,20191129,564,482,314,4,151.92,4,0.0,45.576
6316,CA-2014-100762,20191124,20191129,564,998,314,4,196.62,2,0.0,96.3438
6317,CA-2014-100762,20191124,20191129,564,1131,314,4,144.12,3,0.0,69.1776
6318,CA-2014-100762,20191124,20191129,564,1250,314,4,15.96,2,0.0,7.98
6319,CA-2017-161459,20221125,20221129,248,1829,57,3,39.96,5,0.2,3.4965
6320,CA-2017-161459,20221125,20221129,248,1169,57,3,34.08,6,0.0,15.336
6321,CA-2017-160017,20220928,20221002,710,1128,163,4,10.368,2,0.2,3.6288
6322,CA-2014-123316,20191013,20191017,707,747,403,4,7.752,3,0.2,2.8101
6323,CA-2014-141299,20190603,20190607,628,896,317,3,15.28,2,0.0,7.4872
6324,CA-2014-104402,20190617,20190623,199,1621,148,4,65.97,3,0.0,31.0059
6325,CA-2015-110289,20201029,20201102,554,1196,98,4,33.4,5,0.0,16.032
6326,CA-2015-110289,20201029,20201102,554,859,98,4,210.84,4,0.0,103.3116
6327,CA-2014-167927,20190120,20190126,789,1317,327,4,13.98,1,0.0,4.0542
6328,CA-2014-167927,20190120,20190126,789,241,327,4,272.94,3,0.0,30.0234
6329,CA-2014-167927,20190120,20190126,789,661,327,4,19.05,5,0.0,8.9535
6330,CA-2014-167927,20190120,20190126,789,422,327,4,247.716,4,0.1,93.5816
6331,CA-2014-167927,20190120,20190126,789,1385,327,4,66.58,2,0.0,15.9792
6332,CA-2014-167927,20190120,20190126,789,620,327,4,43.92,3,0.0,12.7368
6333,CA-2014-167927,20190120,20190126,789,219,327,4,14.73,3,0.0,4.8609
6334,CA-2014-167927,20190120,20190126,789,821,327,4,29.7,5,0.0,13.365
6335,CA-2014-133305,20190711,20190715,512,1145,406,4,49.12,4,0.0,23.0864
6336,CA-2014-133305,20190711,20190715,512,759,406,4,18.28,5,0.2,6.398
6337,CA-2016-165995,20210830,20210906,88,161,65,4,47.04,4,0.0,15.9936
6338,CA-2016-165995,20210830,20210906,88,1857,65,4,339.96,5,0.2,42.4949999999999
6339,CA-2017-143112,20221005,20221009,765,1800,408,4,87.8,4,0.0,43.9
6340,CA-2017-143112,20221005,20221009,765,98,408,4,221.382,2,0.1,2.45979999999999
6341,CA-2017-143112,20221005,20221009,765,1631,408,4,5199.96,4,0.0,1351.9896
6342,US-2017-105830,20211231,20220102,199,1374,450,1,156.512,4,0.2,-35.2152
6343,CA-2015-146255,20200307,20200310,273,1583,148,1,119.85,3,0.0,52.734
6344,CA-2015-146255,20200307,20200310,273,651,148,1,30.44,2,0.0,14.9156
6345,CA-2015-146255,20200307,20200310,273,713,148,1,69.28,2,0.0,33.2544
6346,CA-2015-146255,20200307,20200310,273,1736,148,1,587.97,3,0.0,170.5113
6347,CA-2017-104822,20221020,20221020,624,972,407,2,24.55,5,0.0,12.0295
6348,CA-2015-104486,20200501,20200506,603,651,98,4,12.176,1,0.2,4.4138
6349,CA-2015-104486,20200501,20200506,603,1320,98,4,37.32,3,0.0,10.4496
6350,CA-2015-104486,20200501,20200506,603,1442,98,4,35.06,2,0.0,10.518
6351,CA-2017-161557,20220903,20220908,27,304,533,4,108.4,5,0.6,-105.69
6352,CA-2017-161130,20221103,20221108,85,1775,170,4,361.376,2,0.2,27.1032
6353,US-2015-161347,20200913,20200919,322,812,482,4,2.412,1,0.7,-2.01
6354,US-2015-109015,20200906,20200912,107,415,406,4,8.39,1,0.0,2.0975
6355,US-2015-109015,20200906,20200912,107,1795,406,4,337.98,2,0.0,101.394
6356,CA-2014-110611,20191006,20191013,351,1311,482,4,83.92,5,0.2,-13.637
6357,CA-2017-139080,20220123,20220128,176,710,613,4,19.68,5,0.2,6.888
6358,CA-2017-139080,20220123,20220128,176,1275,613,4,25.92,4,0.0,12.4416
6359,CA-2017-139080,20220123,20220128,176,1165,613,4,6.48,1,0.0,3.1104
6360,CA-2017-139080,20220123,20220128,176,1833,613,4,86.352,6,0.2,8.6352
6361,CA-2015-115693,20201210,20201215,281,588,66,4,56.3,2,0.0,15.764
6362,US-2014-107993,20191125,20191130,684,572,475,4,51.016,7,0.2,8.2901
6363,CA-2017-110443,20221121,20221125,148,706,612,4,150.8,5,0.2,56.55
6364,CA-2017-110443,20221121,20221125,148,1639,612,4,1039.992,1,0.2,103.9992
6365,CA-2017-110443,20221121,20221125,148,1233,612,4,51.84,8,0.0,24.8832
6366,CA-2017-144848,20220404,20220405,236,1827,405,1,41.22,1,0.0,11.1294
6367,CA-2017-144848,20220404,20220405,236,1425,405,1,240.37,1,0.0,7.21110000000002
6368,CA-2017-144848,20220404,20220405,236,1761,405,1,119.02,2,0.0,33.3256
6369,US-2017-147998,20220519,20220524,664,726,102,4,133.12,5,0.2,49.92
6370,CA-2016-103919,20211003,20211007,759,195,541,4,38.08,5,0.6,-29.512
6371,CA-2016-113425,20211121,20211121,383,22,405,2,113.568,2,0.2,12.7764
6372,CA-2017-143035,20221003,20221005,133,203,405,3,83.92,4,0.0,21.8192
6373,CA-2017-143035,20221003,20221005,133,506,405,3,6.63,3,0.0,3.1161
6374,CA-2017-143035,20221003,20221005,133,1518,405,3,371.97,3,0.0,66.9546
6375,CA-2014-107811,20190429,20190503,448,70,512,4,561.584,2,0.2,70.1979999999999
6376,CA-2014-107811,20190429,20190503,448,1319,512,4,99.92,5,0.2,-1.24900000000001
6377,CA-2016-163216,20211007,20211010,62,946,485,1,4.928,2,0.2,1.7248
6378,US-2016-116442,20211215,20211222,103,221,64,4,14.76,2,0.0,4.2804
6379,CA-2017-150623,20220410,20220414,195,1587,146,4,99.99,1,0.0,41.9958
6380,CA-2017-150623,20220410,20220414,195,1400,146,4,286.15,5,0.0,71.5375
6381,US-2014-163797,20190408,20190413,588,921,11,4,49.792,8,0.2,-11.8256
6382,CA-2016-127236,20210329,20210402,740,40,458,4,299.975,5,0.5,-167.986
6383,CA-2016-127236,20210329,20210402,740,1683,458,4,158.376,4,0.4,-36.9544
6384,US-2017-104661,20220115,20220118,735,700,520,1,32.784,4,0.8,-52.4544
6385,US-2017-104661,20220115,20220118,735,1567,520,1,47.984,2,0.2,14.3952
6386,US-2017-104661,20220115,20220118,735,1526,520,1,62.592,8,0.2,13.3008
6387,US-2017-104661,20220115,20220118,735,680,520,1,4.276,1,0.8,-6.6278
6388,CA-2014-134103,20190130,20190204,546,1089,311,4,10.56,2,0.0,4.752
6389,CA-2014-134103,20190130,20190204,546,1326,311,4,229.94,2,0.0,6.8982
6390,CA-2015-147529,20200207,20200211,211,847,595,4,311.15,5,0.0,146.2405
6391,CA-2015-147529,20200207,20200211,211,1215,595,4,12.96,2,0.0,6.3504
6392,CA-2016-129126,20211214,20211219,598,1105,406,4,14.62,2,0.0,6.7252
6393,CA-2016-129126,20211214,20211219,598,987,406,4,5.76,2,0.0,2.8224
6394,CA-2016-129126,20211214,20211219,598,909,406,4,21.48,6,0.0,10.5252
6395,CA-2016-129126,20211214,20211219,598,242,406,4,396.92,4,0.0,198.46
6396,CA-2016-129126,20211214,20211219,598,1414,406,4,17.15,1,0.0,4.6305
6397,CA-2016-129126,20211214,20211219,598,648,406,4,23.12,2,0.2,7.803
6398,CA-2017-131632,20221031,20221104,30,591,533,4,5.248,2,0.2,0.590399999999999
6399,CA-2017-151981,20220806,20220812,305,1816,368,4,824.95,5,0.0,247.485
6400,CA-2017-151981,20220806,20220812,305,974,368,4,24.64,8,0.0,11.8272
6401,CA-2017-151981,20220806,20220812,305,482,368,4,227.88,6,0.0,68.364
6402,CA-2017-125472,20220530,20220531,74,2,279,1,241.96,2,0.0,33.8744
6403,CA-2017-125472,20220530,20220531,74,660,279,1,3.89,1,0.0,1.8672
6404,CA-2017-125472,20220530,20220531,74,194,279,1,8.01,3,0.0,3.0438
6405,CA-2015-156328,20201130,20201205,649,1715,432,4,177.48,3,0.2,19.9665
6406,CA-2017-154074,20220831,20220902,119,89,616,3,569.568,2,0.2,7.11959999999991
6407,CA-2017-154074,20220831,20220902,119,1369,616,3,149.73,7,0.0,43.4217
6408,CA-2017-161774,20220514,20220515,312,118,546,1,899.43,5,0.3,-12.8490000000002
6409,CA-2017-161774,20220514,20220515,312,519,546,1,46.2,5,0.2,5.775
6410,CA-2017-161774,20220514,20220515,312,1038,546,1,47.952,3,0.2,16.1838
6411,CA-2017-161774,20220514,20220515,312,1829,546,1,7.992,1,0.2,0.6993
6412,CA-2017-161774,20220514,20220515,312,1206,546,1,76.864,2,0.2,26.9024
6413,CA-2017-151211,20220817,20220823,30,746,273,4,102.93,3,0.0,48.3771
6414,CA-2017-151211,20220817,20220823,30,1584,273,4,98.16,6,0.0,9.816
6415,CA-2017-142671,20221110,20221114,235,806,161,3,11.52,5,0.7,-7.68
6416,CA-2017-144750,20220821,20220821,222,1217,11,2,83.88,1,0.2,29.358
6417,CA-2016-111976,20210308,20210312,72,1794,482,4,108.576,4,0.4,-25.3344
6418,CA-2016-111976,20210308,20210312,72,943,482,4,5.984,2,0.2,-1.3464
6419,CA-2016-140130,20211031,20211105,334,1431,467,4,21.96,2,0.0,6.1488
6420,CA-2016-140130,20211031,20211105,334,84,467,4,368.97,3,0.0,81.1734
6421,CA-2016-140130,20211031,20211105,334,616,467,4,12.39,3,0.0,3.4692
6422,CA-2016-140130,20211031,20211105,334,1330,467,4,332.94,3,0.0,9.98820000000002
6423,CA-2014-159121,20190726,20190801,397,1516,575,4,111.93,7,0.0,34.6983
6424,CA-2015-149650,20201024,20201027,633,115,77,1,454.272,8,0.2,-73.8192000000001
6425,CA-2017-115777,20220819,20220824,229,1058,297,4,19.44,3,0.0,9.3312
6426,CA-2016-143714,20210523,20210527,132,1615,482,4,8399.976,4,0.4,1119.9968
6427,CA-2016-143714,20210523,20210527,132,817,482,4,6.294,1,0.7,-4.196
6428,CA-2016-143714,20210523,20210527,132,1016,482,4,10.368,2,0.2,3.6288
6429,CA-2016-143714,20210523,20210527,132,1830,482,4,122.382,3,0.4,-24.4764
6430,CA-2014-165764,20191103,20191107,693,1349,430,4,25.984,2,0.2,-1.624
6431,CA-2014-165764,20191103,20191107,693,333,430,4,945.036,6,0.4,-299.2614
6432,CA-2014-165764,20191103,20191107,693,761,430,4,14.301,7,0.7,-10.4874
6433,CA-2014-165764,20191103,20191107,693,183,430,4,410.352,3,0.2,-51.294
6434,CA-2015-121405,20200330,20200404,282,1134,213,4,23.52,5,0.2,8.526
6435,CA-2015-121405,20200330,20200404,282,1794,213,4,180.96,5,0.2,13.572
6436,US-2017-116897,20220527,20220529,366,317,204,1,35.0,4,0.0,14.7
6437,US-2017-116897,20220527,20220529,366,1290,204,1,477.15,5,0.0,28.629
6438,US-2017-116897,20220527,20220529,366,1840,204,1,302.376,3,0.2,22.6782
6439,US-2017-113992,20221214,20221219,452,320,564,4,974.988,4,0.3,-97.4988
6440,CA-2014-166891,20191004,20191006,131,103,407,1,589.41,5,0.1,-6.54900000000005
6441,CA-2016-101161,20211013,20211020,119,531,407,4,34.7,5,0.0,12.492
6442,CA-2016-101161,20211013,20211020,119,1385,407,4,99.87,3,0.0,23.9688
6443,CA-2016-101161,20211013,20211020,119,1098,407,4,37.94,2,0.0,18.2112
6444,CA-2016-101161,20211013,20211020,119,951,407,4,24.9,5,0.0,11.454
6445,CA-2016-101161,20211013,20211020,119,261,407,4,82.26,3,0.0,33.7266
6446,CA-2015-151785,20200305,20200310,374,908,214,4,7.104,6,0.2,2.4864
6447,US-2017-119816,20220304,20220306,773,311,548,3,103.5,5,0.6,-77.625
6448,US-2017-119816,20220304,20220306,773,978,548,3,2.464,1,0.2,0.8624
6449,US-2017-119816,20220304,20220306,773,1323,548,3,8.72,1,0.2,0.653999999999999
6450,CA-2015-156510,20200925,20200929,260,667,141,4,10.76,2,0.0,5.1648
6451,CA-2015-156510,20200925,20200929,260,1158,141,4,45.68,2,0.0,21.0128
6452,CA-2015-156510,20200925,20200929,260,633,141,4,6.7,1,0.0,2.211
6453,US-2015-110261,20201219,20201223,608,1739,223,3,158.376,3,0.2,13.8579
6454,CA-2015-125710,20201008,20201013,116,492,545,4,3.44,2,0.2,0.559
6455,CA-2017-161102,20220731,20220803,255,1392,99,1,56.56,2,0.0,15.2712
6456,CA-2017-161102,20220731,20220803,255,249,99,1,36.96,7,0.0,11.4576
6457,CA-2014-110065,20190805,20190811,709,1771,405,4,135.99,1,0.0,36.7173
6458,CA-2014-110065,20190805,20190811,709,614,405,4,15.96,7,0.0,7.0224
6459,US-2017-133361,20220514,20220517,37,535,284,1,3.76,2,0.0,1.0904
6460,US-2017-133361,20220514,20220517,37,567,284,1,14.7,5,0.0,6.615
6461,US-2017-133361,20220514,20220517,37,577,284,1,37.2,5,0.0,9.3
6462,US-2017-133361,20220514,20220517,37,1557,284,1,89.97,3,0.0,18.8937
6463,US-2017-133361,20220514,20220517,37,103,284,1,261.96,2,0.0,23.5764
6464,US-2017-133361,20220514,20220517,37,1008,284,1,74.0,5,0.0,37.0
6465,US-2016-155404,20210922,20210928,58,301,273,4,13.28,2,0.0,6.3744
6466,CA-2015-114503,20201113,20201117,2,1396,511,4,84.96,6,0.2,6.372
6467,CA-2017-153080,20220522,20220525,259,1526,65,3,68.46,7,0.0,25.3302
6468,CA-2016-163804,20211202,20211208,194,1298,489,4,2079.4,5,0.0,582.232
6469,CA-2016-163804,20211202,20211208,194,1695,489,4,629.95,5,0.0,176.386
6470,CA-2016-163804,20211202,20211208,194,312,489,4,72.42,6,0.0,23.8986
6471,CA-2015-108532,20200829,20200902,129,1739,311,4,131.98,2,0.0,35.6346
6472,CA-2015-108532,20200829,20200902,129,1584,311,4,114.52,7,0.0,11.452
6473,CA-2014-151897,20190606,20190610,786,959,547,4,100.24,10,0.2,33.831
6474,CA-2016-113292,20210318,20210320,191,450,505,3,871.8,3,0.2,87.1800000000001
6475,CA-2014-149524,20190114,20190115,107,31,484,1,61.96,4,0.5,-53.2856
6476,CA-2017-140872,20220603,20220610,575,739,177,4,4.554,3,0.7,-3.4914
6477,CA-2017-140872,20220603,20220610,575,451,177,4,5.2,2,0.2,0.585
6478,CA-2017-140872,20220603,20220610,575,1570,177,4,205.992,1,0.2,-2.57490000000003
6479,CA-2017-140872,20220603,20220610,575,1077,177,4,15.552,3,0.2,5.4432
6480,CA-2017-140872,20220603,20220610,575,1695,177,4,503.96,5,0.2,50.396
6481,CA-2017-140872,20220603,20220610,575,421,177,4,24.472,7,0.2,1.8354
6482,CA-2017-140872,20220603,20220610,575,24,177,4,241.568,2,0.2,0.0
6483,CA-2017-140872,20220603,20220610,575,1545,177,4,110.4,2,0.2,-4.14000000000001
6484,CA-2017-113908,20220603,20220609,440,338,406,4,384.768,2,0.4,-115.4304
6485,CA-2017-113908,20220603,20220609,440,1653,406,4,78.66,6,0.0,36.1836
6486,CA-2017-113908,20220603,20220609,440,1254,406,4,45.36,4,0.0,22.2264
6487,CA-2015-120621,20200321,20200326,413,440,430,4,962.08,4,0.2,156.338
6488,CA-2015-120621,20200321,20200326,413,671,430,4,12.843,3,0.7,-9.8463
6489,CA-2015-120621,20200321,20200326,413,1163,430,4,295.456,14,0.2,96.0232
6490,US-2017-148866,20220919,20220924,392,1281,406,4,32.4,5,0.0,15.552
6491,CA-2014-149594,20190915,20190919,502,146,482,4,103.936,4,0.2,16.8896
6492,CA-2016-113845,20211120,20211125,280,47,174,4,289.568,2,0.2,10.8588
6493,CA-2016-113845,20211120,20211125,280,1391,174,4,39.72,5,0.2,4.4685
6494,CA-2016-113845,20211120,20211125,280,1807,174,4,244.768,4,0.2,24.4768
6495,CA-2017-111262,20221028,20221101,431,1521,548,3,24.0,2,0.2,-2.7
6496,CA-2017-111262,20221028,20221101,431,1140,548,3,15.552,3,0.2,5.4432
6497,CA-2017-111262,20221028,20221101,431,1584,548,3,26.176,2,0.2,-3.272
6498,CA-2015-103135,20200724,20200728,716,186,273,4,20.94,3,0.0,6.0726
6499,CA-2015-103135,20200724,20200728,716,640,273,4,135.09,9,0.0,62.1414
6500,CA-2015-103135,20200724,20200728,716,1558,273,4,279.86,14,0.0,64.3678
6501,CA-2015-103135,20200724,20200728,716,640,273,4,90.06,6,0.0,41.4276
6502,CA-2014-129147,20191102,20191106,455,1717,454,4,539.964,6,0.4,-107.9928
6503,CA-2014-129147,20191102,20191106,455,1731,454,4,50.232,7,0.4,-10.0464
6504,CA-2014-129147,20191102,20191106,455,680,454,4,19.242,3,0.7,-13.4694
6505,CA-2017-128265,20221117,20221122,787,1298,406,3,1247.64,3,0.0,349.3392
6506,CA-2016-152331,20210626,20210630,457,523,215,4,5.304,3,0.2,0.4641
6507,US-2016-128909,20211009,20211011,707,1113,485,3,19.136,4,0.2,5.98
6508,US-2016-128909,20211009,20211011,707,289,485,3,332.832,4,0.2,-24.9624
6509,CA-2017-102197,20221220,20221226,215,1145,405,4,279.9,5,0.0,137.151
6510,CA-2017-102197,20221220,20221226,215,695,405,4,50.352,3,0.2,17.6232
6511,CA-2017-102197,20221220,20221226,215,1254,405,4,34.02,3,0.0,16.6698
6512,CA-2017-167640,20220306,20220310,281,571,98,4,23.88,6,0.0,8.1192
6513,CA-2017-167640,20220306,20220310,281,1010,98,4,11.52,4,0.0,5.6448
6514,CA-2017-167640,20220306,20220310,281,1084,98,4,286.93,7,0.0,140.5957
6515,CA-2017-167640,20220306,20220310,281,1720,98,4,206.384,2,0.2,23.2182
6516,US-2017-116652,20220915,20220919,631,99,100,4,218.352,3,0.2,0.0
6517,US-2017-116652,20220915,20220919,631,187,100,4,529.9,5,0.0,105.98
6518,US-2017-116652,20220915,20220919,631,534,100,4,99.3,10,0.0,41.706
6519,US-2017-116652,20220915,20220919,631,400,100,4,108.96,2,0.0,30.5088
6520,US-2017-116652,20220915,20220919,631,828,100,4,2.688,1,0.2,0.84
6521,CA-2017-138289,20220116,20220118,49,846,314,3,5443.96,4,0.0,2504.2216
6522,CA-2017-138289,20220116,20220118,49,127,314,3,302.67,3,0.0,72.6408
6523,CA-2017-138289,20220116,20220118,49,1093,314,3,56.07,7,0.0,25.2315
6524,CA-2016-129308,20210707,20210713,129,983,482,4,10.08,2,0.2,3.276
6525,CA-2016-129308,20210707,20210713,129,1764,482,4,59.994,1,0.4,-12.9987
6526,CA-2016-129308,20210707,20210713,129,696,482,4,5.715,5,0.7,-4.7625
6527,CA-2016-129308,20210707,20210713,129,691,482,4,9.42,5,0.7,-7.85
6528,CA-2016-157791,20211223,20211228,121,1609,490,3,1999.96,4,0.0,899.982
6529,CA-2014-146864,20191222,20191226,115,1418,407,4,216.4,4,0.0,56.264
6530,CA-2014-103744,20190223,20190227,506,1006,537,4,6.936,3,0.2,2.3409
6531,CA-2014-103744,20190223,20190227,506,653,537,4,4.428,3,0.8,-6.8634
6532,US-2017-107384,20221204,20221208,757,515,336,4,8.8,5,0.0,2.552
6533,US-2017-107384,20221204,20221208,757,1588,336,4,142.8,1,0.0,29.988
6534,US-2017-107384,20221204,20221208,757,1499,336,4,399.95,5,0.0,143.982
6535,CA-2014-128209,20191117,20191122,312,692,397,4,2152.776,3,0.2,726.5619
6536,CA-2014-128209,20191117,20191122,312,19,397,4,4007.84,10,0.2,-50.0980000000003
6537,CA-2014-169684,20191020,20191023,286,352,510,1,328.59,3,0.4,-147.8655
6538,CA-2014-169684,20191020,20191023,286,1324,510,1,98.352,3,0.2,-24.588
6539,CA-2015-109862,20201025,20201030,327,1828,148,4,158.99,1,0.0,41.3374
6540,CA-2015-109862,20201025,20201030,327,92,148,4,291.1,5,0.0,75.686
6541,US-2017-107888,20221116,20221119,131,1101,613,1,73.68,6,0.0,34.6296
6542,US-2017-107888,20221116,20221119,131,257,613,1,139.92,2,0.0,23.7864
6543,US-2017-107888,20221116,20221119,131,1801,613,1,107.88,3,0.2,10.788
6544,US-2017-107888,20221116,20221119,131,1385,613,1,33.29,1,0.0,7.9896
6545,US-2017-154872,20220514,20220518,230,762,440,4,58.17,5,0.7,-46.536
6546,US-2017-154872,20220514,20220518,230,957,440,4,5.04,2,0.2,1.764
6547,US-2017-154872,20220514,20220518,230,1052,440,4,24.784,1,0.2,7.745
6548,CA-2014-113880,20190301,20190305,778,64,219,4,634.116,6,0.3,-172.1172
6549,CA-2014-113880,20190301,20190305,778,1200,219,4,17.472,3,0.2,5.6784
6550,US-2015-164966,20200730,20200801,299,86,332,1,155.88,6,0.0,38.97
6551,CA-2015-126739,20201101,20201103,373,55,408,3,327.564,4,0.1,21.8376
6552,CA-2017-161578,20221216,20221221,624,1196,67,3,13.36,2,0.0,6.4128
6553,CA-2017-161578,20221216,20221221,624,1364,67,3,158.9,5,0.0,7.94499999999999
6554,CA-2014-137092,20191020,20191022,473,1504,215,3,319.968,4,0.2,71.9928
6555,CA-2014-137092,20191020,20191022,473,1403,215,3,505.32,3,0.2,31.5825
6556,CA-2014-137092,20191020,20191022,473,1153,215,3,3.808,1,0.2,1.2376
6557,CA-2014-137092,20191020,20191022,473,662,215,3,8.682,1,0.8,-14.7594
6558,CA-2014-137092,20191020,20191022,473,991,215,3,24.424,1,0.2,7.9378
6559,CA-2015-166947,20200605,20200610,248,136,397,4,1522.638,9,0.1,169.182
6560,CA-2016-160941,20210721,20210726,211,877,90,4,419.9,5,0.0,197.353
6561,CA-2016-160941,20210721,20210726,211,996,90,4,3.15,1,0.0,1.512
6562,CA-2017-144680,20220331,20220402,672,442,519,1,33.62,5,0.8,-90.774
6563,CA-2014-166086,20190507,20190512,182,678,297,4,16.14,3,0.0,7.9086
6564,CA-2014-166086,20190507,20190512,182,355,297,4,194.25,2,0.3,-38.85
6565,CA-2014-166086,20190507,20190512,182,556,297,4,8.64,3,0.0,2.5056
6566,CA-2014-166086,20190507,20190512,182,128,297,4,872.32,4,0.0,244.2496
6567,CA-2017-131282,20220205,20220208,126,832,574,3,243.992,4,0.8,-426.986
6568,CA-2017-131282,20220205,20220208,126,569,574,3,7.12,5,0.2,0.712
6569,CA-2014-100678,20190418,20190422,439,532,548,4,2.688,2,0.2,1.008
6570,CA-2014-100678,20190418,20190422,439,93,548,4,317.058,3,0.3,-18.1176
6571,CA-2014-100678,20190418,20190422,439,847,548,4,149.352,3,0.2,50.4063
6572,CA-2014-100678,20190418,20190422,439,1471,548,4,227.976,3,0.2,28.497
6573,CA-2016-161543,20210510,20210516,634,1243,614,4,11.96,2,0.0,5.8604
6574,CA-2016-160535,20211125,20211130,99,1315,386,4,563.4,4,0.0,67.608
6575,CA-2016-160535,20211125,20211130,99,1673,386,4,319.92,8,0.0,118.3704
6576,CA-2017-123085,20220303,20220308,264,1483,65,4,1049.44,8,0.0,440.7648
6577,CA-2017-123085,20220303,20220308,264,116,65,4,170.352,3,0.2,-17.0352
6578,CA-2015-153752,20201206,20201211,652,1735,587,3,173.94,6,0.0,50.4426
6579,CA-2014-103660,20190825,20190830,547,1707,613,4,1007.944,7,0.2,75.5958
6580,CA-2016-169887,20211022,20211022,538,1197,614,2,6.68,1,0.0,3.2064
6581,CA-2016-169887,20211022,20211022,538,560,614,2,8.34,3,0.0,2.2518
6582,CA-2016-169887,20211022,20211022,538,247,614,2,101.94,3,0.0,30.582
6583,CA-2016-148516,20210807,20210811,243,1565,604,4,179.97,3,0.0,86.3856
6584,CA-2017-104731,20220721,20220727,42,594,594,4,101.94,6,0.0,29.5626
6585,CA-2017-104731,20220721,20220727,42,1784,594,4,271.96,4,0.0,67.99
6586,CA-2017-104731,20220721,20220727,42,254,594,4,8.8,5,0.0,3.872
6587,CA-2017-104731,20220721,20220727,42,601,594,4,19.68,6,0.0,5.7072
6588,CA-2017-104731,20220721,20220727,42,32,594,4,302.94,3,0.0,69.6762
6589,CA-2017-104731,20220721,20220727,42,772,594,4,14.94,3,0.0,7.1712
6590,CA-2017-104731,20220721,20220727,42,1445,594,4,231.72,2,0.0,11.586
6591,CA-2014-164749,20190323,20190326,88,1007,157,1,9.912,3,0.2,3.2214
6592,CA-2015-103716,20200430,20200506,418,493,99,4,34.65,3,0.0,9.702
6593,CA-2015-103716,20200430,20200506,418,1691,99,4,19.8,5,0.2,1.7325
6594,CA-2016-126795,20210613,20210616,312,719,407,3,33.568,2,0.2,11.7488
6595,CA-2015-146290,20200504,20200511,723,533,245,4,125.93,7,0.0,35.2604
6596,CA-2017-157112,20220423,20220426,298,649,441,1,11.76,5,0.7,-7.84
6597,CA-2017-157112,20220423,20220426,298,1130,441,1,5.344,1,0.2,1.8704
6598,CA-2014-169257,20190606,20190612,722,742,163,4,1.365,1,0.7,-0.91
6599,CA-2014-169257,20190606,20190612,722,1166,163,4,62.016,2,0.2,22.4808
6600,CA-2014-154095,20191202,20191207,580,277,285,4,60.72,3,0.0,23.6808
6601,CA-2014-154095,20191202,20191207,580,1192,285,4,146.82,3,0.0,73.41
6602,CA-2014-154095,20191202,20191207,580,130,285,4,239.84,8,0.0,64.7568
6603,CA-2014-154095,20191202,20191207,580,956,285,4,15.66,6,0.0,7.2036
6604,CA-2017-146346,20220617,20220620,620,1340,125,1,146.352,3,0.2,-32.9292
6605,CA-2016-148852,20210526,20210531,722,934,105,4,5.94,3,0.0,0.0
6606,CA-2016-148852,20210526,20210531,722,1097,105,4,45.36,7,0.0,21.7728
6607,CA-2016-148852,20210526,20210531,722,1823,105,4,211.168,4,0.2,23.7564
6608,CA-2016-148852,20210526,20210531,722,132,105,4,484.704,6,0.2,-84.8232000000001
6609,CA-2016-148852,20210526,20210531,722,1644,105,4,371.976,3,0.2,116.2425
6610,US-2015-118906,20200310,20200310,418,1370,285,2,89.82,6,0.0,25.1496
6611,CA-2016-168921,20211020,20211022,23,812,69,1,19.296,3,0.2,6.03
6612,CA-2015-107678,20200421,20200428,382,78,273,4,191.96,2,0.0,51.8292
6613,CA-2015-107678,20200421,20200428,382,731,273,4,21.3,3,0.0,9.798
6614,CA-2015-107678,20200421,20200428,382,1755,273,4,469.95,5,0.0,131.586
6615,CA-2015-107678,20200421,20200428,382,257,273,4,209.88,3,0.0,35.6796
6616,CA-2016-123512,20210617,20210619,546,41,68,1,239.666,2,0.15,14.098
6617,CA-2016-123512,20210617,20210619,546,944,68,1,22.5,6,0.0,10.8
6618,CA-2016-123512,20210617,20210619,546,1106,68,1,219.84,4,0.0,107.7216
6619,US-2017-167402,20220113,20220118,165,1288,353,3,32.4,5,0.0,15.552
6620,US-2017-167402,20220113,20220118,165,608,353,3,209.94,6,0.0,54.5844
6621,US-2017-167402,20220113,20220118,165,1443,353,3,4164.05,5,0.0,83.2810000000001
6622,US-2017-167402,20220113,20220118,165,11,353,3,212.94,3,0.0,53.235
6623,CA-2014-130449,20190906,20190909,784,186,98,1,41.88,6,0.0,12.1452
6624,CA-2014-130449,20190906,20190909,784,970,98,1,58.48,8,0.0,27.4856
6625,CA-2015-141250,20200119,20200123,600,349,571,4,102.438,1,0.3,-13.1706
6626,CA-2015-141250,20200119,20200123,600,133,571,4,199.304,4,0.3,-8.5416
6627,CA-2014-145541,20191214,20191221,738,1632,407,4,6999.96,4,0.0,2239.9872
6628,CA-2014-138513,20190523,20190527,260,1208,600,4,12.96,2,0.0,6.2208
6629,CA-2015-135489,20200919,20200922,314,1680,407,3,279.86,14,0.0,134.3328
6630,CA-2015-125696,20201002,20201006,573,710,435,4,7.38,5,0.7,-5.412
6631,CA-2016-105081,20211225,20211230,356,63,615,4,698.352,3,0.2,52.3764
6632,CA-2016-105081,20211225,20211230,356,327,615,4,1747.25,5,0.0,629.01
6633,US-2016-146857,20210506,20210508,78,400,353,3,54.48,1,0.0,15.2544
6634,CA-2016-166275,20211024,20211024,717,1509,98,2,199.99,1,0.0,85.9957
6635,CA-2017-144498,20220506,20220506,486,799,421,2,68.541,11,0.7,-52.5481
6636,CA-2017-144498,20220506,20220506,486,1862,421,2,627.168,4,0.2,70.5563999999999
6637,CA-2017-144498,20220506,20220506,486,991,421,2,122.12,5,0.2,39.689
6638,CA-2017-103352,20221127,20221130,654,524,406,3,6.99,3,0.0,2.0271
6639,CA-2017-103352,20221127,20221130,654,687,406,3,107.424,6,0.2,36.2556
6640,CA-2014-108609,20191031,20191102,37,361,451,3,1421.664,8,0.4,-734.5264
6641,CA-2017-128328,20220805,20220809,604,719,245,4,125.88,6,0.0,60.4224
6642,CA-2017-128328,20220805,20220809,604,1506,245,4,79.78,2,0.0,29.5186
6643,CA-2017-128328,20220805,20220809,604,990,245,4,133.2,9,0.0,66.6
6644,US-2015-156496,20200810,20200816,788,1701,473,4,438.368,4,0.2,38.3572
6645,US-2015-156496,20200810,20200816,788,1836,473,4,139.944,7,0.2,-31.4874
6646,US-2015-156496,20200810,20200816,788,408,473,4,133.472,4,0.2,15.0156
6647,US-2016-127334,20211215,20211221,535,356,475,4,564.195,3,0.5,-304.6653
6648,US-2016-127334,20211215,20211221,535,400,475,4,87.168,2,0.2,8.71680000000001
6649,US-2017-124779,20220908,20220911,81,738,519,1,42.616,7,0.8,-68.1856
6650,US-2017-124779,20220908,20220911,81,1608,519,1,319.984,2,0.2,107.9946
6651,US-2017-124779,20220908,20220911,81,942,519,1,45.92,5,0.2,15.498
6652,US-2017-124779,20220908,20220911,81,176,519,1,21.184,2,0.6,-11.6512
6653,US-2017-124779,20220908,20220911,81,1018,519,1,20.736,4,0.2,7.2576
6654,US-2017-124779,20220908,20220911,81,107,519,1,213.43,5,0.3,-39.637
6655,CA-2017-135937,20220220,20220227,437,1842,12,4,333.576,3,0.2,25.0182
6656,CA-2017-135937,20220220,20220227,437,1489,12,4,31.992,1,0.2,4.7988
6657,CA-2017-135937,20220220,20220227,437,1305,12,4,51.168,2,0.2,-6.396
6658,CA-2017-135937,20220220,20220227,437,899,12,4,10.64,5,0.2,3.857
6659,CA-2017-135937,20220220,20220227,437,218,12,4,68.704,2,0.2,16.3172
6660,CA-2017-135937,20220220,20220227,437,324,12,4,386.91,9,0.5,-185.7168
6661,CA-2015-129322,20200808,20200810,196,623,297,3,39.66,2,0.0,11.898
6662,CA-2015-129322,20200808,20200810,196,464,297,3,113.92,2,0.0,33.0368
6663,CA-2015-129322,20200808,20200810,196,708,297,3,447.86,7,0.0,210.4942
6664,CA-2017-162173,20221026,20221101,581,328,597,4,356.85,5,0.0,60.6645
6665,CA-2017-162173,20221026,20221101,581,874,597,4,251.58,7,0.0,113.211
6666,CA-2016-115483,20210714,20210718,408,1106,550,3,219.84,5,0.2,79.692
6667,CA-2017-122175,20220512,20220514,125,162,387,3,42.85,5,0.0,15.426
6668,CA-2017-122175,20220512,20220514,125,975,387,3,6.16,2,0.0,2.9568
6669,CA-2017-122175,20220512,20220514,125,1453,387,3,17.0,2,0.0,4.42
6670,CA-2017-122175,20220512,20220514,125,1597,387,3,87.4,5,0.0,34.96
6671,CA-2017-161088,20220525,20220529,516,751,191,4,29.84,2,0.0,13.428
6672,CA-2014-154837,20190823,20190827,626,699,66,3,49.568,2,0.2,17.3488
6673,CA-2015-153794,20200911,20200916,667,482,95,4,265.86,7,0.0,79.758
6674,CA-2015-135510,20200905,20200912,774,170,588,4,67.96,4,0.0,12.2328
6675,CA-2015-109337,20201121,20201123,221,597,248,3,10.92,6,0.0,4.914
6676,CA-2015-109337,20201121,20201123,221,1649,248,3,83.9,2,0.0,22.653
6677,CA-2015-109337,20201121,20201123,221,460,248,3,19.75,5,0.0,5.135
6678,CA-2015-109337,20201121,20201123,221,1483,248,3,393.54,3,0.0,165.2868
6679,CA-2014-150329,20191010,20191014,683,269,16,4,46.872,7,0.2,3.5154
6680,CA-2017-145037,20220902,20220907,732,1323,141,3,10.9,1,0.0,2.834
6681,CA-2017-145037,20220902,20220907,732,1025,141,3,79.92,4,0.0,37.5624
6682,CA-2017-145037,20220902,20220907,732,1173,141,3,146.82,3,0.0,73.41
6683,CA-2017-154466,20220101,20220102,233,721,621,1,3.6,2,0.0,1.728
6684,CA-2014-109134,20191105,20191110,203,153,65,4,20.04,6,0.0,8.8176
6685,US-2015-129637,20201217,20201222,494,1401,208,4,180.016,1,0.2,-15.7514
6686,US-2015-129637,20201217,20201222,494,171,208,4,41.552,2,0.6,-19.7372
6687,US-2015-129637,20201217,20201222,494,601,208,4,13.12,5,0.2,1.476
6688,CA-2015-165162,20200514,20200521,324,1394,66,4,1117.92,4,0.0,55.896
6689,CA-2017-140494,20220310,20220315,155,1586,98,3,111.96,4,0.0,21.2724
6690,CA-2017-104108,20221202,20221209,655,496,548,4,12.16,5,0.2,2.128
6691,US-2017-165869,20220731,20220805,474,775,626,4,17.52,4,0.0,8.4096
6692,US-2017-165869,20220731,20220805,474,427,626,4,155.88,6,0.0,54.558
6693,CA-2017-160899,20220811,20220813,235,662,280,3,477.51,11,0.0,219.6546
6694,CA-2017-144225,20220930,20221002,134,1019,284,3,164.88,3,0.0,80.7912
6695,US-2016-163538,20210826,20210830,716,1516,621,4,47.97,3,0.0,14.8707
6696,US-2016-155103,20211202,20211207,359,818,407,4,415.176,3,0.2,134.9322
6697,US-2016-155103,20211202,20211207,359,816,407,4,35.232,3,0.2,11.4504
6698,US-2016-155103,20211202,20211207,359,1019,407,4,54.96,1,0.0,26.9304
6699,CA-2017-145429,20220721,20220725,728,1209,95,4,16.34,2,0.0,7.6798
6700,CA-2017-145429,20220721,20220725,728,65,95,4,225.296,2,0.2,22.5296
6701,CA-2017-145429,20220721,20220725,728,695,95,4,50.352,3,0.2,17.6232
6702,CA-2015-153535,20200520,20200524,689,208,435,4,163.136,4,0.2,20.392
6703,CA-2015-153535,20200520,20200524,689,674,435,4,6.408,4,0.7,-4.9128
6704,CA-2015-139164,20200623,20200628,177,1771,63,4,217.584,2,0.2,19.0386
6705,CA-2015-139164,20200623,20200628,177,932,63,4,5.43,3,0.0,1.7919
6706,CA-2015-139164,20200623,20200628,177,1824,63,4,143.976,3,0.2,8.99850000000001
6707,CA-2016-112277,20210910,20210915,678,1811,159,4,519.68,7,0.2,58.464
6708,CA-2014-167724,20190413,20190418,83,977,284,4,7.83,3,0.0,3.6018
6709,CA-2015-123141,20201114,20201119,315,122,394,4,883.84,4,0.2,99.4319999999999
6710,CA-2015-123141,20201114,20201119,315,78,394,4,230.352,3,0.2,20.1558
6711,CA-2016-149503,20211209,20211212,709,728,109,1,273.92,8,0.2,99.296
6712,CA-2017-163069,20220818,20220821,596,517,441,3,9.912,3,0.2,1.239
6713,CA-2017-107629,20221214,20221214,191,220,237,2,266.352,6,0.6,-292.9872
6714,CA-2017-107629,20221214,20221214,191,291,237,2,56.328,3,0.6,-26.7558
6715,CA-2017-107629,20221214,20221214,191,1584,237,2,39.264,3,0.2,-4.908
6716,CA-2017-107629,20221214,20221214,191,566,237,2,95.232,6,0.2,24.9984
6717,CA-2016-134789,20210408,20210415,149,922,24,4,30.0,6,0.0,14.4
6718,CA-2016-134789,20210408,20210415,149,1139,24,4,25.92,4,0.0,12.7008
6719,CA-2016-134789,20210408,20210415,149,253,24,4,159.92,4,0.0,31.984
6720,CA-2016-130442,20211216,20211219,685,471,426,1,34.944,3,0.2,3.0576
6721,CA-2017-102974,20220919,20220924,231,1460,66,4,149.95,5,0.0,31.4895
6722,CA-2017-102974,20220919,20220924,231,499,66,4,23.32,2,0.0,6.0632
6723,CA-2017-102974,20220919,20220924,231,634,66,4,16.74,3,0.0,4.8546
6724,US-2017-166394,20220904,20220906,782,920,370,3,14.82,6,0.0,6.9654
6725,CA-2016-128811,20210912,20210916,686,907,613,4,10.47,3,0.0,4.8162
6726,CA-2016-128811,20210912,20210916,686,995,613,4,11.07,3,0.0,5.2029
6727,CA-2016-128811,20210912,20210916,686,650,613,4,20.704,4,0.2,7.764
6728,CA-2017-145443,20220810,20220815,678,1213,254,3,177.2,5,0.0,83.284
6729,CA-2016-165827,20211104,20211109,501,201,171,4,50.496,6,0.2,8.2056
6730,CA-2015-156734,20200618,20200620,117,761,515,1,6.129,3,0.7,-4.4946
6731,CA-2015-156734,20200618,20200620,117,100,515,1,643.136,4,0.2,56.2744
6732,CA-2015-156734,20200618,20200620,117,1140,515,1,20.736,4,0.2,7.2576
6733,CA-2014-120096,20190704,20190707,427,1147,122,1,177.536,4,0.2,62.1376
6734,CA-2014-120096,20190704,20190707,427,390,122,1,32.432,2,0.2,3.2432
6735,CA-2015-141754,20201220,20201225,274,1001,169,4,11.696,2,0.2,3.9474
6736,CA-2016-123358,20210410,20210417,116,473,100,4,113.76,3,0.0,44.3664
6737,CA-2016-123358,20210410,20210417,116,1357,100,4,579.51,3,0.0,81.1314
6738,CA-2016-123358,20210410,20210417,116,1310,100,4,150.66,9,0.0,6.02639999999999
6739,CA-2016-123358,20210410,20210417,116,640,100,4,48.032,4,0.2,15.6104
6740,CA-2014-144029,20190526,20190531,527,1356,214,4,102.624,3,0.2,7.6968
6741,CA-2014-144029,20190526,20190531,527,118,214,4,359.772,2,0.3,-5.13960000000006
6742,CA-2014-144029,20190526,20190531,527,494,214,4,13.392,3,0.2,3.1806
6743,US-2017-101784,20220706,20220711,603,66,65,4,122.136,3,0.2,-13.7403
6744,CA-2015-156923,20200216,20200220,710,1187,369,4,35.88,6,0.0,16.146
6745,CA-2017-111269,20220616,20220618,177,1504,443,3,479.952,6,0.2,107.9892
6746,CA-2017-111269,20220616,20220618,177,518,443,3,23.92,5,0.2,1.794
6747,CA-2017-159156,20221113,20221116,419,1840,405,1,629.95,5,0.0,163.787
6748,CA-2017-100230,20221211,20221215,2,741,408,4,14.952,1,0.2,5.0463
6749,CA-2017-100230,20221211,20221215,2,1160,408,4,17.94,3,0.0,8.073
6750,CA-2017-100230,20221211,20221215,2,1843,408,4,116.98,2,0.0,29.245
6751,CA-2016-154767,20210628,20210630,101,107,384,3,121.96,2,0.0,20.7332
6752,CA-2016-154767,20210628,20210630,101,389,384,3,8.74,2,0.0,2.2724
6753,CA-2016-154767,20210628,20210630,101,1201,384,3,61.96,2,0.0,27.882
6754,CA-2016-154767,20210628,20210630,101,720,384,3,7.96,2,0.0,3.7412
6755,CA-2016-154767,20210628,20210630,101,422,384,3,275.24,4,0.0,121.1056
6756,CA-2017-124205,20220915,20220919,743,224,378,4,47.4,5,0.0,18.96
6757,CA-2017-124205,20220915,20220919,743,108,378,4,512.96,4,0.0,143.6288
6758,CA-2017-124205,20220915,20220919,743,1757,378,4,395.94,6,0.0,102.9444
6759,CA-2017-124205,20220915,20220919,743,1324,378,4,81.96,2,0.0,0.0
6760,CA-2017-165715,20221202,20221208,86,605,427,4,32.776,1,0.2,2.4582
6761,CA-2017-100636,20220626,20220630,228,1407,408,4,272.94,3,0.0,0.0
6762,CA-2016-162943,20210724,20210726,190,73,408,3,253.764,2,0.1,31.0156
6763,CA-2016-144764,20210902,20210908,648,947,214,4,29.24,5,0.2,9.8685
6764,CA-2016-144764,20210902,20210908,648,1372,214,4,35.168,2,0.2,-8.3524
6765,CA-2016-144764,20210902,20210908,648,1656,214,4,1362.9,3,0.3,-19.4700000000001
6766,CA-2017-100615,20220420,20220424,696,93,215,4,317.058,3,0.3,-18.1176
6767,CA-2017-100615,20220420,20220424,696,527,215,4,15.76,2,0.2,3.546
6768,CA-2017-100615,20220420,20220424,696,225,215,4,14.56,5,0.6,-6.188
6769,CA-2014-109302,20190812,20190816,175,754,378,4,196.21,7,0.0,98.105
6770,CA-2017-139787,20220919,20220923,402,554,191,4,35.4,5,0.0,13.452
6771,CA-2017-139402,20221209,20221213,557,1263,16,4,419.4,5,0.2,146.79
6772,CA-2017-139402,20221209,20221213,557,648,16,4,13.005,3,0.7,-9.9705
6773,CA-2016-119018,20211104,20211108,185,770,64,4,7.712,2,0.2,2.7956
6774,CA-2016-119018,20211104,20211108,185,657,64,4,4.176,1,0.2,1.305
6775,CA-2016-119018,20211104,20211108,185,1037,64,4,38.88,6,0.0,18.6624
6776,CA-2015-105361,20200329,20200404,157,1179,407,4,17.64,4,0.0,8.1144
6777,US-2016-152373,20210905,20210911,612,1395,569,4,93.456,3,0.2,-17.523
6778,US-2017-166037,20220128,20220201,154,1541,405,4,449.91,9,0.0,157.4685
6779,US-2016-147711,20210903,20210908,321,28,284,3,344.94,3,0.0,31.0446
6780,US-2016-147711,20210903,20210908,321,221,284,3,14.76,2,0.0,4.2804
6781,US-2016-147711,20210903,20210908,321,771,284,3,12.76,2,0.0,5.8696
6782,US-2016-147711,20210903,20210908,321,1001,284,3,58.48,8,0.0,27.4856
6783,CA-2017-121293,20220725,20220728,347,164,485,3,20.096,4,0.2,3.0144
6784,CA-2017-121293,20220725,20220728,347,1458,485,3,37.752,3,0.2,4.24709999999999
6785,CA-2017-121293,20220725,20220728,347,334,485,3,138.588,1,0.4,-34.647
6786,CA-2017-121293,20220725,20220728,347,1293,485,3,259.92,5,0.2,-25.992
6787,CA-2017-121293,20220725,20220728,347,1252,485,3,20.736,4,0.2,7.2576
6788,CA-2015-118843,20200913,20200920,371,281,190,4,129.93,3,0.0,12.993
6789,CA-2015-118843,20200913,20200920,371,1120,190,4,69.93,7,0.0,31.4685
6790,CA-2015-161445,20200907,20200909,136,537,423,3,140.736,4,0.2,12.3144
6791,CA-2016-124527,20211116,20211117,338,844,90,1,8.32,5,0.2,2.808
6792,CA-2016-162348,20211110,20211115,83,270,91,4,9.98,1,0.0,2.7944
6793,CA-2014-141005,20190815,20190818,177,719,139,1,62.94,3,0.0,30.2112
6794,CA-2015-145394,20201116,20201120,491,1300,213,4,21.488,2,0.2,1.6116
6795,CA-2015-145394,20201116,20201120,491,1711,213,4,239.976,3,0.2,26.9973
6796,CA-2015-145394,20201116,20201120,491,179,213,4,34.504,2,0.6,-15.5268
6797,CA-2015-168809,20200825,20200825,494,184,546,2,20.104,2,0.6,-16.5858
6798,CA-2015-168809,20200825,20200825,494,652,546,2,3.798,1,0.8,-6.0768
6799,CA-2015-168809,20200825,20200825,494,217,546,2,7.88,5,0.6,-3.94
6800,CA-2016-109827,20211225,20220101,479,345,16,4,35.445,1,0.5,-24.1026
6801,CA-2016-109827,20211225,20220101,479,1661,16,4,269.97,2,0.7,-386.957
6802,CA-2016-109827,20211225,20220101,479,1522,16,4,45.12,3,0.2,-7.896
6803,CA-2016-109827,20211225,20220101,479,1580,16,4,100.8,2,0.2,21.42
6804,CA-2016-109827,20211225,20220101,479,130,16,4,47.968,2,0.2,4.1972
6805,CA-2014-152233,20191005,20191006,431,1541,83,1,99.98,2,0.0,34.993
6806,CA-2014-125682,20191122,20191125,626,1124,190,1,9.96,2,0.0,4.8804
6807,CA-2017-162880,20221225,20221229,297,770,605,4,3.856,1,0.2,1.3978
6808,CA-2015-128125,20200331,20200405,247,1045,548,4,98.376,3,0.2,35.6613
6809,CA-2015-128125,20200331,20200405,247,175,548,4,22.38,3,0.6,-7.83300000000001
6810,CA-2017-156237,20220914,20220915,609,650,484,1,3.882,2,0.7,-2.588
6811,CA-2017-156237,20220914,20220915,609,1649,484,1,12.585,1,0.7,-18.0385
6812,CA-2017-156237,20220914,20220915,609,91,484,1,113.372,2,0.3,-29.1528
6813,CA-2017-156237,20220914,20220915,609,787,484,1,18.312,4,0.7,-12.208
6814,CA-2017-156237,20220914,20220915,609,174,484,1,127.936,8,0.2,4.7976
6815,CA-2017-156237,20220914,20220915,609,1635,484,1,241.17,2,0.7,-168.819
6816,CA-2014-144414,20190617,20190621,300,283,614,4,6.24,3,0.0,2.6208
6817,CA-2014-144414,20190617,20190621,300,910,614,4,17.9,5,0.0,8.95
6818,CA-2014-144414,20190617,20190621,300,846,614,4,3266.376,3,0.2,1061.5722
6819,CA-2017-163860,20221228,20230101,467,793,232,4,1.68,5,0.8,-2.688
6820,CA-2017-163860,20221228,20230101,467,301,232,4,7.968,3,0.6,-2.3904
6821,CA-2017-163860,20221228,20230101,467,129,232,4,113.372,2,0.3,-3.23919999999999
6822,CA-2017-163860,20221228,20230101,467,204,232,4,2.96,2,0.6,-1.406
6823,US-2017-115609,20221102,20221107,181,442,67,4,168.1,5,0.0,43.706
6824,CA-2015-154291,20200725,20200729,791,857,7,4,98.46,9,0.0,49.23
6825,CA-2015-154291,20200725,20200729,791,340,7,4,358.58,2,0.0,39.4438
6826,CA-2016-118689,20211002,20211009,742,1349,247,4,32.48,2,0.0,4.872
6827,CA-2016-118689,20211002,20211009,742,1615,247,4,17499.95,5,0.0,8399.976
6828,CA-2016-118689,20211002,20211009,742,831,247,4,735.98,2,0.0,331.191
6829,CA-2016-118689,20211002,20211009,742,789,247,4,34.37,7,0.0,16.8413
6830,CA-2016-118689,20211002,20211009,742,540,247,4,33.96,2,0.0,9.5088
6831,CA-2016-140438,20211224,20211227,614,1739,405,3,197.97,3,0.0,53.4519
6832,US-2017-123204,20220721,20220727,172,421,407,4,17.48,4,0.0,4.5448
6833,CA-2015-112522,20201010,20201017,232,573,213,4,8.016,3,0.2,1.002
6834,CA-2016-153101,20210908,20210908,596,352,105,2,146.04,1,0.2,-12.7785
6835,CA-2016-142615,20211120,20211124,92,1594,73,4,27.88,2,0.0,3.9032
6836,CA-2017-142643,20221015,20221020,222,991,112,4,152.65,5,0.0,70.219
6837,CA-2017-142643,20221015,20221020,222,141,112,4,22.72,1,0.0,9.3152
6838,CA-2015-116260,20200706,20200712,79,595,387,4,11.12,4,0.0,2.8912
6839,CA-2017-107517,20220205,20220209,282,384,113,4,1640.7,5,0.0,459.396
6840,CA-2017-107517,20220205,20220209,282,1811,113,4,371.2,5,0.2,41.7599999999999
6841,CA-2015-166338,20201206,20201207,535,753,460,1,14.832,3,0.7,-10.3824
6842,CA-2016-123946,20210912,20210917,38,1599,595,4,20.7,3,0.0,1.656
6843,CA-2016-123946,20210912,20210917,38,928,595,4,11.34,3,0.0,5.2164
6844,CA-2016-123946,20210912,20210917,38,1302,595,4,67.9,5,0.0,0.678999999999998
6845,CA-2016-123946,20210912,20210917,38,83,595,4,1059.12,4,0.0,307.1448
6846,CA-2014-147543,20190706,20190712,67,51,47,4,478.48,2,0.2,47.848
6847,US-2016-159093,20210509,20210514,658,1093,67,4,32.04,4,0.0,14.418
6848,CA-2016-162110,20210718,20210722,572,1748,16,4,55.992,1,0.2,3.4995
6849,US-2016-163461,20210618,20210621,113,1206,221,1,76.864,2,0.2,26.9024
6850,CA-2014-101462,20190420,20190425,103,155,68,4,59.92,4,0.0,27.5632
6851,US-2016-100461,20210108,20210112,397,21,621,4,1565.88,6,0.0,407.1288
6852,US-2016-100461,20210108,20210112,397,693,621,4,106.05,7,0.0,49.8435
6853,US-2017-162670,20221223,20221228,502,1337,26,3,62.04,4,0.0,17.3712
6854,US-2017-162670,20221223,20221228,502,1816,26,3,494.97,3,0.0,148.491
6855,US-2017-162670,20221223,20221228,502,1347,26,3,367.96,4,0.0,14.7184
6856,US-2017-162670,20221223,20221228,502,1148,26,3,44.96,2,0.0,20.6816
6857,US-2017-162670,20221223,20221228,502,860,26,3,182.94,3,0.0,85.9818
6858,CA-2017-128965,20220417,20220422,609,1283,65,4,28.14,3,0.0,13.5072
6859,CA-2017-128965,20220417,20220422,609,964,65,4,7.38,2,0.0,3.4686
6860,CA-2017-128965,20220417,20220422,609,918,65,4,10.9,5,0.0,3.597
6861,CA-2017-128965,20220417,20220422,609,1495,65,4,274.89,11,0.0,46.7313
6862,CA-2017-128965,20220417,20220422,609,987,65,4,23.04,8,0.0,11.2896
6863,CA-2017-128965,20220417,20220422,609,111,65,4,218.352,3,0.2,-19.1058
6864,CA-2017-138618,20221201,20221208,549,1054,569,4,10.368,2,0.2,3.6288
6865,US-2016-126452,20210821,20210828,671,824,64,4,12.672,2,0.2,4.752
6866,US-2016-126452,20210821,20210828,671,1813,64,4,91.96,5,0.2,-20.691
6867,US-2016-126452,20210821,20210828,671,1478,64,4,254.97,3,0.0,91.7892
6868,US-2016-126452,20210821,20210828,671,1803,64,4,31.984,2,0.2,-7.996
6869,US-2016-126452,20210821,20210828,671,357,64,4,2887.056,9,0.2,180.441
6870,US-2016-126452,20210821,20210828,671,1236,64,4,12.96,2,0.0,6.2208
6871,US-2016-126452,20210821,20210828,671,1178,64,4,47.52,9,0.0,21.384
6872,CA-2016-145009,20211205,20211208,640,1013,213,3,11.952,3,0.2,3.8844
6873,CA-2015-162544,20201216,20201219,688,1285,614,1,4.98,1,0.0,2.3406
6874,CA-2014-124394,20191017,20191022,739,784,522,3,10.78,5,0.8,-17.248
6875,CA-2014-124394,20191017,20191022,739,1494,522,3,119.976,3,0.2,-17.9964
6876,US-2016-121013,20210905,20210910,526,1009,589,4,25.06,2,0.0,11.7782
6877,US-2016-121013,20210905,20210910,526,353,589,4,1652.94,3,0.0,314.0586
6878,US-2015-123918,20201015,20201015,144,315,533,2,131.376,6,0.6,-95.2476
6879,US-2015-123918,20201015,20201015,144,1197,533,2,5.344,1,0.2,1.8704
6880,CA-2015-137113,20201201,20201205,774,68,614,3,2003.92,5,0.2,125.245
6881,CA-2015-137113,20201201,20201205,774,1258,614,3,32.4,5,0.0,15.552
6882,CA-2015-137113,20201201,20201205,774,332,614,3,1913.4,9,0.0,401.814
6883,CA-2015-137113,20201201,20201205,774,1374,614,3,146.73,3,0.0,2.9346
6884,CA-2015-137113,20201201,20201205,774,1158,614,3,114.2,5,0.0,52.532
6885,CA-2015-120677,20200531,20200604,68,88,334,4,2567.84,8,0.0,770.352
6886,CA-2017-123036,20220910,20220917,317,1563,458,4,37.056,4,0.2,8.8008
6887,CA-2017-123036,20220910,20220917,317,1814,458,4,259.896,2,0.4,-56.3108
6888,CA-2017-120222,20220425,20220502,465,1277,66,4,19.05,3,0.0,8.763
6889,CA-2017-120222,20220425,20220502,465,663,66,4,73.344,3,0.2,27.504
6890,CA-2017-164756,20220918,20220922,714,1731,191,4,95.68,8,0.0,26.7904
6891,CA-2017-164756,20220918,20220922,714,1066,191,4,50.96,7,0.0,24.4608
6892,CA-2017-164756,20220918,20220922,714,482,191,4,113.94,3,0.0,34.182
6893,CA-2017-164756,20220918,20220922,714,1236,191,4,25.92,4,0.0,12.4416
6894,CA-2017-164756,20220918,20220922,714,244,191,4,20.32,4,0.0,6.9088
6895,CA-2017-164756,20220918,20220922,714,1770,191,4,411.98,2,0.0,119.4742
6896,CA-2017-164756,20220918,20220922,714,1450,191,4,34.48,2,0.0,9.99919999999999
6897,CA-2017-164756,20220918,20220922,714,1210,191,4,244.55,5,0.0,114.9385
6898,CA-2017-122028,20220818,20220825,148,839,449,4,10.782,3,0.7,-7.9068
6899,US-2015-165512,20200524,20200526,785,98,225,3,602.651,7,0.3,-163.5767
6900,US-2015-165512,20200524,20200526,785,688,225,3,7.656,6,0.8,-13.0152
6901,CA-2015-140557,20200907,20200911,756,1532,405,4,559.93,7,0.0,167.979
6902,US-2017-135013,20220724,20220724,333,1605,53,2,2399.96,5,0.2,839.986
6903,CA-2017-111220,20220902,20220908,406,922,215,4,16.0,4,0.2,5.6
6904,CA-2017-111220,20220902,20220908,406,447,215,4,5.588,2,0.8,-15.0876
6905,CA-2017-111220,20220902,20220908,406,1405,215,4,235.92,5,0.2,-44.235
6906,US-2017-149006,20221206,20221208,95,1387,35,3,10.68,1,0.0,2.8836
6907,CA-2017-149468,20220520,20220520,47,732,326,2,41.28,2,0.0,19.8144
6908,CA-2016-140249,20210927,20211003,728,1780,613,4,1001.584,2,0.2,125.198
6909,US-2017-135503,20221210,20221215,358,221,495,4,14.76,2,0.0,4.2804
6910,CA-2014-126277,20190913,20190918,462,803,441,3,2.502,3,0.7,-2.0016
6911,US-2017-115301,20220729,20220802,779,48,613,4,115.96,2,0.0,25.5112
6912,CA-2017-168942,20220801,20220805,270,1412,98,3,186.54,3,0.0,50.3658
6913,US-2017-128398,20220502,20220505,269,1506,69,3,159.56,4,0.0,59.0372
6914,CA-2015-104115,20200612,20200616,371,1792,188,4,55.984,2,0.2,4.1988
6915,CA-2014-142510,20191222,20191229,574,1306,214,4,132.16,1,0.2,9.912
6916,CA-2014-142510,20191222,20191229,574,751,214,4,17.904,6,0.8,-31.332
6917,CA-2014-142510,20191222,20191229,574,1096,214,4,124.032,4,0.2,44.9616
6918,CA-2014-124247,20191216,20191221,694,77,91,4,1403.92,5,0.2,70.196
6919,CA-2016-105473,20210416,20210418,94,1446,615,3,28.8,3,0.0,0.864000000000001
6920,CA-2015-102806,20200521,20200528,323,700,485,4,24.588,2,0.7,-18.0312
6921,CA-2017-121706,20220226,20220302,91,449,106,4,356.79,7,0.0,99.9012
6922,CA-2017-109211,20220404,20220410,611,862,406,4,16.98,1,0.0,8.49
6923,CA-2015-134257,20200316,20200319,539,998,1,3,491.55,5,0.0,240.8595
6924,CA-2015-134257,20200316,20200319,539,889,1,3,7.38,2,0.0,3.3948
6925,CA-2015-137925,20201130,20201204,386,1180,408,4,23.66,7,0.0,10.8836
6926,CA-2015-137925,20201130,20201204,386,11,408,4,681.408,12,0.2,42.588
6927,CA-2016-140046,20210728,20210803,438,950,66,4,18.9,3,0.0,8.694
6928,CA-2016-140382,20210623,20210625,636,1397,98,3,93.68,4,0.0,25.2936
6929,CA-2016-140382,20210623,20210625,636,970,98,3,21.93,3,0.0,10.3071
6930,CA-2016-140382,20210623,20210625,636,1797,98,3,862.344,7,0.2,97.0136999999999
6931,CA-2016-140382,20210623,20210625,636,1083,98,3,19.98,1,0.0,9.3906
6932,CA-2014-164182,20190714,20190718,719,1752,484,4,13.494,1,0.4,-2.249
6933,CA-2014-164182,20190714,20190718,719,1779,484,4,23.988,2,0.4,-13.993
6934,CA-2014-164182,20190714,20190718,719,174,484,4,31.984,2,0.2,1.1994
6935,CA-2014-164182,20190714,20190718,719,504,484,4,41.584,2,0.2,4.6782
6936,CA-2017-137365,20221130,20221203,100,1507,537,3,95.976,3,0.2,-10.7973
6937,CA-2016-129847,20210902,20210904,731,149,215,1,84.272,2,0.6,-75.8448
6938,CA-2014-126963,20190615,20190615,609,1143,537,2,36.544,2,0.2,11.8768
6939,CA-2016-125094,20211105,20211109,574,1582,614,4,479.72,4,0.0,52.7692
6940,CA-2017-107132,20220626,20220630,672,676,405,4,102.368,2,0.2,37.1084
6941,CA-2017-107132,20220626,20220630,672,1438,405,4,28.4,5,0.0,8.236
6942,CA-2017-107132,20220626,20220630,672,1343,405,4,713.88,4,0.0,214.164
6943,CA-2017-107132,20220626,20220630,672,1232,405,4,68.52,3,0.0,31.5192
6944,CA-2015-139248,20200725,20200730,637,1832,66,4,623.96,5,0.2,38.9975
6945,CA-2014-148369,20190923,20190927,751,842,148,4,11.12,4,0.0,5.4488
6946,CA-2016-106243,20210930,20211004,307,27,406,4,523.92,5,0.2,-26.196
6947,CA-2015-126466,20201109,20201113,399,906,90,4,2.48,2,0.0,1.1656
6948,CA-2015-130365,20200425,20200429,792,1376,207,4,221.024,2,0.2,-55.256
6949,CA-2015-130365,20200425,20200429,792,107,207,4,128.058,3,0.3,-23.7822
6950,CA-2017-143021,20221119,20221119,44,702,406,2,58.408,7,0.2,18.2525
6951,CA-2017-143021,20221119,20221119,44,330,406,2,79.974,3,0.4,-29.3238
6952,CA-2015-161767,20201120,20201124,303,1646,533,4,479.988,2,0.4,55.9986
6953,CA-2015-129917,20201002,20201003,330,710,65,1,11.808,3,0.2,4.1328
6954,CA-2015-129917,20201002,20201003,330,841,65,1,53.568,4,0.2,19.4184
6955,CA-2015-129917,20201002,20201003,330,1692,65,1,503.96,5,0.2,50.396
6956,CA-2015-115420,20200425,20200502,472,890,64,4,21.34,2,0.0,9.8164
6957,CA-2016-157588,20210714,20210719,50,797,191,4,36.4,5,0.0,17.108
6958,CA-2016-157588,20210714,20210719,50,311,191,4,51.75,1,0.0,15.525
6959,CA-2015-167255,20200927,20200929,644,1337,99,3,15.51,1,0.0,4.3428
6960,CA-2015-167255,20200927,20200929,644,1169,99,3,146.82,3,0.0,73.41
6961,CA-2015-167255,20200927,20200929,644,1219,99,3,12.96,2,0.0,6.2208
6962,CA-2017-162096,20221110,20221110,734,546,89,2,7.8,3,0.0,2.106
6963,CA-2016-157161,20210716,20210720,350,861,492,3,10.2,5,0.0,4.794
6964,CA-2016-157161,20210716,20210720,350,577,492,3,22.32,3,0.0,5.58
6965,CA-2016-157161,20210716,20210720,350,836,492,3,24.1,5,0.0,11.086
6966,CA-2016-157161,20210716,20210720,350,1467,492,3,75.98,2,0.0,18.2352
6967,CA-2016-157161,20210716,20210720,350,747,492,3,6.46,2,0.0,3.1654
6968,CA-2016-157161,20210716,20210720,350,1104,492,3,60.12,9,0.0,28.8576
6969,CA-2015-110765,20201016,20201020,534,1835,406,3,824.97,3,0.0,214.4922
6970,CA-2016-163937,20210110,20210113,343,137,607,3,24.85,5,0.0,7.7035
6971,CA-2017-153822,20220919,20220925,7,1299,16,4,12.624,2,0.2,-2.5248
6972,CA-2017-153822,20220919,20220925,7,1461,16,4,89.584,2,0.2,4.47920000000001
6973,CA-2017-153822,20220919,20220925,7,1769,16,4,471.92,2,0.2,29.495
6974,CA-2017-153822,20220919,20220925,7,693,16,4,18.18,4,0.7,-13.938
6975,CA-2017-146185,20220915,20220919,130,566,548,4,31.744,2,0.2,8.3328
6976,CA-2015-112144,20200628,20200702,186,953,12,4,5.904,2,0.2,1.9926
6977,CA-2015-112144,20200628,20200702,186,297,12,4,621.76,4,0.2,46.632
6978,US-2016-119298,20211125,20211128,276,1778,25,1,59.98,2,0.0,17.994
6979,CA-2017-155159,20221125,20221129,220,1229,190,3,48.87,9,0.0,23.9463
6980,CA-2017-149076,20220114,20220119,706,1052,67,4,154.9,5,0.0,69.705
6981,CA-2014-146990,20191107,20191108,100,908,407,1,5.92,4,0.0,2.8416
6982,CA-2014-146990,20191107,20191108,100,1034,407,1,30.18,3,0.0,13.8828
6983,CA-2016-116526,20210901,20210905,340,836,310,4,24.1,5,0.0,11.086
6984,CA-2016-116526,20210901,20210905,340,1767,310,4,8.78,1,0.0,2.2828
6985,CA-2016-116526,20210901,20210905,340,426,310,4,376.74,4,0.1,71.162
6986,CA-2016-116526,20210901,20210905,340,653,310,4,29.52,4,0.0,14.4648
6987,CA-2016-116526,20210901,20210905,340,636,310,4,11.96,2,0.0,2.99
6988,CA-2016-116526,20210901,20210905,340,682,310,4,26.4,5,0.0,12.672
6989,CA-2017-158561,20221111,20221116,66,432,159,3,1158.12,5,0.2,130.2885
6990,CA-2017-165099,20221211,20221213,217,413,516,1,1.392,2,0.8,-3.7584
6991,CA-2015-109386,20201108,20201113,646,446,590,3,44.43,3,0.0,18.6606
6992,CA-2015-109386,20201108,20201113,646,1794,590,3,226.2,5,0.0,58.812
6993,CA-2015-109386,20201108,20201113,646,152,590,3,186.54,3,0.0,41.0388
6994,CA-2015-109386,20201108,20201113,646,482,590,3,265.86,7,0.0,79.758
6995,CA-2015-109386,20201108,20201113,646,475,590,3,27.9,5,0.0,6.975
6996,CA-2015-166800,20201119,20201126,20,472,364,4,31.08,4,0.0,8.3916
6997,CA-2017-117443,20221223,20221225,341,802,234,3,13.84,4,0.8,-22.144
6998,CA-2017-117443,20221223,20221225,341,1269,234,3,175.872,4,0.2,63.7536
6999,US-2016-134369,20210916,20210922,67,1157,57,4,12.96,2,0.0,6.3504
7000,CA-2017-123687,20220526,20220529,422,433,273,1,208.44,3,0.0,62.532
7001,CA-2017-123687,20220526,20220529,422,1452,273,1,25.76,2,0.0,0.7728
7002,CA-2015-104871,20200330,20200403,235,103,226,4,366.744,4,0.3,-110.0232
7003,CA-2014-133158,20190819,20190821,240,163,68,3,289.24,7,0.0,26.0316
7004,CA-2014-133158,20190819,20190821,240,662,68,3,69.456,2,0.2,22.5732
7005,CA-2014-126333,20191223,20191228,500,1031,565,4,5.184,1,0.2,1.8144
7006,CA-2015-141740,20201101,20201105,363,72,405,4,205.164,2,0.1,13.6776
7007,CA-2014-119466,20191215,20191221,710,188,214,4,8.544,2,0.6,-7.476
7008,CA-2015-154823,20200821,20200825,440,680,458,4,12.828,2,0.7,-8.9796
7009,CA-2015-154823,20200821,20200825,440,105,458,4,598.458,3,0.3,-42.747
7010,CA-2015-154823,20200821,20200825,440,143,458,4,25.984,1,0.2,-3.8976
7011,US-2014-135881,20190523,20190527,312,668,408,4,17.96,5,0.2,5.837
7012,US-2014-135881,20190523,20190527,312,1444,408,4,5.04,2,0.0,0.1512
7013,US-2014-135881,20190523,20190527,312,417,408,4,208.16,1,0.0,56.2032
7014,CA-2017-141201,20221209,20221211,189,8,92,3,148.257,3,0.15,15.6978
7015,CA-2014-114790,20190311,20190313,287,431,276,3,146.76,3,0.0,38.1576
7016,CA-2014-114790,20190311,20190313,287,1476,276,3,32.96,2,0.0,14.1728
7017,CA-2014-114790,20190311,20190313,287,1710,276,3,587.97,3,0.0,164.6316
7018,CA-2014-114790,20190311,20190313,287,1030,276,3,14.94,3,0.0,7.0218
7019,US-2016-154256,20210623,20210627,700,995,408,3,25.83,7,0.0,12.1401
7020,CA-2014-124737,20190823,20190827,45,1133,126,4,15.552,3,0.2,5.4432
7021,CA-2014-124737,20190823,20190827,45,1453,126,4,6.8,1,0.2,0.51
7022,CA-2014-124737,20190823,20190827,45,254,126,4,4.224,3,0.2,1.2672
7023,CA-2014-124737,20190823,20190827,45,1685,126,4,143.64,9,0.2,10.773
7024,CA-2014-124737,20190823,20190827,45,1015,126,4,31.104,6,0.2,10.8864
7025,CA-2014-124737,20190823,20190827,45,1085,126,4,223.056,9,0.2,69.705
7026,US-2017-101840,20220206,20220212,707,1774,407,4,227.46,6,0.0,65.9634
7027,US-2017-101840,20220206,20220212,707,648,407,4,46.24,4,0.2,15.606
7028,CA-2017-131653,20220129,20220205,632,958,406,4,5.22,2,0.0,2.4012
7029,US-2016-157840,20211220,20211223,489,1228,359,3,33.9,5,0.0,15.594
7030,CA-2016-145548,20211111,20211116,248,1375,406,4,28.14,3,0.0,7.8792
7031,CA-2016-145548,20211111,20211116,248,1524,406,4,36.0,2,0.0,6.48
7032,CA-2016-145548,20211111,20211116,248,578,406,4,92.94,3,0.0,25.0938
7033,CA-2016-145548,20211111,20211116,248,111,406,4,245.646,3,0.1,8.18819999999999
7034,CA-2016-145548,20211111,20211116,248,694,406,4,55.008,3,0.2,17.19
7035,CA-2016-145548,20211111,20211116,248,816,406,4,35.232,3,0.2,11.4504
7036,CA-2017-119494,20221109,20221113,355,128,97,4,523.392,3,0.2,52.3392
7037,CA-2014-124618,20190502,20190504,172,1614,166,3,479.984,2,0.2,89.997
7038,CA-2017-161970,20220922,20220927,584,1258,197,4,12.96,2,0.0,6.2208
7039,CA-2017-161970,20220922,20220927,584,604,197,4,17.94,3,0.0,6.4584
7040,CA-2017-103443,20221217,20221223,60,1363,405,4,166.72,2,0.0,41.68
7041,CA-2017-103443,20221217,20221223,60,701,405,4,24.816,3,0.2,8.3754
7042,CA-2017-103443,20221217,20221223,60,152,405,4,124.36,2,0.0,27.3592
7043,US-2017-165358,20220718,20220723,721,1608,483,4,599.97,5,0.4,69.9965
7044,US-2017-165358,20220718,20220723,721,94,483,4,198.744,4,0.3,-14.196
7045,US-2017-165358,20220718,20220723,721,1456,483,4,9.184,2,0.2,1.148
7046,CA-2016-160136,20211103,20211109,595,1156,533,4,9.248,2,0.2,3.3524
7047,CA-2014-150581,20190408,20190412,569,359,42,4,99.592,1,0.2,2.4898
7048,CA-2014-150581,20190408,20190412,569,1511,42,4,399.96,4,0.0,139.986
7049,CA-2016-119515,20210814,20210816,760,1058,514,1,15.552,3,0.2,5.4432
7050,CA-2014-141355,20190925,20190930,80,572,122,4,14.576,2,0.2,2.3686
7051,CA-2016-165330,20211211,20211211,788,830,31,2,209.6,5,0.2,68.12
7052,CA-2016-165330,20211211,20211211,788,499,31,2,23.32,2,0.0,6.0632
7053,CA-2016-165330,20211211,20211211,788,1033,31,2,30.98,1,0.0,13.941
7054,CA-2016-165330,20211211,20211211,788,1460,31,2,119.96,4,0.0,25.1916
7055,CA-2016-165330,20211211,20211211,788,111,31,2,363.92,5,0.2,-31.843
7056,CA-2016-165330,20211211,20211211,788,751,31,2,35.808,3,0.2,11.19
7057,CA-2016-165330,20211211,20211211,788,801,31,2,122.688,9,0.2,39.8736
7058,CA-2016-165330,20211211,20211211,788,373,31,2,892.136,7,0.2,111.517
7059,CA-2016-165330,20211211,20211211,788,1310,31,2,50.22,3,0.0,2.0088
7060,CA-2016-165330,20211211,20211211,788,408,31,2,83.42,2,0.0,24.1918
7061,CA-2016-165330,20211211,20211211,788,756,31,2,5.872,2,0.2,2.1286
7062,CA-2015-132633,20200203,20200205,432,739,581,3,12.144,3,0.2,4.0986
7063,CA-2016-157742,20211229,20211231,435,871,475,3,27.792,3,0.2,10.422
7064,CA-2017-127712,20220831,20220905,507,1439,474,4,6.208,2,0.2,0.698399999999999
7065,CA-2017-169474,20220204,20220209,361,458,411,4,32.67,3,0.0,8.4942
7066,CA-2014-106726,20191206,20191208,659,1344,65,1,1261.33,7,0.0,327.9458
7067,CA-2016-147473,20210530,20210603,568,1281,69,4,38.88,6,0.0,18.6624
7068,CA-2016-114209,20210521,20210526,57,654,532,4,1.964,2,0.8,-3.2406
7069,CA-2016-114209,20210521,20210526,57,1222,532,4,82.656,9,0.2,30.996
7070,CA-2014-141901,20190809,20190814,306,1118,51,4,5.98,1,0.0,2.691
7071,CA-2016-164490,20210905,20210910,720,1287,215,3,9.248,2,0.2,3.3524
7072,CA-2016-112256,20210723,20210728,148,510,557,4,4.448,2,0.2,0.3336
7073,CA-2016-112256,20210723,20210728,148,1262,557,4,5.184,1,0.2,1.8144
7074,CA-2016-112256,20210723,20210728,148,537,557,4,175.92,5,0.2,15.393
7075,CA-2016-112256,20210723,20210728,148,821,557,4,4.752,4,0.8,-8.316
7076,CA-2016-112256,20210723,20210728,148,1429,557,4,13.344,2,0.2,1.0008
7077,CA-2016-167416,20210512,20210517,393,855,614,4,54.9,5,0.0,26.901
7078,CA-2016-106950,20210902,20210906,356,637,421,4,22.911,7,0.7,-17.5651
7079,CA-2016-106950,20210902,20210906,356,380,421,4,309.456,9,0.2,34.8137999999999
7080,CA-2016-106950,20210902,20210906,356,587,421,4,19.456,4,0.2,3.4048
7081,CA-2016-106950,20210902,20210906,356,333,421,4,472.518,3,0.4,-149.6307
7082,CA-2016-106950,20210902,20210906,356,1518,421,4,1012.68,3,0.2,303.804
7083,CA-2016-106950,20210902,20210906,356,765,421,4,17.22,5,0.7,-12.628
7084,CA-2017-118724,20220721,20220725,51,581,42,3,3.52,2,0.0,1.6896
7085,CA-2017-118724,20220721,20220725,51,1775,42,3,1626.192,9,0.2,121.9644
7086,CA-2017-112004,20220925,20220928,29,776,480,1,8.595,5,0.7,-6.303
7087,CA-2017-112004,20220925,20220928,29,1422,480,1,190.896,2,0.2,-42.9516
7088,US-2017-143175,20220803,20220806,293,1385,64,3,99.87,3,0.0,23.9688
7089,CA-2015-105844,20201025,20201027,362,539,367,3,79.36,4,0.0,23.808
7090,CA-2017-118864,20220615,20220619,433,1742,66,3,119.96,1,0.2,7.4975
7091,CA-2015-119480,20200109,20200113,138,1049,272,4,106.32,3,0.0,49.9704
7092,CA-2015-119480,20200109,20200113,138,400,272,4,163.44,3,0.0,45.7632
7093,CA-2015-119480,20200109,20200113,138,627,272,4,42.76,2,0.0,11.1176
7094,CA-2015-119480,20200109,20200113,138,1289,272,4,51.55,5,0.0,24.2285
7095,US-2015-153374,20200209,20200213,364,1511,217,3,479.952,6,0.2,89.991
7096,CA-2016-101980,20210819,20210820,654,663,405,1,146.688,6,0.2,55.008
7097,CA-2016-101980,20210819,20210820,654,818,405,1,276.784,2,0.2,89.9548
7098,CA-2016-101980,20210819,20210820,654,774,405,1,25.32,5,0.2,9.1785
7099,CA-2017-144596,20221106,20221110,140,1213,406,4,318.96,9,0.0,149.9112
7100,CA-2015-124933,20201226,20201230,204,1213,405,3,212.64,6,0.0,99.9408
7101,CA-2014-159625,20191123,20191128,700,873,17,4,23.472,3,0.2,8.802
7102,CA-2016-144337,20210801,20210805,691,1035,518,3,19.648,2,0.2,6.6312
7103,CA-2014-117478,20190921,20190924,461,639,484,1,6.57,3,0.7,-5.037
7104,CA-2017-147410,20220904,20220908,265,1403,105,4,421.1,2,0.0,105.275
7105,CA-2017-128944,20220619,20220621,429,62,456,3,760.116,6,0.3,-43.4352
7106,CA-2017-128944,20220619,20220621,429,314,456,3,38.784,3,0.2,7.27199999999999
7107,CA-2017-128944,20220619,20220621,429,1502,456,3,122.328,9,0.2,1.5291
7108,CA-2016-109666,20210419,20210426,439,1851,408,4,25.98,2,0.0,0.779399999999999
7109,CA-2016-109666,20210419,20210426,439,622,408,4,3.28,2,0.0,1.476
7110,CA-2016-109666,20210419,20210426,439,1326,408,4,459.88,4,0.0,13.7964
7111,CA-2016-109666,20210419,20210426,439,1439,408,4,7.76,2,0.0,2.2504
7112,CA-2016-109666,20210419,20210426,439,609,408,4,71.96,2,0.0,17.99
7113,CA-2016-109666,20210419,20210426,439,1431,408,4,54.9,5,0.0,15.372
7114,CA-2016-109666,20210419,20210426,439,645,408,4,9.28,2,0.2,3.248
7115,US-2016-102239,20210505,20210506,480,354,363,1,1685.88,6,0.0,320.3172
7116,US-2016-102239,20210505,20210506,480,715,363,1,5.728,2,0.2,2.0048
7117,CA-2014-143168,20191018,20191023,336,1026,613,3,61.96,2,0.0,27.882
7118,CA-2014-143168,20191018,20191023,336,793,613,3,1.344,1,0.2,0.4704
7119,CA-2017-104906,20220213,20220217,400,1088,405,4,17.94,3,0.0,8.7906
7120,CA-2017-118122,20221117,20221124,298,727,613,4,13.904,2,0.2,4.5188
7121,US-2014-147774,20190120,20190126,528,763,515,4,67.194,1,0.7,-51.5154
7122,CA-2017-166926,20221201,20221208,706,1113,614,4,41.86,7,0.0,18.837
7123,CA-2017-166926,20221201,20221208,706,22,614,4,141.96,2,0.0,41.1684
7124,CA-2015-128013,20200809,20200816,502,153,408,4,10.02,3,0.0,4.4088
7125,CA-2015-128013,20200809,20200816,502,1131,408,4,144.12,3,0.0,69.1776
7126,CA-2016-123176,20210927,20210929,366,1243,190,3,17.94,3,0.0,8.7906
7127,CA-2016-123176,20210927,20210929,366,626,190,3,13.89,3,0.0,4.5837
7128,US-2016-117541,20211114,20211120,396,1114,148,4,16.45,5,0.0,7.567
7129,US-2016-117541,20211114,20211120,396,158,148,4,19.92,4,0.0,6.5736
7130,CA-2016-166282,20210416,20210422,598,1578,514,4,35.168,4,0.2,8.3524
7131,CA-2016-166282,20210416,20210422,598,1199,514,4,123.088,7,0.2,40.0036
7132,CA-2017-141439,20221126,20221201,773,324,254,4,257.94,3,0.0,67.0644
7133,CA-2017-141439,20221126,20221201,773,1782,254,4,1879.96,4,0.0,545.1884
7134,CA-2017-141439,20221126,20221201,773,184,254,4,27.46,2,0.0,9.8856
7135,CA-2017-141439,20221126,20221201,773,1744,254,4,89.98,2,0.0,43.1904
7136,CA-2017-141439,20221126,20221201,773,122,254,4,828.6,3,0.0,240.294
7137,CA-2015-163965,20201120,20201127,718,836,171,4,7.23,5,0.7,-5.784
7138,CA-2015-163965,20201120,20201127,718,1323,171,4,17.44,2,0.2,1.308
7139,CA-2015-163965,20201120,20201127,718,830,171,4,62.88,4,0.7,-50.304
7140,CA-2015-163965,20201120,20201127,718,7,171,4,290.352,3,0.2,-36.294
7141,CA-2017-128783,20220907,20220907,749,1533,350,2,113.52,4,0.0,46.5432
7142,CA-2017-128783,20220907,20220907,749,265,350,2,135.3,5,0.0,37.884
7143,CA-2014-122217,20191124,20191129,331,210,597,4,111.15,5,0.0,48.906
7144,US-2017-141558,20220311,20220316,510,1776,484,4,776.85,5,0.4,-181.265
7145,US-2017-141558,20220311,20220316,510,748,484,4,12.294,1,0.7,-8.6058
7146,US-2017-141558,20220311,20220316,510,362,484,4,154.764,3,0.4,-46.4292
7147,US-2017-141558,20220311,20220316,510,1418,484,4,43.28,1,0.2,3.246
7148,CA-2016-139941,20210612,20210617,127,1033,402,4,92.94,3,0.0,41.823
7149,CA-2016-139941,20210612,20210617,127,459,402,4,52.56,3,0.0,18.396
7150,CA-2015-166583,20200626,20200630,777,1733,547,4,971.88,3,0.2,109.3365
7151,CA-2017-100412,20221222,20221226,712,94,8,4,141.96,2,0.0,35.49
7152,CA-2017-142909,20221222,20221225,21,352,14,3,182.55,2,0.5,-135.087
7153,CA-2014-137911,20191009,20191015,100,1249,430,4,88.768,2,0.2,31.0688
7154,CA-2015-106208,20201210,20201215,413,473,213,4,53.088,7,0.8,-108.8304
7155,US-2015-136749,20201225,20201227,462,165,191,3,275.88,6,0.0,46.8996
7156,US-2015-136749,20201225,20201227,462,825,191,3,157.9,5,0.0,74.213
7157,CA-2017-126718,20220429,20220504,445,1000,382,4,4.91,1,0.0,2.4059
7158,CA-2016-131380,20210328,20210331,131,1372,66,3,87.92,4,0.0,0.879199999999997
7159,CA-2016-131380,20210328,20210331,131,1091,66,3,5.98,1,0.0,2.9302
7160,CA-2015-145835,20200513,20200518,83,1842,214,3,222.384,2,0.2,16.6788
7161,CA-2015-145835,20200513,20200518,83,922,214,3,16.0,4,0.2,5.6
7162,CA-2014-138709,20190704,20190709,540,1279,593,4,21.84,3,0.0,10.92
7163,CA-2014-138709,20190704,20190709,540,644,593,4,15.6,5,0.0,7.644
7164,CA-2014-122070,20190422,20190424,28,898,413,3,247.84,8,0.0,121.4416
7165,CA-2014-122070,20190422,20190424,28,845,413,3,9.912,3,0.2,3.3453
7166,CA-2016-158610,20210919,20210922,150,1307,489,1,69.52,2,0.0,17.38
7167,CA-2014-117464,20190722,20190724,571,574,100,3,11.52,4,0.0,3.2256
7168,CA-2014-117464,20190722,20190724,571,51,100,3,717.72,3,0.2,71.772
7169,CA-2014-117464,20190722,20190724,571,1384,100,3,236.5,10,0.0,68.585
7170,CA-2014-117464,20190722,20190724,571,374,100,3,170.352,3,0.2,19.1646
7171,US-2017-168613,20221008,20221014,304,91,405,4,145.764,2,0.1,3.23920000000001
7172,CA-2017-125381,20220425,20220427,690,1462,98,3,107.97,3,0.0,22.6737
7173,US-2017-141677,20220326,20220330,327,1462,547,4,143.96,5,0.2,1.7995
7174,US-2017-141677,20220326,20220330,327,1610,547,4,2399.96,5,0.2,569.9905
7175,US-2017-141677,20220326,20220330,327,1176,547,4,74.352,3,0.2,23.235
7176,US-2017-141677,20220326,20220330,327,400,547,4,87.168,8,0.8,-226.6368
7177,US-2017-141677,20220326,20220330,327,1300,547,4,32.232,3,0.2,2.4174
7178,CA-2017-133067,20220504,20220510,550,756,484,4,2.202,2,0.7,-1.5414
7179,CA-2017-133067,20220504,20220510,550,786,484,4,9.396,3,0.7,-7.5168
7180,US-2016-144351,20211114,20211118,630,1737,284,4,89.97,3,0.0,25.1916
7181,CA-2014-106054,20190106,20190107,397,553,189,1,12.78,3,0.0,5.2398
7182,CA-2016-138667,20211227,20211230,547,1550,450,3,40.0,2,0.2,0.5
7183,CA-2017-150609,20220430,20220504,579,724,66,4,23.24,5,0.2,7.553
7184,CA-2017-128853,20220421,20220423,390,121,284,1,908.82,9,0.0,227.205
7185,CA-2017-133102,20220817,20220824,256,1424,548,4,5.552,2,0.2,-1.041
7186,CA-2017-133102,20220817,20220824,256,573,548,4,8.016,3,0.2,1.002
7187,CA-2017-133102,20220817,20220824,256,80,548,4,74.592,4,0.3,-2.1312
7188,CA-2017-133102,20220817,20220824,256,252,548,4,16.784,2,0.6,-22.2388
7189,CA-2017-133102,20220817,20220824,256,410,548,4,38.864,4,0.8,-99.1032
7190,CA-2016-164399,20211112,20211115,241,1857,95,1,203.976,3,0.2,25.497
7191,CA-2016-164399,20211112,20211115,241,354,95,1,674.352,3,0.2,-8.42940000000002
7192,CA-2016-116918,20211001,20211006,376,808,160,3,5.388,4,0.7,-4.49
7193,CA-2016-116918,20211001,20211006,376,590,160,3,30.976,8,0.2,5.0336
7194,CA-2016-110492,20210212,20210214,408,1401,190,1,1350.12,6,0.0,175.5156
7195,CA-2016-110492,20210212,20210214,408,767,190,1,15.92,4,0.0,7.4824
7196,CA-2016-147683,20211113,20211117,605,311,613,4,19.54,2,0.0,7.2298
7197,CA-2014-116785,20190426,20190430,510,585,67,4,21.4,5,0.0,6.206
7198,CA-2014-116785,20190426,20190430,510,950,67,4,12.6,2,0.0,5.796
7199,US-2015-156797,20200811,20200815,605,518,408,4,11.96,2,0.0,3.1096
7200,US-2015-156797,20200811,20200815,605,1848,408,4,138.0,2,0.0,34.5
7201,CA-2016-104276,20211127,20211203,321,1749,159,4,116.76,1,0.2,14.595
7202,CA-2016-104276,20211127,20211203,321,324,159,4,331.023,7,0.45,-114.3534
7203,CA-2016-120369,20211028,20211028,776,274,411,2,756.8,5,0.0,75.68
7204,CA-2014-118276,20191229,20200102,507,213,236,4,8.736,3,0.6,-4.8048
7205,CA-2015-136658,20200910,20200917,98,496,407,4,6.08,2,0.0,2.0672
7206,CA-2017-137414,20221002,20221006,157,182,98,4,17.46,2,0.0,5.9364
7207,CA-2017-137414,20221002,20221006,157,1649,98,4,369.16,11,0.2,32.3015
7208,CA-2016-143476,20210911,20210913,453,597,16,1,2.912,2,0.2,0.91
7209,CA-2016-143476,20210911,20210913,453,1133,16,1,20.736,4,0.2,7.2576
7210,CA-2016-143476,20210911,20210913,453,1118,16,1,9.568,2,0.2,2.99
7211,US-2016-119046,20210602,20210606,258,1034,615,4,30.18,3,0.0,13.8828
7212,US-2016-119046,20210602,20210606,258,678,615,4,51.648,12,0.2,18.7224
7213,US-2016-119046,20210602,20210606,258,643,615,4,11.232,3,0.2,3.9312
7214,CA-2017-154949,20221015,20221019,487,972,37,4,14.73,3,0.0,7.2177
7215,CA-2015-103072,20200927,20200930,334,476,309,3,16.4,5,0.0,4.756
7216,CA-2015-103072,20200927,20200930,334,1207,309,3,25.92,4,0.0,12.4416
7217,CA-2015-150770,20200503,20200506,451,514,98,1,8.82,3,0.0,2.5578
7218,CA-2015-150770,20200503,20200506,451,722,98,1,62.496,2,0.2,21.8736
7219,CA-2015-150770,20200503,20200506,451,1478,98,1,339.96,4,0.0,122.3856
7220,CA-2015-150770,20200503,20200506,451,699,98,1,49.568,2,0.2,17.3488
7221,CA-2017-154760,20220109,20220113,104,832,484,4,274.491,3,0.7,-228.7425
7222,US-2017-104437,20220127,20220131,748,1687,408,4,137.94,3,0.0,35.8644
7223,CA-2017-113075,20220902,20220906,494,1561,214,4,40.68,3,0.2,-7.119
7224,CA-2016-109953,20210714,20210718,622,1831,100,4,110.376,3,0.2,12.4173
7225,CA-2016-109953,20210714,20210718,622,441,100,4,151.62,7,0.0,50.0346
7226,CA-2016-109953,20210714,20210718,622,139,100,4,30.8,4,0.0,10.164
7227,CA-2017-127397,20220224,20220228,279,1085,483,4,123.92,5,0.2,38.725
7228,CA-2017-127397,20220224,20220228,279,1548,483,4,1319.8,5,0.2,214.4675
7229,CA-2014-157546,20190720,20190722,634,741,100,1,89.712,6,0.2,30.2778
7230,CA-2014-157546,20190720,20190722,634,1272,100,1,22.83,3,0.0,10.7301
7231,CA-2017-153843,20220313,20220315,674,734,139,1,30.88,2,0.0,15.44
7232,CA-2017-153843,20220313,20220315,674,411,139,1,465.16,2,0.0,120.9416
7233,CA-2017-153843,20220313,20220315,674,1228,139,1,27.12,4,0.0,12.4752
7234,CA-2016-137337,20210308,20210312,296,255,406,4,113.6,8,0.0,44.304
7235,CA-2016-137337,20210308,20210312,296,1139,406,4,12.96,2,0.0,6.3504
7236,CA-2016-137337,20210308,20210312,296,662,406,4,69.456,2,0.2,22.5732
7237,CA-2014-138737,20191207,20191210,291,574,69,1,8.64,3,0.0,2.4192
7238,CA-2016-164924,20210710,20210710,246,1627,485,2,341.991,3,0.7,-319.1916
7239,CA-2016-101651,20211224,20211230,673,168,102,4,43.96,7,0.0,18.4632
7240,CA-2016-101651,20211224,20211230,673,866,102,4,39.76,7,0.0,18.6872
7241,CA-2017-136651,20220423,20220425,361,224,81,3,66.36,7,0.0,26.544
7242,CA-2017-136651,20220423,20220425,361,779,81,3,92.88,6,0.2,30.186
7243,CA-2017-136651,20220423,20220425,361,312,81,3,24.14,2,0.0,7.9662
7244,CA-2017-118892,20220817,20220822,758,81,483,3,4416.174,9,0.3,-630.882
7245,US-2017-151127,20220522,20220525,648,554,69,1,49.56,7,0.0,18.8328
7246,CA-2017-145807,20220209,20220213,665,1338,66,4,354.9,5,0.0,17.745
7247,US-2014-127978,20190303,20190308,406,950,441,4,15.12,3,0.2,4.914
7248,US-2014-127978,20190303,20190308,406,16,441,4,302.45,5,0.5,-199.617
7249,US-2014-127978,20190303,20190308,406,1373,441,4,44.672,8,0.2,-10.0512
7250,CA-2015-158491,20200604,20200609,101,1510,65,3,119.98,2,0.0,35.994
7251,CA-2015-158491,20200604,20200609,101,1571,65,3,989.97,3,0.0,395.988
7252,CA-2016-116764,20210827,20210902,269,979,161,4,9.216,4,0.2,3.3408
7253,CA-2016-152457,20210912,20210918,678,1232,321,4,68.52,3,0.0,31.5192
7254,CA-2016-152730,20210530,20210604,273,434,628,4,364.74,3,0.0,109.422
7255,CA-2016-152730,20210530,20210604,273,173,628,4,47.4,5,0.0,21.33
7256,CA-2016-152730,20210530,20210604,273,1320,628,4,49.76,4,0.0,13.9328
7257,CA-2016-152730,20210530,20210604,273,595,628,4,5.56,2,0.0,1.4456
7258,CA-2016-152730,20210530,20210604,273,1081,628,4,629.1,6,0.0,301.968
7259,CA-2016-152730,20210530,20210604,273,501,628,4,14.7,5,0.0,3.969
7260,CA-2016-152730,20210530,20210604,273,1282,628,4,45.36,7,0.0,21.7728
7261,CA-2016-152730,20210530,20210604,273,1695,628,4,125.99,1,0.0,35.2772
7262,CA-2017-137001,20220610,20220613,316,513,112,3,14.7,7,0.0,4.116
7263,CA-2017-156363,20221022,20221028,520,1826,483,4,32.7,5,0.4,-6.54
7264,CA-2017-156363,20221022,20221028,520,880,483,4,31.68,4,0.2,11.088
7265,CA-2017-122056,20220613,20220617,593,615,595,4,181.86,7,0.0,50.9208
7266,US-2014-143721,20191123,20191126,211,79,548,3,155.372,2,0.3,-35.5136
7267,CA-2017-122987,20220816,20220816,696,751,505,2,13.428,3,0.7,-11.19
7268,CA-2017-122987,20220816,20220816,696,1419,505,2,67.136,4,0.2,-0.839200000000002
7269,CA-2016-133368,20210114,20210120,25,1246,422,4,89.568,2,0.2,32.4684
7270,CA-2016-133368,20210114,20210120,25,256,422,4,315.776,8,0.2,31.5776
7271,CA-2016-123337,20210916,20210922,425,15,102,4,273.666,2,0.15,-12.8784
7272,CA-2016-123337,20210916,20210922,425,421,102,4,17.48,4,0.0,4.5448
7273,US-2016-150357,20211010,20211014,252,1452,427,4,20.608,2,0.2,-4.3792
7274,US-2016-150357,20211010,20211014,252,742,427,4,4.095,3,0.7,-2.73
7275,CA-2015-144519,20201113,20201117,62,1857,357,4,339.96,5,0.2,42.4949999999999
7276,CA-2015-144519,20201113,20201117,62,169,357,4,63.98,7,0.0,21.7532
7277,CA-2014-120670,20191102,20191106,383,1577,159,4,799.92,10,0.2,239.976
7278,CA-2016-157217,20210719,20210721,746,1752,99,1,35.984,2,0.2,4.498
7279,CA-2016-157217,20210719,20210721,746,1551,99,1,389.97,3,0.0,132.5898
7280,CA-2016-108224,20210514,20210514,752,1570,21,2,185.528,7,0.2,48.7011
7281,CA-2015-162782,20200221,20200227,615,777,286,4,2541.98,2,0.0,1270.99
7282,CA-2017-159282,20221016,20221021,299,1633,21,4,599.985,5,0.7,-479.988
7283,CA-2017-155936,20220622,20220629,381,739,215,4,3.036,3,0.8,-5.0094
7284,CA-2017-169439,20220909,20220913,456,516,440,4,25.92,5,0.2,3.888
7285,CA-2017-169439,20220909,20220913,456,163,440,4,66.112,2,0.2,-9.0904
7286,CA-2017-151183,20221014,20221019,90,1566,99,4,46.36,4,0.0,15.2988
7287,CA-2016-149965,20210620,20210625,105,1599,466,4,6.9,1,0.0,0.552
7288,CA-2016-149965,20210620,20210625,105,296,466,4,57.69,3,0.0,23.6529
7289,CA-2014-158281,20190902,20190907,24,1642,548,4,559.71,3,0.4,-121.2705
7290,CA-2016-153661,20210130,20210131,679,1313,100,1,305.01,9,0.0,76.2525
7291,CA-2016-153661,20210130,20210131,679,838,100,1,50.784,2,0.2,17.7744
7292,CA-2016-153661,20210130,20210131,679,1012,100,1,26.01,9,0.0,12.2247
7293,CA-2017-109183,20221204,20221209,470,1637,514,4,649.0,2,0.5,-272.58
7294,CA-2016-113656,20210123,20210129,127,162,67,4,59.99,7,0.0,21.5964
7295,CA-2015-148964,20200526,20200531,636,277,600,4,20.24,1,0.0,7.8936
7296,CA-2014-111899,20190504,20190505,555,528,545,1,37.84,2,0.2,2.838
7297,CA-2014-111899,20190504,20190505,555,912,545,1,5.472,6,0.2,1.8468
7298,CA-2015-101126,20200210,20200214,554,1325,485,3,77.24,5,0.2,7.724
7299,CA-2014-163468,20191118,20191121,381,344,218,1,292.1,4,0.5,-175.26
7300,CA-2014-163468,20191118,20191121,381,188,218,1,8.544,2,0.6,-7.476
7301,CA-2014-163468,20191118,20191121,381,34,218,1,424.116,6,0.3,-30.294
7302,CA-2014-163468,20191118,20191121,381,836,218,1,2.892,3,0.8,-4.9164
7303,CA-2014-163468,20191118,20191121,381,1290,218,1,381.72,5,0.2,-66.801
7304,US-2017-117450,20220904,20220908,229,112,153,4,97.184,2,0.2,6.074
7305,US-2017-117450,20220904,20220908,229,1036,153,4,10.368,2,0.2,3.6288
7306,CA-2014-137274,20190329,20190402,508,337,564,4,890.841,3,0.3,-152.7156
7307,CA-2016-144092,20211105,20211107,464,1524,102,3,72.0,4,0.0,12.96
7308,CA-2016-144092,20211105,20211107,464,133,102,3,113.888,2,0.2,9.9652
7309,CA-2016-144092,20211105,20211107,464,859,102,3,158.13,3,0.0,77.4837
7310,CA-2017-112172,20220610,20220614,528,940,407,3,14.13,3,0.0,0.7065
7311,CA-2015-121699,20200810,20200814,68,832,310,4,64.75,5,0.0,29.1375
7312,CA-2015-162761,20201009,20201013,676,644,170,4,1.872,2,0.7,-1.3104
7313,CA-2015-162761,20201009,20201013,676,741,170,4,11.214,2,0.7,-8.5974
7314,CA-2015-162761,20201009,20201013,676,529,170,4,37.376,8,0.2,7.4752
7315,CA-2016-121377,20210528,20210602,756,1743,231,4,286.4,1,0.2,25.06
7316,CA-2017-115322,20220511,20220516,792,620,407,3,43.92,3,0.0,12.7368
7317,CA-2016-132066,20211016,20211020,554,329,406,4,142.182,1,0.4,-37.9152
7318,CA-2017-158120,20221117,20221121,429,1209,470,4,19.608,3,0.2,6.6177
7319,CA-2017-158120,20221117,20221121,429,750,470,4,4.158,7,0.7,-3.465
7320,CA-2017-100097,20221126,20221129,529,1764,405,3,979.95,5,0.0,264.5865
7321,CA-2017-100097,20221126,20221129,529,265,405,3,135.3,5,0.0,37.884
7322,CA-2017-167626,20220903,20220907,550,1218,214,4,8.904,3,0.2,3.339
7323,CA-2017-167626,20220903,20220907,550,1580,214,4,100.8,2,0.2,21.42
7324,US-2017-126053,20221205,20221208,173,203,407,1,41.96,2,0.0,10.9096
7325,US-2017-126053,20221205,20221208,173,996,407,1,9.45,3,0.0,4.536
7326,US-2017-128447,20221110,20221117,493,467,610,4,400.8,5,0.0,112.224
7327,US-2017-128447,20221110,20221117,493,697,610,4,28.792,1,0.2,10.0772
7328,US-2014-131275,20190318,20190324,669,303,36,4,111.0,2,0.0,14.43
7329,US-2014-131275,20190318,20190324,669,1633,36,4,1279.968,4,0.2,415.9896
7330,US-2014-131275,20190318,20190324,669,1294,36,4,1856.19,7,0.0,334.1142
7331,CA-2016-149349,20211112,20211113,709,173,214,1,22.752,6,0.6,-8.532
7332,CA-2017-115119,20221026,20221030,675,1723,481,4,61.542,1,0.4,-13.3341
7333,CA-2017-115119,20221026,20221030,675,762,481,4,81.438,7,0.7,-65.1504
7334,CA-2015-125563,20200411,20200417,608,180,187,4,67.36,2,0.2,10.104
7335,CA-2015-125563,20200411,20200417,608,141,187,4,54.528,3,0.2,14.3136
7336,CA-2015-113152,20201225,20201230,379,1518,407,4,843.9,2,0.0,371.316
7337,CA-2015-113152,20201225,20201230,379,23,407,4,449.568,2,0.2,56.196
7338,CA-2017-165155,20220921,20220923,92,1419,68,1,15.51,1,0.0,3.8775
7339,CA-2014-163412,20191220,20191223,703,133,408,3,192.186,3,0.1,36.3018
7340,CA-2015-159590,20200718,20200721,420,574,405,1,5.76,2,0.0,1.6128
7341,CA-2014-116190,20190726,20190801,689,58,190,4,67.88,2,0.0,18.3276
7342,CA-2014-116190,20190726,20190801,689,981,190,4,162.89,13,0.0,76.5583
7343,CA-2014-116190,20190726,20190801,689,162,190,4,25.71,3,0.0,9.2556
7344,CA-2014-168473,20191226,20200101,739,1305,405,4,191.88,6,0.0,19.188
7345,CA-2017-168389,20221211,20221217,238,368,163,4,721.875,6,0.45,-420.0
7346,CA-2017-168389,20221211,20221217,238,1813,163,4,73.568,4,0.2,-16.5528
7347,CA-2017-168389,20221211,20221217,238,540,163,4,13.584,1,0.2,1.3584
7348,CA-2017-168389,20221211,20221217,238,52,163,4,64.784,1,0.2,-12.147
7349,CA-2014-130421,20190303,20190307,668,430,548,4,176.772,3,0.8,-459.6072
7350,CA-2017-142125,20221021,20221027,341,650,626,4,38.82,6,0.0,19.41
7351,CA-2017-142125,20221021,20221027,341,775,626,4,21.9,5,0.0,10.512
7352,CA-2017-141138,20221110,20221116,300,1508,72,4,111.79,7,0.0,43.5981
7353,CA-2017-152135,20220316,20220318,503,1811,449,3,445.44,8,0.4,-81.664
7354,CA-2016-151974,20210922,20210929,633,1007,483,4,16.52,5,0.2,5.369
7355,CA-2017-154102,20220206,20220213,704,1113,98,4,29.9,5,0.0,13.455
7356,CA-2015-139780,20201231,20210102,35,807,309,3,116.4,8,0.0,52.38
7357,CA-2016-114748,20211009,20211014,551,515,16,4,1.408,1,0.2,0.1584
7358,CA-2016-114748,20211009,20211014,551,187,16,4,169.568,2,0.2,0.0
7359,US-2014-115189,20191230,20200103,46,1758,485,3,251.964,6,0.4,-50.3928
7360,US-2014-115189,20191230,20200103,46,371,485,3,523.764,3,0.4,-192.0468
7361,CA-2016-163594,20210412,20210414,360,1077,67,1,19.44,3,0.0,9.3312
7362,CA-2016-163594,20210412,20210414,360,52,67,1,194.352,3,0.2,-36.441
7363,CA-2016-163594,20210412,20210414,360,787,67,1,36.624,3,0.2,13.734
7364,CA-2016-127243,20211128,20211204,237,1846,484,4,340.182,3,0.4,-73.7061
7365,CA-2016-127243,20211128,20211204,237,938,484,4,12.672,8,0.2,2.6928
7366,CA-2016-127243,20211128,20211204,237,765,484,4,6.888,2,0.7,-5.0512
7367,CA-2016-127243,20211128,20211204,237,1366,484,4,32.544,2,0.2,-7.7292
7368,CA-2016-127243,20211128,20211204,237,94,484,4,347.802,7,0.3,-24.843
7369,CA-2017-161851,20220415,20220417,100,833,171,1,15.57,3,0.7,-11.937
7370,CA-2015-110345,20200309,20200311,748,961,432,3,4.608,2,0.2,1.6704
7371,CA-2014-107769,20191028,20191101,112,1720,264,4,257.98,2,0.0,74.8142
7372,US-2017-123862,20220107,20220109,359,1317,63,3,153.78,11,0.0,44.5962
7373,US-2017-123862,20220107,20220109,359,1366,63,3,61.02,3,0.0,0.610199999999995
7374,US-2017-123862,20220107,20220109,359,1458,63,3,110.11,7,0.0,31.9319
7375,US-2017-123862,20220107,20220109,359,933,63,3,7.89,1,0.0,3.5505
7376,CA-2017-100580,20220813,20220820,518,640,96,4,36.024,3,0.2,11.7078
7377,US-2017-145597,20221102,20221105,298,540,208,1,54.336,4,0.2,5.4336
7378,CA-2014-132787,20190919,20190923,495,1335,615,4,92.52,6,0.0,24.9804
7379,CA-2015-136224,20200531,20200531,524,585,424,2,10.272,3,0.2,1.1556
7380,CA-2016-105732,20210913,20210918,19,1302,362,4,40.74,3,0.0,0.407399999999999
7381,CA-2016-105732,20210913,20210918,19,1010,362,4,14.4,5,0.0,7.056
7382,CA-2016-105732,20210913,20210918,19,1737,362,4,149.95,5,0.0,41.986
7383,CA-2016-105732,20210913,20210918,19,1457,362,4,16.9,2,0.0,5.07
7384,CA-2016-105732,20210913,20210918,19,1162,362,4,17.61,3,0.0,8.4528
7385,CA-2016-105732,20210913,20210918,19,407,362,4,378.0,2,0.0,136.08
7386,CA-2016-105732,20210913,20210918,19,1134,362,4,17.64,3,0.0,8.6436
7387,CA-2016-105732,20210913,20210918,19,1412,362,4,373.08,6,0.0,100.7316
7388,CA-2016-105732,20210913,20210918,19,266,362,4,1336.44,14,0.0,387.5676
7389,CA-2016-105732,20210913,20210918,19,1856,362,4,29.97,3,0.0,0.2997
7390,CA-2017-108035,20221129,20221203,770,56,503,4,390.368,2,0.2,48.796
7391,CA-2017-108035,20221129,20221203,770,285,503,4,101.52,5,0.2,19.035
7392,CA-2017-160031,20221204,20221207,477,1033,445,3,74.352,3,0.2,23.235
7393,CA-2017-147844,20220502,20220506,202,1198,69,4,15.7,5,0.0,7.065
7394,CA-2017-147844,20220502,20220506,202,525,69,4,59.52,3,0.0,15.4752
7395,CA-2017-147844,20220502,20220506,202,1184,69,4,34.4,5,0.0,15.824
7396,CA-2016-110975,20211225,20211230,190,351,407,4,313.176,2,0.4,-120.0508
7397,CA-2016-110975,20211225,20211230,190,109,407,4,866.646,3,0.1,173.3292
7398,CA-2014-141649,20190930,20190930,223,445,445,2,795.408,6,0.2,59.6556
7399,CA-2014-124807,20190712,20190715,499,1108,213,3,35.856,9,0.2,12.9978
7400,CA-2014-124807,20190712,20190715,499,1543,213,3,23.84,4,0.2,3.278
7401,CA-2016-110009,20210908,20210913,760,246,613,4,43.13,1,0.0,14.6642
7402,CA-2016-110009,20210908,20210913,760,1179,613,4,30.87,7,0.0,14.2002
7403,CA-2017-168172,20220806,20220810,693,1442,406,4,70.12,4,0.0,21.036
7404,CA-2015-100146,20200514,20200519,128,40,37,4,509.9575,5,0.15,41.9964999999999
7405,CA-2015-100146,20200514,20200519,128,207,37,4,122.91,3,0.0,34.4148
7406,CA-2015-100146,20200514,20200519,128,113,37,4,97.568,2,0.2,-6.098
7407,CA-2015-100146,20200514,20200519,128,125,37,4,722.352,3,0.2,81.2645999999999
7408,CA-2017-152079,20220120,20220121,521,967,215,1,11.52,5,0.2,4.176
7409,CA-2016-129728,20210530,20210606,367,252,66,4,167.84,8,0.0,11.7488
7410,CA-2014-121769,20190408,20190412,408,369,459,4,172.11,1,0.4,-94.6605
7411,CA-2014-103058,20190723,20190724,19,1494,406,1,99.98,2,0.0,7.99839999999999
7412,CA-2017-121125,20220530,20220603,507,1736,476,4,156.792,1,0.2,17.6391
7413,CA-2017-121125,20220530,20220603,507,1525,476,4,35.36,2,0.2,-3.094
7414,CA-2017-121125,20220530,20220603,507,170,476,4,13.592,1,0.2,-0.3398
7415,US-2016-114013,20210313,20210315,680,122,483,3,386.68,2,0.3,-5.52400000000003
7416,US-2016-114013,20210313,20210315,680,1471,483,3,379.96,5,0.2,47.4949999999999
7417,US-2016-114013,20210313,20210315,680,1727,483,3,539.91,3,0.4,-116.9805
7418,US-2016-114013,20210313,20210315,680,1289,483,3,41.24,5,0.2,13.9185
7419,US-2016-114013,20210313,20210315,680,818,483,3,51.897,1,0.7,-41.5176
7420,US-2016-114013,20210313,20210315,680,1376,483,3,552.56,5,0.2,-138.14
7421,US-2016-114013,20210313,20210315,680,734,483,3,23.16,5,0.7,-15.44
7422,US-2016-114013,20210313,20210315,680,1398,483,3,126.08,2,0.2,-28.368
7423,US-2016-114013,20210313,20210315,680,1633,483,3,449.1,3,0.7,-643.71
7424,CA-2017-135069,20220410,20220414,109,376,485,4,195.104,4,0.2,21.9492
7425,CA-2017-135069,20220410,20220414,109,278,485,4,36.672,3,0.2,6.4176
7426,CA-2016-101693,20210625,20210627,456,66,547,3,85.246,2,0.3,-6.08900000000001
7427,CA-2016-101693,20210625,20210627,456,279,547,3,32.712,2,0.6,-26.1696
7428,US-2014-164763,20190317,20190321,511,661,343,4,11.43,3,0.0,5.3721
7429,US-2014-164763,20190317,20190321,511,651,343,4,30.44,2,0.0,14.9156
7430,US-2014-164763,20190317,20190321,511,1215,343,4,12.96,2,0.0,6.3504
7431,US-2014-164763,20190317,20190321,511,1202,343,4,16.0,4,0.0,7.68
7432,US-2014-164763,20190317,20190321,511,458,343,4,32.67,3,0.0,8.4942
7433,CA-2014-161249,20190809,20190813,634,941,16,4,4.464,3,0.2,-0.9486
7434,CA-2014-161249,20190809,20190813,634,679,16,4,9.345,5,0.7,-6.5415
7435,CA-2015-148180,20200726,20200731,100,661,80,4,9.144,3,0.2,3.0861
7436,CA-2015-148180,20200726,20200731,100,770,80,4,23.136,6,0.2,8.3868
7437,CA-2015-148180,20200726,20200731,100,544,80,4,99.2,5,0.0,25.792
7438,CA-2014-165568,20190215,20190219,81,674,614,4,21.36,5,0.2,7.209
7439,CA-2015-145457,20200324,20200327,165,276,602,3,46.9,5,0.0,13.132
7440,US-2017-163657,20220902,20220906,386,643,69,4,18.72,5,0.2,6.552
7441,US-2017-163657,20220902,20220906,386,372,69,4,236.528,2,0.2,-2.95660000000001
7442,CA-2015-120446,20201116,20201118,368,986,97,1,18.9,3,0.0,8.694
7443,CA-2014-109932,20191209,20191211,784,1130,524,1,10.688,2,0.2,3.7408
7444,CA-2014-109932,20191209,20191211,784,1291,524,1,237.096,3,0.2,20.7459
7445,CA-2017-127474,20220203,20220207,635,1087,213,3,5.184,1,0.2,1.8144
7446,CA-2017-127474,20220203,20220207,635,1084,213,3,65.584,2,0.2,23.7742
7447,CA-2017-127474,20220203,20220207,635,303,213,3,22.2,1,0.6,-26.085
7448,CA-2017-127474,20220203,20220207,635,1047,213,3,419.4,5,0.2,146.79
7449,CA-2017-115448,20221111,20221114,515,290,510,1,88.92,5,0.2,14.4495
7450,CA-2017-105669,20220917,20220922,695,483,545,3,9.912,3,0.2,3.2214
7451,CA-2017-105669,20220917,20220922,695,111,545,3,318.43,5,0.3,-77.333
7452,CA-2017-105669,20220917,20220922,695,736,545,3,5.8,5,0.8,-10.15
7453,CA-2017-105669,20220917,20220922,695,1769,545,3,1415.76,6,0.2,88.4850000000001
7454,CA-2017-134796,20220625,20220701,289,1811,209,4,148.48,2,0.2,16.704
7455,CA-2016-137743,20210730,20210804,430,993,214,4,9.248,4,0.2,3.1212
7456,CA-2016-137743,20210730,20210804,430,1354,214,4,1036.624,2,0.2,51.8312
7457,CA-2015-137974,20200416,20200418,465,1751,598,1,569.64,2,0.0,148.1064
7458,CA-2015-137974,20200416,20200418,465,675,598,1,9.14,1,0.0,4.57
7459,CA-2015-137974,20200416,20200418,465,183,598,1,1196.86,7,0.0,119.686
7460,CA-2015-137974,20200416,20200418,465,8,598,1,523.26,9,0.0,125.5824
7461,US-2015-136987,20200411,20200414,49,1608,64,3,639.968,4,0.2,215.9892
7462,US-2015-136987,20200411,20200414,49,1204,64,3,52.76,2,0.0,24.2696
7463,CA-2015-138485,20200227,20200301,572,1519,614,3,538.92,9,0.0,80.838
7464,CA-2016-103709,20210908,20210915,469,577,116,4,14.88,2,0.0,3.72
7465,CA-2016-103709,20210908,20210915,469,1274,116,4,34.24,8,0.0,15.408
7466,CA-2016-103709,20210908,20210915,469,1333,116,4,261.74,2,0.0,65.435
7467,CA-2016-138282,20210519,20210523,35,405,65,4,87.84,8,0.0,23.7168
7468,CA-2017-148985,20221111,20221115,734,182,68,3,34.92,4,0.0,11.8728
7469,CA-2014-138100,20190915,20190920,1,1043,406,4,14.94,3,0.0,7.0218
7470,CA-2014-138100,20190915,20190920,1,225,406,4,14.56,2,0.0,6.2608
7471,CA-2015-100734,20200915,20200920,14,744,485,4,3.576,4,0.7,-2.8608
7472,CA-2015-100734,20200915,20200920,14,1347,485,4,147.184,2,0.2,-29.4368
7473,CA-2016-139997,20210701,20210703,273,1603,577,1,1499.95,5,0.0,449.985
7474,CA-2016-109652,20210410,20210415,616,474,215,4,13.568,4,0.2,3.2224
7475,CA-2014-167199,20190106,20190110,498,119,272,4,2573.82,9,0.0,746.4078
7476,CA-2014-167199,20190106,20190110,498,832,272,4,609.98,2,0.0,274.491
7477,CA-2014-167199,20190106,20190110,498,526,272,4,5.48,2,0.0,1.4796
7478,CA-2014-167199,20190106,20190110,498,1862,272,4,391.98,2,0.0,113.6742
7479,CA-2014-167199,20190106,20190110,498,1846,272,4,755.96,4,0.0,204.1092
7480,CA-2014-167199,20190106,20190110,498,921,272,4,31.12,4,0.0,0.311199999999999
7481,CA-2014-167199,20190106,20190110,498,1080,272,4,6.54,1,0.0,3.0084
7482,CA-2016-124583,20210901,20210903,450,869,53,3,12.78,1,0.0,5.751
7483,CA-2014-113964,20190923,20190930,402,833,406,4,18.464,4,0.2,6.924
7484,CA-2014-129938,20191215,20191217,247,111,484,3,445.802,7,0.3,-108.2662
7485,CA-2017-135111,20221228,20230102,178,628,436,4,2.48,1,0.0,0.868
7486,CA-2017-135111,20221228,20230102,178,804,436,4,25.9,5,0.0,12.691
7487,US-2015-134558,20201219,20201224,601,1088,369,3,29.9,5,0.0,14.651
7488,US-2015-134558,20201219,20201224,601,1576,369,3,2249.91,9,0.0,517.4793
7489,US-2015-134558,20201219,20201224,601,356,369,3,1053.164,4,0.3,-105.3164
7490,CA-2017-157196,20221105,20221109,4,1207,97,4,12.96,2,0.0,6.2208
7491,CA-2015-108672,20200910,20200916,280,273,66,4,106.68,6,0.0,33.0708
7492,US-2017-118598,20221116,20221116,159,1779,414,2,119.94,6,0.0,5.99699999999999
7493,US-2017-160836,20220911,20220916,134,1255,547,4,10.272,3,0.2,3.21
7494,US-2017-160836,20220911,20220916,134,349,547,4,512.19,5,0.3,-65.853
7495,US-2017-160836,20220911,20220916,134,412,547,4,1.556,2,0.8,-4.2012
7496,CA-2017-121048,20220714,20220718,744,803,117,4,4.448,2,0.2,1.4456
7497,CA-2017-121048,20220714,20220718,744,264,117,4,276.69,3,0.0,49.8042
7498,CA-2017-121048,20220714,20220718,744,906,117,4,4.96,4,0.0,2.3312
7499,CA-2017-121048,20220714,20220718,744,611,117,4,71.92,4,0.0,20.8568
7500,CA-2017-121048,20220714,20220718,744,243,117,4,18.84,3,0.0,7.9128
7501,CA-2017-121048,20220714,20220718,744,1484,117,4,140.97,3,0.0,19.7358
7502,CA-2017-121048,20220714,20220718,744,1862,117,4,470.376,3,0.2,52.9173
7503,US-2017-120147,20220330,20220330,738,496,67,2,6.08,2,0.0,2.0672
7504,US-2017-120147,20220330,20220330,738,1770,67,2,164.792,1,0.2,18.5391
7505,CA-2016-158043,20210131,20210204,377,882,371,3,23.36,2,0.0,11.68
7506,US-2017-106579,20220608,20220613,120,651,237,4,12.176,4,0.8,-18.8728
7507,CA-2014-115889,20191102,20191106,693,1735,100,4,46.384,2,0.2,5.21819999999999
7508,CA-2014-115889,20191102,20191106,693,1386,100,4,362.92,2,0.0,105.2468
7509,US-2017-161935,20220714,20220718,388,1064,441,4,9.248,2,0.2,3.3524
7510,US-2017-161935,20220714,20220718,388,1699,441,4,1889.946,9,0.4,-377.9892
7511,US-2017-161935,20220714,20220718,388,1393,441,4,62.04,5,0.2,4.653
7512,US-2017-161935,20220714,20220718,388,242,441,4,396.92,5,0.2,148.845
7513,US-2017-161935,20220714,20220718,388,1356,441,4,239.456,7,0.2,17.9592
7514,US-2017-161935,20220714,20220718,388,630,441,4,13.12,5,0.2,2.132
7515,US-2017-167920,20221209,20221212,388,816,276,3,29.36,2,0.0,13.5056
7516,US-2017-167920,20221209,20221212,388,380,276,3,214.9,5,0.0,62.321
7517,US-2017-167920,20221209,20221212,388,767,276,3,15.92,4,0.0,7.4824
7518,US-2017-167920,20221209,20221212,388,1485,276,3,146.45,5,0.0,48.3285
7519,US-2017-167920,20221209,20221212,388,1420,276,3,15.14,1,0.0,0.605599999999999
7520,US-2017-167920,20221209,20221212,388,1005,276,3,5.76,2,0.0,2.6496
7521,US-2017-167920,20221209,20221212,388,1604,276,3,1399.98,2,0.0,629.991
7522,CA-2016-162383,20210905,20210911,496,751,450,4,8.952,2,0.7,-7.46
7523,CA-2016-162383,20210905,20210911,496,710,450,4,8.856,6,0.7,-6.4944
7524,CA-2016-162383,20210905,20210911,496,124,450,4,85.246,2,0.3,-1.2178
7525,CA-2014-125731,20190910,20190916,153,881,469,4,21.728,7,0.2,7.6048
7526,CA-2014-125731,20190910,20190916,153,117,469,4,1487.04,5,0.2,148.704
7527,US-2017-106145,20220926,20220926,618,852,98,2,71.88,6,0.0,33.0648
7528,US-2017-106145,20220926,20220926,618,275,98,2,9.24,3,0.0,2.9568
7529,US-2017-106145,20220926,20220926,618,1160,98,2,35.88,6,0.0,16.146
7530,US-2017-106145,20220926,20220926,618,731,98,2,17.04,3,0.2,5.538
7531,US-2017-106145,20220926,20220926,618,796,98,2,931.176,3,0.2,314.2719
7532,CA-2016-107146,20210617,20210619,452,220,131,1,266.352,3,0.2,-13.3176
7533,CA-2016-107146,20210617,20210619,452,131,131,1,483.136,4,0.2,54.3527999999999
7534,US-2017-134642,20220225,20220301,725,98,428,4,196.784,2,0.2,-22.1382
7535,US-2017-134642,20220225,20220301,725,48,428,4,231.92,5,0.2,5.798
7536,US-2017-160143,20220331,20220407,323,1449,64,4,29.7,3,0.0,8.019
7537,CA-2017-103415,20221203,20221208,545,170,546,4,13.592,2,0.6,-14.2716
7538,CA-2016-106460,20210219,20210222,312,1122,98,3,70.88,2,0.0,33.3136
7539,US-2017-112347,20221202,20221206,106,1389,126,4,114.288,1,0.2,12.8574
7540,US-2017-112347,20221202,20221206,106,787,126,4,36.624,8,0.7,-24.416
7541,US-2017-112347,20221202,20221206,106,34,126,4,242.352,8,0.7,-363.528
7542,US-2017-112347,20221202,20221206,106,1688,126,4,49.616,2,0.2,4.9616
7543,US-2017-112347,20221202,20221206,106,187,126,4,508.704,6,0.2,0.0
7544,US-2017-112347,20221202,20221206,106,1853,126,4,57.36,6,0.2,-14.34
7545,US-2017-112347,20221202,20221206,106,90,126,4,906.68,5,0.2,68.001
7546,CA-2014-103492,20191010,20191015,164,1714,549,4,719.952,6,0.2,71.9952
7547,CA-2014-103492,20191010,20191015,164,1849,549,4,755.944,7,0.2,66.1451
7548,CA-2014-103492,20191010,20191015,164,839,549,4,11.98,5,0.8,-19.168
7549,CA-2014-103492,20191010,20191015,164,808,549,4,0.898,1,0.8,-1.5715
7550,CA-2016-136595,20210905,20210907,269,307,545,1,21.204,3,0.6,-11.6622
7551,CA-2014-140396,20191120,20191125,429,871,407,4,34.74,3,0.0,17.37
7552,CA-2014-140396,20191120,20191125,429,1842,407,4,833.94,6,0.0,216.8244
7553,CA-2014-140396,20191120,20191125,429,783,407,4,12.96,3,0.2,4.536
7554,CA-2014-140396,20191120,20191125,429,1031,407,4,25.92,4,0.0,12.4416
7555,CA-2014-114181,20190510,20190514,18,45,483,3,349.965,7,0.5,-216.9783
7556,CA-2014-114181,20190510,20190514,18,494,483,3,22.32,5,0.2,5.301
7557,CA-2017-159506,20221127,20221202,405,1224,242,4,158.28,6,0.0,72.8088
7558,CA-2017-159506,20221127,20221202,405,827,242,4,497.94,3,0.0,224.073
7559,US-2014-137155,20191101,20191105,219,429,402,4,533.94,3,0.0,154.8426
7560,US-2014-137155,20191101,20191105,219,1075,402,4,167.94,3,0.0,82.2906
7561,US-2014-137155,20191101,20191105,219,249,402,4,31.68,6,0.0,9.8208
7562,CA-2016-105746,20211230,20220101,71,56,481,1,170.786,1,0.3,0.0
7563,US-2016-104815,20210903,20210907,625,37,213,4,198.744,4,0.3,0.0
7564,CA-2017-157672,20221005,20221007,628,1506,126,1,63.824,2,0.2,13.5626
7565,US-2016-166660,20210130,20210201,735,67,613,3,435.168,4,0.2,-59.8356
7566,US-2016-166660,20210130,20210201,735,4,613,3,48.58,1,0.0,7.7728
7567,CA-2017-140802,20220421,20220423,440,1514,547,1,47.976,3,0.2,8.39579999999999
7568,CA-2017-140802,20220421,20220423,440,1109,547,1,20.736,4,0.2,7.2576
7569,CA-2014-133830,20191205,20191210,648,567,68,4,26.46,9,0.0,11.907
7570,CA-2014-133830,20191205,20191210,648,1101,68,4,49.12,4,0.0,23.0864
7571,CA-2014-133830,20191205,20191210,648,922,68,4,15.0,3,0.0,7.2
7572,CA-2014-100916,20191021,20191026,284,1395,592,4,194.7,5,0.0,9.73499999999998
7573,CA-2014-100916,20191021,20191026,284,372,592,4,591.32,4,0.0,112.3508
7574,CA-2014-100916,20191021,20191026,284,502,592,4,2.84,1,0.0,0.8804
7575,CA-2015-129532,20201208,20201212,791,1409,67,4,221.96,2,0.0,4.4392
7576,CA-2015-129532,20201208,20201212,791,1479,67,4,236.0,4,0.0,40.12
7577,CA-2014-134726,20191102,20191107,729,1459,615,3,41.94,2,0.0,15.0984
7578,CA-2014-134726,20191102,20191107,729,1739,615,3,52.792,1,0.2,4.6193
7579,CA-2016-138597,20211218,20211221,602,136,362,1,563.94,3,0.0,112.788
7580,CA-2015-123113,20201123,20201127,60,384,380,3,2625.12,8,0.0,735.0336
7581,CA-2015-123113,20201123,20201127,60,636,380,3,17.94,3,0.0,4.485
7582,CA-2015-169656,20200813,20200816,264,1404,485,1,422.856,3,0.2,15.8571
7583,CA-2015-142734,20200416,20200421,225,116,407,4,127.764,2,0.1,2.8392
7584,CA-2014-163223,20190321,20190325,433,1706,595,4,3499.93,7,0.0,909.9818
7585,CA-2014-163223,20190321,20190325,433,1005,595,4,14.4,5,0.0,6.624
7586,CA-2014-163223,20190321,20190325,433,1067,595,4,122.97,3,0.0,60.2553
7587,CA-2014-163223,20190321,20190325,433,524,595,4,9.32,4,0.0,2.7028
7588,CA-2014-163223,20190321,20190325,433,700,595,4,122.94,3,0.0,59.0112
7589,CA-2017-122945,20221116,20221122,486,178,90,4,17.31,3,0.0,5.193
7590,CA-2015-139738,20200925,20200929,212,624,234,4,128.744,7,0.2,12.8744
7591,CA-2016-158778,20210905,20210909,193,148,483,4,58.248,9,0.2,11.6496
7592,CA-2016-158778,20210905,20210909,193,66,483,4,71.246,2,0.3,-19.3382
7593,CA-2016-158778,20210905,20210909,193,498,483,4,7.872,3,0.2,0.590399999999999
7594,CA-2016-158778,20210905,20210909,193,54,483,4,887.271,3,0.3,-63.3765
7595,CA-2017-119655,20220420,20220424,183,719,311,4,146.86,7,0.0,70.4928
7596,CA-2017-119655,20220420,20220424,183,675,311,4,36.56,4,0.0,18.28
7597,CA-2015-164567,20200615,20200619,303,1755,64,4,225.576,3,0.2,22.5576
7598,CA-2014-131947,20190917,20190922,340,521,475,4,5.248,2,0.2,0.4592
7599,CA-2014-131947,20190917,20190922,340,484,475,4,38.256,3,0.2,4.78199999999999
7600,CA-2014-131947,20190917,20190922,340,1034,475,4,40.24,5,0.2,13.078
7601,CA-2014-131947,20190917,20190922,340,1669,475,4,29.925,5,0.7,-21.945
7602,CA-2014-131947,20190917,20190922,340,1201,475,4,148.704,6,0.2,46.47
7603,CA-2014-131947,20190917,20190922,340,1589,475,4,55.92,10,0.2,16.776
7604,CA-2016-152520,20210708,20210712,751,1036,489,4,12.96,2,0.0,6.2208
7605,CA-2016-101791,20210527,20210531,108,252,214,4,25.176,3,0.6,-33.3582
7606,CA-2016-101791,20210527,20210531,108,216,214,4,5.584,2,0.6,-1.6752
7607,CA-2016-101791,20210527,20210531,108,1344,214,4,1297.368,9,0.2,97.3026
7608,CA-2017-121195,20221224,20221227,576,1306,534,1,264.32,2,0.2,19.824
7609,CA-2017-163209,20220503,20220507,519,1087,100,4,25.92,4,0.0,12.4416
7610,CA-2017-163209,20220503,20220507,519,591,100,4,22.96,7,0.0,6.6584
7611,CA-2014-133354,20190222,20190224,664,1128,74,1,19.44,3,0.0,9.3312
7612,US-2015-130491,20200208,20200211,89,1074,264,1,9.54,2,0.0,4.293
7613,US-2015-130491,20200208,20200211,89,903,264,1,5.81,1,0.0,1.8011
7614,US-2015-130491,20200208,20200211,89,507,264,1,5.76,2,0.0,1.728
7615,CA-2015-113740,20200824,20200828,674,137,408,3,14.91,3,0.0,4.6221
7616,CA-2014-148425,20191130,20191204,640,646,174,4,6.642,9,0.7,-4.428
7617,CA-2016-144309,20211210,20211216,160,1126,415,4,18.54,2,0.0,8.7138
7618,CA-2016-144309,20211210,20211216,160,782,415,4,679.96,5,0.2,220.987
7619,CA-2017-151225,20221027,20221029,394,329,66,1,189.576,1,0.2,9.47879999999998
7620,CA-2017-151225,20221027,20221029,394,1833,66,1,71.96,5,0.2,7.196
7621,US-2014-144078,20191125,20191129,623,1734,64,4,539.92,5,0.2,47.243
7622,US-2014-144078,20191125,20191129,623,90,64,4,725.344,4,0.2,54.4008
7623,US-2014-144078,20191125,20191129,623,628,64,4,7.44,3,0.0,2.604
7624,CA-2014-124464,20190714,20190720,716,388,148,4,39.48,1,0.0,11.0544
7625,CA-2015-136805,20200523,20200527,569,407,311,3,850.5,5,0.1,245.7
7626,CA-2015-136805,20200523,20200527,569,269,311,3,75.33,9,0.0,19.5858
7627,US-2015-159499,20201121,20201123,272,437,16,3,325.632,6,0.2,28.4928
7628,US-2015-159499,20201121,20201123,272,1540,16,3,23.344,2,0.2,-1.459
7629,US-2015-159499,20201121,20201123,272,985,16,3,16.52,5,0.2,5.369
7630,CA-2014-162089,20190330,20190401,533,867,524,1,335.72,5,0.2,113.3055
7631,CA-2014-162089,20190330,20190401,533,1744,524,1,251.944,7,0.2,88.1804
7632,CA-2014-162089,20190330,20190401,533,86,524,1,127.302,7,0.3,-9.093
7633,US-2017-158526,20221229,20230101,430,93,273,3,1207.84,8,0.0,314.0384
7634,US-2017-158526,20221229,20230101,430,737,273,3,12.53,1,0.0,5.8891
7635,US-2017-158526,20221229,20230101,430,592,273,3,34.58,1,0.0,10.0282
7636,US-2017-158526,20221229,20230101,430,125,273,3,300.98,1,0.0,87.2842
7637,US-2017-158526,20221229,20230101,430,69,273,3,258.75,3,0.0,77.625
7638,CA-2017-104885,20220302,20220308,197,525,148,4,59.52,3,0.0,15.4752
7639,CA-2017-104885,20220302,20220308,197,884,148,4,57.96,7,0.0,27.2412
7640,CA-2017-104885,20220302,20220308,197,35,148,4,441.96,2,0.0,101.6508
7641,CA-2017-104885,20220302,20220308,197,1188,148,4,68.04,6,0.0,33.3396
7642,US-2016-157490,20211006,20211007,450,1636,135,1,703.71,6,0.7,-938.28
7643,US-2016-157490,20211006,20211007,450,751,135,1,17.904,4,0.7,-14.92
7644,US-2016-157490,20211006,20211007,450,743,135,1,11.976,4,0.7,-9.1816
7645,US-2016-157490,20211006,20211007,450,1502,135,1,67.96,5,0.2,0.849500000000003
7646,CA-2015-161452,20200405,20200411,121,117,67,4,892.224,3,0.2,89.2224
7647,US-2014-115196,20190909,20190913,219,1639,428,4,1299.99,2,0.5,-571.9956
7648,CA-2016-138968,20210315,20210316,282,778,99,1,4.544,2,0.2,1.6472
7649,CA-2016-138968,20210315,20210316,282,54,99,1,1352.032,4,0.2,84.502
7650,CA-2015-101889,20201227,20201231,192,365,452,4,1548.99,9,0.4,-464.697
7651,CA-2015-101889,20201227,20201231,192,884,452,4,19.872,3,0.2,6.7068
7652,CA-2017-110821,20220807,20220808,148,1501,532,1,119.448,3,0.2,-13.4379
7653,CA-2017-110821,20220807,20220808,148,1381,532,1,118.16,2,0.2,-25.109
7654,CA-2015-121552,20200322,20200327,292,575,5,4,19.56,4,0.0,5.4768
7655,CA-2015-107685,20201130,20201202,395,237,364,3,80.96,4,0.0,29.1456
7656,CA-2015-107685,20201130,20201202,395,1236,364,3,25.92,4,0.0,12.4416
7657,US-2014-120740,20190415,20190415,610,382,69,2,106.96,2,0.0,31.0184
7658,US-2014-120740,20190415,20190415,610,291,69,2,187.76,4,0.0,76.9816
7659,CA-2017-155740,20220730,20220802,745,676,449,1,76.776,4,0.7,-53.7432
7660,CA-2017-146493,20220601,20220605,184,784,359,4,53.9,5,0.0,25.872
7661,CA-2014-105417,20190107,20190112,785,312,549,4,76.728,3,0.6,-53.7096
7662,CA-2014-105417,20190107,20190112,785,788,549,4,10.43,7,0.8,-18.2525
7663,US-2017-141509,20220929,20221001,676,544,67,1,99.2,5,0.0,25.792
7664,CA-2017-139493,20220913,20220919,690,571,417,4,15.92,5,0.2,2.786
7665,CA-2014-151967,20191022,20191026,553,143,277,4,129.92,4,0.0,10.3936
7666,US-2016-140158,20211004,20211008,235,673,489,4,30.4,1,0.0,13.984
7667,US-2016-140158,20211004,20211008,235,1605,489,4,5399.91,9,0.0,2591.9568
7668,US-2016-140158,20211004,20211008,235,1297,489,4,119.1,3,0.0,34.539
7669,CA-2015-130974,20201127,20201129,483,1072,294,3,40.08,6,0.0,19.2384
7670,CA-2015-130974,20201127,20201129,483,1083,294,3,59.94,3,0.0,28.1718
7671,CA-2015-130974,20201127,20201129,483,1551,294,3,259.98,2,0.0,88.3932
7672,CA-2015-130974,20201127,20201129,483,26,294,3,170.98,1,0.0,32.4862
7673,CA-2015-130974,20201127,20201129,483,228,294,3,38.97,3,0.0,4.6764
7674,CA-2015-130974,20201127,20201129,483,1234,294,3,154.9,5,0.0,69.705
7675,CA-2015-130974,20201127,20201129,483,373,294,3,446.068,4,0.3,0.0
7676,CA-2017-133487,20220506,20220509,769,402,84,3,152.94,3,0.0,41.2938
7677,CA-2014-142951,20191008,20191008,365,1526,421,2,23.472,3,0.2,4.9878
7678,CA-2014-133592,20191231,20200107,437,1210,489,4,195.64,4,0.0,91.9508
7679,CA-2014-133592,20191231,20200107,437,1177,489,4,14.94,3,0.0,7.0218
7680,CA-2014-133592,20191231,20200107,437,1518,489,4,1687.8,4,0.0,742.632
7681,CA-2014-133592,20191231,20200107,437,3,489,4,341.96,2,0.0,78.6508
7682,CA-2014-133592,20191231,20200107,437,121,489,4,605.88,6,0.0,151.47
7683,CA-2015-120782,20200428,20200501,683,452,317,1,186.732,1,0.1,41.496
7684,CA-2015-120782,20200428,20200501,683,777,317,1,3812.97,3,0.0,1906.485
7685,CA-2015-116876,20200214,20200221,770,756,411,4,26.424,9,0.2,9.5787
7686,CA-2015-116876,20200214,20200221,770,1780,411,4,625.99,1,0.0,187.797
7687,CA-2016-169838,20211125,20211129,66,326,314,4,1568.61,9,0.0,329.4081
7688,CA-2016-169838,20211125,20211129,66,802,314,4,17.3,1,0.0,8.304
7689,CA-2016-169838,20211125,20211129,66,1585,314,4,160.0,8,0.0,62.4
7690,US-2017-128951,20220715,20220717,658,418,596,1,179.94,3,0.0,50.3832
7691,US-2017-128951,20220715,20220717,658,371,596,1,872.94,3,0.0,157.1292
7692,US-2017-128951,20220715,20220717,658,1208,596,1,12.96,2,0.0,6.2208
7693,CA-2014-102330,20191229,20200103,36,997,35,4,88.8,6,0.0,44.4
7694,CA-2014-102330,20191229,20200103,36,1711,35,4,319.968,4,0.2,35.9964
7695,CA-2016-118899,20210322,20210322,487,130,613,2,167.888,7,0.2,14.6902
7696,CA-2017-107958,20220702,20220705,30,1045,545,1,163.96,5,0.2,59.4355
7697,CA-2017-107958,20220702,20220705,30,714,545,1,5.232,4,0.8,-8.1096
7698,CA-2017-151799,20221214,20221218,83,1610,297,4,1199.98,2,0.0,467.9922
7699,CA-2017-151799,20221214,20221218,83,1381,297,4,73.85,1,0.0,2.21550000000001
7700,CA-2017-151799,20221214,20221218,83,1434,297,4,25.71,3,0.0,6.6846
7701,CA-2017-151799,20221214,20221218,83,917,297,4,17.28,6,0.0,8.1216
7702,CA-2017-151799,20221214,20221218,83,356,297,4,526.582,2,0.3,-52.6582
7703,CA-2016-114601,20210826,20210902,3,1064,311,4,11.56,2,0.0,5.6644
7704,CA-2016-114601,20210826,20210902,3,1758,311,4,209.97,3,0.0,58.7916
7705,CA-2016-114601,20210826,20210902,3,363,311,4,447.84,4,0.0,98.5248
7706,CA-2016-114601,20210826,20210902,3,1572,311,4,479.97,3,0.0,163.1898
7707,CA-2016-114601,20210826,20210902,3,556,311,4,8.64,3,0.0,2.5056
7708,CA-2017-100237,20221015,20221019,723,529,580,4,11.68,2,0.0,4.2048
7709,CA-2014-139542,20191025,20191029,263,1502,482,4,40.776,3,0.2,0.5097
7710,CA-2014-139542,20191025,20191029,263,651,482,4,13.698,3,0.7,-9.5886
7711,US-2015-142811,20200402,20200407,389,1800,14,4,87.8,5,0.2,32.925
7712,CA-2017-139353,20221028,20221030,390,200,424,3,77.952,3,0.2,15.5904
7713,CA-2017-139353,20221028,20221030,390,1347,424,3,147.184,2,0.2,-29.4368
7714,CA-2017-139353,20221028,20221030,390,1038,424,3,47.952,3,0.2,16.1838
7715,CA-2014-150203,20191205,20191207,342,408,66,1,250.26,6,0.0,72.5754
7716,US-2017-101518,20221103,20221108,584,1502,484,4,40.776,3,0.2,0.5097
7717,CA-2015-149636,20200106,20200112,708,1248,124,4,29.6,5,0.2,9.25
7718,CA-2015-149636,20200106,20200112,708,747,124,4,1.938,2,0.7,-1.3566
7719,US-2017-146213,20220909,20220914,491,1489,66,4,159.96,4,0.0,51.1872
7720,CA-2015-108588,20200105,20200110,87,525,405,4,59.52,3,0.0,15.4752
7721,CA-2015-108588,20200105,20200110,87,848,405,4,17.48,2,0.0,8.2156
7722,CA-2015-108588,20200105,20200110,87,826,405,4,13.168,2,0.2,4.6088
7723,US-2017-138086,20220416,20220420,399,377,98,4,40.74,3,0.0,12.222
7724,CA-2015-139374,20200910,20200914,46,118,520,4,179.886,1,0.3,-2.56980000000003
7725,CA-2016-113978,20210925,20210929,767,454,440,4,286.256,1,0.2,17.891
7726,CA-2016-113978,20210925,20210929,767,1420,440,4,24.224,2,0.2,-4.8448
7727,CA-2016-113978,20210925,20210929,767,1376,440,4,331.536,3,0.2,-82.884
7728,US-2015-150231,20200316,20200320,380,529,405,3,17.52,3,0.0,6.3072
7729,CA-2016-106915,20211126,20211202,293,494,537,4,17.856,4,0.2,4.2408
7730,US-2016-109260,20210926,20211001,756,1538,185,4,431.976,3,0.2,-75.5958
7731,CA-2017-104850,20220613,20220619,774,111,613,4,291.136,4,0.2,-25.4744
7732,CA-2017-140508,20220918,20220921,582,851,534,1,114.848,4,0.2,35.89
7733,CA-2017-143294,20220602,20220608,349,1072,547,4,10.688,2,0.2,3.7408
7734,CA-2016-165673,20210515,20210519,529,1069,458,3,15.232,4,0.2,5.5216
7735,CA-2017-134418,20220915,20220920,306,619,613,4,12.42,3,0.0,5.2164
7736,US-2016-106313,20210822,20210826,205,1136,614,4,19.44,3,0.0,9.3312
7737,CA-2014-105872,20190530,20190606,366,785,407,4,70.368,4,0.2,26.388
7738,CA-2017-108287,20221218,20221220,21,515,421,1,12.672,9,0.2,1.4256
7739,CA-2017-141103,20220730,20220806,361,1815,284,4,89.95,5,0.0,43.176
7740,CA-2014-154781,20191121,20191126,677,1114,99,4,6.58,2,0.0,3.0268
7741,CA-2014-154781,20191121,20191126,677,1471,99,4,94.99,1,0.0,28.497
7742,CA-2015-147816,20200924,20200926,156,1800,20,3,35.12,2,0.2,13.17
7743,CA-2017-105326,20220820,20220827,445,1116,67,4,25.92,4,0.0,12.4416
7744,CA-2016-133613,20210617,20210622,166,720,146,4,7.96,2,0.0,3.7412
7745,CA-2016-133613,20210617,20210622,166,1846,146,4,566.97,3,0.0,153.0819
7746,CA-2016-133613,20210617,20210622,166,601,146,4,9.84,3,0.0,2.8536
7747,CA-2015-109113,20201219,20201223,266,1593,213,4,25.488,2,0.2,4.779
7748,CA-2015-156153,20200531,20200602,185,935,402,3,7.56,6,0.0,0.3024
7749,CA-2015-133242,20200618,20200624,431,259,587,4,60.84,3,0.0,19.4688
7750,CA-2015-133242,20200618,20200624,431,1401,587,4,450.04,2,0.0,58.5052
7751,CA-2015-133242,20200618,20200624,431,802,587,4,34.6,2,0.0,16.608
7752,CA-2015-133242,20200618,20200624,431,1773,587,4,467.97,3,0.0,140.391
7753,CA-2015-133242,20200618,20200624,431,840,587,4,33.02,2,0.0,15.8496
7754,CA-2015-158323,20201130,20201203,11,188,430,1,17.088,2,0.2,1.068
7755,CA-2015-161795,20201221,20201223,29,535,441,3,3.008,2,0.2,0.3384
7756,CA-2017-100902,20221117,20221121,150,1175,421,4,268.24,7,0.2,93.884
7757,CA-2017-100902,20221117,20221121,150,1554,421,4,431.16,5,0.2,107.79
7758,CA-2017-112844,20221113,20221116,708,1826,397,3,43.6,4,0.0,12.208
7759,CA-2017-112844,20221113,20221116,708,310,397,3,154.95,3,0.0,30.99
7760,CA-2016-158925,20211024,20211028,400,1203,546,4,15.552,3,0.2,5.4432
7761,CA-2014-155390,20191206,20191211,86,1224,512,4,42.208,2,0.2,13.7176
7762,CA-2017-123071,20221203,20221206,135,1230,564,1,10.368,2,0.2,3.6288
7763,CA-2017-156391,20220926,20220928,699,576,474,1,2.224,1,0.2,0.556
7764,CA-2015-103093,20200203,20200207,290,884,191,4,74.52,9,0.0,35.0244
7765,US-2017-118941,20220812,20220812,66,613,286,2,17.52,3,0.0,5.256
7766,US-2017-118941,20220812,20220812,66,89,286,2,1779.9,5,0.0,373.779
7767,US-2017-118941,20220812,20220812,66,537,286,2,219.9,5,0.0,59.373
7768,CA-2015-169299,20200824,20200826,228,543,472,1,7.152,3,0.2,0.7152
7769,CA-2017-154088,20221112,20221117,449,1225,185,4,26.72,5,0.2,9.352
7770,CA-2016-155978,20210801,20210801,763,1793,89,2,1039.728,2,0.2,90.9762000000001
7771,CA-2016-155978,20210801,20210801,763,438,89,2,45.96,2,0.0,13.788
7772,CA-2016-108196,20211125,20211202,181,658,450,4,456.588,2,0.7,-304.392
7773,CA-2016-108196,20211125,20211202,181,1620,450,4,4499.985,5,0.7,-6599.978
7774,CA-2016-108196,20211125,20211202,181,1481,450,4,59.976,3,0.2,11.9952
7775,CA-2016-152800,20210413,20210415,711,861,98,1,6.12,3,0.0,2.8764
7776,CA-2014-166961,20191227,20191231,142,405,74,4,10.98,1,0.0,2.9646
7777,CA-2014-166961,20191227,20191231,142,936,74,4,7.86,3,0.0,3.6156
7778,CA-2014-166961,20191227,20191231,142,1414,74,4,51.45,3,0.0,13.8915
7779,CA-2014-166961,20191227,20191231,142,734,74,4,37.056,3,0.2,13.896
7780,CA-2016-139381,20210418,20210422,642,402,589,4,203.92,4,0.0,55.0584
7781,CA-2016-139381,20210418,20210422,642,1860,589,4,29.56,4,0.0,7.9812
7782,CA-2015-132136,20200308,20200312,290,745,214,4,8.568,3,0.8,-14.5656
7783,CA-2016-162236,20211104,20211106,277,1392,421,3,45.248,2,0.2,3.9592
7784,CA-2016-162236,20211104,20211106,277,344,421,3,876.3,10,0.4,-292.1
7785,CA-2016-162236,20211104,20211106,277,1445,421,3,185.376,2,0.2,-34.758
7786,US-2014-111353,20191129,20191206,585,981,405,4,25.06,2,0.0,11.7782
7787,US-2016-117037,20210517,20210520,482,648,215,1,2.89,1,0.8,-4.7685
7788,US-2016-117037,20210517,20210520,482,913,215,1,7.896,3,0.2,2.4675
7789,US-2016-117037,20210517,20210520,482,318,215,1,22.608,3,0.6,-10.1736
7790,US-2016-117037,20210517,20210520,482,1074,215,1,30.528,8,0.2,9.54
7791,CA-2017-160801,20220919,20220919,283,684,482,2,4.842,3,0.7,-3.3894
7792,CA-2016-108364,20211219,20211224,99,721,214,4,1.8,5,0.8,-2.88
7793,CA-2017-169362,20221012,20221015,710,1495,533,1,39.984,2,0.2,-1.49940000000001
7794,CA-2015-127481,20201212,20201215,350,1151,364,3,32.4,5,0.0,15.876
7795,CA-2015-127481,20201212,20201215,350,1169,364,3,97.88,2,0.0,48.94
7796,CA-2015-112711,20200712,20200718,289,1698,518,4,307.168,4,0.2,30.7168
7797,US-2015-145121,20201002,20201006,534,678,142,4,26.9,5,0.0,13.181
7798,CA-2017-166184,20220324,20220327,333,897,408,1,47.01,3,0.0,22.0947
7799,CA-2017-166184,20220324,20220327,333,1782,408,1,469.99,1,0.0,136.2971
7800,CA-2017-166184,20220324,20220327,333,106,408,1,207.846,3,0.1,2.30939999999999
7801,CA-2017-157413,20220601,20220606,118,1380,482,4,324.744,3,0.2,-77.1267
7802,CA-2014-143637,20190324,20190329,539,237,51,3,40.48,2,0.0,14.5728
7803,CA-2015-102260,20200922,20200926,695,994,506,4,12.0,4,0.2,4.2
7804,CA-2015-102260,20200922,20200926,695,1401,506,4,720.064,4,0.2,-63.0056
7805,CA-2015-102260,20200922,20200926,695,1364,506,4,25.424,1,0.2,-4.767
7806,CA-2015-102260,20200922,20200926,695,515,506,4,2.816,2,0.2,0.3168
7807,CA-2015-102260,20200922,20200926,695,638,506,4,3.204,2,0.7,-2.5632
7808,US-2016-137295,20210108,20210113,785,816,432,4,30.828,7,0.7,-24.6624
7809,US-2016-137295,20210108,20210113,785,539,432,4,47.616,3,0.2,5.95199999999999
7810,US-2016-137295,20210108,20210113,785,1830,432,4,108.784,2,0.2,10.8784
7811,CA-2016-134334,20210214,20210215,214,1074,285,1,4.77,1,0.0,2.1465
7812,CA-2016-134334,20210214,20210215,214,530,285,1,7.98,3,0.0,2.0748
7813,CA-2016-134334,20210214,20210215,214,342,285,1,550.431,3,0.3,-47.1798
7814,CA-2016-134334,20210214,20210215,214,254,285,1,10.56,6,0.0,4.6464
7815,US-2017-109316,20220608,20220610,504,49,69,1,1497.666,2,0.15,140.9568
7816,US-2017-109316,20220608,20220610,504,1690,69,1,17.52,2,0.2,-3.504
7817,CA-2016-138478,20211021,20211026,233,547,365,3,113.22,3,0.0,29.4372
7818,CA-2016-138478,20211021,20211026,233,1129,365,3,35.88,6,0.0,17.5812
7819,CA-2016-138478,20211021,20211026,233,683,365,3,4535.976,3,0.2,1644.2913
7820,CA-2017-150469,20220126,20220130,147,908,98,4,11.84,8,0.0,5.6832
7821,CA-2017-152436,20221208,20221210,185,1291,488,3,592.74,6,0.0,160.0398
7822,CA-2016-169334,20211021,20211024,314,1419,508,3,111.672,9,0.2,6.97949999999999
7823,US-2014-115413,20190826,20190901,607,598,148,4,8.64,3,0.0,2.5056
7824,US-2014-115413,20190826,20190901,607,1541,148,4,149.97,3,0.0,52.4895
7825,CA-2014-125150,20190516,20190523,614,92,67,4,232.88,5,0.2,17.466
7826,CA-2015-127327,20200203,20200207,614,121,412,4,90.882,1,0.1,15.147
7827,CA-2017-117114,20221031,20221105,186,1828,213,4,508.768,4,0.2,38.1576
7828,CA-2017-117114,20221031,20221105,186,854,213,4,9.912,3,0.2,3.2214
7829,CA-2015-137302,20200426,20200501,119,80,97,4,63.936,3,0.2,6.3936
7830,CA-2015-137302,20200426,20200501,119,489,97,4,59.52,3,0.0,15.4752
7831,CA-2015-137302,20200426,20200501,119,1802,97,4,311.976,3,0.2,38.997
7832,CA-2015-137302,20200426,20200501,119,695,97,4,50.352,3,0.2,17.6232
7833,CA-2016-112382,20210509,20210513,486,1731,545,4,19.136,2,0.2,1.9136
7834,CA-2015-128958,20200124,20200128,170,630,188,4,13.12,5,0.2,2.132
7835,CA-2015-106257,20200413,20200417,253,343,68,3,241.568,2,0.2,-15.098
7836,CA-2015-106257,20200413,20200417,253,1727,68,3,479.92,2,0.2,41.993
7837,CA-2015-149083,20200925,20200930,692,123,613,4,307.136,4,0.2,-11.5176
7838,CA-2015-149083,20200925,20200930,692,983,613,4,12.6,2,0.0,5.796
7839,CA-2015-149083,20200925,20200930,692,1536,613,4,159.98,2,0.0,57.5928
7840,US-2014-137869,20190328,20190402,183,861,258,4,6.12,3,0.0,2.8764
7841,US-2014-137869,20190328,20190402,183,361,258,4,1184.72,4,0.0,106.6248
7842,CA-2016-116603,20210717,20210722,60,438,407,4,45.96,2,0.0,13.788
7843,CA-2014-158470,20190419,20190423,22,779,587,3,58.05,3,0.0,26.703
7844,CA-2014-158470,20190419,20190423,22,1111,587,3,71.28,11,0.0,34.2144
7845,US-2017-123834,20220721,20220725,306,330,563,4,124.404,4,0.3,-21.3264
7846,CA-2015-125976,20200927,20201002,376,1085,587,4,154.9,5,0.0,69.705
7847,CA-2015-125976,20200927,20201002,376,1773,587,4,1871.88,12,0.0,561.564
7848,CA-2016-128706,20210227,20210302,242,288,547,4,16.192,2,0.6,-6.8816
7849,CA-2016-104311,20210502,20210506,53,1299,550,4,18.936,3,0.2,-3.7872
7850,CA-2016-104311,20210502,20210506,53,1382,550,4,12.672,3,0.2,-3.168
7851,CA-2016-104311,20210502,20210506,53,957,550,4,5.04,2,0.2,1.764
7852,CA-2014-169649,20191209,20191215,763,1024,215,4,8.448,2,0.2,2.9568
7853,CA-2014-169649,20191209,20191215,763,449,215,4,20.388,2,0.8,-53.0088
7854,CA-2015-144890,20201225,20201229,701,1108,69,4,9.96,2,0.0,4.8804
7855,CA-2017-135587,20221207,20221212,89,467,342,4,320.64,4,0.0,89.7792
7856,CA-2017-135587,20221207,20221212,89,1491,342,4,52.0,4,0.0,23.4
7857,CA-2014-103429,20190530,20190601,479,815,407,1,25.584,2,0.2,8.9544
7858,CA-2014-103429,20190530,20190601,479,1811,407,1,464.0,5,0.0,134.56
7859,CA-2014-103429,20190530,20190601,479,396,407,1,235.95,3,0.0,77.8635
7860,CA-2014-103429,20190530,20190601,479,1120,407,1,39.96,4,0.0,17.982
7861,CA-2017-152261,20220302,20220306,340,734,442,4,18.528,4,0.7,-12.352
7862,CA-2015-142993,20201012,20201017,414,1549,613,4,17.9,2,0.0,3.401
7863,CA-2015-142993,20201012,20201017,414,1324,613,4,81.96,2,0.0,0.0
7864,CA-2015-143364,20200714,20200719,748,1379,14,3,272.736,3,0.2,-64.7748
7865,CA-2015-143364,20200714,20200719,748,1135,14,3,18.496,4,0.2,6.7048
7866,CA-2015-143364,20200714,20200719,748,122,14,3,441.92,2,0.2,49.716
7867,CA-2015-143364,20200714,20200719,748,11,14,3,127.764,6,0.7,-191.646
7868,CA-2014-100972,20191119,20191124,195,1045,583,3,166.44,3,0.0,79.8912
7869,CA-2016-136994,20210527,20210602,476,1061,68,4,13.38,2,0.0,6.1548
7870,US-2017-166233,20220703,20220709,532,1521,430,4,24.0,2,0.2,-2.7
7871,CA-2017-122112,20220925,20220929,121,896,449,4,24.448,4,0.2,8.8624
7872,CA-2016-101672,20211003,20211007,189,975,59,4,6.16,2,0.0,2.9568
7873,CA-2016-101672,20211003,20211007,189,119,59,4,915.136,4,0.2,102.9528
7874,CA-2016-101672,20211003,20211007,189,1274,59,4,8.56,2,0.0,3.852
7875,CA-2016-101672,20211003,20211007,189,1137,59,4,97.82,2,0.0,45.9754
7876,CA-2017-168403,20220909,20220915,211,1151,472,4,31.104,6,0.2,11.2752
7877,CA-2017-168403,20220909,20220915,211,447,472,4,11.176,1,0.2,0.838200000000001
7878,CA-2015-148705,20200312,20200318,254,968,421,4,5.04,2,0.2,1.764
7879,CA-2016-160241,20211129,20211204,235,274,207,3,242.176,4,0.6,-302.72
7880,CA-2016-155747,20210614,20210621,407,354,484,4,337.176,2,0.4,-118.0116
7881,CA-2017-118017,20221203,20221206,451,602,136,3,13.344,6,0.2,1.0008
7882,CA-2017-118017,20221203,20221206,451,1516,136,3,76.752,6,0.2,10.5534
7883,CA-2017-118017,20221203,20221206,451,1516,136,3,102.336,8,0.2,14.0712
7884,CA-2017-118017,20221203,20221206,451,1161,136,3,10.32,2,0.2,3.741
7885,CA-2017-118017,20221203,20221206,451,1457,136,3,47.32,7,0.2,5.91499999999999
7886,CA-2017-118017,20221203,20221206,451,298,136,3,23.376,3,0.2,7.0128
7887,CA-2017-118017,20221203,20221206,451,296,136,3,16.72,5,0.2,3.344
7888,CA-2017-118017,20221203,20221206,451,288,136,3,16.192,1,0.2,4.6552
7889,CA-2016-113117,20210816,20210822,401,1015,45,4,32.4,5,0.0,15.552
7890,CA-2016-148684,20211225,20211229,769,600,23,4,19.89,9,0.0,5.3703
7891,CA-2016-148684,20211225,20211229,769,1509,23,4,399.98,2,0.0,171.9914
7892,CA-2016-148684,20211225,20211229,769,262,23,4,343.85,5,0.0,137.54
7893,CA-2016-148684,20211225,20211229,769,1213,23,4,106.32,3,0.0,49.9704
7894,CA-2017-125367,20220723,20220730,569,736,406,4,13.92,3,0.2,4.35
7895,CA-2017-124744,20220621,20220625,262,753,618,4,82.4,5,0.0,40.376
7896,CA-2017-124744,20220621,20220625,262,644,618,4,6.24,2,0.0,3.0576
7897,CA-2017-124744,20220621,20220625,262,1145,618,4,447.84,8,0.0,219.4416
7898,CA-2017-128363,20220813,20220818,200,410,512,4,272.048,7,0.2,30.6053999999999
7899,CA-2017-128363,20220813,20220818,200,692,512,4,1614.582,6,0.7,-1237.8462
7900,CA-2017-128363,20220813,20220818,200,937,512,4,24.32,5,0.2,9.12
7901,CA-2017-128363,20220813,20220818,200,1569,512,4,1.584,2,0.2,0.4752
7902,CA-2017-128363,20220813,20220818,200,253,512,4,31.984,1,0.2,0.0
7903,CA-2017-128363,20220813,20220818,200,889,512,4,14.76,5,0.2,4.797
7904,CA-2017-128363,20220813,20220818,200,83,512,4,423.648,2,0.2,47.6604
7905,CA-2015-126669,20201107,20201113,229,1100,545,4,76.64,2,0.2,26.824
7906,US-2015-118766,20201015,20201022,473,858,533,4,4.464,1,0.2,1.674
7907,US-2015-118766,20201015,20201022,473,750,533,4,3.96,10,0.8,-6.93
7908,CA-2016-112585,20210730,20210802,662,454,100,1,715.64,2,0.0,178.91
7909,CA-2016-149762,20211203,20211207,634,363,75,4,268.704,3,0.2,6.71759999999998
7910,CA-2016-149762,20211203,20211207,634,526,75,4,21.92,8,0.0,5.9184
7911,CA-2016-149762,20211203,20211207,634,1349,75,4,48.72,3,0.0,7.308
7912,CA-2016-149762,20211203,20211207,634,7,75,4,205.666,2,0.15,-12.098
7913,CA-2016-167605,20210428,20210430,625,191,236,3,30.344,2,0.6,-31.8612
7914,US-2017-105697,20220825,20220827,356,1406,440,1,25.696,2,0.2,1.9272
7915,CA-2017-165323,20220617,20220621,713,1665,407,4,3404.5,5,0.0,1668.205
7916,CA-2017-165323,20220617,20220621,713,1602,407,4,101.34,3,0.0,8.10719999999999
7917,CA-2015-110891,20201120,20201124,606,98,484,4,344.372,4,0.3,-93.4724
7918,CA-2017-100783,20220904,20220908,383,482,540,3,30.384,1,0.2,3.79799999999999
7919,CA-2015-152513,20200704,20200708,402,745,95,3,22.848,2,0.2,7.4256
7920,CA-2017-139822,20220915,20220921,245,1325,146,4,38.62,2,0.0,10.8136
7921,CA-2017-139822,20220915,20220921,245,1486,146,4,59.98,2,0.0,10.7964
7922,CA-2017-107713,20220313,20220317,343,722,286,4,174.3,3,0.0,81.921
7923,CA-2017-134096,20220924,20220929,607,1698,161,4,383.96,5,0.2,38.396
7924,CA-2017-134096,20220924,20220929,607,802,161,4,15.57,3,0.7,-11.418
7925,CA-2016-125843,20210813,20210816,642,733,595,1,22.32,4,0.0,10.7136
7926,CA-2016-125843,20210813,20210816,642,997,595,1,103.6,7,0.0,51.8
7927,CA-2017-120404,20221120,20221124,429,1560,408,3,2.97,3,0.0,1.3365
7928,CA-2017-120404,20221120,20221124,429,1721,408,3,569.99,1,0.0,170.997
7929,CA-2017-120404,20221120,20221124,429,170,408,3,50.97,3,0.0,9.1746
7930,CA-2017-167549,20220725,20220727,274,374,533,1,298.116,6,0.3,-4.25880000000004
7931,CA-2016-120082,20210325,20210327,211,539,407,3,59.52,3,0.0,17.856
7932,US-2016-168095,20210715,20210720,488,134,472,4,230.28,3,0.2,23.028
7933,US-2016-168095,20210715,20210720,488,1224,472,4,105.52,5,0.2,34.294
7934,CA-2017-166093,20220817,20220824,661,882,35,4,23.36,2,0.0,11.68
7935,CA-2017-166093,20220817,20220824,661,1778,35,4,71.976,3,0.2,8.99699999999999
7936,CA-2017-166093,20220817,20220824,661,1239,35,4,8.56,2,0.0,3.852
7937,CA-2017-166093,20220817,20220824,661,645,35,4,13.92,3,0.2,4.872
7938,CA-2017-166093,20220817,20220824,661,397,35,4,2518.29,9,0.0,654.7554
7939,CA-2017-166093,20220817,20220824,661,1344,35,4,540.57,3,0.0,140.5482
7940,CA-2017-166093,20220817,20220824,661,814,35,4,221.056,8,0.2,77.3696
7941,CA-2016-146325,20211214,20211217,237,66,96,1,81.424,2,0.2,-9.1602
7942,CA-2016-146325,20211214,20211217,237,1351,96,1,134.8,10,0.0,35.048
7943,CA-2017-134194,20221225,20230101,294,785,532,4,39.582,9,0.8,-59.373
7944,CA-2017-134194,20221225,20230101,294,1427,532,4,44.688,7,0.2,5.0274
7945,CA-2017-134194,20221225,20230101,294,525,532,4,31.744,2,0.2,2.3808
7946,CA-2017-134194,20221225,20230101,294,700,532,4,40.98,5,0.8,-65.568
7947,CA-2017-134194,20221225,20230101,294,682,532,4,3.168,3,0.8,-5.0688
7948,CA-2014-131009,20190301,20190305,674,940,537,4,18.84,5,0.2,-3.5325
7949,CA-2014-131009,20190301,20190305,674,69,537,4,362.25,6,0.3,0.0
7950,CA-2014-131009,20190301,20190305,674,176,537,4,63.552,6,0.6,-34.9536
7951,CA-2014-131009,20190301,20190305,674,1341,537,4,129.552,3,0.2,-22.6716
7952,CA-2015-145814,20201119,20201124,424,766,408,4,5.984,2,0.2,2.244
7953,CA-2015-145814,20201119,20201124,424,1760,408,4,861.76,4,0.0,249.9104
7954,CA-2014-138359,20190401,20190406,429,1310,304,4,66.96,4,0.0,2.6784
7955,CA-2014-138359,20190401,20190406,429,644,304,4,6.24,2,0.0,3.0576
7956,CA-2017-131807,20221005,20221010,298,67,38,4,435.168,4,0.2,-59.8356
7957,CA-2017-131807,20221005,20221010,298,926,38,4,14.9,5,0.0,6.854
7958,CA-2017-131807,20221005,20221010,298,460,38,4,15.8,4,0.0,4.108
7959,CA-2017-131807,20221005,20221010,298,306,38,4,72.9,5,0.0,26.973
7960,CA-2017-131807,20221005,20221010,298,362,38,4,206.352,3,0.2,5.15879999999999
7961,CA-2017-131807,20221005,20221010,298,1705,38,4,7.992,1,0.2,2.6973
7962,CA-2017-104864,20221118,20221123,407,1366,172,3,81.36,5,0.2,-19.323
7963,CA-2017-104864,20221118,20221123,407,704,172,3,20.232,8,0.7,-16.1856
7964,CA-2017-104864,20221118,20221123,407,434,172,3,389.056,4,0.2,48.6319999999999
7965,CA-2017-104864,20221118,20221123,407,1273,172,3,20.736,4,0.2,7.2576
7966,CA-2017-104864,20221118,20221123,407,1214,172,3,41.472,8,0.2,14.5152
7967,CA-2015-138219,20200323,20200330,100,1046,69,4,33.36,4,0.0,16.68
7968,CA-2016-157707,20211010,20211012,136,9,126,1,90.882,3,0.7,-190.8522
7969,CA-2016-157707,20211010,20211012,136,1779,126,1,15.992,1,0.2,-2.9985
7970,CA-2016-157707,20211010,20211012,136,131,126,1,120.784,1,0.2,13.5882
7971,US-2015-126753,20200816,20200820,710,1814,483,4,519.792,4,0.4,-112.6216
7972,US-2015-126753,20200816,20200820,710,1579,483,4,31.176,3,0.2,-5.4558
7973,US-2015-126753,20200816,20200820,710,1189,483,4,10.368,2,0.2,3.6288
7974,US-2015-126753,20200816,20200820,710,798,483,4,2.724,2,0.7,-1.9068
7975,US-2015-126753,20200816,20200820,710,187,483,4,254.352,3,0.2,0.0
7976,US-2015-126753,20200816,20200820,710,792,483,4,3.762,3,0.7,-2.7588
7977,US-2015-126753,20200816,20200820,710,1022,483,4,10.272,3,0.2,3.21
7978,CA-2014-166051,20190531,20190605,379,1785,343,4,659.97,3,0.0,197.991
7979,CA-2014-166051,20190531,20190605,379,1774,343,4,113.73,3,0.0,32.9817
7980,CA-2015-113040,20200827,20200831,129,688,68,4,5.104,1,0.2,1.6588
7981,CA-2014-103800,20190103,20190107,230,1027,548,4,16.448,2,0.2,5.5512
7982,CA-2014-113383,20190910,20190913,685,466,375,1,81.92,4,0.0,22.1184
7983,CA-2014-113383,20190910,20190913,685,208,375,1,254.9,5,0.0,76.47
7984,CA-2017-152499,20220122,20220125,258,928,214,3,15.12,5,0.2,4.914
7985,CA-2017-152499,20220122,20220125,258,584,214,3,7.872,3,0.2,0.885599999999999
7986,CA-2016-151498,20210421,20210424,227,844,615,1,8.32,5,0.2,2.808
7987,CA-2016-137939,20210720,20210723,596,1815,402,3,89.95,5,0.0,43.176
7988,US-2016-117793,20210823,20210829,483,983,627,4,25.2,4,0.0,11.592
7989,US-2016-117793,20210823,20210829,483,992,627,4,37.59,3,0.0,17.6673
7990,US-2016-117793,20210823,20210829,483,1370,627,4,14.97,1,0.0,4.1916
7991,US-2016-117793,20210823,20210829,483,1560,627,4,1.98,2,0.0,0.891
7992,CA-2016-133872,20210614,20210617,782,726,152,1,39.936,4,0.7,-26.624
7993,CA-2016-133872,20210614,20210617,782,1473,152,1,18.464,2,0.2,2.308
7994,US-2015-165743,20201120,20201123,527,718,122,3,4.896,3,0.7,-3.4272
7995,US-2015-165743,20201120,20201123,527,20,122,3,145.764,6,0.7,-247.7988
7996,US-2015-165743,20201120,20201123,527,711,122,3,9.612,6,0.7,-7.3692
7997,US-2017-105998,20221103,20221105,167,1583,96,1,199.75,5,0.0,87.89
7998,US-2017-105998,20221103,20221105,167,326,96,1,1673.184,12,0.2,20.9148
7999,US-2014-148194,20190504,20190507,105,197,614,1,12.18,7,0.0,3.8976
8000,US-2014-148194,20190504,20190507,105,391,614,1,57.68,4,0.0,19.0344
8001,US-2015-151407,20201108,20201112,632,1823,259,4,263.96,4,0.0,76.5484
8002,CA-2015-110870,20201212,20201215,423,1544,66,1,299.94,6,0.0,128.9742
8003,CA-2015-110870,20201212,20201215,423,1432,66,1,25.76,7,0.0,0.515199999999999
8004,CA-2014-143210,20191201,20191203,4,1841,299,1,271.9,2,0.0,78.851
8005,CA-2014-143210,20191201,20191203,4,278,299,1,45.84,3,0.0,15.5856
8006,CA-2014-143210,20191201,20191203,4,219,299,1,9.82,2,0.0,3.2406
8007,CA-2016-139808,20211007,20211011,494,921,608,4,93.36,12,0.0,0.933599999999998
8008,CA-2015-110863,20201117,20201124,4,1380,466,4,541.24,4,0.0,5.41240000000005
8009,CA-2015-110863,20201117,20201124,4,1049,466,4,106.32,3,0.0,49.9704
8010,CA-2015-110863,20201117,20201124,4,83,466,4,1323.9,5,0.0,383.931
8011,CA-2014-127859,20190317,20190320,616,1224,483,3,126.624,6,0.2,41.1528
8012,US-2015-136427,20200620,20200623,396,1752,122,1,125.944,7,0.2,15.743
8013,CA-2017-120168,20220525,20220525,741,827,405,2,663.92,5,0.2,207.475
8014,CA-2017-120168,20220525,20220525,741,1521,405,2,120.0,8,0.0,13.2
8015,CA-2017-120168,20220525,20220525,741,913,405,2,3.29,1,0.0,1.4805
8016,CA-2017-120168,20220525,20220525,741,164,405,2,18.84,3,0.0,6.0288
8017,US-2014-131870,20190909,20190911,563,226,450,1,60.672,6,0.2,12.8928
8018,US-2014-131870,20190909,20190911,563,491,450,1,30.816,9,0.2,2.6964
8019,CA-2017-114804,20221017,20221019,81,1738,72,3,52.792,1,0.2,4.6193
8020,CA-2017-167227,20221102,20221105,572,415,351,1,83.9,10,0.0,20.975
8021,CA-2017-167227,20221102,20221105,572,1134,351,1,11.76,2,0.0,5.7624
8022,CA-2014-129189,20190721,20190725,329,379,533,4,4.992,3,0.8,-12.9792
8023,CA-2014-129189,20190721,20190725,329,887,533,4,87.92,5,0.2,29.673
8024,CA-2014-129189,20190721,20190725,329,136,533,4,657.93,5,0.3,-93.99
8025,CA-2014-129189,20190721,20190725,329,657,533,4,1.044,1,0.8,-1.827
8026,CA-2015-132465,20200911,20200915,226,149,408,3,210.68,2,0.0,50.5632
8027,CA-2015-132465,20200911,20200915,226,1398,408,3,78.8,1,0.0,1.57600000000001
8028,CA-2015-132465,20200911,20200915,226,1514,408,3,19.99,1,0.0,6.7966
8029,CA-2015-132465,20200911,20200915,226,1357,408,3,772.68,4,0.0,108.1752
8030,CA-2016-166373,20211021,20211025,364,1525,569,4,106.08,6,0.2,-9.282
8031,CA-2016-158806,20210107,20210111,570,296,518,4,23.076,3,0.6,-10.9611
8032,CA-2016-158806,20210107,20210111,570,1275,518,4,25.92,5,0.2,9.072
8033,CA-2015-119690,20200625,20200628,545,1083,546,1,47.952,3,0.2,16.1838
8034,CA-2015-119690,20200625,20200628,545,646,546,1,0.984,2,0.8,-1.476
8035,CA-2015-119690,20200625,20200628,545,302,546,1,75.384,9,0.6,-20.7306
8036,CA-2015-119690,20200625,20200628,545,967,546,1,4.608,2,0.2,1.6704
8037,CA-2015-153738,20200920,20200922,19,691,297,1,37.68,6,0.0,16.956
8038,CA-2017-169012,20220710,20220714,85,447,191,4,41.91,3,0.0,10.8966
8039,CA-2017-109393,20220630,20220702,347,39,66,3,435.999,3,0.15,5.12939999999998
8040,CA-2017-121489,20220821,20220825,155,129,615,3,388.704,6,0.2,38.8704
8041,CA-2017-121489,20220821,20220825,155,1290,615,3,572.58,6,0.0,34.3548
8042,CA-2017-121489,20220821,20220825,155,1475,615,3,33.18,2,0.0,11.613
8043,US-2017-133081,20220311,20220315,613,1508,293,4,63.88,4,0.0,24.9132
8044,US-2017-133081,20220311,20220315,613,181,293,4,26.72,1,0.0,11.7568
8045,CA-2017-165008,20220915,20220917,229,748,583,3,295.056,9,0.2,106.9578
8046,CA-2016-145611,20210920,20210924,317,396,408,4,393.25,5,0.0,129.7725
8047,CA-2016-113600,20211215,20211217,693,646,442,3,2.214,3,0.7,-1.476
8048,CA-2017-130834,20221103,20221106,396,1228,434,3,16.272,3,0.2,5.2884
8049,CA-2016-168543,20210703,20210707,216,395,408,4,706.86,7,0.0,197.9208
8050,CA-2014-144974,20190926,20190930,164,767,484,4,5.97,5,0.7,-4.577
8051,CA-2014-144974,20190926,20190930,164,176,484,4,21.184,1,0.2,4.7664
8052,CA-2014-144974,20190926,20190930,164,409,484,4,41.376,6,0.2,3.1032
8053,CA-2014-109904,20190714,20190717,79,636,405,3,17.94,3,0.0,4.485
8054,CA-2017-152205,20220928,20221005,687,805,483,4,2.655,1,0.7,-1.8585
8055,CA-2015-121188,20200828,20200904,126,1343,69,4,892.35,5,0.0,267.705
8056,CA-2015-121188,20200828,20200904,126,47,69,4,307.666,2,0.15,28.9568
8057,CA-2015-121188,20200828,20200904,126,1316,69,4,728.82,9,0.0,29.1528
8058,CA-2015-121188,20200828,20200904,126,701,69,4,41.36,5,0.2,13.959
8059,CA-2015-121188,20200828,20200904,126,1815,69,4,43.176,3,0.2,15.1116
8060,CA-2015-121188,20200828,20200904,126,283,69,4,4.16,2,0.0,1.7472
8061,CA-2015-156013,20200920,20200926,742,1145,402,4,61.4,5,0.0,28.858
8062,CA-2015-156013,20200920,20200926,742,740,402,4,24.448,2,0.2,8.8624
8063,CA-2016-132997,20211107,20211109,482,1702,411,1,263.96,4,0.0,71.2692
8064,CA-2016-132997,20211107,20211109,482,1821,411,1,359.97,3,0.0,100.7916
8065,CA-2016-132997,20211107,20211109,482,1288,411,1,12.96,2,0.0,6.2208
8066,CA-2016-132997,20211107,20211109,482,1395,411,1,116.82,3,0.0,5.84099999999999
8067,CA-2016-132997,20211107,20211109,482,818,411,1,276.784,2,0.2,89.9548
8068,US-2015-160563,20201020,20201024,577,1536,98,4,239.97,3,0.0,86.3892
8069,US-2015-160563,20201020,20201024,577,194,98,4,16.02,6,0.0,6.0876
8070,CA-2017-151750,20220101,20220105,390,1379,549,4,454.56,5,0.2,-107.958
8071,CA-2017-151750,20220101,20220105,390,214,549,4,141.42,5,0.6,-187.3815
8072,CA-2017-151750,20220101,20220105,390,102,549,4,310.744,4,0.3,-26.6352
8073,CA-2017-151750,20220101,20220105,390,571,549,4,12.736,4,0.2,2.2288
8074,CA-2017-151750,20220101,20220105,390,650,549,4,6.47,5,0.8,-9.705
8075,CA-2017-151750,20220101,20220105,390,654,549,4,13.748,14,0.8,-22.6842
8076,CA-2017-151750,20220101,20220105,390,469,549,4,15.224,2,0.8,-38.8212
8077,CA-2015-106187,20200623,20200629,640,169,192,4,27.42,3,0.0,9.3228
8078,CA-2015-106187,20200623,20200629,640,827,192,4,165.98,1,0.0,74.691
8079,CA-2015-106187,20200623,20200629,640,1503,192,4,75.0,3,0.0,18.0
8080,US-2016-164945,20211122,20211127,122,695,405,4,134.272,8,0.2,46.9952
8081,CA-2015-150714,20201026,20201101,433,965,475,4,146.544,6,0.2,47.6268
8082,CA-2015-150714,20201026,20201101,433,1106,475,4,131.904,3,0.2,47.8152
8083,CA-2015-150714,20201026,20201101,433,449,475,4,203.88,5,0.2,20.388
8084,CA-2015-150714,20201026,20201101,433,761,475,4,14.301,7,0.7,-10.4874
8085,CA-2015-150714,20201026,20201101,433,1355,475,4,718.64,10,0.2,-161.694
8086,CA-2016-105753,20211020,20211026,454,147,587,4,61.1,5,0.0,18.33
8087,CA-2017-120894,20220428,20220502,384,383,434,4,28.08,3,0.2,5.265
8088,CA-2016-106621,20210929,20211001,223,552,21,3,10.496,4,0.2,1.1808
8089,CA-2015-107020,20200710,20200714,546,791,93,4,39.92,2,0.2,12.974
8090,US-2015-117492,20200807,20200809,577,409,284,1,77.58,9,0.0,20.1708
8091,CA-2014-101392,20191207,20191213,58,1304,613,4,269.36,7,0.0,70.0336
8092,CA-2015-127502,20201210,20201214,543,967,99,4,5.76,2,0.0,2.8224
8093,CA-2017-143658,20221108,20221113,712,562,408,3,109.9,5,0.0,32.97
8094,CA-2017-133046,20220727,20220801,217,205,615,3,23.88,3,0.0,10.5072
8095,CA-2017-133046,20220727,20220801,217,1237,615,3,26.2,4,0.0,12.052
8096,CA-2017-133046,20220727,20220801,217,1189,615,3,12.96,2,0.0,6.2208
8097,CA-2017-133046,20220727,20220801,217,1484,615,3,234.95,5,0.0,32.893
8098,CA-2017-122798,20221228,20230101,724,1384,389,4,118.25,5,0.0,34.2925
8099,CA-2017-122798,20221228,20230101,724,1255,389,4,4.28,1,0.0,1.926
8100,CA-2016-169663,20210310,20210313,644,1549,68,1,26.85,3,0.0,5.1015
8101,CA-2016-169663,20210310,20210313,644,1628,68,1,3357.6,3,0.2,377.73
8102,CA-2015-149846,20200522,20200526,666,1007,68,4,8.26,2,0.0,3.7996
8103,CA-2015-149846,20200522,20200526,666,1668,68,4,2973.32,7,0.2,334.4985
8104,CA-2015-149846,20200522,20200526,666,1370,68,4,104.79,7,0.0,29.3412
8105,CA-2015-149846,20200522,20200526,666,1817,68,4,775.728,6,0.2,58.1796
8106,CA-2017-159149,20220217,20220219,170,10,546,1,89.0664,1,0.32,-17.0274
8107,CA-2017-159149,20220217,20220219,170,500,546,1,175.44,6,0.2,52.632
8108,CA-2017-159149,20220217,20220219,170,1681,546,1,438.336,4,0.2,-87.6672
8109,US-2017-167570,20221208,20221215,257,106,484,4,215.544,4,0.3,-58.5048
8110,CA-2017-160122,20221118,20221123,637,871,214,4,55.584,6,0.2,20.844
8111,CA-2017-160122,20221118,20221123,637,55,214,4,127.386,2,0.3,-25.4772
8112,CA-2016-130393,20211201,20211203,395,94,568,3,248.43,5,0.3,-17.745
8113,CA-2016-130393,20211201,20211203,395,471,568,3,11.648,4,0.8,-30.8672
8114,CA-2016-130393,20211201,20211203,395,124,568,3,85.246,2,0.3,-1.2178
8115,CA-2017-144820,20221003,20221007,479,632,561,3,20.64,5,0.2,2.322
8116,CA-2017-101014,20220829,20220904,661,256,69,4,148.02,3,0.0,41.4456
8117,CA-2017-105543,20221124,20221124,87,1385,264,2,33.29,1,0.0,7.9896
8118,US-2017-113201,20220630,20220705,771,1067,68,4,204.95,5,0.0,100.4255
8119,US-2017-106551,20220722,20220727,251,136,215,4,526.344,4,0.3,-75.192
8120,CA-2016-116722,20211111,20211116,468,203,99,4,41.96,2,0.0,10.9096
8121,CA-2016-116722,20211111,20211116,468,136,99,4,451.152,3,0.2,0.0
8122,CA-2016-116722,20211111,20211116,468,715,99,4,31.504,11,0.2,11.0264
8123,CA-2014-138128,20191209,20191215,291,869,483,4,30.672,3,0.2,9.585
8124,CA-2014-138128,20191209,20191215,291,1607,483,4,1079.976,4,0.4,125.9972
8125,US-2017-150070,20220907,20220912,340,132,72,4,161.568,2,0.2,-28.2744
8126,CA-2015-137064,20200206,20200213,769,723,547,4,2.934,3,0.8,-4.9878
8127,CA-2015-137064,20200206,20200213,769,1563,547,4,18.528,2,0.2,4.4004
8128,CA-2015-137064,20200206,20200213,769,1394,547,4,670.752,3,0.2,-125.766
8129,CA-2017-157350,20220826,20220901,230,146,213,4,64.96,5,0.6,-43.848
8130,CA-2014-127866,20190720,20190723,350,1459,89,1,41.94,2,0.0,15.0984
8131,CA-2014-127866,20190720,20190723,350,1243,89,1,11.96,2,0.0,5.8604
8132,CA-2014-127866,20190720,20190723,350,584,89,1,13.12,4,0.0,3.8048
8133,CA-2014-127866,20190720,20190723,350,1343,89,1,535.41,3,0.0,160.623
8134,CA-2015-131352,20201008,20201013,301,268,532,4,72.78,3,0.6,-70.9605
8135,CA-2015-121776,20200216,20200221,632,1145,65,4,36.84,3,0.0,17.3148
8136,CA-2015-121776,20200216,20200221,632,981,65,4,87.71,7,0.0,41.2237
8137,CA-2016-118073,20210812,20210816,180,344,166,4,562.2925,7,0.45,-255.5875
8138,CA-2014-103219,20191109,20191113,84,291,408,4,56.52,9,0.0,21.4776
8139,CA-2016-102561,20210718,20210722,567,522,484,4,11.264,8,0.2,1.2672
8140,CA-2016-102561,20210718,20210722,567,1342,484,4,284.08,10,0.2,24.857
8141,CA-2016-102561,20210718,20210722,567,1287,484,4,18.496,4,0.2,6.7048
8142,CA-2016-100993,20210205,20210210,64,988,96,4,14.73,3,0.0,7.2177
8143,CA-2016-100993,20210205,20210210,64,1412,96,4,186.54,3,0.0,50.3658
8144,CA-2016-100993,20210205,20210210,64,326,96,4,557.728,4,0.2,6.9716
8145,CA-2016-100993,20210205,20210210,64,1724,96,4,159.968,4,0.2,-31.9936
8146,US-2014-112949,20190620,20190627,187,396,463,4,471.9,6,0.0,155.727
8147,US-2014-112949,20190620,20190627,187,581,463,4,3.52,2,0.0,1.6896
8148,US-2017-146822,20220609,20220614,25,1035,594,4,49.12,4,0.0,23.0864
8149,US-2016-131058,20211227,20211231,273,967,105,4,20.16,7,0.0,9.8784
8150,CA-2014-167997,20190126,20190129,121,711,499,1,10.68,2,0.0,5.0196
8151,CA-2014-167997,20190126,20190129,121,44,499,1,141.96,2,0.0,39.7488
8152,CA-2017-140151,20220323,20220325,622,1349,615,1,32.48,2,0.0,4.872
8153,CA-2017-140151,20220323,20220325,622,1196,615,1,20.04,3,0.0,9.6192
8154,CA-2017-140151,20220323,20220325,622,1615,615,1,13999.96,4,0.0,6719.9808
8155,US-2017-143770,20220320,20220324,634,1542,142,4,238.0,2,0.0,38.08
8156,US-2017-143770,20220320,20220324,634,1085,142,4,61.96,2,0.0,27.882
8157,CA-2016-131296,20211004,20211009,541,346,284,4,239.372,2,0.3,-23.9372
8158,CA-2016-103464,20211118,20211122,592,1542,97,4,595.0,5,0.0,95.2
8159,CA-2017-136238,20221226,20230101,415,1259,560,4,16.032,3,0.2,5.6112
8160,CA-2016-120803,20210309,20210313,624,1583,143,4,199.75,5,0.0,87.89
8161,CA-2016-134138,20210216,20210220,349,72,373,4,227.96,2,0.0,36.4736
8162,CA-2015-120915,20200928,20201003,374,431,408,3,293.52,6,0.0,76.3152
8163,CA-2015-120915,20200928,20201003,374,1797,408,3,307.98,2,0.0,89.3142
8164,CA-2015-168207,20201102,20201106,478,314,97,4,96.96,6,0.0,33.936
8165,CA-2015-168207,20201102,20201106,478,695,97,4,117.488,7,0.2,41.1208
8166,CA-2015-168207,20201102,20201106,478,772,97,4,11.952,3,0.2,4.1832
8167,CA-2015-168207,20201102,20201106,478,42,97,4,512.499,3,0.15,-30.147
8168,CA-2016-144148,20210731,20210805,35,348,100,4,863.128,7,0.2,-32.3673000000001
8169,CA-2017-107174,20221106,20221113,6,371,614,4,2036.86,7,0.0,366.6348
8170,CA-2017-107174,20221106,20221113,6,104,614,4,449.568,2,0.2,-73.0548000000001
8171,CA-2017-107174,20221106,20221113,6,1498,614,4,108.96,3,0.0,32.688
8172,CA-2016-146150,20210214,20210219,289,547,343,4,264.18,7,0.0,68.6868
8173,CA-2014-114125,20190709,20190713,299,1010,69,4,2.88,1,0.0,1.4112
8174,CA-2014-114125,20190709,20190713,299,768,69,4,41.904,6,0.2,14.1426
8175,CA-2014-114125,20190709,20190713,299,1345,69,4,23.92,4,0.0,4.0664
8176,CA-2016-114944,20210130,20210204,320,1238,214,4,156.512,4,0.2,52.8228
8177,CA-2016-135965,20210922,20210925,730,1369,408,1,128.34,6,0.0,37.2186
8178,CA-2017-149699,20221222,20221224,157,1471,65,1,474.95,5,0.0,142.485
8179,CA-2016-166429,20210902,20210908,748,1609,603,4,999.98,2,0.0,449.991
8180,CA-2015-112767,20200802,20200806,213,355,475,4,277.5,4,0.5,-188.7
8181,CA-2015-119879,20201121,20201125,715,351,482,4,1252.704,8,0.4,-480.2032
8182,CA-2015-119879,20201121,20201125,715,1796,482,4,110.97,5,0.4,-24.0435
8183,CA-2017-155642,20220518,20220522,92,318,215,4,22.608,3,0.6,-10.1736
8184,CA-2017-155642,20220518,20220522,92,202,215,4,1.892,1,0.6,-0.9933
8185,US-2017-101721,20220723,20220727,549,1224,214,4,63.312,3,0.2,20.5764
8186,CA-2015-136728,20200913,20200917,27,873,214,3,7.824,1,0.2,2.934
8187,CA-2015-136728,20200913,20200917,27,112,214,3,170.072,4,0.3,-12.148
8188,CA-2016-127194,20211210,20211216,119,1065,407,4,62.82,9,0.0,29.5254
8189,CA-2015-140375,20201002,20201005,689,1136,290,3,19.44,3,0.0,9.3312
8190,CA-2015-140375,20201002,20201005,689,653,290,3,7.38,1,0.0,3.6162
8191,US-2017-155866,20221117,20221121,132,1280,406,4,38.88,6,0.0,18.6624
8192,US-2017-155866,20221117,20221121,132,291,406,4,187.76,4,0.0,76.9816
8193,CA-2015-141327,20201130,20201203,470,659,423,1,6.048,7,0.7,-4.2336
8194,CA-2015-141327,20201130,20201203,470,403,423,1,98.352,3,0.2,9.83519999999999
8195,CA-2015-141327,20201130,20201203,470,159,423,1,335.744,2,0.2,25.1808
8196,CA-2015-136700,20201206,20201211,192,1270,106,3,8.96,2,0.0,4.3904
8197,CA-2017-102736,20220905,20220909,469,1586,510,4,89.568,4,0.2,-1.11960000000001
8198,CA-2017-102736,20220905,20220909,469,533,510,4,71.96,5,0.2,7.196
8199,CA-2017-102736,20220905,20220909,469,1128,510,4,15.552,3,0.2,5.4432
8200,CA-2017-125269,20220424,20220430,17,702,213,4,10.43,5,0.8,-18.2525
8201,CA-2017-125269,20220424,20220430,17,1407,213,4,72.784,1,0.2,-18.196
8202,CA-2015-114811,20201108,20201108,425,1322,407,2,67.15,5,0.0,16.7875
8203,CA-2015-114811,20201108,20201108,425,1835,407,2,549.98,2,0.0,142.9948
8204,CA-2015-114811,20201108,20201108,425,217,407,2,11.82,3,0.0,4.728
8205,CA-2015-114811,20201108,20201108,425,1618,407,2,4643.8,4,0.0,2229.024
8206,CA-2015-114811,20201108,20201108,425,109,407,2,577.764,2,0.1,115.5528
8207,CA-2015-122266,20200426,20200430,664,320,156,4,191.5155,1,0.45,-76.6062
8208,CA-2015-122266,20200426,20200430,664,630,156,4,2.624,1,0.2,0.4264
8209,CA-2015-141565,20200920,20200924,86,658,514,4,1369.764,6,0.7,-913.176
8210,CA-2015-141565,20200920,20200924,86,1347,514,4,294.368,4,0.2,-58.8736
8211,CA-2017-128769,20220907,20220912,223,402,514,4,81.568,2,0.2,7.1372
8212,CA-2016-116337,20211107,20211112,493,209,534,4,44.46,5,0.6,-17.784
8213,CA-2016-116337,20211107,20211112,493,1333,534,4,314.088,3,0.2,19.6305
8214,CA-2015-120845,20200925,20201002,520,682,513,4,6.336,4,0.7,-4.6464
8215,CA-2015-120845,20200925,20201002,520,1276,513,4,10.48,1,0.2,3.799
8216,CA-2015-120845,20200925,20201002,520,826,513,4,2.469,1,0.7,-1.8106
8217,CA-2015-120845,20200925,20201002,520,718,513,4,3.264,2,0.7,-2.2848
8218,CA-2014-120775,20191003,20191007,637,923,533,4,4.344,3,0.2,0.8688
8219,CA-2014-120775,20191003,20191007,637,167,533,4,31.776,3,0.6,-19.0656
8220,CA-2014-120775,20191003,20191007,637,975,533,4,4.928,2,0.2,1.7248
8221,CA-2014-120775,20191003,20191007,637,744,533,4,1.788,3,0.8,-3.0396
8222,CA-2014-120775,20191003,20191007,637,904,533,4,15.072,4,0.2,-3.768
8223,CA-2014-152905,20190218,20190224,5,1299,519,4,12.624,2,0.2,-2.5248
8224,CA-2016-104633,20210612,20210616,246,1033,81,4,185.88,6,0.0,83.646
8225,CA-2016-104633,20210612,20210616,246,1281,81,4,12.96,2,0.0,6.2208
8226,CA-2017-104136,20221101,20221104,685,1256,294,3,189.7,10,0.0,91.056
8227,CA-2017-104136,20221101,20221104,685,1084,294,3,40.99,1,0.0,20.0851
8228,CA-2016-123050,20210404,20210408,67,163,413,3,82.64,2,0.0,7.4376
8229,CA-2016-123050,20210404,20210408,67,1393,413,3,31.02,2,0.0,8.0652
8230,CA-2016-123050,20210404,20210408,67,1488,413,3,89.97,3,0.0,37.7874
8231,CA-2016-162355,20210630,20210702,590,618,196,3,35.97,3,0.0,9.7119
8232,CA-2016-162355,20210630,20210702,590,47,196,3,1266.86,7,0.0,291.3778
8233,CA-2014-158225,20190922,20190928,684,1313,102,4,169.45,5,0.0,42.3625
8234,CA-2014-158225,20190922,20190928,684,1366,102,4,40.68,2,0.0,0.406799999999997
8235,CA-2017-102204,20220501,20220506,147,1430,163,4,3.328,2,0.2,0.416
8236,CA-2017-102204,20220501,20220506,147,337,163,4,933.262,4,0.45,-458.1468
8237,CA-2017-102204,20220501,20220506,147,81,163,4,2803.92,5,0.2,0.0
8238,CA-2017-103065,20221020,20221020,612,1309,163,2,4.768,2,0.2,-0.774800000000001
8239,CA-2017-103065,20221020,20221020,612,1046,163,2,6.672,1,0.2,2.502
8240,CA-2017-103065,20221020,20221020,612,576,163,2,4.448,2,0.2,1.112
8241,CA-2017-103065,20221020,20221020,612,142,163,2,43.936,4,0.2,6.0412
8242,CA-2014-109855,20190901,20190905,462,835,405,4,23.744,2,0.2,8.3104
8243,CA-2014-109855,20190901,20190905,462,1542,405,4,357.0,3,0.0,57.12
8244,CA-2014-109897,20190812,20190816,120,1819,100,4,806.336,8,0.2,50.396
8245,CA-2014-109897,20190812,20190816,120,239,100,4,85.44,3,0.0,31.6128
8246,US-2014-143581,20190819,20190823,105,1326,191,4,344.91,3,0.0,10.3473
8247,CA-2015-129217,20200510,20200510,233,425,207,2,70.97,5,0.8,-191.619
8248,CA-2015-129217,20200510,20200510,233,624,207,2,36.784,2,0.2,3.6784
8249,CA-2016-133816,20210510,20210513,178,1741,483,3,743.988,2,0.4,-123.998
8250,CA-2015-140221,20200305,20200309,537,754,215,3,11.212,2,0.8,-16.818
8251,CA-2015-140221,20200305,20200309,537,138,215,3,4.712,2,0.6,-1.8848
8252,CA-2015-140221,20200305,20200309,537,393,215,3,180.98,5,0.8,-470.548
8253,CA-2015-140221,20200305,20200309,537,1318,215,3,60.416,2,0.2,6.0416
8254,CA-2017-152310,20220812,20220819,212,1603,613,4,299.99,1,0.0,89.997
8255,CA-2017-152310,20220812,20220819,212,1206,613,4,192.16,4,0.0,92.2368
8256,CA-2017-152310,20220812,20220819,212,1774,613,4,242.624,8,0.2,27.2952
8257,CA-2017-152310,20220812,20220819,212,1332,613,4,46.74,3,0.0,11.685
8258,CA-2017-152310,20220812,20220819,212,1469,613,4,174.95,5,0.0,12.2465
8259,CA-2017-152310,20220812,20220819,212,817,613,4,100.704,6,0.2,37.764
8260,CA-2016-118101,20210626,20210626,704,1045,321,2,368.91,9,0.0,180.7659
8261,CA-2016-118101,20210626,20210626,704,665,321,2,8.02,1,0.0,3.7694
8262,CA-2016-118101,20210626,20210626,704,1356,321,2,171.04,4,0.0,44.4704
8263,CA-2016-100307,20211215,20211219,745,1174,23,4,19.44,3,0.0,9.3312
8264,CA-2015-138457,20200913,20200917,42,637,430,4,13.092,4,0.7,-10.0372
8265,CA-2014-131800,20191230,20200104,40,461,408,4,122.94,3,0.0,30.735
8266,CA-2014-131800,20191230,20200104,40,774,408,4,35.448,7,0.2,12.8499
8267,CA-2014-118304,20190429,20190504,430,1693,147,4,19.98,2,0.0,5.1948
8268,CA-2017-121790,20220130,20220206,469,355,207,4,69.375,1,0.5,-47.175
8269,CA-2017-121790,20220130,20220206,469,1449,207,4,31.68,4,0.2,2.772
8270,CA-2017-121790,20220130,20220206,469,1780,207,4,2003.168,4,0.2,250.396
8271,CA-2017-121790,20220130,20220206,469,589,207,4,9.344,2,0.2,3.1536
8272,CA-2016-169670,20211225,20211231,356,89,405,4,2563.056,8,0.1,313.2624
8273,CA-2016-139549,20211020,20211025,550,76,47,4,387.136,4,0.2,4.83919999999999
8274,CA-2015-104059,20200613,20200615,281,491,458,3,3.424,1,0.2,0.2996
8275,CA-2017-164112,20220630,20220704,560,1378,403,4,1085.42,7,0.0,282.2092
8276,CA-2015-143882,20200626,20200630,195,1247,449,4,43.056,9,0.2,15.6078
8277,US-2016-139262,20210221,20210225,454,792,187,4,3.762,3,0.7,-2.7588
8278,US-2016-139262,20210221,20210225,454,722,187,4,34.86,2,0.7,-26.726
8279,US-2016-139262,20210221,20210225,454,1344,187,4,432.456,3,0.2,32.4342
8280,CA-2017-146192,20220422,20220426,74,1401,191,4,675.06,3,0.0,87.7578
8281,CA-2017-134810,20220509,20220510,491,870,430,1,65.232,3,0.2,22.0158
8282,CA-2017-134810,20220509,20220510,491,69,430,1,207.0,3,0.2,25.875
8283,CA-2015-154284,20201221,20201226,730,1672,236,3,600.53,2,0.3,137.264
8284,CA-2015-154284,20201221,20201226,730,520,236,3,59.904,2,0.2,14.2272
8285,CA-2015-154284,20201221,20201226,730,1555,236,3,637.44,8,0.2,135.456
8286,CA-2015-154284,20201221,20201226,730,246,236,3,51.756,3,0.6,-33.6414
8287,CA-2014-156244,20190812,20190816,207,1037,171,4,31.104,6,0.2,10.8864
8288,CA-2014-156244,20190812,20190816,207,618,171,4,47.96,5,0.2,4.1965
8289,CA-2014-156244,20190812,20190816,207,1533,171,4,158.928,7,0.2,41.7186
8290,CA-2014-156244,20190812,20190816,207,424,171,4,211.248,6,0.2,15.8436
8291,CA-2014-156244,20190812,20190816,207,1424,171,4,5.552,2,0.2,-1.041
8292,CA-2014-156244,20190812,20190816,207,953,171,4,2.952,1,0.2,0.9963
8293,CA-2015-106362,20201211,20201215,452,765,460,4,10.332,3,0.7,-7.5768
8294,US-2017-168802,20221103,20221107,397,735,613,4,18.368,4,0.2,5.9696
8295,US-2017-146906,20220313,20220317,543,1742,406,4,299.9,2,0.0,74.975
8296,CA-2016-166380,20210530,20210603,248,872,587,4,26.55,9,0.0,12.744
8297,CA-2016-166380,20210530,20210603,248,1461,587,4,111.98,2,0.0,26.8752
8298,US-2015-158911,20200705,20200711,659,275,421,4,4.928,2,0.2,0.739199999999999
8299,US-2015-158911,20200705,20200711,659,988,421,4,11.784,3,0.2,4.2717
8300,US-2014-103338,20190311,20190315,623,530,90,4,7.98,3,0.0,2.0748
8301,CA-2015-109169,20200420,20200424,581,885,311,4,180.96,2,0.0,81.432
8302,US-2017-167318,20220726,20220801,316,1571,67,4,1649.95,5,0.0,659.98
8303,US-2017-167318,20220726,20220801,316,60,67,4,362.352,3,0.2,45.294
8304,US-2014-120313,20191031,20191102,568,1799,99,3,73.584,2,0.2,8.2782
8305,CA-2017-135419,20221103,20221109,88,325,34,4,486.368,4,0.2,36.4776
8306,CA-2016-128671,20210811,20210816,544,1136,467,4,32.4,5,0.0,15.552
8307,CA-2016-128671,20210811,20210816,544,769,467,4,41.86,7,0.0,19.2556
8308,CA-2016-128671,20210811,20210816,544,762,467,4,77.56,2,0.0,35.6776
8309,CA-2016-149335,20210725,20210725,67,517,100,2,37.17,9,0.0,11.151
8310,CA-2014-168312,20190301,20190307,314,1400,545,4,137.352,3,0.2,8.58449999999999
8311,CA-2014-168312,20190301,20190307,314,336,545,4,376.509,3,0.3,-43.0296
8312,US-2017-105935,20220126,20220131,69,215,191,4,62.72,4,0.0,24.4608
8313,US-2017-105935,20220126,20220131,69,1725,191,4,2939.93,7,0.0,764.3818
8314,CA-2014-161508,20190712,20190716,613,85,554,4,512.358,3,0.3,-14.6387999999999
8315,CA-2014-161508,20190712,20190716,613,918,554,4,3.488,2,0.2,0.5668
8316,CA-2014-161508,20190712,20190716,613,571,554,4,22.288,7,0.2,3.9004
8317,CA-2014-161508,20190712,20190716,613,1130,554,4,16.032,3,0.2,5.6112
8318,CA-2017-130904,20220411,20220416,330,485,418,4,1.752,1,0.2,0.1533
8319,CA-2017-130904,20220411,20220416,330,476,418,4,20.992,8,0.2,2.3616
8320,CA-2017-133620,20221113,20221118,271,1415,405,4,11.21,1,0.0,3.363
8321,CA-2015-142937,20201205,20201206,685,588,534,1,45.04,2,0.2,4.504
8322,US-2016-149790,20210926,20211001,674,722,548,4,15.624,2,0.8,-24.9984
8323,CA-2016-130778,20211119,20211125,559,389,402,4,8.74,2,0.0,2.2724
8324,CA-2016-130778,20211119,20211125,559,1107,402,4,44.75,5,0.0,20.585
8325,CA-2017-144456,20220908,20220909,281,1335,160,1,61.68,5,0.2,5.39700000000001
8326,CA-2017-144456,20220908,20220909,281,1739,160,1,158.376,3,0.2,13.8579
8327,CA-2017-103478,20220721,20220724,434,715,207,3,2.864,4,0.8,-4.5824
8328,CA-2017-103478,20220721,20220724,434,813,207,3,94.192,7,0.8,-164.836
8329,CA-2017-118577,20221006,20221011,789,1100,373,4,143.7,3,0.0,68.976
8330,CA-2017-118577,20221006,20221011,789,1282,373,4,6.48,1,0.0,3.1104
8331,CA-2017-113572,20221107,20221111,291,1529,407,4,7.88,4,0.0,2.5216
8332,CA-2016-153269,20210309,20210312,609,1415,291,1,11.21,1,0.0,3.363
8333,CA-2016-153269,20210309,20210312,609,94,291,1,354.9,5,0.0,88.725
8334,CA-2016-153269,20210309,20210312,609,1129,291,1,17.94,3,0.0,8.7906
8335,CA-2016-153269,20210309,20210312,609,832,291,1,51.8,4,0.0,23.31
8336,CA-2017-161655,20220513,20220518,185,726,148,3,299.52,9,0.0,149.76
8337,CA-2016-101469,20210702,20210708,430,607,587,4,7.7,2,0.0,3.157
8338,CA-2014-153087,20191227,20200103,742,1091,2,4,23.92,4,0.0,11.7208
8339,CA-2014-153087,20191227,20200103,742,1555,2,4,498.0,5,0.0,184.26
8340,CA-2017-135076,20220413,20220417,791,111,52,4,436.704,6,0.2,-38.2116
8341,CA-2014-161634,20191114,20191120,131,1165,589,4,32.4,5,0.0,15.552
8342,CA-2017-141481,20220611,20220614,793,466,67,1,61.44,3,0.0,16.5888
8343,CA-2016-132549,20211125,20211130,378,1336,5,4,73.36,7,0.0,19.8072
8344,US-2014-155544,20190321,20190325,304,1008,510,4,59.2,5,0.2,22.2
8345,US-2014-155544,20190321,20190325,304,184,510,4,32.952,3,0.2,6.5904
8346,US-2014-155544,20190321,20190325,304,55,510,4,218.376,3,0.2,-10.9188
8347,US-2015-115238,20200430,20200504,411,243,297,4,31.4,5,0.0,13.188
8348,US-2015-115238,20200430,20200504,411,224,297,4,9.48,1,0.0,3.792
8349,US-2015-115238,20200430,20200504,411,1718,297,4,209.5,10,0.0,58.66
8350,US-2015-115238,20200430,20200504,411,172,297,4,24.3,5,0.0,10.449
8351,US-2015-115238,20200430,20200504,411,1182,297,4,6.48,1,0.0,3.1104
8352,CA-2017-132199,20220503,20220508,97,295,483,4,32.448,2,0.2,7.3008
8353,CA-2017-132199,20220503,20220508,97,785,483,4,26.388,4,0.7,-17.592
8354,CA-2017-132199,20220503,20220508,97,359,483,4,373.47,5,0.4,-112.041
8355,CA-2017-132199,20220503,20220508,97,728,483,4,64.2,5,0.7,-44.94
8356,CA-2017-132199,20220503,20220508,97,922,483,4,8.0,2,0.2,2.8
8357,CA-2016-163174,20210826,20210830,789,152,189,4,186.54,3,0.0,41.0388
8358,CA-2014-110555,20190411,20190418,527,1320,356,4,87.08,7,0.0,24.3824
8359,CA-2014-110555,20190411,20190418,527,1702,356,4,105.584,2,0.2,9.23860000000001
8360,CA-2014-110555,20190411,20190418,527,1559,356,4,217.44,6,0.0,91.3248
8361,CA-2017-147207,20220102,20220104,769,539,537,3,31.744,2,0.2,3.968
8362,CA-2017-147207,20220102,20220104,769,377,537,3,5.432,2,0.8,-13.58
8363,CA-2017-147207,20220102,20220104,769,351,537,3,913.43,5,0.3,-169.637
8364,CA-2017-147207,20220102,20220104,769,1378,537,3,372.144,3,0.2,27.9108
8365,CA-2017-137631,20220428,20220502,386,1782,165,4,751.984,2,0.2,84.5981999999999
8366,CA-2017-157273,20220130,20220202,730,1762,614,1,604.768,4,0.2,60.4768
8367,CA-2014-109918,20190907,20190912,471,1451,107,3,27.36,4,0.0,7.3872
8368,CA-2014-109918,20190907,20190912,471,1027,107,3,20.56,2,0.0,9.6632
8369,CA-2014-109918,20190907,20190912,471,817,107,3,83.92,5,0.2,31.47
8370,CA-2016-118745,20210611,20210616,721,356,69,4,902.712,3,0.2,33.8517000000001
8371,CA-2016-163972,20211017,20211021,507,37,51,4,120.666,2,0.15,21.294
8372,CA-2014-165393,20191227,20191230,556,705,538,1,4.984,1,0.8,-8.4728
8373,CA-2016-113726,20211124,20211201,677,261,614,4,82.26,3,0.0,33.7266
8374,CA-2016-152940,20211110,20211113,652,1301,99,1,29.74,1,0.0,4.461
8375,CA-2015-158701,20200105,20200110,385,471,99,4,87.36,6,0.0,23.5872
8376,CA-2015-158701,20200105,20200110,385,690,99,4,56.16,6,0.2,17.55
8377,CA-2017-156272,20220321,20220327,614,401,180,4,64.384,1,0.2,8.048
8378,CA-2015-162964,20201112,20201118,502,1367,548,4,64.784,1,0.2,-14.5764
8379,CA-2015-162964,20201112,20201118,502,1215,548,4,15.552,3,0.2,5.6376
8380,CA-2015-162964,20201112,20201118,502,879,548,4,223.888,7,0.2,69.965
8381,CA-2014-103527,20190909,20190914,131,1115,215,3,10.896,3,0.2,3.405
8382,CA-2016-134544,20210317,20210319,15,1820,98,3,84.784,2,0.2,-20.1362
8383,CA-2016-163048,20210208,20210215,511,69,545,4,241.5,4,0.3,0.0
8384,CA-2016-145135,20211126,20211128,142,1562,145,1,59.97,3,0.0,14.9925
8385,CA-2016-145135,20211126,20211128,142,1259,145,1,13.36,2,0.0,6.4128
8386,CA-2017-137582,20220904,20220908,184,710,77,4,11.808,3,0.2,4.1328
8387,CA-2015-149601,20200528,20200603,741,1349,140,4,16.24,1,0.0,2.436
8388,CA-2015-149601,20200528,20200603,741,1337,140,4,77.55,5,0.0,21.714
8389,CA-2014-139423,20191101,20191105,205,469,382,4,76.12,2,0.0,22.0748
8390,CA-2016-102596,20211227,20211230,635,909,437,1,17.184,6,0.2,6.2292
8391,CA-2017-153227,20221204,20221206,176,1134,66,1,11.76,2,0.0,5.7624
8392,CA-2017-110625,20221223,20221230,344,184,138,4,27.46,2,0.0,9.8856
8393,CA-2016-142594,20211201,20211206,265,1687,295,3,137.94,3,0.0,35.8644
8394,CA-2016-142594,20211201,20211206,265,210,295,3,111.15,5,0.0,48.906
8395,CA-2016-142594,20211201,20211206,265,440,295,3,901.95,3,0.0,297.6435
8396,CA-2016-142594,20211201,20211206,265,326,295,3,366.009,3,0.3,-47.0583
8397,CA-2014-152254,20190630,20190630,72,1086,434,2,310.688,7,0.2,108.7408
8398,US-2014-120236,20190903,20190904,536,806,548,1,7.68,5,0.8,-11.52
8399,CA-2017-120061,20221102,20221107,712,79,458,3,155.372,2,0.3,-35.5136
8400,CA-2015-133837,20200413,20200418,750,1300,13,4,10.744,1,0.2,0.8058
8401,CA-2015-110814,20201205,20201209,73,722,405,3,232.4,5,0.2,78.435
8402,CA-2015-110814,20201205,20201209,73,107,405,3,164.646,3,0.1,12.8058
8403,CA-2015-110814,20201205,20201209,73,1254,405,3,22.68,2,0.0,11.1132
8404,CA-2016-154067,20210201,20210207,703,1163,67,4,105.52,4,0.0,48.5392
8405,CA-2017-140480,20220708,20220712,320,252,148,4,83.92,4,0.0,5.87439999999999
8406,CA-2017-140480,20220708,20220712,320,1533,148,4,141.9,5,0.0,58.179
8407,CA-2017-140480,20220708,20220712,320,174,148,4,39.98,2,0.0,9.1954
8408,CA-2017-140480,20220708,20220712,320,517,148,4,28.91,7,0.0,8.673
8409,CA-2017-140480,20220708,20220712,320,608,148,4,174.95,5,0.0,45.487
8410,CA-2015-134082,20201211,20201217,380,814,93,4,110.528,4,0.2,38.6848
8411,CA-2016-130820,20211115,20211115,580,333,418,2,630.024,4,0.4,-199.5076
8412,CA-2016-159765,20210509,20210512,750,586,594,3,27.86,7,0.0,9.1938
8413,CA-2017-132290,20220310,20220314,496,341,533,4,933.408,4,0.3,-173.3472
8414,CA-2016-147109,20211217,20211221,29,1146,519,4,51.84,10,0.2,18.144
8415,CA-2016-147109,20211217,20211221,29,1545,519,4,165.6,3,0.2,-6.21000000000002
8416,CA-2017-107265,20220406,20220412,522,1049,261,4,106.32,3,0.0,49.9704
8417,CA-2017-118199,20220509,20220511,450,819,614,1,147.92,5,0.2,46.225
8418,CA-2017-118199,20220509,20220511,450,1307,614,1,104.28,3,0.0,26.07
8419,CA-2017-118199,20220509,20220511,450,365,614,1,286.85,1,0.0,63.107
8420,CA-2017-118199,20220509,20220511,450,1310,614,1,66.96,4,0.0,2.6784
8421,CA-2017-118199,20220509,20220511,450,1577,614,1,199.98,2,0.0,87.9912
8422,CA-2017-150091,20221012,20221016,572,1521,378,4,45.0,3,0.0,4.95
8423,CA-2017-150091,20221012,20221016,572,909,378,4,17.9,5,0.0,8.771
8424,CA-2017-150091,20221012,20221016,572,288,378,4,40.48,2,0.0,17.4064
8425,CA-2017-150091,20221012,20221016,572,30,378,4,2154.9,5,0.0,129.294
8426,CA-2016-137652,20210828,20210830,248,806,439,1,18.432,8,0.7,-12.288
8427,CA-2015-128356,20201002,20201007,654,1451,136,4,10.944,2,0.2,0.9576
8428,CA-2017-167017,20221123,20221125,200,1435,321,1,4.36,2,0.0,0.174399999999999
8429,US-2017-132220,20221112,20221116,209,1579,19,4,62.352,6,0.2,-10.9116
8430,CA-2016-118129,20211219,20211221,153,313,486,3,303.92,5,0.2,-30.392
8431,US-2014-113124,20190330,20190405,555,1346,328,4,129.3,2,0.0,6.46499999999999
8432,CA-2017-155621,20221108,20221113,441,261,284,4,274.2,10,0.0,112.422
8433,US-2014-127635,20190914,20190918,672,901,531,3,6.048,4,0.2,-1.3608
8434,US-2014-127635,20190914,20190918,672,1274,531,3,6.848,2,0.2,2.14
8435,US-2014-127635,20190914,20190918,672,158,531,3,9.96,5,0.6,-6.723
8436,US-2014-127635,20190914,20190918,672,709,531,3,8.552,2,0.8,-13.6832
8437,CA-2015-151470,20200920,20200926,42,804,364,4,45.584,11,0.2,16.5242
8438,CA-2015-112823,20201210,20201216,620,1534,440,4,25.488,2,0.2,4.4604
8439,CA-2014-108861,20190528,20190601,525,794,614,4,136.96,4,0.2,51.36
8440,CA-2017-114370,20220314,20220317,95,1688,214,3,49.616,2,0.2,4.9616
8441,CA-2016-158302,20211208,20211212,344,1179,441,3,10.584,3,0.2,3.4398
8442,CA-2017-145779,20220506,20220510,198,1163,20,4,84.416,4,0.2,27.4352
8443,US-2016-155173,20210306,20210310,344,1847,482,4,431.94,2,0.4,-71.99
8444,US-2016-155173,20210306,20210310,344,761,482,4,2.043,1,0.7,-1.4982
8445,US-2016-155173,20210306,20210310,344,1774,482,4,68.238,3,0.4,-12.5103
8446,CA-2017-125451,20221023,20221024,29,324,488,1,240.744,4,0.3,-13.7568
8447,CA-2017-125451,20221023,20221024,29,317,488,1,35.0,4,0.0,14.7
8448,CA-2017-125451,20221023,20221024,29,149,488,1,210.68,2,0.0,50.5632
8449,CA-2017-125451,20221023,20221024,29,375,488,1,637.896,3,0.3,-127.5792
8450,CA-2017-125451,20221023,20221024,29,1229,488,1,43.44,8,0.0,21.2856
8451,CA-2017-125451,20221023,20221024,29,439,488,1,2.22,1,0.0,0.666
8452,CA-2014-131387,20190428,20190430,36,1725,100,1,1679.96,5,0.2,125.997
8453,CA-2016-125087,20210418,20210423,751,98,547,4,344.372,4,0.3,-93.4724
8454,CA-2016-125087,20210418,20210423,751,1354,547,4,1554.936,3,0.2,77.7468
8455,CA-2016-125087,20210418,20210423,751,309,547,4,127.88,5,0.6,-67.137
8456,CA-2016-154081,20210522,20210529,355,1747,69,4,222.384,2,0.2,22.2384
8457,US-2017-118556,20220528,20220602,752,66,215,3,106.869,3,0.3,-29.0073
8458,US-2017-118556,20220528,20220602,752,821,215,3,3.564,3,0.8,-6.237
8459,CA-2014-126200,20190825,20190829,356,728,547,4,25.68,3,0.8,-39.804
8460,CA-2014-126200,20190825,20190829,356,732,547,4,12.384,3,0.8,-19.8144
8461,CA-2014-146500,20190830,20190904,60,739,137,4,25.3,5,0.0,11.891
8462,CA-2014-146500,20190830,20190904,60,1305,137,4,95.94,3,0.0,9.594
8463,CA-2015-169537,20200903,20200907,370,971,313,3,7.5,2,0.0,3.6
8464,CA-2014-100881,20190328,20190401,235,1805,389,4,302.376,3,0.2,22.6782
8465,CA-2015-144043,20200510,20200515,9,1540,132,4,46.688,4,0.2,-2.918
8466,CA-2015-116512,20200409,20200414,494,1345,407,4,17.94,3,0.0,3.0498
8467,CA-2015-101000,20200409,20200414,336,381,144,4,370.14,3,0.0,144.3546
8468,CA-2016-168557,20210919,20210923,284,733,100,4,8.928,2,0.2,3.1248
8469,US-2016-164196,20211111,20211117,57,339,252,4,2678.94,6,0.0,241.1046
8470,US-2017-132031,20220423,20220427,602,16,504,4,387.136,4,0.2,-14.5176
8471,US-2017-132031,20220423,20220427,602,1533,504,4,45.408,2,0.2,11.9196
8472,US-2017-132031,20220423,20220427,602,143,504,4,77.952,3,0.2,-11.6928
8473,US-2017-132031,20220423,20220427,602,944,504,4,3.0,1,0.2,1.05
8474,CA-2015-169733,20201022,20201026,306,1320,161,3,9.952,1,0.2,0.9952
8475,CA-2017-169404,20220409,20220414,558,825,487,4,37.896,4,0.7,-29.0536
8476,CA-2017-169404,20220409,20220414,558,1084,487,4,65.584,2,0.2,23.7742
8477,CA-2017-134880,20221027,20221101,774,1246,14,4,44.784,1,0.2,16.2342
8478,CA-2015-145758,20201030,20201030,81,1676,407,2,1035.8,4,0.0,269.308
8479,CA-2017-158736,20221218,20221224,773,556,99,4,5.76,2,0.0,1.6704
8480,US-2016-119270,20210312,20210316,725,1245,67,4,19.98,2,0.0,8.991
8481,CA-2014-109890,20190721,20190727,592,1833,362,4,35.98,2,0.0,10.0744
8482,CA-2016-138583,20210524,20210528,233,531,482,4,16.656,3,0.2,3.3312
8483,US-2017-118535,20220211,20220215,209,962,407,4,20.7,2,0.0,9.936
8484,CA-2016-126284,20210920,20210924,275,841,312,4,83.7,5,0.0,41.013
8485,CA-2017-142391,20220924,20220924,585,236,615,2,199.8,10,0.0,71.928
8486,CA-2017-124716,20220327,20220331,70,1071,51,4,45.68,2,0.0,21.0128
8487,CA-2017-124716,20220327,20220331,70,1086,51,4,110.96,2,0.0,53.2608
8488,CA-2017-124716,20220327,20220331,70,1078,51,4,11.94,3,0.0,5.97
8489,CA-2016-158841,20210202,20210204,684,1632,587,3,8749.95,5,0.0,2799.984
8490,CA-2016-158841,20210202,20210204,684,742,587,3,36.4,8,0.0,18.2
8491,CA-2016-158841,20210202,20210204,684,194,587,3,18.69,7,0.0,7.1022
8492,CA-2017-106824,20220707,20220711,60,915,69,4,5.94,3,0.0,0.1188
8493,CA-2015-109190,20201023,20201028,138,1020,555,4,60.736,8,0.2,20.4984
8494,CA-2015-109190,20201023,20201028,138,1608,555,4,479.976,3,0.2,161.9919
8495,CA-2015-109190,20201023,20201028,138,673,555,4,6.08,1,0.8,-10.336
8496,CA-2016-143154,20211202,20211208,55,1545,131,4,165.6,3,0.2,-6.21000000000002
8497,CA-2014-169061,20190305,20190308,8,489,416,3,59.52,3,0.0,15.4752
8498,CA-2014-169061,20190305,20190308,8,1515,416,3,479.97,3,0.0,177.5889
8499,CA-2014-169061,20190305,20190308,8,1423,416,3,18.62,2,0.0,5.3998
8500,CA-2014-169061,20190305,20190308,8,701,416,3,49.632,6,0.2,16.7508
8501,CA-2014-169061,20190305,20190308,8,1137,416,3,97.82,2,0.0,45.9754
8502,CA-2015-102316,20200301,20200303,206,1693,68,3,15.984,2,0.2,1.1988
8503,CA-2015-102316,20200301,20200303,206,106,68,3,184.752,3,0.2,-20.7846
8504,CA-2014-164903,20190220,20190224,713,1216,69,4,12.96,2,0.0,6.2208
8505,CA-2016-109400,20210502,20210506,575,103,518,4,366.744,4,0.3,-110.0232
8506,CA-2016-130400,20210308,20210312,695,710,533,4,8.856,9,0.8,-14.1696
8507,CA-2016-130400,20210308,20210312,695,1589,533,4,27.96,5,0.2,8.388
8508,CA-2016-130400,20210308,20210312,695,860,533,4,146.352,3,0.2,49.3938
8509,CA-2015-135853,20201211,20201214,125,1593,309,1,175.23,11,0.0,61.3305
8510,CA-2015-135853,20201211,20201214,125,1819,309,1,125.99,1,0.0,31.4975
8511,CA-2015-135853,20201211,20201214,125,843,309,1,23.0,2,0.0,10.35
8512,CA-2016-103359,20211222,20211226,452,815,408,4,25.584,2,0.2,8.9544
8513,CA-2016-144645,20210202,20210208,577,264,546,4,73.784,2,0.6,-77.4732
8514,CA-2017-141614,20220605,20220609,577,1189,174,4,20.736,4,0.2,7.2576
8515,CA-2015-122168,20200821,20200826,323,589,270,4,17.52,3,0.0,8.2344
8516,CA-2015-122168,20200821,20200826,323,543,270,4,35.76,12,0.0,10.0128
8517,CA-2016-132899,20210407,20210411,686,563,405,4,3.64,2,0.0,0.9828
8518,CA-2017-149720,20220604,20220607,271,226,539,3,30.336,6,0.6,-17.4432
8519,CA-2017-118003,20221204,20221210,229,228,384,4,12.99,1,0.0,1.5588
8520,CA-2017-118003,20221204,20221210,229,112,384,4,182.22,3,0.0,45.555
8521,CA-2017-118003,20221204,20221210,229,132,384,4,302.94,3,0.0,18.1764
8522,CA-2016-141887,20210111,20210115,533,219,441,4,54.992,14,0.2,8.9362
8523,US-2016-160206,20210401,20210407,550,1684,626,4,12.99,1,0.0,0.2598
8524,CA-2017-133074,20220921,20220925,198,1250,98,4,55.86,7,0.0,27.93
8525,CA-2017-161172,20220316,20220316,711,1839,441,2,44.376,2,0.4,-7.396
8526,CA-2017-161172,20220316,20220316,711,258,441,2,51.264,6,0.2,7.68959999999999
8527,CA-2017-161172,20220316,20220316,711,833,441,2,5.193,3,0.7,-3.462
8528,CA-2017-161172,20220316,20220316,711,1587,441,2,159.984,2,0.2,43.9956
8529,CA-2017-161172,20220316,20220316,711,1313,441,2,54.224,2,0.2,3.389
8530,CA-2017-137624,20221110,20221117,498,74,65,4,241.424,2,0.2,-36.2136
8531,CA-2016-156748,20211130,20211206,109,1046,310,4,33.36,4,0.0,16.68
8532,CA-2016-156748,20211130,20211206,109,1184,310,4,13.76,2,0.0,6.3296
8533,CA-2016-156748,20211130,20211206,109,1338,310,4,496.86,7,0.0,24.8429999999999
8534,CA-2016-156748,20211130,20211206,109,57,310,4,389.97,3,0.0,35.0973
8535,CA-2015-169677,20200113,20200115,443,988,191,3,9.82,2,0.0,4.8118
8536,US-2014-163146,20190516,20190520,134,1522,100,4,56.4,3,0.0,3.384
8537,CA-2015-157343,20200607,20200611,319,787,485,4,18.312,4,0.7,-12.208
8538,CA-2015-157343,20200607,20200611,319,1058,485,4,25.92,5,0.2,9.072
8539,CA-2015-157343,20200607,20200611,319,573,485,4,8.016,3,0.2,1.002
8540,CA-2017-147354,20220309,20220313,416,1603,65,4,479.984,2,0.2,59.998
8541,CA-2017-147354,20220309,20220313,416,795,65,4,30.84,5,0.2,9.6375
8542,CA-2015-157287,20201222,20201223,333,1331,484,1,33.568,2,0.2,1.6784
8543,CA-2015-157287,20201222,20201223,333,69,484,1,422.625,7,0.3,0.0
8544,CA-2014-137575,20190806,20190811,741,1587,408,4,199.98,2,0.0,83.9916
8545,CA-2016-119074,20210327,20210331,237,288,191,4,20.24,1,0.0,8.7032
8546,CA-2016-119074,20210327,20210331,237,270,191,4,39.92,4,0.0,11.1776
8547,CA-2016-119074,20210327,20210331,237,672,191,4,32.54,2,0.0,15.9446
8548,CA-2015-149566,20201205,20201210,295,1491,69,4,39.0,3,0.0,17.55
8549,CA-2015-149566,20201205,20201210,295,954,69,4,12.6,4,0.0,6.048
8550,CA-2015-126186,20200911,20200912,295,139,122,1,24.64,4,0.2,4.004
8551,CA-2015-121132,20200717,20200724,776,977,546,4,6.264,3,0.2,2.0358
8552,CA-2015-121132,20200717,20200724,776,939,546,4,14.432,4,0.2,3.4276
8553,CA-2014-140473,20190530,20190603,488,1614,214,4,719.976,3,0.2,134.9955
8554,US-2017-102904,20221113,20221120,126,1482,2,4,239.92,8,0.0,23.992
8555,CA-2016-102092,20211209,20211211,600,343,595,1,1056.86,7,0.0,158.529
8556,CA-2015-117884,20200322,20200322,201,1536,179,2,447.944,7,0.2,89.5888
8557,CA-2015-117884,20200322,20200322,201,1360,179,2,150.408,9,0.2,-33.8418
8558,CA-2016-132829,20211223,20211226,448,1846,546,3,453.576,3,0.2,39.6879
8559,CA-2016-132829,20211223,20211226,448,983,546,3,45.36,9,0.2,14.742
8560,CA-2016-132829,20211223,20211226,448,1838,546,3,287.88,3,0.2,35.985
8561,CA-2016-132829,20211223,20211226,448,1858,546,3,131.88,3,0.2,14.8365
8562,CA-2016-132829,20211223,20211226,448,144,546,3,2.328,2,0.6,-0.7566
8563,CA-2016-123540,20210402,20210406,208,63,626,3,1454.9,5,0.0,378.274
8564,US-2017-108315,20220430,20220504,516,667,184,4,4.842,3,0.7,-3.5508
8565,US-2017-108315,20220430,20220504,516,165,184,4,220.704,6,0.2,-8.27640000000004
8566,CA-2016-134110,20211117,20211118,86,1765,572,1,67.176,3,0.2,6.7176
8567,CA-2016-134110,20211117,20211118,86,1069,572,1,15.232,4,0.2,5.5216
8568,US-2016-136581,20211110,20211112,721,1189,460,1,31.104,6,0.2,10.8864
8569,CA-2016-162390,20211206,20211212,231,818,399,4,968.744,7,0.2,314.8418
8570,CA-2016-162390,20211206,20211212,231,709,399,4,222.352,13,0.2,77.8232
8571,CA-2016-162390,20211206,20211212,231,1614,399,4,479.984,2,0.2,89.997
8572,CA-2016-162222,20210403,20210403,713,1239,532,2,10.272,3,0.2,3.21
8573,CA-2014-121629,20191128,20191202,116,1678,546,4,998.85,5,0.4,-199.77
8574,CA-2015-164623,20201020,20201022,540,1035,408,1,24.56,2,0.0,11.5432
8575,CA-2014-159849,20190919,20190919,380,901,99,2,5.67,3,0.0,0.1134
8576,CA-2017-101273,20220827,20220830,719,392,182,3,14.336,4,0.2,0.896
8577,CA-2017-106747,20220703,20220704,767,294,368,1,102.3,1,0.0,26.598
8578,CA-2017-146164,20221222,20221226,159,375,336,4,607.52,2,0.0,97.2032
8579,CA-2017-146164,20221222,20221226,159,1332,336,4,31.16,2,0.0,7.79
8580,CA-2016-111605,20211227,20220102,412,977,273,4,2.61,1,0.0,1.2006
8581,CA-2014-130673,20190520,20190522,490,260,570,3,10.332,3,0.6,-5.9409
8582,CA-2014-130673,20190520,20190522,490,1036,570,3,10.368,2,0.2,3.6288
8583,CA-2014-130673,20190520,20190522,490,1579,570,3,20.784,2,0.2,-3.6372
8584,CA-2014-130673,20190520,20190522,490,1310,570,3,66.96,5,0.2,-13.392
8585,CA-2014-104808,20190204,20190208,511,784,49,3,17.248,2,0.2,6.0368
8586,US-2017-132927,20221209,20221215,634,682,483,4,11.088,7,0.7,-8.1312
8587,CA-2017-162015,20220711,20220718,415,1570,69,4,1287.45,5,0.0,244.6155
8588,CA-2017-162015,20220711,20220718,415,442,69,4,168.1,5,0.0,43.706
8589,CA-2015-138492,20200515,20200522,282,1377,484,4,51.968,2,0.2,-10.3936
8590,CA-2017-145338,20220129,20220201,75,543,482,1,4.768,2,0.2,0.4768
8591,CA-2017-126676,20220929,20221001,286,899,399,1,7.98,3,0.0,3.9102
8592,CA-2017-101700,20220423,20220426,706,882,129,1,18.688,2,0.2,7.008
8593,CA-2017-101700,20220423,20220426,706,172,129,1,11.664,3,0.2,3.3534
8594,CA-2017-159667,20221109,20221113,601,1536,163,4,191.976,3,0.2,38.3952
8595,CA-2017-159667,20221109,20221113,601,1832,163,4,499.168,4,0.2,31.198
8596,CA-2014-111934,20190505,20190507,297,821,587,1,11.88,2,0.0,5.346
8597,CA-2014-111934,20190505,20190507,297,1049,587,1,35.44,1,0.0,16.6568
8598,US-2016-117387,20211027,20211031,582,817,100,4,67.136,4,0.2,25.176
8599,CA-2014-141110,20191126,20191201,474,721,51,4,4.32,3,0.2,1.512
8600,CA-2014-141110,20191126,20191201,474,1177,51,4,14.94,3,0.0,7.0218
8601,CA-2014-141110,20191126,20191201,474,390,51,4,40.54,2,0.0,11.3512
8602,CA-2014-141110,20191126,20191201,474,698,51,4,7.312,1,0.2,2.5592
8603,US-2014-133949,20191231,20191231,385,1857,366,2,475.944,7,0.2,59.493
8604,US-2016-116365,20210103,20210108,124,1522,569,4,30.08,2,0.2,-5.264
8605,US-2016-116365,20210103,20210108,124,1545,569,4,165.6,3,0.2,-6.21000000000002
8606,US-2016-116365,20210103,20210108,124,1794,569,4,180.96,5,0.2,13.572
8607,CA-2017-162936,20220818,20220822,158,1566,302,4,23.18,2,0.0,7.6494
8608,CA-2014-151946,20190604,20190609,113,239,408,4,56.96,2,0.0,21.0752
8609,CA-2014-151946,20190604,20190609,113,412,408,4,15.56,4,0.0,4.0456
8610,CA-2014-151946,20190604,20190609,113,29,408,4,353.568,2,0.2,-44.196
8611,CA-2014-151946,20190604,20190609,113,216,408,4,13.96,2,0.0,6.7008
8612,CA-2017-123624,20221113,20221117,684,1475,80,3,82.95,5,0.0,29.0325
8613,CA-2016-146437,20210128,20210201,323,489,67,3,39.68,2,0.0,10.3168
8614,CA-2016-138233,20211109,20211114,590,1515,77,4,479.97,3,0.0,177.5889
8615,CA-2016-165918,20210910,20210914,75,995,604,4,7.38,2,0.0,3.4686
8616,CA-2016-165918,20210910,20210914,75,821,604,4,14.256,3,0.2,4.455
8617,CA-2016-165918,20210910,20210914,75,1021,604,4,81.98,2,0.0,40.1702
8618,CA-2016-165918,20210910,20210914,75,840,604,4,39.624,3,0.2,13.8684
8619,CA-2017-117513,20220303,20220308,112,328,64,4,399.672,7,0.2,-14.9877000000001
8620,CA-2017-132437,20220908,20220913,272,1327,407,3,65.12,4,0.0,16.9312
8621,US-2017-119319,20221106,20221109,455,278,533,3,30.56,5,0.6,-19.864
8622,CA-2017-104318,20220513,20220518,284,386,506,4,20.768,2,0.2,2.3364
8623,US-2016-114230,20211127,20211201,160,1320,16,4,39.808,4,0.2,3.9808
8624,CA-2015-136147,20201113,20201118,289,813,170,4,121.104,6,0.7,-100.92
8625,CA-2015-136147,20201113,20201118,289,1586,170,4,111.96,5,0.2,-1.39950000000001
8626,CA-2015-156118,20201208,20201212,323,1056,124,4,15.696,3,0.2,5.1012
8627,CA-2015-164084,20200907,20200912,24,1397,406,4,70.26,3,0.0,18.9702
8628,CA-2015-164084,20200907,20200912,24,1524,406,4,90.0,5,0.0,16.2
8629,CA-2015-164084,20200907,20200912,24,661,406,4,6.096,2,0.2,2.0574
8630,CA-2015-164084,20200907,20200912,24,357,406,4,481.176,2,0.4,-120.294
8631,CA-2015-164084,20200907,20200912,24,932,406,4,7.24,4,0.0,2.3892
8632,CA-2016-107783,20210728,20210729,581,44,479,1,177.45,5,0.5,-78.078
8633,CA-2016-107783,20210728,20210729,581,658,479,1,1369.764,6,0.7,-913.176
8634,CA-2016-107783,20210728,20210729,581,460,479,1,9.48,3,0.2,0.711
8635,CA-2017-159793,20220825,20220829,721,13,484,4,130.98,2,0.5,-89.0664
8636,CA-2014-160094,20190430,20190502,396,608,273,1,174.95,5,0.0,45.487
8637,CA-2014-160094,20190430,20190502,396,1306,273,1,826.0,5,0.0,214.76
8638,CA-2017-151281,20220427,20220502,330,154,614,4,139.58,7,0.0,39.0824
8639,CA-2017-118346,20220723,20220724,605,1477,623,1,399.95,5,0.0,143.982
8640,CA-2014-129819,20191213,20191215,422,845,272,3,12.39,3,0.0,5.8233
8641,US-2017-148551,20220112,20220116,192,658,533,4,760.98,5,0.8,-1141.47
8642,CA-2017-147767,20221202,20221202,724,706,15,2,67.86,6,0.7,-45.24
8643,CA-2015-108259,20201108,20201115,577,910,430,4,31.504,11,0.2,11.814
8644,CA-2015-108259,20201108,20201115,577,983,430,4,5.04,1,0.2,1.638
8645,CA-2015-108259,20201108,20201115,577,652,430,4,39.879,7,0.7,-29.2446
8646,CA-2015-108259,20201108,20201115,577,138,430,4,4.712,1,0.2,1.4136
8647,CA-2016-113341,20211125,20211129,512,129,66,4,194.352,3,0.2,19.4352
8648,US-2015-131842,20201205,20201208,657,124,514,1,97.424,2,0.2,10.9602
8649,CA-2016-164574,20210729,20210803,645,1404,421,4,704.76,5,0.2,26.4285
8650,CA-2016-164574,20210729,20210803,645,738,421,4,27.396,3,0.7,-20.0904
8651,CA-2014-142769,20190913,20190913,654,912,613,2,5.7,5,0.0,2.679
8652,CA-2014-142769,20190913,20190913,654,202,613,2,14.19,3,0.0,5.5341
8653,CA-2014-142769,20190913,20190913,654,1433,613,2,7.3,2,0.0,2.19
8654,CA-2014-142769,20190913,20190913,654,1504,613,2,199.98,2,0.0,75.9924
8655,CA-2014-142769,20190913,20190913,654,1559,613,2,144.96,4,0.0,60.8832
8656,CA-2014-142769,20190913,20190913,654,1479,613,2,118.0,2,0.0,20.06
8657,CA-2014-142769,20190913,20190913,654,1192,613,2,48.94,1,0.0,24.47
8658,CA-2014-142769,20190913,20190913,654,470,613,2,22.66,2,0.0,9.7438
8659,CA-2016-168361,20210621,20210625,419,792,214,4,0.836,1,0.8,-1.3376
8660,CA-2016-153185,20210903,20210908,513,1161,439,4,30.96,6,0.2,11.223
8661,CA-2017-124765,20221125,20221130,335,38,159,4,723.92,5,0.2,-81.4409999999999
8662,CA-2015-131856,20200512,20200517,366,142,546,4,21.968,4,0.6,-15.9268
8663,CA-2015-131856,20200512,20200517,366,1720,546,4,619.152,6,0.2,69.6546
8664,CA-2015-131856,20200512,20200517,366,1144,546,4,127.904,7,0.2,41.5688
8665,CA-2017-126634,20220330,20220401,9,318,60,3,94.2,5,0.0,39.564
8666,CA-2016-118500,20211117,20211118,326,1449,100,1,49.5,5,0.0,13.365
8667,CA-2016-163951,20211230,20220102,146,616,484,1,16.52,5,0.2,1.652
8668,CA-2016-149916,20211222,20211224,256,802,615,3,55.36,4,0.2,19.376
8669,CA-2016-149916,20211222,20211224,256,1624,615,3,11.56,1,0.2,3.757
8670,CA-2015-158918,20201220,20201225,36,1284,67,3,17.12,4,0.0,7.704
8671,US-2014-159611,20191227,20200101,416,313,440,3,182.352,3,0.2,-18.2352
8672,US-2014-159611,20191227,20200101,416,1381,440,3,118.16,2,0.2,-25.109
8673,CA-2017-163265,20220216,20220221,410,942,217,4,18.368,2,0.2,6.1992
8674,CA-2017-163265,20220216,20220221,410,119,217,4,600.558,3,0.3,-8.57940000000008
8675,CA-2017-163265,20220216,20220221,410,1311,217,4,50.352,3,0.2,-8.18220000000001
8676,CA-2017-163265,20220216,20220221,410,613,217,4,28.032,6,0.2,3.504
8677,CA-2017-163265,20220216,20220221,410,296,217,4,7.692,1,0.6,-3.6537
8678,CA-2017-141705,20221024,20221026,603,372,556,1,517.405,5,0.3,-81.3065
8679,CA-2016-112739,20210902,20210907,635,684,547,3,8.608,8,0.8,-13.3424
8680,CA-2016-112739,20210902,20210907,635,1506,547,3,159.56,5,0.2,33.9065
8681,CA-2016-143805,20211201,20211203,350,440,593,3,2104.55,7,0.0,694.5015
8682,CA-2016-143805,20211201,20211203,350,1454,593,3,40.7,5,0.0,11.803
8683,CA-2014-133634,20191105,20191110,713,1534,587,4,47.79,3,0.0,16.2486
8684,CA-2017-101665,20221125,20221201,775,551,100,4,5.16,2,0.0,1.3416
8685,CA-2016-155446,20211216,20211223,756,1497,95,4,21.21,7,0.0,4.4541
8686,CA-2017-137323,20221114,20221118,614,1406,415,3,96.36,6,0.0,25.0536
8687,CA-2016-144015,20210626,20210626,29,1445,67,2,231.72,2,0.0,11.586
8688,CA-2016-144015,20210626,20210626,29,910,67,2,17.9,5,0.0,8.95
8689,CA-2016-144015,20210626,20210626,29,1190,67,2,12.48,2,0.0,5.616
8690,CA-2014-101427,20191226,20191230,63,549,484,4,8.016,3,0.2,1.1022
8691,CA-2016-136770,20210814,20210818,709,1814,437,4,259.896,2,0.4,-56.3108
8692,CA-2016-136770,20210814,20210818,709,1729,437,4,247.188,2,0.4,-49.4376
8693,CA-2016-136770,20210814,20210818,709,1470,437,4,279.96,5,0.2,48.993
8694,CA-2016-118311,20211024,20211028,256,1480,99,4,450.0,5,0.0,162.0
8695,US-2014-112795,20190823,20190828,168,1139,312,3,19.44,3,0.0,9.5256
8696,CA-2017-127096,20220915,20220917,178,356,98,3,300.904,1,0.2,11.2839
8697,CA-2017-119284,20220615,20220620,763,1711,514,4,239.976,3,0.2,26.9973
8698,CA-2017-119284,20220615,20220620,763,298,514,4,31.168,4,0.2,9.3504
8699,CA-2017-119284,20220615,20220620,763,364,514,4,120.96,2,0.4,-28.224
8700,CA-2017-119284,20220615,20220620,763,1699,514,4,2239.936,8,0.2,223.9936
8701,CA-2017-119284,20220615,20220620,763,463,514,4,76.608,8,0.2,6.7032
8702,CA-2017-119284,20220615,20220620,763,1343,514,4,142.776,1,0.2,17.847
8703,CA-2017-119284,20220615,20220620,763,1041,514,4,91.36,5,0.2,29.692
8704,CA-2015-133494,20200301,20200305,654,439,482,4,3.552,2,0.2,0.444
8705,CA-2016-111318,20210723,20210726,337,1833,546,1,115.136,8,0.2,11.5136
8706,US-2014-132745,20191001,20191005,562,904,366,4,4.71,1,0.0,0.0
8707,CA-2014-146815,20190908,20190913,607,123,405,4,172.764,2,0.1,13.4372
8708,CA-2014-146815,20190908,20190913,607,581,405,4,3.52,2,0.0,1.6896
8709,CA-2014-119144,20191116,20191118,353,1836,65,1,79.968,4,0.2,-17.9928
8710,CA-2014-119144,20191116,20191118,353,40,65,1,305.9745,3,0.15,25.1979
8711,CA-2014-119144,20191116,20191118,353,1326,65,1,344.91,3,0.0,10.3473
8712,CA-2014-105648,20190303,20190307,265,351,96,4,626.352,3,0.2,-23.4882000000001
8713,US-2015-145422,20201203,20201207,615,19,99,4,359.499,3,0.15,-29.6058
8714,CA-2017-136623,20220711,20220716,766,1679,97,4,71.952,6,0.2,5.3964
8715,CA-2017-136623,20220711,20220716,766,788,97,4,29.8,5,0.2,9.3125
8716,CA-2017-121678,20221116,20221120,93,758,444,3,1.824,1,0.7,-1.3984
8717,CA-2016-120824,20210612,20210616,62,401,547,3,64.384,4,0.8,-160.96
8718,CA-2016-120824,20210612,20210616,62,182,547,3,6.984,2,0.6,-4.5396
8719,CA-2016-120824,20210612,20210616,62,581,547,3,11.264,8,0.2,3.9424
8720,CA-2016-120824,20210612,20210616,62,1032,547,3,15.552,3,0.2,5.6376
8721,CA-2016-120824,20210612,20210616,62,53,547,3,379.372,2,0.3,-119.2312
8722,CA-2016-120824,20210612,20210616,62,1375,547,3,67.536,9,0.2,6.7536
8723,CA-2016-120824,20210612,20210616,62,696,547,3,1.524,2,0.8,-2.667
8724,US-2016-135209,20211229,20211231,510,1196,170,3,37.408,7,0.2,13.0928
8725,US-2016-135209,20211229,20211231,510,1024,170,3,25.344,6,0.2,8.8704
8726,CA-2017-148145,20220318,20220323,726,596,615,4,46.2,4,0.0,21.252
8727,CA-2015-103870,20201227,20201231,710,1529,513,4,4.728,3,0.2,0.7092
8728,CA-2015-103870,20201227,20201231,710,209,513,4,53.352,3,0.2,16.0056
8729,CA-2015-103870,20201227,20201231,710,25,513,4,131.104,2,0.2,8.194
8730,CA-2015-103870,20201227,20201231,710,1375,513,4,22.512,3,0.2,2.2512
8731,CA-2015-103870,20201227,20201231,710,1579,513,4,72.744,7,0.2,-12.7302
8732,CA-2015-111017,20200731,20200806,678,1442,351,4,52.59,3,0.0,15.777
8733,CA-2017-116988,20220627,20220629,614,1236,614,3,19.44,3,0.0,9.3312
8734,CA-2017-116988,20220627,20220629,614,180,614,3,126.3,3,0.0,40.416
8735,CA-2017-116988,20220627,20220629,614,1570,614,3,1287.45,5,0.0,244.6155
8736,US-2014-169390,20190207,20190210,176,1349,407,3,64.96,4,0.0,9.744
8737,CA-2016-168774,20210904,20210909,655,1343,340,4,535.41,3,0.0,160.623
8738,CA-2017-161592,20220406,20220410,175,783,503,4,8.1,5,0.7,-5.94
8739,US-2017-131961,20221208,20221211,517,619,484,1,13.248,4,0.2,3.6432
8740,US-2017-131961,20221208,20221211,517,1748,484,1,83.988,2,0.4,-20.997
8741,CA-2016-102498,20210724,20210725,366,620,279,1,73.2,5,0.0,21.228
8742,CA-2015-113222,20201109,20201109,26,715,248,2,10.74,3,0.0,5.1552
8743,US-2015-144771,20201002,20201004,148,160,470,1,11.032,1,0.2,3.0338
8744,US-2015-144771,20201002,20201004,148,1525,470,1,53.04,3,0.2,-4.641
8745,CA-2015-162376,20201122,20201125,319,568,293,3,17.12,4,0.0,4.9648
8746,CA-2015-162376,20201122,20201125,319,1038,293,3,59.94,3,0.0,28.1718
8747,CA-2017-128076,20220202,20220207,97,150,97,4,210.58,2,0.0,12.6348
8748,CA-2017-128076,20220202,20220207,97,779,97,4,30.96,2,0.2,10.062
8749,CA-2017-128076,20220202,20220207,97,1640,97,4,239.984,2,0.2,38.9974
8750,US-2015-163825,20200616,20200619,452,777,405,1,3050.376,3,0.2,1143.891
8751,US-2015-163825,20200616,20200619,452,1859,405,1,133.98,2,0.0,33.495
8752,CA-2016-105662,20210505,20210509,624,1082,185,4,93.248,4,0.2,31.4712
8753,CA-2016-105662,20210505,20210509,624,1715,185,4,177.48,3,0.2,19.9665
8754,CA-2017-152198,20220909,20220910,351,953,459,1,17.712,6,0.2,5.9778
8755,CA-2017-152198,20220909,20220910,351,783,459,1,4.86,3,0.7,-3.564
8756,CA-2017-152198,20220909,20220910,351,702,459,1,6.258,2,0.7,-5.215
8757,CA-2016-114307,20210722,20210726,501,423,286,4,37.68,2,0.0,10.5504
8758,CA-2016-114307,20210722,20210726,501,1252,286,4,51.84,8,0.0,24.8832
8759,CA-2016-114307,20210722,20210726,501,169,286,4,27.42,3,0.0,9.3228
8760,CA-2016-114307,20210722,20210726,501,721,286,4,5.4,3,0.0,2.592
8761,CA-2016-159891,20210131,20210206,83,777,190,4,1270.99,1,0.0,635.495
8762,CA-2016-159891,20210131,20210206,83,897,190,4,125.36,8,0.0,58.9192
8763,CA-2016-112578,20211229,20220102,290,1402,91,4,14.03,1,0.0,4.0687
8764,CA-2016-112578,20211229,20220102,290,1441,91,4,27.96,2,0.0,7.2696
8765,CA-2015-107083,20201121,20201127,66,549,538,4,5.344,2,0.2,0.734799999999999
8766,CA-2015-107083,20201121,20201127,66,664,538,4,1.696,2,0.8,-2.544
8767,CA-2015-107083,20201121,20201127,66,461,538,4,24.588,3,0.8,-67.617
8768,CA-2015-107083,20201121,20201127,66,730,538,4,7.98,5,0.8,-13.167
8769,CA-2015-151722,20201005,20201009,337,1480,441,4,288.0,4,0.2,57.6
8770,CA-2016-151148,20210912,20210913,605,1746,132,2,146.952,3,0.2,9.18449999999999
8771,CA-2016-151148,20210912,20210913,605,86,132,2,83.136,4,0.2,5.196
8772,CA-2017-115882,20220914,20220917,197,430,432,1,942.784,4,0.2,94.2784
8773,CA-2017-115882,20220914,20220917,197,1085,432,1,74.352,3,0.2,23.235
8774,CA-2015-132276,20200223,20200228,454,392,407,4,26.88,6,0.0,6.72
8775,CA-2015-132276,20200223,20200228,454,761,407,4,10.896,2,0.2,3.8136
8776,CA-2016-163636,20211205,20211209,535,523,214,3,3.536,2,0.2,0.3094
8777,CA-2016-102813,20210702,20210703,246,60,549,1,528.43,5,0.3,0.0
8778,CA-2016-102813,20210702,20210703,246,1054,549,1,41.472,8,0.2,14.5152
8779,CA-2017-135377,20221213,20221218,100,40,407,4,287.976,3,0.2,7.19939999999997
8780,CA-2015-165813,20200320,20200322,94,1410,474,3,29.304,3,0.2,2.5641
8781,CA-2015-133585,20200301,20200304,164,592,547,1,55.328,2,0.2,6.2244
8782,CA-2015-133585,20200301,20200304,164,14,547,1,1227.9984,6,0.32,-36.1176000000002
8783,CA-2016-116911,20210915,20210920,353,688,205,4,20.416,4,0.2,6.6352
8784,CA-2016-116911,20210915,20210920,353,356,205,4,1128.39,3,0.0,259.5297
8785,US-2017-129224,20220317,20220323,58,987,510,4,4.608,2,0.2,1.6704
8786,CA-2017-145765,20220528,20220602,155,1719,16,4,195.96,5,0.2,19.596
8787,CA-2017-145765,20220528,20220602,155,1109,16,4,15.552,3,0.2,5.4432
8788,CA-2017-145765,20220528,20220602,155,1478,16,4,271.968,4,0.2,54.3936
8789,CA-2017-126914,20220615,20220619,356,63,431,4,698.352,3,0.2,52.3764
8790,CA-2017-126914,20220615,20220619,356,4,431,4,77.728,2,0.2,-3.88639999999999
8791,CA-2015-169572,20200906,20200912,24,749,593,4,46.62,9,0.0,21.4452
8792,CA-2017-162075,20220318,20220324,771,1732,546,4,537.544,7,0.2,47.0351
8793,CA-2014-162992,20191219,20191221,100,970,65,1,14.62,2,0.0,6.8714
8794,CA-2014-162992,20191219,20191221,100,939,65,1,22.55,5,0.0,8.7945
8795,CA-2014-162992,20191219,20191221,100,1749,65,1,583.8,5,0.2,72.9749999999999
8796,CA-2014-162992,20191219,20191221,100,1754,65,1,211.168,4,0.2,15.8376
8797,CA-2016-106397,20210707,20210713,517,1219,580,4,12.96,2,0.0,6.2208
8798,CA-2016-106397,20210707,20210713,517,624,580,4,45.98,2,0.0,12.8744
8799,US-2016-150140,20210406,20210410,781,1776,585,4,1294.75,5,0.0,336.635
8800,CA-2014-116666,20190508,20190510,445,1605,483,1,1799.97,5,0.4,239.996
8801,CA-2017-148992,20221123,20221127,176,1259,214,4,10.688,2,0.2,3.7408
8802,CA-2016-140935,20211110,20211112,5,1700,466,1,221.98,2,0.0,62.1544
8803,CA-2016-140935,20211110,20211112,5,39,466,1,341.96,2,0.0,54.7136
8804,CA-2014-157644,20191231,20200101,28,1566,408,1,34.77,3,0.0,11.4741
8805,CA-2014-157644,20191231,20200101,28,986,408,1,18.9,3,0.0,8.694
8806,US-2017-100398,20220819,20220823,228,728,583,4,102.72,3,0.2,37.236
8807,CA-2016-113082,20210912,20210916,490,237,414,4,40.48,2,0.0,14.5728
8808,US-2017-110646,20221026,20221031,359,819,483,4,33.282,3,0.7,-27.735
8809,US-2017-110646,20221026,20221031,359,1788,483,4,118.65,5,0.4,19.775
8810,US-2017-110646,20221026,20221031,359,964,483,4,14.76,5,0.2,4.9815
8811,CA-2017-120614,20220530,20220604,703,1283,64,4,37.52,4,0.0,18.0096
8812,US-2016-140172,20210308,20210313,709,462,314,4,207.144,3,0.1,48.3336
8813,US-2016-140172,20210308,20210313,709,560,314,4,13.9,5,0.0,3.753
8814,CA-2015-127754,20200726,20200731,151,102,13,4,266.352,3,0.2,13.3176
8815,CA-2015-144274,20201123,20201125,615,1797,149,3,307.98,2,0.0,89.3142
8816,CA-2015-144274,20201123,20201125,615,1112,149,3,44.1,6,0.0,20.727
8817,CA-2015-144274,20201123,20201125,615,536,149,3,13.12,4,0.0,5.6416
8818,CA-2015-144274,20201123,20201125,615,884,149,3,16.56,2,0.0,7.7832
8819,CA-2015-144274,20201123,20201125,615,1219,149,3,38.88,6,0.0,18.6624
8820,CA-2015-142930,20201128,20201202,254,1217,520,4,335.52,4,0.2,117.432
8821,CA-2017-100622,20221103,20221107,214,1611,174,4,959.984,2,0.2,311.9948
8822,CA-2017-100622,20221103,20221107,214,761,174,4,4.086,2,0.7,-2.9964
8823,CA-2017-100622,20221103,20221107,214,608,174,4,55.984,2,0.2,4.1988
8824,CA-2017-100622,20221103,20221107,214,1193,174,4,10.688,2,0.2,3.7408
8825,CA-2017-117156,20220321,20220323,732,889,486,3,8.856,3,0.2,2.8782
8826,CA-2015-115399,20201219,20201222,27,987,483,1,6.912,3,0.2,2.5056
8827,US-2014-157847,20190402,20190406,668,1196,548,3,26.72,5,0.2,9.352
8828,US-2014-157847,20190402,20190406,668,1113,548,3,33.488,7,0.2,10.465
8829,CA-2015-115168,20200605,20200609,66,1055,350,4,10.56,2,0.0,4.752
8830,CA-2014-109680,20191006,20191009,784,1357,245,1,386.34,2,0.0,54.0876
8831,CA-2016-167983,20210821,20210824,653,792,615,3,33.44,10,0.2,11.704
8832,CA-2015-145324,20201115,20201119,207,236,591,4,39.96,2,0.0,14.3856
8833,CA-2015-153423,20200622,20200627,728,658,411,4,1217.568,2,0.2,456.588
8834,US-2017-132675,20220924,20220928,428,1419,196,4,15.51,1,0.0,3.8775
8835,US-2017-132675,20220924,20220928,428,1801,196,4,89.9,2,0.0,25.172
8836,US-2017-132675,20220924,20220928,428,490,196,4,14.28,4,0.0,3.7128
8837,US-2017-132675,20220924,20220928,428,474,196,4,12.72,3,0.0,4.9608
8838,US-2017-132675,20220924,20220928,428,996,196,4,15.75,5,0.0,7.56
8839,CA-2014-153808,20190406,20190410,284,528,64,3,70.95,3,0.0,18.447
8840,CA-2014-153808,20190406,20190410,284,748,64,3,65.568,2,0.2,23.7684
8841,CA-2014-153808,20190406,20190410,284,1577,64,3,299.97,3,0.0,131.9868
8842,US-2016-112396,20210209,20210213,405,1567,99,4,89.97,3,0.0,39.5868
8843,US-2016-112396,20210209,20210213,405,1593,99,4,31.86,2,0.0,11.151
8844,CA-2014-141173,20191118,20191120,348,1322,334,3,67.15,5,0.0,16.7875
8845,CA-2017-156664,20221218,20221223,104,812,441,4,7.236,3,0.7,-6.03
8846,CA-2017-156664,20221218,20221223,104,930,441,4,4.824,3,0.2,1.7487
8847,CA-2017-156664,20221218,20221223,104,1158,441,4,91.36,5,0.2,29.692
8848,CA-2017-156664,20221218,20221223,104,465,441,4,130.112,2,0.2,13.0112
8849,CA-2015-140718,20200702,20200704,280,1811,432,1,74.24,1,0.2,8.35199999999999
8850,CA-2015-140718,20200702,20200704,280,140,432,1,159.84,10,0.2,45.954
8851,CA-2015-140718,20200702,20200704,280,836,432,1,2.892,2,0.7,-2.3136
8852,CA-2015-140718,20200702,20200704,280,1162,432,1,9.392,2,0.2,3.2872
8853,CA-2014-119977,20191008,20191013,227,1234,406,3,123.92,4,0.0,55.764
8854,US-2015-115343,20200922,20200925,290,1426,485,1,55.6,5,0.2,6.25499999999999
8855,US-2015-115343,20200922,20200925,290,1570,485,1,617.976,3,0.2,-7.7247000000001
8856,CA-2017-163671,20221224,20221230,231,707,203,4,21.312,3,0.2,7.992
8857,CA-2017-135909,20221013,20221020,411,1527,91,4,209.94,6,0.0,39.8886
8858,CA-2017-135909,20221013,20221020,411,1803,91,4,31.984,2,0.2,-7.996
8859,CA-2017-135909,20221013,20221020,411,777,91,4,5083.96,5,0.2,1906.485
8860,US-2017-114356,20220820,20220826,773,1801,421,4,35.96,1,0.2,3.596
8861,CA-2015-125934,20200911,20200918,704,952,384,4,31.05,3,0.0,14.904
8862,CA-2015-125934,20200911,20200918,704,212,384,4,8.92,4,0.0,3.9248
8863,CA-2015-125934,20200911,20200918,704,830,384,4,209.6,4,0.0,96.416
8864,CA-2015-125934,20200911,20200918,704,455,384,4,111.04,4,0.0,29.9808
8865,CA-2015-125934,20200911,20200918,704,1059,384,4,38.88,6,0.0,18.6624
8866,CA-2015-158148,20201220,20201226,395,448,587,4,36.27,3,0.0,10.881
8867,CA-2014-120411,20190920,20190923,666,41,215,1,493.43,5,0.3,-70.49
8868,CA-2014-120411,20190920,20190923,666,1759,215,1,11.12,2,0.2,3.475
8869,CA-2016-158260,20211104,20211108,134,1654,96,4,686.4,2,0.2,77.2199999999999
8870,CA-2017-101805,20221201,20221206,692,720,614,4,15.92,5,0.2,5.373
8871,CA-2017-101805,20221201,20221206,692,138,614,4,70.68,12,0.0,31.0992
8872,CA-2017-101805,20221201,20221206,692,1380,614,4,541.24,4,0.0,5.41240000000005
8873,US-2014-105137,20191010,20191010,623,1645,441,2,101.994,2,0.7,-71.3958
8874,US-2014-105137,20191010,20191010,623,738,441,2,18.264,2,0.7,-13.3936
8875,CA-2017-142489,20221114,20221116,744,785,548,3,21.99,5,0.8,-32.985
8876,US-2016-141264,20210813,20210819,182,1445,550,4,185.376,2,0.2,-34.758
8877,US-2016-141264,20210813,20210819,182,430,550,4,58.924,1,0.8,-153.2024
8878,CA-2017-126928,20220917,20220923,315,1677,380,4,480.0,4,0.0,225.6
8879,CA-2017-126928,20220917,20220923,315,1308,380,4,34.05,3,0.0,9.534
8880,US-2015-107944,20200323,20200325,41,1065,65,1,192.72,11,0.0,92.5056
8881,US-2015-107944,20200323,20200325,41,1477,65,1,239.97,3,0.0,86.3892
8882,CA-2016-135594,20210630,20210703,30,1549,207,3,50.12,7,0.2,-0.626500000000007
8883,US-2017-115252,20221020,20221025,550,1829,423,4,15.984,2,0.2,1.3986
8884,US-2017-115252,20221020,20221025,550,1118,423,4,14.352,3,0.2,4.485
8885,CA-2014-107398,20190825,20190830,107,718,441,4,6.528,4,0.7,-4.5696
8886,CA-2014-107398,20190825,20190830,107,809,441,4,2.862,3,0.7,-2.2896
8887,CA-2014-107398,20190825,20190830,107,727,441,4,20.856,8,0.7,-16.6848
8888,CA-2014-169642,20190727,20190730,65,1376,67,3,276.28,2,0.0,0.0
8889,CA-2017-103968,20221201,20221207,522,257,109,4,629.64,9,0.0,107.0388
8890,CA-2016-147256,20211017,20211021,281,1798,345,3,449.97,3,0.0,220.4853
8891,CA-2016-147256,20211017,20211021,281,443,345,3,1927.59,7,0.0,751.7601
8892,CA-2016-162159,20210916,20210918,168,66,191,1,121.78,2,0.0,30.445
8893,CA-2015-111038,20201201,20201206,454,117,96,4,2676.672,9,0.2,267.6672
8894,CA-2014-124723,20190805,20190812,315,327,571,4,489.23,2,0.3,41.934
8895,CA-2016-167241,20210815,20210822,68,289,64,4,312.03,3,0.0,43.6842
8896,CA-2016-167241,20210815,20210822,68,1345,64,4,17.94,3,0.0,3.0498
8897,CA-2016-167241,20210815,20210822,68,1848,64,4,165.6,3,0.2,10.35
8898,CA-2016-167241,20210815,20210822,68,1283,64,4,37.52,4,0.0,18.0096
8899,CA-2015-163237,20200807,20200809,272,1816,595,3,494.97,3,0.0,148.491
8900,CA-2015-163237,20200807,20200809,272,1009,595,3,25.06,2,0.0,11.7782
8901,CA-2016-150483,20210531,20210604,104,181,217,4,32.064,3,0.6,-12.8256
8902,CA-2016-150483,20210531,20210604,104,1135,217,4,18.496,4,0.2,6.7048
8903,CA-2016-150483,20210531,20210604,104,55,217,4,191.079,3,0.3,-38.2158
8904,CA-2016-150483,20210531,20210604,104,1275,217,4,10.368,2,0.2,3.6288
8905,US-2016-126431,20210701,20210701,720,965,405,2,30.53,1,0.0,14.0438
8906,US-2016-126431,20210701,20210701,720,1505,405,2,30.84,3,0.0,6.168
8907,US-2016-126431,20210701,20210701,720,1142,405,2,75.06,9,0.0,33.777
8908,CA-2016-139934,20211218,20211220,63,1731,99,1,66.976,7,0.2,6.6976
8909,CA-2015-109603,20200126,20200201,269,1232,74,4,182.72,8,0.0,84.0512
8910,CA-2017-160661,20221028,20221101,664,980,294,4,21.93,3,0.0,10.3071
8911,CA-2017-102610,20221104,20221108,123,1466,503,4,95.976,3,0.2,15.5961
8912,CA-2017-102610,20221104,20221108,123,1682,503,4,143.928,9,0.2,-32.3838
8913,CA-2017-102610,20221104,20221108,123,821,503,4,3.564,2,0.7,-2.97
8914,CA-2017-102610,20221104,20221108,123,974,503,4,4.928,2,0.2,1.7248
8915,US-2016-144057,20210509,20210513,184,1343,520,4,856.656,6,0.2,107.082
8916,US-2016-144057,20210509,20210513,184,753,520,4,13.184,4,0.8,-20.4352
8917,US-2016-144057,20210509,20210513,184,387,520,4,48.784,4,0.8,-131.7168
8918,US-2016-144057,20210509,20210513,184,1260,520,4,76.64,2,0.2,26.824
8919,US-2016-144057,20210509,20210513,184,734,520,4,18.528,6,0.8,-27.792
8920,CA-2014-160276,20190402,20190408,35,250,597,4,177.68,2,0.0,46.1968
8921,CA-2014-132983,20190428,20190503,237,1477,400,4,159.98,2,0.0,57.5928
8922,CA-2016-145709,20211004,20211008,35,1800,154,4,52.68,3,0.2,19.755
8923,CA-2016-145709,20211004,20211008,35,240,154,4,11.568,3,0.2,2.6028
8924,CA-2017-133928,20220611,20220617,792,696,429,4,4.572,4,0.7,-3.81
8925,CA-2016-168032,20210130,20210203,204,1837,234,4,1439.968,4,0.2,143.9968
8926,CA-2016-168032,20210130,20210203,204,659,234,4,1.728,3,0.8,-2.6784
8927,CA-2016-168032,20210130,20210203,204,367,234,4,626.1,3,0.5,-538.446
8928,CA-2015-143616,20200927,20200929,714,544,613,3,99.2,5,0.0,25.792
8929,US-2015-168704,20200413,20200417,291,322,549,4,609.98,4,0.3,-113.282
8930,US-2015-168704,20200413,20200417,291,343,549,4,211.372,2,0.3,-45.294
8931,US-2015-168704,20200413,20200417,291,1712,549,4,239.976,3,0.2,17.9982
8932,CA-2017-143252,20221218,20221224,320,174,626,4,99.95,5,0.0,22.9885
8933,CA-2017-143252,20221218,20221224,320,1526,626,4,29.34,3,0.0,10.8558
8934,CA-2016-102134,20210314,20210319,707,269,622,4,16.74,2,0.0,4.3524
8935,CA-2017-130036,20220827,20220827,102,1055,482,2,12.672,3,0.2,3.96
8936,CA-2017-130036,20220827,20220827,102,1511,482,2,1119.888,14,0.2,209.979
8937,CA-2015-134117,20201217,20201219,593,605,65,3,204.85,5,0.0,53.261
8938,CA-2015-134117,20201217,20201219,593,1857,65,3,135.984,2,0.2,16.998
8939,CA-2015-134117,20201217,20201219,593,536,65,3,16.4,5,0.0,7.052
8940,CA-2015-134117,20201217,20201219,593,722,65,3,92.96,2,0.2,31.374
8941,CA-2014-130918,20190822,20190824,401,1447,173,3,7.632,3,0.2,-1.8126
8942,CA-2016-159023,20211103,20211105,578,750,472,1,4.158,7,0.7,-3.465
8943,CA-2016-159023,20211103,20211105,578,1659,472,1,179.991,3,0.7,-251.9874
8944,CA-2017-111717,20221010,20221016,725,72,207,4,239.358,3,0.3,-47.8716
8945,CA-2014-154592,20191207,20191208,261,1019,98,1,164.88,3,0.0,80.7912
8946,CA-2014-128622,20191115,20191117,672,1433,99,3,10.95,3,0.0,3.285
8947,CA-2017-148355,20221224,20221228,557,1146,302,4,19.44,3,0.0,9.3312
8948,CA-2017-148355,20221224,20221228,557,646,302,4,12.3,5,0.0,6.15
8949,CA-2014-132913,20191224,20191226,53,447,96,1,13.97,1,0.0,3.6322
8950,CA-2017-150910,20221222,20221228,384,350,508,4,934.956,6,0.4,-249.3216
8951,CA-2017-150910,20221222,20221228,384,1485,508,4,46.864,2,0.2,7.61539999999999
8952,CA-2017-150910,20221222,20221228,384,1323,508,4,26.16,3,0.2,1.962
8953,CA-2017-150910,20221222,20221228,384,517,508,4,23.128,7,0.2,2.891
8954,CA-2017-150910,20221222,20221228,384,446,508,4,59.24,5,0.2,16.291
8955,CA-2014-156790,20190808,20190810,779,4,163,3,155.456,4,0.2,-7.77279999999999
8956,CA-2014-126480,20190920,20190924,323,1274,95,4,8.56,2,0.0,3.852
8957,CA-2017-105620,20221225,20221228,369,317,160,1,21.0,3,0.2,5.775
8958,CA-2017-105620,20221225,20221228,369,1677,160,1,120.0,2,0.5,-7.2
8959,CA-2017-150266,20221125,20221130,652,1808,547,4,299.96,5,0.2,37.495
8960,CA-2017-150266,20221125,20221130,652,437,547,4,67.84,5,0.8,-179.776
8961,CA-2017-150266,20221125,20221130,652,85,547,4,853.93,5,0.3,-24.3979999999999
8962,CA-2017-150266,20221125,20221130,652,529,547,4,18.688,4,0.2,3.7376
8963,CA-2016-157280,20211105,20211107,481,305,597,1,273.96,2,0.0,71.2296
8964,CA-2016-157280,20211105,20211107,481,1460,597,1,89.97,3,0.0,18.8937
8965,CA-2016-157280,20211105,20211107,481,274,597,1,756.8,5,0.0,75.68
8966,CA-2017-106691,20221106,20221112,132,644,547,4,1.248,2,0.8,-1.9344
8967,CA-2016-134180,20211103,20211107,402,1480,482,4,72.0,1,0.2,14.4
8968,CA-2016-134180,20211103,20211107,402,134,482,4,470.155,7,0.3,-13.433
8969,CA-2014-166730,20191230,20200101,202,1374,512,1,39.128,1,0.2,-8.8038
8970,CA-2017-157469,20221202,20221207,279,526,449,4,19.728,9,0.2,1.7262
8971,CA-2017-157469,20221202,20221207,279,1844,449,4,151.188,2,0.4,-25.198
8972,CA-2017-122308,20220324,20220328,545,60,406,4,271.764,2,0.1,60.392
8973,US-2014-149034,20191119,20191121,636,1546,482,1,47.496,1,0.2,-1.1874
8974,CA-2017-159226,20220425,20220427,648,48,65,3,344.981,7,0.15,28.4102
8975,CA-2017-156622,20221123,20221126,400,1050,534,1,36.288,7,0.2,12.7008
8976,CA-2017-156622,20221123,20221126,400,1192,534,1,78.304,2,0.2,29.364
8977,CA-2017-156622,20221123,20221126,400,352,534,1,127.785,1,0.3,-31.0335
8978,CA-2017-156622,20221123,20221126,400,787,534,1,6.104,2,0.8,-9.156
8979,CA-2014-119529,20191103,20191105,225,659,382,3,5.76,2,0.0,2.8224
8980,CA-2015-150413,20201019,20201024,172,655,534,3,1.72,1,0.8,-2.838
8981,CA-2014-108182,20190206,20190210,220,687,235,3,8.952,2,0.8,-14.7708
8982,CA-2016-110898,20210306,20210312,451,412,214,4,2.334,3,0.8,-6.3018
8983,CA-2016-110898,20210306,20210312,451,834,214,4,1.728,4,0.8,-2.7648
8984,CA-2016-110898,20210306,20210312,451,271,214,4,159.04,5,0.6,-194.824
8985,CA-2016-110898,20210306,20210312,451,323,214,4,145.98,2,0.5,-99.2664
8986,CA-2015-123092,20201203,20201207,365,146,430,4,77.952,3,0.2,12.6672
8987,CA-2015-123092,20201203,20201207,365,708,430,4,95.97,5,0.7,-73.577
8988,CA-2015-123092,20201203,20201207,365,1738,430,4,105.584,2,0.2,9.23860000000001
8989,CA-2015-123092,20201203,20201207,365,613,430,4,9.344,2,0.2,1.168
8990,US-2015-128587,20201224,20201230,329,245,353,4,9.68,2,0.0,3.7752
8991,US-2015-128587,20201224,20201230,329,1612,353,4,4899.93,7,0.0,2302.9671
8992,US-2017-139577,20221001,20221006,756,1592,99,4,104.75,5,0.0,21.9975
8993,CA-2017-159100,20221016,20221021,784,1563,505,4,18.528,2,0.2,4.4004
8994,CA-2017-159100,20221016,20221021,784,339,505,4,1875.258,7,0.4,-968.8833
8995,CA-2014-109043,20190815,20190817,177,1041,161,1,91.36,5,0.2,29.692
8996,CA-2014-109043,20190815,20190817,177,469,161,1,152.24,5,0.2,17.127
8997,US-2017-116491,20221111,20221113,592,1844,532,1,35.184,2,0.2,12.3144
8998,CA-2017-122763,20220320,20220320,322,1049,546,2,56.704,2,0.2,19.1376
8999,CA-2017-122763,20220320,20220320,322,1169,546,2,274.064,7,0.2,102.774
9000,CA-2017-137785,20220513,20220517,516,71,484,4,458.43,5,0.3,-124.431
9001,CA-2014-133389,20190622,20190622,736,698,16,2,8.226,3,0.7,-6.0324
9002,CA-2014-103807,20191202,20191209,269,1464,196,4,5.95,1,0.0,0.833
9003,CA-2014-103807,20191202,20191209,269,1157,196,4,15.24,3,0.0,7.1628
9004,CA-2015-102855,20200405,20200406,362,1507,616,2,239.94,6,0.0,26.3934
9005,CA-2015-102855,20200405,20200406,362,555,616,2,23.84,8,0.0,6.4368
9006,CA-2017-107825,20221118,20221118,554,1335,626,2,92.52,6,0.0,24.9804
9007,CA-2017-107825,20221118,20221118,554,1318,626,2,37.76,1,0.0,10.5728
9008,CA-2017-107825,20221118,20221118,554,995,626,2,7.38,2,0.0,3.4686
9009,CA-2017-107825,20221118,20221118,554,144,626,2,5.82,2,0.0,2.7354
9010,CA-2017-106047,20220712,20220718,172,1074,445,4,3.816,1,0.2,1.1925
9011,CA-2017-127803,20220519,20220523,560,714,5,4,26.16,4,0.0,12.8184
9012,CA-2015-137071,20201220,20201221,256,1580,545,1,100.8,2,0.2,21.42
9013,CA-2016-121447,20210221,20210222,246,198,406,1,135.8,7,0.0,66.542
9014,CA-2017-143084,20220318,20220322,99,560,65,4,13.9,5,0.0,3.753
9015,CA-2017-143084,20220318,20220322,99,881,65,4,19.4,5,0.0,9.312
9016,CA-2016-131639,20211217,20211223,577,704,390,4,13.488,2,0.2,4.3836
9017,CA-2016-131639,20211217,20211223,577,671,390,4,11.416,1,0.2,3.8529
9018,CA-2016-161361,20210326,20210328,545,1134,204,3,17.64,3,0.0,8.6436
9019,CA-2016-161361,20210326,20210328,545,731,204,3,17.04,3,0.2,5.538
9020,CA-2014-100706,20191216,20191218,459,1494,595,3,99.98,2,0.0,7.99839999999999
9021,CA-2014-100706,20191216,20191218,459,219,595,3,29.46,6,0.0,9.7218
9022,CA-2015-129525,20201115,20201120,784,728,459,4,166.92,13,0.7,-116.844
9023,US-2016-141880,20210822,20210823,745,207,128,1,98.328,3,0.2,9.83280000000001
9024,CA-2015-165799,20200629,20200702,689,71,407,1,117.882,1,0.1,1.3098
9025,CA-2016-102127,20210626,20210702,784,1517,408,4,20.97,3,0.0,9.0171
9026,CA-2016-102127,20210626,20210702,784,1469,408,4,139.96,4,0.0,9.7972
9027,CA-2016-102127,20210626,20210702,784,282,408,4,37.74,3,0.0,12.8316
9028,US-2016-152415,20210917,20210922,604,232,301,4,14.82,3,0.0,6.2244
9029,US-2016-152415,20210917,20210922,604,312,301,4,191.82,3,0.0,61.3824
9030,CA-2014-138198,20190718,20190723,384,727,404,4,13.904,2,0.2,4.5188
9031,CA-2017-128041,20220901,20220901,661,396,613,2,314.6,4,0.0,103.818
9032,CA-2017-128041,20220901,20220901,661,345,613,2,283.56,4,0.0,45.3696
9033,CA-2017-105823,20220622,20220626,624,56,310,4,487.96,2,0.0,146.388
9034,CA-2014-152268,20190902,20190907,670,692,23,4,1793.98,2,0.0,843.1706
9035,CA-2015-148873,20201001,20201005,270,766,233,4,2.992,4,0.8,-4.488
9036,CA-2015-148873,20201001,20201005,270,1568,233,4,108.768,4,0.2,2.71919999999999
9037,CA-2015-166492,20200407,20200410,654,1165,408,1,25.92,4,0.0,12.4416
9038,CA-2015-166492,20200407,20200410,654,1362,408,1,22.58,2,0.0,5.8708
9039,CA-2017-157420,20221121,20221121,335,1813,548,2,55.176,3,0.2,-12.4146
9040,CA-2016-117121,20211217,20211221,7,658,309,4,9892.74,13,0.0,4946.37
9041,CA-2014-138177,20190919,20190924,560,372,11,4,73.915,1,0.5,-45.8273
9042,CA-2014-114335,20190928,20191003,789,149,161,4,337.088,4,0.2,16.8544
9043,CA-2015-168760,20200922,20200926,528,466,69,3,61.44,3,0.0,16.5888
9044,CA-2016-168830,20211107,20211113,520,1572,100,4,479.97,3,0.0,163.1898
9045,CA-2017-137463,20221216,20221220,436,766,110,3,5.984,2,0.2,2.244
9046,CA-2017-137463,20221216,20221220,436,1467,110,3,189.95,5,0.0,45.588
9047,CA-2017-137463,20221216,20221220,436,1460,110,3,149.95,5,0.0,31.4895
9048,CA-2017-137463,20221216,20221220,436,542,110,3,29.95,5,0.0,8.6855
9049,CA-2017-137463,20221216,20221220,436,990,110,3,44.4,3,0.0,22.2
9050,CA-2014-124513,20190921,20190925,699,565,406,4,66.03,3,0.0,17.1678
9051,CA-2015-165554,20200518,20200522,37,1229,64,4,10.86,2,0.0,5.3214
9052,CA-2014-141838,20190326,20190331,211,617,100,3,3.36,2,0.0,0.84
9053,CA-2014-141838,20190326,20190331,211,768,100,3,27.936,4,0.2,9.4284
9054,CA-2014-141838,20190326,20190331,211,1833,100,3,28.784,2,0.2,2.8784
9055,CA-2017-117009,20220922,20220928,90,1431,105,4,21.96,2,0.0,6.1488
9056,CA-2015-128993,20200912,20200917,137,1578,613,3,21.98,2,0.0,8.5722
9057,CA-2015-160227,20201102,20201104,256,83,406,1,2621.322,11,0.1,553.3902
9058,CA-2015-149097,20201020,20201024,722,258,68,4,74.76,7,0.0,23.9232
9059,CA-2015-149097,20201020,20201024,722,325,68,4,364.776,3,0.2,27.3582
9060,CA-2016-132304,20210614,20210618,51,373,613,4,1115.17,7,0.0,334.551
9061,CA-2015-136420,20201120,20201121,176,754,95,1,89.696,4,0.2,33.636
9062,CA-2015-136420,20201120,20201121,176,981,95,1,50.12,4,0.0,23.5564
9063,CA-2016-101623,20210228,20210306,657,937,408,4,36.48,6,0.0,18.24
9064,US-2014-151015,20191014,20191020,69,1176,215,4,322.192,13,0.2,100.685
9065,US-2014-151015,20191014,20191020,69,654,215,4,2.946,3,0.8,-4.8609
9066,US-2014-151015,20191014,20191020,69,1088,215,4,19.136,4,0.2,6.9368
9067,CA-2017-152968,20220526,20220530,94,1473,591,4,23.08,2,0.0,6.924
9068,CA-2016-150077,20210204,20210210,537,1794,290,4,90.48,2,0.0,23.5248
9069,CA-2016-106278,20210902,20210905,91,101,603,3,215.976,3,0.2,-2.69970000000004
9070,CA-2016-106278,20210902,20210905,91,887,603,3,65.94,3,0.0,30.9918
9071,CA-2017-147550,20221204,20221205,427,202,483,1,11.352,3,0.2,2.6961
9072,CA-2015-136105,20200612,20200616,730,1371,242,4,24.56,2,0.0,6.8768
9073,CA-2016-142524,20210904,20210908,486,884,353,4,16.56,2,0.0,7.7832
9074,CA-2016-142524,20210904,20210908,486,1461,353,4,279.95,5,0.0,67.188
9075,CA-2014-136336,20190421,20190426,197,1376,272,4,828.84,6,0.0,0.0
9076,US-2015-136259,20201105,20201108,127,665,449,1,7.218,3,0.7,-5.5338
9077,US-2015-136259,20201105,20201108,127,1453,449,1,27.2,4,0.2,2.04
9078,US-2014-124625,20191103,20191107,709,1557,362,4,89.97,3,0.0,18.8937
9079,CA-2016-108105,20210216,20210223,314,271,272,4,318.08,4,0.0,34.9888
9080,CA-2016-108105,20210216,20210223,314,736,272,4,5.8,1,0.0,2.61
9081,CA-2017-166898,20220911,20220913,432,1778,105,3,143.952,6,0.2,17.994
9082,CA-2017-166898,20220911,20220913,432,1165,105,3,19.44,3,0.0,9.3312
9083,CA-2017-169005,20221102,20221106,86,478,595,4,5.56,2,0.0,1.4456
9084,CA-2015-104038,20200206,20200208,467,1374,596,1,146.73,3,0.0,2.9346
9085,CA-2015-104038,20200206,20200208,467,1187,596,1,29.9,5,0.0,13.455
9086,CA-2016-126102,20210910,20210912,239,818,69,3,276.784,2,0.2,89.9548
9087,CA-2016-143406,20210926,20210930,471,411,546,4,93.032,2,0.8,-251.1864
9088,CA-2016-143406,20210926,20210930,471,57,546,4,454.965,5,0.3,-136.4895
9089,CA-2015-150308,20201215,20201220,657,1723,419,4,246.168,3,0.2,21.5397
9090,CA-2016-131093,20210917,20210920,768,1381,458,3,295.4,5,0.2,-62.7725
9091,US-2017-148831,20221013,20221015,32,1383,273,1,348.56,8,0.0,104.568
9092,CA-2015-162950,20200628,20200703,243,1208,460,3,15.552,3,0.2,5.4432
9093,CA-2015-162950,20200628,20200703,243,15,460,3,482.94,6,0.5,-376.6932
9094,US-2015-132836,20200601,20200605,39,1717,310,4,299.98,2,0.0,83.9944
9095,US-2015-132836,20200601,20200605,39,813,310,4,403.68,6,0.0,181.656
9096,US-2015-132836,20200601,20200605,39,1718,310,4,41.9,2,0.0,11.732
9097,US-2015-132836,20200601,20200605,39,1002,310,4,28.91,7,0.0,13.2986
9098,US-2014-158365,20190412,20190417,722,1036,241,4,32.4,5,0.0,15.552
9099,CA-2017-152933,20221012,20221016,503,1754,532,4,369.544,7,0.2,27.7158
9100,CA-2017-152933,20221012,20221016,503,1139,532,4,10.368,2,0.2,3.7584
9101,CA-2017-152933,20221012,20221016,503,1548,532,4,791.88,3,0.2,128.6805
9102,CA-2015-163181,20201107,20201112,7,527,546,4,23.64,3,0.2,5.319
9103,CA-2015-163181,20201107,20201112,7,1353,546,4,84.784,2,0.2,-16.9568
9104,CA-2015-163181,20201107,20201112,7,143,546,4,64.96,5,0.6,-84.448
9105,CA-2015-163181,20201107,20201112,7,656,546,4,32.06,10,0.8,-51.296
9106,CA-2015-163181,20201107,20201112,7,1296,546,4,177.648,2,0.2,-28.8678
9107,CA-2015-163181,20201107,20201112,7,1629,546,4,287.91,3,0.4,33.5895
9108,CA-2015-132941,20200525,20200528,528,1441,543,1,22.368,2,0.2,1.6776
9109,CA-2015-132941,20200525,20200528,528,1156,543,1,32.368,7,0.2,11.7334
9110,CA-2015-132941,20200525,20200528,528,1551,543,1,207.984,2,0.2,36.3972
9111,CA-2014-132010,20191013,20191015,484,883,593,1,36.4,5,0.0,17.472
9112,CA-2014-132010,20191013,20191015,484,1500,593,1,22.96,2,0.0,4.3624
9113,CA-2014-132010,20191013,20191015,484,1398,593,1,315.2,4,0.0,6.30400000000003
9114,CA-2014-132010,20191013,20191015,484,739,593,1,15.18,3,0.0,7.1346
9115,CA-2016-135461,20210207,20210210,252,1832,69,3,623.96,5,0.2,38.9975
9116,CA-2017-153045,20220119,20220124,576,1743,484,3,429.6,2,0.4,-93.08
9117,CA-2017-153045,20220119,20220124,576,236,484,3,31.968,2,0.2,6.3936
9118,CA-2017-153045,20220119,20220124,576,54,484,3,887.271,3,0.3,-63.3765
9119,CA-2017-153045,20220119,20220124,576,1228,484,3,21.696,4,0.2,7.0512
9120,US-2016-155971,20210606,20210612,628,954,67,4,22.05,7,0.0,10.584
9121,US-2016-155971,20210606,20210612,628,1029,67,4,99.9,5,0.0,46.953
9122,CA-2017-122007,20220318,20220320,377,386,66,3,90.86,7,0.0,26.3494
9123,CA-2017-162250,20221124,20221124,608,1155,98,2,7.78,1,0.0,3.501
9124,US-2016-158288,20211126,20211128,259,773,482,3,78.759,9,0.7,-57.7566
9125,CA-2016-128916,20210818,20210820,483,205,547,3,9.552,3,0.6,-3.8208
9126,CA-2016-128916,20210818,20210820,483,153,547,3,5.344,4,0.6,-2.1376
9127,CA-2015-157028,20201128,20201203,484,619,393,4,8.28,2,0.0,3.4776
9128,CA-2017-112473,20220525,20220601,387,1360,547,4,50.136,3,0.2,-11.2806
9129,US-2017-147655,20220904,20220905,52,757,473,1,88.074,7,0.7,-58.716
9130,CA-2016-130911,20210324,20210326,200,42,440,3,301.47,3,0.5,-241.176
9131,CA-2016-130911,20210324,20210326,200,487,440,3,18.656,2,0.2,1.6324
9132,CA-2017-100055,20220528,20220601,497,184,289,4,27.46,2,0.0,9.8856
9133,CA-2017-100055,20220528,20220601,497,408,289,4,125.13,3,0.0,36.2877
9134,CA-2015-157805,20200831,20200904,644,1842,96,4,555.96,5,0.2,41.697
9135,CA-2016-124254,20210412,20210417,733,1341,435,4,129.552,3,0.2,-22.6716
9136,CA-2016-124254,20210412,20210417,733,1293,435,4,51.984,1,0.2,-5.1984
9137,CA-2016-124254,20210412,20210417,733,1076,435,4,10.272,3,0.2,3.4668
9138,CA-2014-123400,20190202,20190209,251,663,183,4,18.336,2,0.7,-12.224
9139,CA-2014-123400,20190202,20190209,251,1794,183,4,180.96,5,0.2,13.572
9140,CA-2014-106971,20190902,20190908,94,1478,210,4,475.944,7,0.2,95.1888
9141,CA-2017-123029,20220930,20221002,115,1532,69,3,159.98,2,0.0,47.994
9142,CA-2016-139409,20210905,20210907,292,1826,406,1,43.6,4,0.0,12.208
9143,US-2017-166688,20220520,20220526,631,804,364,4,8.288,2,0.2,3.0044
9144,US-2017-166688,20220520,20220526,631,1832,364,4,1123.128,9,0.2,70.1955
9145,US-2017-166688,20220520,20220526,631,386,364,4,64.9,5,0.0,18.821
9146,CA-2015-126970,20200920,20200924,757,643,225,4,2.808,3,0.8,-4.4928
9147,US-2016-165505,20210123,20210127,128,1544,585,4,99.98,2,0.0,42.9914
9148,US-2016-165505,20210123,20210127,128,582,585,4,8.04,6,0.0,2.7336
9149,US-2016-165505,20210123,20210127,128,1348,585,4,1564.29,13,0.0,406.7154
9150,US-2014-157070,20190601,20190606,616,713,311,4,138.56,4,0.0,66.5088
9151,US-2014-157070,20190601,20190606,616,471,311,4,65.52,5,0.1,12.376
9152,US-2015-106873,20200924,20200929,439,572,9,3,14.576,2,0.2,2.3686
9153,US-2015-106873,20200924,20200929,439,1528,9,3,23.2,2,0.2,1.45
9154,US-2015-106873,20200924,20200929,439,514,9,3,16.464,7,0.2,1.8522
9155,CA-2016-132990,20210801,20210803,438,312,484,3,19.312,2,0.2,3.1382
9156,CA-2014-102645,20190123,20190128,338,1130,364,4,40.08,6,0.0,19.2384
9157,CA-2014-134215,20190804,20190808,520,402,282,4,101.96,2,0.0,27.5292
9158,CA-2014-134215,20190804,20190808,520,1261,282,4,259.74,13,0.0,124.6752
9159,CA-2014-134215,20190804,20190808,520,1533,282,4,255.42,9,0.0,104.7222
9160,CA-2016-118934,20210809,20210814,299,770,507,4,4.338,3,0.7,-3.0366
9161,CA-2016-118934,20210809,20210814,299,824,507,4,11.88,5,0.7,-7.92
9162,CA-2016-160108,20211208,20211212,27,33,620,4,405.86,7,0.0,32.4688
9163,CA-2016-160108,20211208,20211212,27,90,620,4,680.01,3,0.0,176.8026
9164,CA-2015-164007,20200608,20200612,505,1560,213,4,2.376,3,0.2,0.7425
9165,CA-2015-164007,20200608,20200612,505,454,213,4,143.128,2,0.8,-393.602
9166,CA-2016-100300,20210624,20210626,517,1628,96,3,4476.8,4,0.2,503.64
9167,CA-2016-100300,20210624,20210626,517,1047,96,3,104.85,1,0.0,50.328
9168,CA-2016-100300,20210624,20210626,517,401,96,3,241.44,3,0.0,72.432
9169,CA-2016-140571,20210315,20210319,695,1144,343,4,319.76,14,0.0,147.0896
9170,CA-2016-140571,20210315,20210319,695,1144,343,4,45.68,2,0.0,21.0128
9171,US-2016-155768,20211201,20211201,450,156,80,2,31.96,2,0.0,1.598
9172,US-2016-155768,20211201,20211201,450,1100,80,2,47.9,1,0.0,22.992
9173,US-2016-155768,20211201,20211201,450,1365,80,2,1112.94,3,0.0,222.588
9174,US-2016-155768,20211201,20211201,450,856,80,2,22.92,3,0.0,11.2308
9175,CA-2017-119424,20220612,20220614,666,1778,606,3,71.976,3,0.2,8.99699999999999
9176,CA-2017-119424,20220612,20220614,666,1116,606,3,19.44,3,0.0,9.3312
9177,CA-2016-118178,20210319,20210324,136,685,514,4,31.086,3,0.7,-20.724
9178,CA-2016-166618,20211114,20211118,230,1806,408,4,13.98,2,0.0,3.9144
9179,CA-2016-166618,20211114,20211118,230,528,408,4,23.65,1,0.0,6.149
9180,CA-2017-156776,20220807,20220811,387,1769,117,4,707.88,3,0.2,44.2425
9181,CA-2017-156776,20220807,20220811,387,772,117,4,11.952,3,0.2,4.1832
9182,CA-2017-156776,20220807,20220811,387,647,117,4,31.128,3,0.2,11.673
9183,CA-2017-156776,20220807,20220811,387,1594,117,4,55.76,4,0.0,7.8064
9184,CA-2017-156776,20220807,20220811,387,1145,117,4,24.56,2,0.0,11.5432
9185,CA-2017-156776,20220807,20220811,387,311,117,4,51.75,1,0.0,15.525
9186,CA-2017-156776,20220807,20220811,387,87,117,4,207.184,1,0.2,25.898
9187,CA-2017-156776,20220807,20220811,387,430,117,4,1473.1,5,0.0,412.468
9188,US-2015-130512,20200821,20200825,701,1435,477,4,3.488,2,0.2,-0.697600000000001
9189,US-2015-130512,20200821,20200825,701,1465,477,4,21.728,4,0.2,3.8024
9190,US-2015-130512,20200821,20200825,701,1376,477,4,663.072,6,0.2,-165.768
9191,US-2015-130512,20200821,20200825,701,827,477,4,99.588,2,0.7,-82.99
9192,US-2015-130512,20200821,20200825,701,1223,477,4,49.568,2,0.2,15.49
9193,CA-2015-141810,20201102,20201107,65,695,569,4,29.372,7,0.8,-46.9952
9194,CA-2015-141810,20201102,20201107,65,1760,569,4,344.704,2,0.2,38.7792
9195,CA-2014-146843,20191130,20191206,585,1434,9,4,47.992,7,0.2,3.5994
9196,CA-2014-146843,20191130,20191206,585,1534,9,4,102.24,4,0.2,-16.614
9197,CA-2014-103310,20190510,20190515,307,1261,102,4,39.96,2,0.0,19.1808
9198,CA-2014-103310,20190510,20190515,307,1743,102,4,1432.0,5,0.2,125.3
9199,CA-2014-103310,20190510,20190515,307,1455,102,4,41.04,6,0.0,11.0808
9200,CA-2014-103310,20190510,20190515,307,88,102,4,256.784,1,0.2,32.098
9201,CA-2016-152688,20211017,20211020,575,7,385,1,120.98,1,0.0,12.098
9202,CA-2016-152688,20211017,20211020,575,829,385,1,315.98,1,0.0,148.5106
9203,CA-2016-153836,20211030,20211103,258,839,406,4,28.752,3,0.2,10.0632
9204,CA-2016-153836,20211030,20211103,258,624,406,4,114.95,5,0.0,32.186
9205,CA-2016-104689,20211201,20211205,286,507,64,4,23.04,8,0.0,6.912
9206,CA-2016-146423,20210421,20210421,116,632,143,2,15.48,3,0.0,4.4892
9207,CA-2016-146423,20210421,20210421,116,1233,143,2,51.84,8,0.0,24.8832
9208,CA-2017-140781,20220803,20220807,7,1475,208,4,39.816,3,0.2,7.4655
9209,CA-2017-141747,20220803,20220808,671,1406,614,3,16.06,1,0.0,4.1756
9210,CA-2017-142776,20221211,20221214,660,883,256,3,7.28,1,0.0,3.4944
9211,CA-2017-142776,20221211,20221214,660,721,256,3,5.4,3,0.0,2.592
9212,CA-2015-167479,20200314,20200319,36,1152,90,4,19.44,3,0.0,9.3312
9213,CA-2014-144071,20191208,20191215,208,154,99,4,39.88,2,0.0,11.1664
9214,CA-2014-144071,20191208,20191215,208,167,99,4,79.44,3,0.0,28.5984
9215,US-2017-120908,20220930,20221002,79,1011,482,1,20.664,7,0.2,6.9741
9216,CA-2016-152646,20211121,20211126,752,1267,69,4,32.4,5,0.0,15.552
9217,CA-2017-103765,20221124,20221130,367,422,560,4,13.762,1,0.8,-24.7716
9218,US-2017-118157,20221114,20221117,62,896,334,1,15.28,2,0.0,7.4872
9219,US-2015-164238,20200816,20200820,412,1368,482,4,44.688,7,0.2,3.3516
9220,US-2015-164238,20200816,20200820,412,6,482,4,301.47,3,0.5,-204.9996
9221,CA-2017-103212,20221013,20221014,515,948,279,1,11.07,3,0.0,5.2029
9222,CA-2017-103212,20221013,20221014,515,356,279,1,1504.52,4,0.0,346.0396
9223,CA-2017-103212,20221013,20221014,515,1262,279,1,25.92,4,0.0,12.4416
9224,CA-2017-121160,20221104,20221104,288,691,525,2,7.536,6,0.8,-13.188
9225,CA-2017-121160,20221104,20221104,288,764,525,2,1.408,2,0.8,-2.3232
9226,CA-2017-121160,20221104,20221104,288,804,525,2,4.144,4,0.8,-6.4232
9227,CA-2017-121160,20221104,20221104,288,1372,525,2,52.752,3,0.2,-12.5286
9228,CA-2017-140515,20220319,20220324,316,400,65,4,381.36,7,0.0,106.7808
9229,CA-2014-153619,20191103,20191103,746,532,69,2,6.72,4,0.0,3.36
9230,CA-2017-133718,20220723,20220726,739,774,68,1,15.192,3,0.2,5.5071
9231,CA-2017-133718,20220723,20220726,739,1182,68,1,58.32,9,0.0,27.9936
9232,CA-2014-148383,20191227,20191231,654,780,16,4,946.764,6,0.7,-694.2936
9233,CA-2016-126732,20210902,20210906,470,201,67,4,94.68,9,0.0,31.2444
9234,CA-2016-126732,20210902,20210906,470,1299,67,4,23.67,3,0.0,0.946799999999997
9235,CA-2016-126732,20210902,20210906,470,1729,67,4,1091.168,4,0.2,68.198
9236,CA-2016-126732,20210902,20210906,470,629,67,4,18.69,7,0.0,5.2332
9237,CA-2016-126732,20210902,20210906,470,329,67,4,568.728,3,0.2,28.4363999999999
9238,CA-2016-126732,20210902,20210906,470,698,67,4,7.312,1,0.2,2.5592
9239,CA-2017-138156,20220211,20220214,525,264,441,1,147.568,2,0.2,-3.68920000000001
9240,CA-2017-110310,20221027,20221102,554,1119,185,4,56.784,7,0.2,20.5842
9241,CA-2017-110310,20221027,20221102,554,679,185,4,5.607,3,0.7,-3.9249
9242,CA-2017-110310,20221027,20221102,554,526,185,4,6.576,3,0.2,0.575400000000001
9243,CA-2014-113271,20190709,20190714,236,744,100,4,14.304,6,0.2,4.6488
9244,CA-2014-113271,20190709,20190714,236,41,100,4,119.833,1,0.15,7.049
9245,CA-2014-113271,20190709,20190714,236,576,100,4,5.56,2,0.0,2.224
9246,CA-2014-113271,20190709,20190714,236,1168,100,4,32.4,5,0.0,15.552
9247,CA-2017-130106,20220522,20220526,778,591,98,4,9.84,3,0.0,2.8536
9248,CA-2017-130106,20220522,20220526,778,595,98,4,2.78,1,0.0,0.7228
9249,CA-2016-127761,20211110,20211114,726,742,405,4,3.64,1,0.2,1.365
9250,CA-2016-127761,20211110,20211114,726,1819,405,4,881.93,7,0.0,220.4825
9251,CA-2016-105354,20211202,20211206,614,681,261,4,115.84,8,0.0,54.4448
9252,CA-2017-155712,20220302,20220308,426,813,65,4,107.648,2,0.2,33.64
9253,CA-2017-102309,20220923,20220925,229,1489,27,3,199.95,5,0.0,63.984
9254,CA-2017-102309,20220923,20220925,229,1150,27,3,12.96,2,0.0,6.2208
9255,CA-2014-168368,20190211,20190215,294,66,345,3,60.89,1,0.0,15.2225
9256,CA-2014-168368,20190211,20190215,294,1013,345,3,14.94,3,0.0,6.8724
9257,CA-2014-168368,20190211,20190215,294,836,345,3,9.64,2,0.0,4.4344
9258,CA-2014-168368,20190211,20190215,294,220,345,3,332.94,3,0.0,53.2704
9259,CA-2014-168368,20190211,20190215,294,833,345,3,51.9,3,0.0,24.393
9260,CA-2014-168368,20190211,20190215,294,1377,345,3,64.96,2,0.0,2.5984
9261,CA-2017-167976,20221111,20221114,387,1453,498,3,25.5,3,0.0,6.63
9262,CA-2017-111388,20220902,20220902,720,101,613,2,215.976,3,0.2,-2.69970000000004
9263,CA-2015-124499,20201009,20201013,289,57,310,4,389.97,3,0.0,35.0973
9264,CA-2015-124499,20201009,20201013,289,418,310,4,269.91,5,0.1,53.982
9265,US-2017-128118,20221124,20221201,549,647,512,4,11.673,3,0.7,-7.782
9266,US-2017-128118,20221124,20221201,549,886,512,4,64.848,7,0.2,24.318
9267,CA-2014-125759,20190208,20190209,569,213,365,1,14.56,2,0.0,5.5328
9268,CA-2015-151869,20200925,20200925,173,72,398,2,102.582,1,0.1,6.8388
9269,CA-2015-151869,20200925,20200925,173,1193,398,2,20.04,3,0.0,9.6192
9270,US-2017-102183,20220821,20220828,598,776,408,4,32.088,7,0.2,11.2308
9271,US-2017-102183,20220821,20220828,598,692,408,4,4305.552,6,0.2,1453.1238
9272,CA-2016-100510,20210512,20210517,329,153,407,4,10.02,3,0.0,4.4088
9273,CA-2016-100510,20210512,20210517,329,1745,407,4,631.96,4,0.0,303.3408
9274,CA-2017-146983,20220902,20220906,32,780,272,4,1577.94,3,0.0,757.4112
9275,US-2014-134054,20191010,20191010,282,500,389,2,255.85,7,0.0,112.574
9276,CA-2016-113236,20210526,20210529,165,1304,157,3,184.704,6,0.2,13.8528
9277,CA-2016-113236,20210526,20210529,165,1492,157,3,47.92,2,0.2,11.98
9278,CA-2017-122539,20221201,20221205,673,1013,484,4,15.936,4,0.2,5.1792
9279,CA-2017-122539,20221201,20221205,673,712,484,4,8.001,7,0.7,-5.6007
9280,CA-2017-122539,20221201,20221205,673,105,484,4,398.972,2,0.3,-28.498
9281,CA-2016-166772,20210920,20210924,326,25,614,4,163.88,2,0.0,40.97
9282,US-2017-152898,20220911,20220915,126,377,593,4,67.9,5,0.0,20.37
9283,CA-2016-160486,20211230,20220104,263,1170,188,4,72.224,4,0.2,25.2784
9284,CA-2017-102218,20220902,20220904,482,980,128,3,11.696,2,0.2,3.9474
9285,CA-2014-161032,20191118,20191123,518,71,621,4,392.94,3,0.0,43.2234
9286,CA-2015-102778,20201121,20201124,370,141,431,1,18.176,1,0.2,4.7712
9287,CA-2017-154011,20220619,20220626,194,765,532,4,6.888,3,0.8,-11.0208
9288,CA-2017-154011,20220619,20220626,194,322,532,4,457.485,3,0.3,-84.9615
9289,US-2017-165456,20221130,20221203,741,118,483,1,1079.316,6,0.3,-15.4188000000002
9290,CA-2014-111857,20190423,20190426,569,1137,98,3,48.91,1,0.0,22.9877
9291,CA-2014-163650,20190923,20190925,771,552,147,1,9.84,3,0.0,2.8536
9292,CA-2014-163650,20190923,20190925,771,843,147,1,34.5,3,0.0,15.525
9293,CA-2017-124114,20220302,20220302,659,803,574,2,0.556,1,0.8,-0.9452
9294,US-2017-116505,20221117,20221121,741,639,288,3,43.8,6,0.0,20.586
9295,CA-2017-161340,20220528,20220601,41,1171,440,4,13.872,3,0.2,5.0286
9296,CA-2017-161340,20220528,20220601,41,48,440,4,115.96,4,0.5,-64.9376
9297,US-2015-163433,20200418,20200422,534,1564,557,3,41.424,2,0.2,8.2848
9298,US-2015-163433,20200418,20200422,534,1807,557,3,244.768,4,0.2,24.4768
9299,US-2015-163433,20200418,20200422,534,578,557,3,74.352,3,0.2,6.5058
9300,US-2015-163433,20200418,20200422,534,784,557,3,4.312,2,0.8,-6.8992
9301,US-2015-163433,20200418,20200422,534,52,557,3,56.686,1,0.3,-20.245
9302,US-2015-163433,20200418,20200422,534,1746,557,3,97.968,2,0.2,6.12299999999999
9303,US-2015-163433,20200418,20200422,534,584,557,3,7.872,3,0.2,0.885599999999999
9304,US-2015-163433,20200418,20200422,534,1241,557,3,15.552,3,0.2,5.4432
9305,US-2015-163433,20200418,20200422,534,653,557,3,1.476,1,0.8,-2.2878
9306,CA-2015-137603,20200919,20200924,510,541,395,4,8.4,5,0.0,2.184
9307,CA-2014-128237,20190325,20190330,123,601,99,4,6.56,2,0.0,1.9024
9308,CA-2014-128237,20190325,20190330,123,577,99,4,14.88,2,0.0,3.72
9309,CA-2014-128237,20190325,20190330,123,1535,99,4,45.48,4,0.0,15.918
9310,CA-2014-128237,20190325,20190330,123,474,99,4,25.44,6,0.0,9.9216
9311,US-2016-102141,20210826,20210831,426,694,407,4,146.688,8,0.2,45.84
9312,CA-2017-148642,20220306,20220312,242,946,534,4,4.928,2,0.2,1.7248
9313,CA-2017-148642,20220306,20220312,242,489,534,4,63.488,4,0.2,4.7616
9314,CA-2015-111948,20201111,20201111,23,1388,311,2,418.32,7,0.0,117.1296
9315,CA-2015-111948,20201111,20201111,23,422,311,2,123.858,2,0.1,46.7908
9316,CA-2016-161907,20210405,20210409,373,1683,484,4,118.782,3,0.4,-27.7158
9317,CA-2016-161907,20210405,20210409,373,1425,484,4,769.184,4,0.2,-163.4516
9318,CA-2017-124940,20220221,20220226,214,1519,526,4,47.904,1,0.2,-2.994
9319,US-2017-108343,20220720,20220725,51,1072,405,4,13.36,2,0.0,6.4128
9320,US-2017-108343,20220720,20220725,51,97,405,4,163.764,2,0.1,25.4744
9321,US-2017-108343,20220720,20220725,51,165,405,4,183.92,4,0.0,31.2664
9322,US-2016-111563,20211104,20211108,700,224,546,4,11.376,3,0.6,-5.688
9323,US-2016-111563,20211104,20211108,700,163,546,4,66.112,4,0.6,-84.2928
9324,CA-2017-121853,20220923,20220929,199,1224,67,4,211.04,8,0.0,97.0784
9325,CA-2017-121853,20220923,20220929,199,117,67,4,594.816,2,0.2,59.4816
9326,CA-2017-121853,20220923,20220929,199,673,67,4,72.96,3,0.2,23.712
9327,US-2017-130687,20220907,20220910,591,288,604,1,80.96,4,0.0,34.8128
9328,US-2017-130687,20220907,20220910,591,1751,604,1,455.712,2,0.2,34.1784
9329,US-2017-130687,20220907,20220910,591,615,604,1,25.98,1,0.0,7.2744
9330,CA-2015-164497,20201128,20201130,39,468,99,1,45.28,4,0.0,15.3952
9331,US-2015-153283,20201112,20201118,253,864,408,4,15.56,2,0.0,7.3132
9332,CA-2016-108056,20210929,20211003,279,1743,475,4,859.2,3,0.2,75.1800000000001
9333,CA-2017-127726,20220911,20220913,715,431,271,3,195.68,4,0.0,50.8768
9334,CA-2017-127726,20220911,20220913,715,914,271,3,14.2,4,0.0,6.674
9335,CA-2017-110198,20220501,20220502,27,13,155,1,314.352,3,0.2,-15.7176
9336,CA-2017-110198,20220501,20220502,27,1005,155,1,4.608,2,0.2,1.4976
9337,CA-2017-130715,20220916,20220920,186,909,99,4,17.9,5,0.0,8.771
9338,CA-2014-155264,20191019,20191022,653,766,99,3,2.992,1,0.2,1.122
9339,CA-2014-155264,20191019,20191022,653,792,99,3,20.064,6,0.2,7.0224
9340,CA-2014-155264,20191019,20191022,653,1210,99,3,146.73,3,0.0,68.9631
9341,CA-2014-155264,20191019,20191022,653,982,99,3,18.75,5,0.0,9.0
9342,CA-2014-155264,20191019,20191022,653,1719,99,3,117.576,3,0.2,11.7576
9343,CA-2016-119123,20210313,20210318,195,675,89,4,51.184,7,0.2,19.194
9344,CA-2017-109085,20220217,20220220,149,325,460,1,455.97,5,0.4,-106.393
9345,CA-2017-109085,20220217,20220220,149,696,460,1,5.715,5,0.7,-4.7625
9346,CA-2017-109085,20220217,20220220,149,1698,460,1,57.594,1,0.4,-11.5188
9347,CA-2017-109085,20220217,20220220,149,318,460,1,30.144,2,0.2,8.2896
9348,CA-2017-109085,20220217,20220220,149,118,460,1,899.43,5,0.3,-12.8490000000002
9349,CA-2016-114860,20211222,20211228,227,149,74,4,842.72,8,0.0,202.2528
9350,CA-2016-114860,20211222,20211228,227,203,74,4,41.96,2,0.0,10.9096
9351,CA-2016-159009,20210923,20210927,231,845,615,4,13.216,4,0.2,4.4604
9352,CA-2016-159009,20210923,20210927,231,106,615,4,184.752,3,0.2,-20.7846
9353,CA-2017-148411,20220924,20220926,652,117,214,1,520.464,2,0.3,-14.8704
9354,CA-2017-148411,20220924,20220926,652,1153,214,1,11.424,3,0.2,3.7128
9355,CA-2015-110324,20201201,20201205,483,1132,314,4,19.44,3,0.0,9.3312
9356,CA-2015-110324,20201201,20201205,483,497,314,4,3.64,2,0.0,1.0192
9357,CA-2015-110324,20201201,20201205,483,1126,314,4,18.54,2,0.0,8.7138
9358,CA-2016-168046,20210125,20210128,350,784,407,3,43.12,5,0.2,15.092
9359,CA-2016-168046,20210125,20210128,350,326,407,3,313.722,3,0.4,-99.3453
9360,CA-2016-168046,20210125,20210128,350,165,407,3,45.98,1,0.0,7.81659999999999
9361,CA-2016-168046,20210125,20210128,350,1411,407,3,428.68,7,0.0,0.0
9362,CA-2017-111591,20220321,20220325,610,823,614,4,30.576,6,0.2,10.3194
9363,CA-2017-111591,20220321,20220325,610,941,614,4,13.02,7,0.0,0.390600000000001
9364,CA-2017-111591,20220321,20220325,610,221,614,4,22.14,3,0.0,6.4206
9365,CA-2017-111591,20220321,20220325,610,1355,614,4,359.32,4,0.0,7.18639999999999
9366,US-2014-166828,20190822,20190825,362,1135,350,1,11.56,2,0.0,5.6644
9367,CA-2014-108147,20190608,20190613,631,794,402,4,68.48,2,0.2,25.68
9368,CA-2014-108147,20190608,20190613,631,1394,402,4,1676.88,6,0.0,83.8439999999999
9369,CA-2016-154998,20210407,20210409,279,1256,378,1,37.94,2,0.0,18.2112
9370,CA-2017-113460,20221107,20221109,440,55,285,3,272.97,3,0.0,43.6752
9371,CA-2015-111339,20200529,20200531,784,228,441,1,41.568,4,0.2,-4.1568
9372,CA-2015-111339,20200529,20200531,784,64,441,1,317.058,3,0.3,-86.0586
9373,CA-2015-111339,20200529,20200531,784,930,441,1,8.04,5,0.2,2.9145
9374,CA-2017-102820,20220507,20220511,173,1808,81,4,419.944,7,0.2,52.493
9375,CA-2016-149671,20210605,20210609,419,1440,614,4,61.38,6,0.0,15.9588
9376,CA-2015-126347,20201214,20201219,39,1550,68,3,50.0,2,0.0,10.5
9377,CA-2017-108756,20221225,20221229,604,1556,376,4,31.8,3,0.0,13.674
9378,CA-2017-155362,20221217,20221221,231,1327,620,4,32.56,2,0.0,8.4656
9379,CA-2016-117625,20210510,20210515,306,863,213,4,7.072,2,0.2,2.3868
9380,CA-2014-154158,20191223,20191227,137,1098,187,3,45.528,3,0.2,15.9348
9381,CA-2014-154158,20191223,20191227,137,129,187,3,64.784,1,0.2,6.4784
9382,CA-2014-154158,20191223,20191227,137,1294,187,3,424.272,2,0.2,-10.6068
9383,CA-2014-154158,20191223,20191227,137,532,187,3,1.344,1,0.2,0.504
9384,CA-2014-154158,20191223,20191227,137,1419,187,3,83.92,5,0.2,-1.049
9385,CA-2017-100433,20220811,20220816,695,1219,405,4,25.92,4,0.0,12.4416
9386,CA-2017-163097,20220827,20220831,686,318,14,4,120.576,8,0.2,33.1584
9387,US-2017-127292,20220119,20220123,649,1025,585,4,79.92,4,0.0,37.5624
9388,US-2017-127292,20220119,20220123,649,1145,585,4,12.28,1,0.0,5.7716
9389,US-2017-127292,20220119,20220123,649,393,585,4,542.94,3,0.0,152.0232
9390,US-2017-127292,20220119,20220123,649,861,585,4,2.04,1,0.0,0.9588
9391,CA-2015-163734,20200619,20200624,437,1400,547,4,228.92,5,0.2,14.3075
9392,CA-2017-162474,20220313,20220316,284,1850,207,1,7.992,1,0.2,2.5974
9393,CA-2015-130848,20201025,20201025,205,55,126,2,582.336,8,0.2,-29.1168
9394,CA-2014-125997,20190920,20190923,547,1810,406,1,629.95,5,0.0,157.4875
9395,CA-2014-125997,20190920,20190923,547,70,406,1,631.782,2,0.1,140.396
9396,CA-2014-125997,20190920,20190923,547,19,406,1,801.568,2,0.2,-10.0196000000001
9397,CA-2014-125997,20190920,20190923,547,981,406,1,75.18,6,0.0,35.3346
9398,CA-2014-125997,20190920,20190923,547,453,406,1,30.98,1,0.0,8.0548
9399,CA-2014-125997,20190920,20190923,547,1798,406,1,1349.91,9,0.0,661.4559
9400,CA-2016-103128,20211111,20211115,682,579,206,4,14.112,6,0.2,1.2348
9401,CA-2015-167696,20200916,20200921,69,864,592,4,31.12,4,0.0,14.6264
9402,CA-2014-159814,20190624,20190628,468,194,20,4,4.272,2,0.2,0.9612
9403,CA-2016-105459,20210812,20210817,574,326,407,3,209.148,2,0.4,-66.2302
9404,CA-2016-105459,20210812,20210817,574,1294,407,3,1591.02,6,0.0,286.3836
9405,CA-2017-141663,20220413,20220417,231,938,483,4,7.92,5,0.2,1.683
9406,CA-2014-152618,20190314,20190317,624,1664,215,1,574.91,2,0.3,156.047
9407,CA-2014-152618,20190314,20190317,624,1090,215,1,8.448,2,0.2,2.64
9408,CA-2017-162789,20220922,20220924,456,1542,408,3,1071.0,9,0.0,171.36
9409,CA-2017-162789,20220922,20220924,456,312,408,3,12.07,1,0.0,3.9831
9410,US-2017-110149,20221210,20221213,788,637,485,1,3.273,1,0.7,-2.5093
9411,US-2017-110149,20221210,20221213,788,185,485,1,87.92,5,0.2,15.386
9412,CA-2016-108959,20210310,20210314,514,1333,13,3,104.696,1,0.2,6.5435
9413,CA-2015-164777,20200127,20200129,673,81,67,1,2803.92,5,0.2,0.0
9414,CA-2016-132017,20210926,20210927,513,801,546,1,6.816,2,0.8,-11.5872
9415,CA-2015-127824,20201018,20201022,347,1832,615,4,249.584,2,0.2,15.599
9416,CA-2015-127824,20201018,20201022,347,1088,615,4,17.94,3,0.0,8.7906
9417,CA-2015-127824,20201018,20201022,347,227,615,4,10.11,3,0.0,3.2352
9418,CA-2014-148285,20191027,20191101,635,1087,424,4,10.368,2,0.2,3.6288
9419,CA-2014-148285,20191027,20191101,635,1043,424,4,11.952,3,0.2,4.0338
9420,CA-2017-152926,20221002,20221004,678,469,546,3,15.224,2,0.8,-38.8212
9421,CA-2017-152926,20221002,20221004,678,414,546,3,21.984,6,0.8,-56.0592
9422,CA-2014-145254,20190723,20190727,557,1695,100,4,604.752,6,0.2,60.4752000000001
9423,CA-2014-145254,20190723,20190727,557,1454,100,4,40.7,5,0.0,11.803
9424,CA-2014-145254,20190723,20190727,557,1844,100,4,302.376,3,0.2,37.797
9425,CA-2014-145254,20190723,20190727,557,1521,100,4,45.0,3,0.0,4.95
9426,CA-2014-116246,20190912,20190917,482,81,408,3,3785.292,6,0.1,420.588
9427,CA-2016-160479,20210915,20210920,34,554,614,4,35.4,5,0.0,13.452
9428,CA-2014-167486,20191127,20191201,397,253,397,4,199.9,5,0.0,39.98
9429,CA-2014-152100,20190511,20190516,787,50,549,4,1212.96,8,0.3,-69.3119999999999
9430,CA-2015-166219,20200828,20200901,102,1835,532,4,1099.96,5,0.2,82.497
9431,CA-2015-166219,20200828,20200901,102,372,532,4,103.481,1,0.3,-16.2613
9432,CA-2015-111864,20200619,20200619,607,1011,483,2,5.904,2,0.2,1.9926
9433,CA-2015-119627,20200817,20200823,679,1522,15,4,30.08,2,0.2,-5.264
9434,CA-2015-119627,20200817,20200823,679,1140,15,4,36.288,7,0.2,12.7008
9435,CA-2015-119627,20200817,20200823,679,477,15,4,10.272,3,0.2,1.1556
9436,CA-2015-119627,20200817,20200823,679,1490,15,4,252.8,4,0.2,-31.6
9437,CA-2015-160787,20200925,20200925,94,789,485,2,2.946,2,0.7,-2.0622
9438,CA-2017-107853,20220526,20220531,139,1054,78,4,12.96,2,0.0,6.2208
9439,CA-2017-126144,20220731,20220805,307,1713,483,4,285.576,4,0.4,-57.1152
9440,US-2014-154655,20191012,20191017,99,1426,214,4,22.24,2,0.2,2.502
9441,CA-2014-100391,20190525,20190529,118,1105,408,4,14.62,2,0.0,6.7252
9442,CA-2014-165477,20191229,20191231,638,448,448,3,48.36,5,0.2,6.04499999999999
9443,CA-2017-165904,20220407,20220411,332,570,163,4,16.256,2,0.2,1.2192
9444,CA-2017-165904,20220407,20220411,332,1701,163,4,219.184,2,0.2,19.1786
9445,CA-2015-104052,20200301,20200302,759,1804,530,1,95.84,4,0.2,34.742
9446,CA-2015-168277,20200529,20200603,416,1007,245,4,12.39,3,0.0,5.6994
9447,CA-2016-158617,20210922,20210928,15,1160,248,4,35.88,6,0.0,16.146
9448,CA-2017-136882,20220527,20220603,227,266,467,4,477.3,5,0.0,138.417
9449,US-2016-148957,20210917,20210923,133,974,611,4,12.32,4,0.0,5.9136
9450,CA-2014-140032,20190908,20190913,764,667,98,4,8.608,2,0.2,3.0128
9451,CA-2017-145506,20220603,20220607,531,1420,616,4,136.26,9,0.0,5.45039999999999
9452,CA-2015-129546,20200928,20201005,655,428,66,4,186.15,3,0.0,55.845
9453,CA-2015-129546,20200928,20201005,655,801,66,4,81.792,6,0.2,26.5824
9454,CA-2015-129546,20200928,20201005,655,1458,66,4,47.19,3,0.0,13.6851
9455,CA-2015-129546,20200928,20201005,655,1813,66,4,36.784,2,0.2,-8.2764
9456,CA-2016-140977,20210616,20210619,385,1662,503,3,91.475,1,0.5,-1.8295
9457,CA-2017-151855,20220527,20220603,119,1530,427,4,27.192,3,0.2,0.339899999999997
9458,CA-2017-151855,20220527,20220603,119,812,427,4,12.06,5,0.7,-10.05
9459,CA-2014-138240,20191009,20191014,697,545,100,4,144.6,3,0.0,41.934
9460,CA-2014-138240,20191009,20191014,697,1779,100,4,15.992,1,0.2,-2.9985
9461,CA-2014-101833,20191117,20191122,283,1222,407,3,34.44,3,0.0,17.22
9462,CA-2014-100867,20191019,20191024,262,1859,60,4,321.552,6,0.2,20.097
9463,US-2017-109610,20221125,20221130,107,77,273,3,701.96,2,0.0,168.4704
9464,CA-2014-156545,20190227,20190303,410,587,441,1,19.456,4,0.2,3.4048
9465,CA-2014-109127,20191221,20191225,347,1005,148,4,17.28,6,0.0,7.9488
9466,CA-2016-126858,20211119,20211123,391,156,615,4,31.96,2,0.0,1.598
9467,CA-2017-102925,20221105,20221110,141,746,407,3,164.688,6,0.2,55.5822
9468,CA-2017-102925,20221105,20221110,141,355,407,3,166.5,2,0.4,-66.6
9469,CA-2017-102925,20221105,20221110,141,1136,407,3,12.96,2,0.0,6.2208
9470,CA-2017-102925,20221105,20221110,141,1249,407,3,110.96,2,0.0,53.2608
9471,CA-2017-102925,20221105,20221110,141,1724,407,3,99.98,2,0.0,3.99919999999999
9472,CA-2017-102925,20221105,20221110,141,745,407,3,11.424,1,0.2,3.7128
9473,CA-2017-102925,20221105,20221110,141,133,407,3,128.124,2,0.1,24.2012
9474,CA-2017-102925,20221105,20221110,141,295,407,3,101.4,5,0.0,38.532
9475,CA-2015-100818,20200531,20200605,391,953,215,3,5.904,2,0.2,1.9926
9476,CA-2015-100818,20200531,20200605,391,1085,215,3,173.488,7,0.2,54.215
9477,CA-2015-100818,20200531,20200605,391,235,215,3,51.56,2,0.6,-61.872
9478,CA-2015-100818,20200531,20200605,391,821,215,3,3.564,3,0.8,-6.237
9479,CA-2014-126193,20190907,20190914,715,913,229,4,13.16,5,0.2,4.1125
9480,CA-2014-126193,20190907,20190914,715,688,229,4,3.828,3,0.8,-6.5076
9481,CA-2014-126193,20190907,20190914,715,832,229,4,304.99,5,0.8,-533.7325
9482,CA-2017-150504,20221106,20221112,322,1308,534,4,18.16,2,0.2,1.816
9483,CA-2015-158351,20200620,20200624,67,1509,483,3,319.984,2,0.2,91.9954
9484,CA-2014-122679,20190722,20190728,10,630,65,4,19.68,6,0.0,6.4944
9485,CA-2016-164770,20211202,20211204,550,36,545,3,781.864,10,0.32,-137.976
9486,CA-2016-164770,20211202,20211204,550,1239,545,3,30.816,9,0.2,9.63
9487,CA-2017-130505,20221012,20221012,561,338,618,2,673.344,3,0.3,-76.9536
9488,US-2017-125213,20221211,20221213,554,918,384,1,6.54,3,0.0,2.1582
9489,CA-2015-156566,20201001,20201004,270,1743,472,1,572.8,2,0.2,50.12
9490,US-2016-102232,20210805,20210811,501,488,5,4,197.05,7,0.0,59.115
9491,CA-2017-111738,20220103,20220107,161,829,99,4,2022.272,8,0.2,682.5168
9492,CA-2017-111738,20220103,20220107,161,496,99,4,9.12,3,0.0,3.1008
9493,CA-2017-163188,20221107,20221107,255,664,466,2,38.16,9,0.0,19.08
9494,CA-2016-105207,20210103,20210108,97,321,461,4,1592.85,7,0.0,350.427
9495,CA-2016-105207,20210103,20210108,97,821,461,4,11.88,2,0.0,5.346
9496,US-2016-123610,20210512,20210516,782,1585,71,4,120.0,6,0.0,46.8
9497,US-2016-123610,20210512,20210516,782,420,71,4,8.67,1,0.0,2.3409
9498,CA-2017-118213,20221105,20221107,6,1179,244,1,4.41,1,0.0,2.0286
9499,CA-2017-118213,20221105,20221107,6,1060,244,1,167.94,3,0.0,82.2906
9500,CA-2017-118213,20221105,20221107,6,1228,244,1,67.8,10,0.0,31.188
9501,CA-2016-149237,20210526,20210530,160,211,626,4,26.94,3,0.0,11.3148
9502,US-2015-158589,20201120,20201124,447,188,98,4,32.04,3,0.0,8.01
9503,CA-2016-101329,20210422,20210429,526,490,412,4,32.13,9,0.0,8.3538
9504,CA-2016-101329,20210422,20210429,526,574,412,4,2.88,1,0.0,0.8064
9505,CA-2016-113607,20211014,20211018,614,1832,405,4,1091.93,7,0.0,272.9825
9506,CA-2016-113607,20211014,20211018,614,1145,405,4,111.96,2,0.0,54.8604
9507,CA-2014-149104,20190405,20190407,636,564,308,3,26.7,2,0.0,7.476
9508,CA-2014-149104,20190405,20190407,636,812,308,3,40.2,5,0.0,18.09
9509,CA-2014-149104,20190405,20190407,636,626,308,3,13.89,3,0.0,4.5837
9510,CA-2014-149104,20190405,20190407,636,1326,308,3,689.82,6,0.0,20.6946
9511,CA-2016-105263,20210806,20210811,466,553,407,4,38.34,9,0.0,15.7194
9512,CA-2014-130575,20191214,20191216,171,734,214,1,9.264,3,0.8,-13.896
9513,CA-2017-142461,20220530,20220603,445,14,533,3,204.6664,1,0.32,-6.01960000000003
9514,CA-2016-125220,20211014,20211019,77,1548,619,4,1649.75,5,0.0,544.4175
9515,CA-2014-100293,20190314,20190318,562,1028,163,4,91.056,6,0.2,31.8696
9516,CA-2014-154165,20190217,20190224,220,590,215,4,54.208,14,0.2,8.8088
9517,CA-2015-123939,20200824,20200826,539,1709,438,3,26.982,3,0.4,4.0473
9518,CA-2015-123939,20200824,20200826,539,987,438,3,6.912,3,0.2,2.5056
9519,CA-2015-123939,20200824,20200826,539,1386,438,3,435.504,3,0.2,48.9941999999999
9520,US-2017-104451,20220508,20220512,527,390,99,3,81.08,4,0.0,22.7024
9521,CA-2016-101189,20210204,20210209,341,1408,69,4,93.02,2,0.0,3.7208
9522,CA-2014-169446,20191219,20191225,690,1789,214,4,323.976,3,0.2,36.4473
9523,CA-2014-169446,20191219,20191225,690,1037,214,4,15.552,3,0.2,5.4432
9524,CA-2014-169446,20191219,20191225,690,1302,214,4,32.592,3,0.2,-7.7406
9525,CA-2017-156958,20221205,20221206,583,695,615,1,83.92,5,0.2,29.372
9526,CA-2017-156958,20221205,20221206,583,253,615,1,199.9,5,0.0,39.98
9527,CA-2017-156958,20221205,20221206,583,1684,615,1,31.176,3,0.2,-7.0146
9528,CA-2017-156958,20221205,20221206,583,697,615,1,172.752,6,0.2,60.4632
9529,CA-2017-156958,20221205,20221206,583,724,615,1,9.296,2,0.2,3.0212
9530,CA-2017-101637,20220324,20220325,14,1368,522,2,12.768,2,0.2,0.957599999999999
9531,CA-2017-111759,20220708,20220712,536,1204,613,4,52.76,2,0.0,24.2696
9532,CA-2017-102729,20221026,20221031,84,1303,533,4,55.616,2,0.2,5.5616
9533,CA-2016-116596,20211027,20211031,120,58,406,4,427.644,14,0.1,80.7772
9534,CA-2016-116596,20211027,20211031,120,903,406,4,40.67,7,0.0,12.6077
9535,CA-2016-116596,20211027,20211031,120,1310,406,4,33.48,2,0.0,1.3392
9536,CA-2016-116596,20211027,20211031,120,758,406,4,9.728,2,0.2,3.2832
9537,CA-2017-124191,20220612,20220614,768,221,213,3,8.856,3,0.6,-6.8634
9538,CA-2016-148747,20210925,20210927,52,23,99,1,477.666,2,0.15,84.294
9539,US-2017-169488,20220907,20220909,2,1180,489,1,16.9,5,0.0,7.774
9540,US-2017-169488,20220907,20220909,2,1025,489,1,39.96,2,0.0,18.7812
9541,CA-2015-135727,20200511,20200516,610,126,16,3,191.968,7,0.2,16.7972
9542,CA-2015-135251,20200806,20200810,653,1008,548,4,35.52,3,0.2,13.32
9543,CA-2015-135251,20200806,20200810,653,679,548,4,6.23,5,0.8,-9.6565
9544,CA-2015-135251,20200806,20200810,653,1213,548,4,56.704,2,0.2,19.1376
9545,CA-2015-135251,20200806,20200810,653,38,548,4,369.1992,3,0.32,-114.0174
9546,CA-2014-166590,20191029,20191102,558,1560,242,4,1.98,2,0.0,0.891
9547,CA-2014-166590,20191029,20191102,558,1051,242,4,75.88,2,0.0,35.6636
9548,CA-2016-131744,20210618,20210620,680,1274,483,3,6.848,2,0.2,2.14
9549,CA-2016-131744,20210618,20210620,680,795,483,3,4.626,2,0.7,-3.855
9550,CA-2016-131744,20210618,20210620,680,407,483,3,453.6,3,0.2,90.72
9551,CA-2015-160864,20200503,20200506,563,833,102,1,13.848,3,0.2,5.193
9552,CA-2015-147690,20201110,20201114,668,1348,484,4,577.584,6,0.2,43.3188
9553,CA-2015-163923,20200530,20200603,70,1467,595,4,151.96,4,0.0,36.4704
9554,CA-2016-125724,20210922,20210927,703,147,123,4,68.432,7,0.2,8.55399999999999
9555,CA-2015-111612,20201128,20201202,253,273,441,4,71.12,5,0.2,9.779
9556,CA-2015-111612,20201128,20201202,253,931,441,4,3.008,2,0.2,0.564
9557,CA-2015-156853,20201203,20201205,331,1226,368,3,184.66,7,0.0,84.9436
9558,CA-2014-103086,20191017,20191019,254,301,548,3,5.312,2,0.6,-1.5936
9559,CA-2016-129280,20210503,20210505,702,1570,456,1,132.52,5,0.2,34.7865
9560,CA-2016-129280,20210503,20210505,702,1374,456,1,195.64,5,0.2,-44.019
9561,CA-2016-129280,20210503,20210505,702,200,456,1,51.968,2,0.2,10.3936
9562,CA-2016-129280,20210503,20210505,702,1538,456,1,431.976,3,0.2,-75.5958
9563,CA-2016-129280,20210503,20210505,702,1663,456,1,224.937,3,0.7,-164.9538
9564,CA-2016-129280,20210503,20210505,702,944,456,1,6.0,2,0.2,2.1
9565,CA-2015-161242,20200601,20200608,143,1134,68,4,11.76,2,0.0,5.7624
9566,CA-2014-130428,20190331,20190331,749,100,187,2,1125.488,7,0.2,98.4802000000001
9567,CA-2014-130428,20190331,20190331,749,704,187,2,12.645,5,0.7,-10.116
9568,CA-2014-130428,20190331,20190331,749,610,187,2,4.032,2,0.2,1.0584
9569,CA-2017-104388,20220705,20220707,211,1763,359,1,79.96,4,0.0,22.3888
9570,CA-2015-113131,20200924,20200924,485,766,441,2,6.732,6,0.7,-4.488
9571,CA-2015-113131,20200924,20200924,485,1331,441,2,33.568,2,0.2,1.6784
9572,CA-2015-113131,20200924,20200924,485,880,441,2,15.84,2,0.2,5.544
9573,CA-2015-113131,20200924,20200924,485,991,441,2,24.424,1,0.2,7.9378
9574,CA-2015-113131,20200924,20200924,485,585,441,2,17.12,5,0.2,1.926
9575,CA-2015-148495,20200813,20200813,685,201,83,2,31.56,3,0.0,10.4148
9576,CA-2015-143147,20200526,20200528,609,64,569,3,105.686,1,0.3,-28.6862
9577,CA-2015-143147,20200526,20200528,609,1678,569,3,399.54,2,0.4,-79.908
9578,CA-2015-143147,20200526,20200528,609,130,569,3,104.93,5,0.3,-4.497
9579,CA-2017-152975,20220914,20220916,627,1847,408,1,1079.85,3,0.0,323.955
9580,CA-2017-152975,20220914,20220916,627,1338,408,1,70.98,1,0.0,3.54899999999999
9581,CA-2017-152975,20220914,20220916,627,542,408,1,29.95,5,0.0,8.6855
9582,CA-2017-152975,20220914,20220916,627,103,408,1,589.41,5,0.1,-6.54900000000005
9583,CA-2016-107475,20210607,20210611,660,930,482,4,9.648,6,0.2,3.4974
9584,CA-2017-116127,20220625,20220627,666,19,407,3,400.784,1,0.2,-5.00980000000003
9585,CA-2017-132584,20220826,20220827,326,1300,311,1,53.72,4,0.0,13.9672
9586,CA-2016-160598,20210826,20210828,723,1166,169,1,31.008,1,0.2,11.2404
9587,CA-2016-108630,20211118,20211118,77,740,42,2,61.12,5,0.2,22.156
9588,US-2017-129203,20220417,20220422,92,1340,215,4,195.136,4,0.2,-43.9056
9589,CA-2017-110940,20220723,20220728,64,482,239,4,121.536,4,0.2,15.192
9590,CA-2014-119172,20190511,20190515,319,1200,213,4,17.472,3,0.2,5.6784
9591,CA-2014-119172,20190511,20190515,319,722,213,4,104.58,9,0.8,-172.557
9592,US-2016-105452,20210728,20210801,80,267,561,4,24.7,5,0.6,-9.88
9593,US-2016-105452,20210728,20210801,80,274,561,4,302.72,5,0.6,-378.4
9594,CA-2017-108931,20220914,20220919,335,1185,407,4,8.56,2,0.0,3.852
9595,CA-2017-108931,20220914,20220919,335,1235,407,4,11.56,2,0.0,5.6644
9596,CA-2017-104619,20220124,20220129,425,409,102,4,25.86,3,0.0,6.7236
9597,CA-2017-104619,20220124,20220129,425,818,102,4,276.784,2,0.2,89.9548
9598,CA-2017-104619,20220124,20220129,425,1687,102,4,110.352,3,0.2,8.2764
9599,CA-2015-149517,20200919,20200923,281,259,91,4,60.84,3,0.0,19.4688
9600,CA-2015-116841,20200414,20200418,757,424,475,4,35.208,1,0.2,2.6406
9601,CA-2017-107797,20220508,20220511,247,1236,556,3,41.472,8,0.2,14.5152
9602,CA-2016-117604,20210904,20210909,401,1100,25,4,239.5,5,0.0,114.96
9603,CA-2014-130155,20190519,20190522,747,1455,597,1,34.2,5,0.0,9.234
9604,CA-2016-129861,20210617,20210623,225,358,411,4,376.866,3,0.4,-213.5574
9605,CA-2015-138625,20201102,20201105,257,444,589,1,197.72,4,0.0,55.3616
9606,US-2017-122672,20221104,20221109,323,1525,450,4,70.72,4,0.2,-6.188
9607,US-2017-122672,20221104,20221109,323,1367,450,4,194.352,3,0.2,-43.7292
9608,CA-2017-117128,20221205,20221208,82,1014,407,3,21.6,6,0.0,9.936
9609,CA-2017-117128,20221205,20221208,82,948,407,3,11.07,3,0.0,5.2029
9610,CA-2016-130638,20210516,20210519,670,214,68,3,282.84,4,0.0,19.7988
9611,CA-2016-130638,20210516,20210519,670,974,68,3,27.72,9,0.0,13.3056
9612,CA-2017-144365,20221024,20221030,173,911,343,4,11.68,4,0.0,5.256
9613,CA-2016-110086,20210918,20210922,68,1717,119,4,239.984,2,0.2,23.9984
9614,CA-2014-128524,20191111,20191113,552,438,615,1,22.98,1,0.0,6.894
9615,CA-2014-128524,20191111,20191113,552,1540,615,1,102.13,7,0.0,15.3195
9616,CA-2014-128524,20191111,20191113,552,777,615,1,2033.584,2,0.2,762.594
9617,CA-2016-140256,20210822,20210829,614,548,69,4,5.76,2,0.0,1.6704
9618,CA-2017-160633,20221116,20221121,106,1609,438,4,899.982,3,0.4,74.9984999999999
9619,CA-2017-160633,20221116,20221121,106,609,438,4,86.352,3,0.2,5.39699999999999
9620,CA-2017-160633,20221116,20221121,106,1527,438,4,139.96,5,0.2,-1.74950000000001
9621,CA-2014-115133,20190926,20190930,188,413,450,4,16.704,6,0.2,1.2528
9622,CA-2014-115133,20190926,20190930,188,1529,450,4,3.152,2,0.2,0.4728
9623,CA-2014-115133,20190926,20190930,188,1027,450,4,32.896,4,0.2,11.1024
9624,CA-2017-137449,20220629,20220630,499,382,534,1,21.392,2,0.8,-54.5496
9625,CA-2017-137449,20220629,20220630,499,349,534,1,307.314,3,0.3,-39.5118
9626,CA-2017-137449,20220629,20220630,499,6,534,1,409.9992,3,0.32,-96.4704
9627,CA-2017-103520,20220923,20220925,514,1135,555,1,9.248,2,0.2,3.3524
9628,CA-2014-139283,20191123,20191127,113,723,310,4,14.67,3,0.0,6.7482
9629,CA-2014-118192,20190113,20190118,526,1193,456,4,37.408,7,0.2,13.0928
9630,CA-2014-118192,20190113,20190118,526,776,456,4,3.438,2,0.7,-2.5212
9631,CA-2016-168844,20210531,20210606,570,744,406,4,7.152,3,0.2,2.3244
9632,CA-2016-168844,20210531,20210606,570,1804,406,4,179.7,6,0.0,88.053
9633,CA-2017-154809,20220213,20220217,512,470,334,4,90.64,8,0.0,38.9752
9634,CA-2014-151330,20191014,20191017,744,1479,294,1,177.0,3,0.0,30.09
9635,CA-2014-151330,20191014,20191017,744,1308,294,1,79.45,7,0.0,22.246
9636,CA-2014-151330,20191014,20191017,744,61,294,1,1628.82,9,0.0,260.6112
9637,CA-2014-124702,20191118,20191125,514,262,614,4,137.54,2,0.0,55.016
9638,CA-2014-124702,20191118,20191125,514,352,614,4,730.2,4,0.0,94.926
9639,US-2017-125808,20221112,20221115,276,1135,66,3,11.56,2,0.0,5.6644
9640,CA-2015-116638,20200128,20200131,372,319,422,3,4297.644,13,0.4,-1862.3124
9641,CA-2014-104563,20190307,20190312,164,483,613,4,20.65,5,0.0,9.499
9642,CA-2014-104563,20190307,20190312,164,1324,613,4,204.9,5,0.0,0.0
9643,CA-2014-104563,20190307,20190312,164,97,613,4,436.704,6,0.2,21.8352
9644,CA-2014-104563,20190307,20190312,164,125,613,4,481.568,2,0.2,54.1763999999999
9645,US-2017-107979,20220608,20220613,290,1516,13,4,89.544,7,0.2,12.3123
9646,US-2017-107979,20220608,20220613,290,1372,13,4,35.168,2,0.2,-8.3524
9647,US-2017-107979,20220608,20220613,290,666,13,4,72.588,2,0.7,-48.392
9648,CA-2014-150518,20191119,20191124,547,1321,329,4,221.16,4,0.0,57.5016
9649,CA-2014-150518,20191119,20191124,547,1755,329,4,281.97,3,0.0,78.9516
9650,CA-2016-107104,20211126,20211130,537,19,68,4,3406.664,8,0.15,160.3136
9651,CA-2016-107104,20211126,20211130,537,616,68,4,37.17,9,0.0,10.4076
9652,CA-2016-107104,20211126,20211130,537,378,68,4,64.96,2,0.0,19.488
9653,CA-2016-107104,20211126,20211130,537,242,68,4,595.38,6,0.0,297.69
9654,CA-2017-161893,20220123,20220127,331,1510,20,4,95.984,2,0.2,11.998
9655,CA-2017-161893,20220123,20220127,331,826,20,4,4.938,2,0.7,-3.6212
9656,CA-2014-156160,20190922,20190929,53,200,408,4,97.44,3,0.0,35.0784
9657,CA-2014-156160,20190922,20190929,53,772,408,4,3.984,1,0.2,1.3944
9658,CA-2014-156160,20190922,20190929,53,603,408,4,13.04,4,0.0,5.7376
9659,CA-2014-156160,20190922,20190929,53,135,408,4,579.528,4,0.1,83.7096
9660,CA-2014-100860,20190326,20190330,181,971,83,3,18.75,5,0.0,9.0
9661,CA-2016-160717,20210606,20210611,498,1725,106,4,3023.928,9,0.2,226.7946
9662,CA-2016-160717,20210606,20210611,498,1520,106,4,26.96,2,0.0,3.7744
9663,CA-2016-160717,20210606,20210611,498,1740,106,4,477.6,3,0.2,161.19
9664,CA-2017-132619,20220831,20220905,540,1346,98,4,193.95,3,0.0,9.69749999999998
9665,US-2015-120957,20201207,20201207,433,1242,89,2,12.96,2,0.0,6.2208
9666,CA-2017-157448,20221116,20221120,452,253,69,4,119.94,3,0.0,23.988
9667,CA-2017-157448,20221116,20221120,452,196,69,4,12.42,3,0.0,4.4712
9668,CA-2016-126270,20210423,20210427,17,747,94,4,18.088,7,0.2,6.5569
9669,CA-2016-126270,20210423,20210427,17,895,94,4,71.97,3,0.0,35.985
9670,CA-2017-145275,20220402,20220406,33,966,2,4,14.94,3,0.0,6.8724
9671,CA-2015-133396,20200813,20200815,303,519,427,1,64.68,7,0.2,8.085
9672,US-2017-140312,20221113,20221119,435,1809,46,4,22.0,5,0.2,1.375
9673,CA-2016-114867,20211223,20211228,288,1050,485,4,7.968,2,0.2,2.6892
9674,CA-2016-114867,20211223,20211228,288,1783,485,4,1499.97,5,0.4,-374.9925
9675,US-2014-164644,20190722,20190724,389,1385,548,3,26.632,1,0.2,1.3316
9676,CA-2016-137393,20210506,20210510,306,192,34,4,41.6,4,0.0,14.144
9677,US-2014-120175,20191128,20191203,492,890,254,4,64.02,6,0.0,29.4492
9678,CA-2016-144785,20210418,20210423,180,524,405,4,6.99,3,0.0,2.0271
9679,CA-2016-144785,20210418,20210423,180,1451,405,4,6.84,1,0.0,1.8468
9680,CA-2015-130113,20201227,20201231,28,1292,100,4,323.1,2,0.0,61.389
9681,CA-2015-130113,20201227,20201231,28,1811,100,4,668.16,9,0.2,75.1679999999999
9682,CA-2017-122770,20221213,20221218,276,1010,100,4,8.64,3,0.0,4.2336
9683,CA-2017-122770,20221213,20221218,276,1207,100,4,38.88,6,0.0,18.6624
9684,CA-2017-122770,20221213,20221218,276,184,100,4,201.04,8,0.0,54.2808
9685,CA-2017-122770,20221213,20221218,276,1032,100,4,12.96,2,0.0,6.3504
9686,CA-2017-118668,20220102,20220104,292,1475,66,3,16.59,1,0.0,5.8065
9687,CA-2017-116498,20220530,20220603,414,580,96,4,35.1,6,0.0,10.179
9688,US-2017-130603,20220930,20221006,669,650,519,4,11.646,9,0.8,-17.469
9689,US-2017-135986,20220620,20220627,593,1109,593,4,32.4,5,0.0,15.552
9690,US-2017-135986,20220620,20220627,593,1819,593,4,503.96,4,0.0,125.99
9691,CA-2017-140536,20220404,20220405,731,522,408,1,7.04,4,0.0,2.0416
9692,CA-2015-130183,20201113,20201117,603,14,546,4,613.9992,3,0.32,-18.0588000000001
9693,CA-2015-107902,20200828,20200902,703,1356,139,4,470.36,11,0.0,122.2936
9694,CA-2017-130148,20220924,20220928,567,1057,99,3,31.08,6,0.0,15.2292
9695,CA-2017-130148,20220924,20220928,567,1433,99,3,7.3,2,0.0,2.19
9696,US-2016-151260,20211211,20211214,678,438,458,1,73.536,4,0.2,9.19199999999999
9697,CA-2014-144281,20190610,20190615,327,998,311,3,491.55,5,0.0,240.8595
9698,CA-2016-122511,20210311,20210311,114,173,484,2,30.336,4,0.2,9.48
9699,CA-2017-154116,20221215,20221219,438,1272,54,4,22.83,3,0.0,10.7301
9700,CA-2017-154116,20221215,20221219,438,377,54,4,54.32,4,0.0,16.296
9701,CA-2017-154116,20221215,20221219,438,1704,54,4,196.776,3,0.2,14.7582
9702,CA-2016-105291,20211030,20211104,711,932,103,4,3.62,2,0.0,1.1946
9703,CA-2017-147032,20220731,20220804,450,1211,149,4,11.54,1,0.0,5.5392
9704,CA-2017-147032,20220731,20220804,450,782,149,4,849.95,5,0.0,390.977
9705,CA-2017-147032,20220731,20220804,450,756,149,4,11.01,3,0.0,5.3949
9706,CA-2017-125990,20221019,20221023,410,840,100,4,39.624,3,0.2,13.8684
9707,CA-2016-161746,20211021,20211027,173,127,68,4,242.136,3,0.2,12.1068
9708,CA-2016-161746,20211021,20211027,173,483,68,4,12.39,3,0.0,5.6994
9709,CA-2016-161746,20211021,20211027,173,270,68,4,19.96,2,0.0,5.5888
9710,CA-2016-161746,20211021,20211027,173,1379,68,4,340.92,3,0.0,3.40919999999998
9711,CA-2014-114251,20191105,20191110,496,183,485,4,273.568,2,0.2,-34.196
9712,CA-2014-114251,20191105,20191110,496,785,485,4,13.194,2,0.7,-8.796
9713,CA-2014-114251,20191105,20191110,496,1401,485,4,1080.096,6,0.2,-94.5084
9714,CA-2014-114251,20191105,20191110,496,1487,485,4,51.56,5,0.2,-6.445
9715,CA-2014-114251,20191105,20191110,496,1598,485,4,58.416,2,0.2,16.7946
9716,CA-2016-116379,20211107,20211112,458,697,100,4,57.584,2,0.2,20.1544
9717,US-2016-144477,20210812,20210814,194,499,483,3,37.312,4,0.2,2.7984
9718,CA-2016-108210,20210530,20210531,60,1763,546,2,79.96,5,0.2,7.99600000000001
9719,CA-2016-108210,20210530,20210531,60,1461,546,2,223.96,5,0.2,11.198
9720,CA-2017-166835,20221112,20221114,217,1376,481,3,221.024,2,0.2,-55.256
9721,CA-2016-119641,20210922,20210926,176,224,622,4,18.96,2,0.0,7.584
9722,CA-2016-105781,20210216,20210220,364,76,407,4,326.646,3,0.1,39.9234
9723,CA-2016-105781,20210216,20210220,364,1567,407,4,89.97,3,0.0,39.5868
9724,CA-2014-101364,20191222,20191226,774,800,406,4,296.712,13,0.2,100.1403
9725,CA-2015-117898,20201205,20201211,735,896,208,4,12.224,2,0.2,4.4312
9726,CA-2017-142293,20220917,20220920,674,1488,200,1,89.97,3,0.0,37.7874
9727,CA-2017-167395,20221202,20221204,439,403,299,1,286.86,7,0.0,80.3208
9728,CA-2017-167395,20221202,20221204,439,1862,299,1,979.95,5,0.0,284.1855
9729,CA-2017-167395,20221202,20221204,439,1435,299,1,4.36,2,0.0,0.174399999999999
9730,CA-2014-111962,20190929,20191004,254,691,615,4,10.048,2,0.2,3.14
9731,CA-2014-111962,20190929,20191004,254,1292,615,4,807.75,5,0.0,153.4725
9732,CA-2017-124261,20221114,20221119,356,585,69,4,34.24,8,0.0,9.9296
9733,CA-2014-114321,20190820,20190825,557,75,590,4,500.24,13,0.0,145.0696
9734,CA-2014-114321,20190820,20190825,557,1034,590,4,20.12,2,0.0,9.2552
9735,CA-2014-114321,20190820,20190825,557,692,590,4,896.99,1,0.0,421.5853
9736,CA-2014-128062,20191119,20191122,16,1112,483,3,5.88,1,0.2,1.9845
9737,US-2015-100069,20200629,20200703,562,1849,362,4,269.98,2,0.0,72.8946
9738,CA-2017-129294,20220316,20220321,426,1378,66,4,310.12,2,0.0,80.6312
9739,CA-2017-129294,20220316,20220321,426,816,66,4,70.464,6,0.2,22.9008
9740,CA-2017-129294,20220316,20220321,426,710,66,4,19.68,5,0.2,6.888
9741,CA-2017-129294,20220316,20220321,426,399,66,4,140.67,3,0.0,54.8613
9742,CA-2015-117086,20201108,20201112,616,49,585,4,4404.9,5,0.0,1013.127
9743,CA-2017-131303,20221128,20221202,276,959,96,4,62.65,5,0.0,29.4455
9744,CA-2016-137127,20210616,20210622,374,968,148,4,9.45,3,0.0,4.536
9745,CA-2017-141782,20220121,20220125,77,867,207,4,268.576,4,0.2,90.6444
9746,CA-2017-137505,20221124,20221124,104,321,65,2,364.08,2,0.2,9.102
9747,CA-2017-137505,20221124,20221124,104,330,65,2,71.088,2,0.2,-1.7772
9748,US-2014-140914,20191111,20191115,89,142,215,4,10.984,2,0.6,-7.9634
9749,US-2014-140914,20191111,20191115,89,105,215,4,797.944,4,0.3,-56.996
9750,CA-2016-158358,20210304,20210308,268,1536,369,4,159.98,2,0.0,57.5928
9751,CA-2016-113390,20211011,20211015,276,573,213,4,5.344,2,0.2,0.667999999999999
9752,CA-2016-113390,20211011,20211015,276,519,213,4,27.72,3,0.2,3.465
9753,US-2016-158680,20210701,20210702,579,644,615,1,2.496,1,0.2,0.9048
9754,CA-2017-113705,20220327,20220329,451,955,593,3,8.26,2,0.0,3.7996
9755,CA-2017-113705,20220327,20220329,451,707,593,3,17.76,2,0.0,8.88
9756,CA-2017-113705,20220327,20220329,451,1330,593,3,332.94,3,0.0,9.98820000000002
9757,CA-2017-113705,20220327,20220329,451,344,593,3,292.1,2,0.0,58.42
9758,CA-2017-113705,20220327,20220329,451,1827,593,3,206.1,5,0.0,55.647
9759,CA-2017-113705,20220327,20220329,451,1179,593,3,17.64,4,0.0,8.1144
9760,CA-2016-146913,20211031,20211105,687,77,98,4,1403.92,5,0.2,70.196
9761,CA-2017-159135,20221104,20221108,437,492,29,4,4.3,2,0.0,1.419
9762,CA-2014-121762,20190214,20190218,520,1477,613,4,239.97,3,0.0,86.3892
9763,CA-2014-121762,20190214,20190218,520,403,613,4,81.96,2,0.0,22.9488
9764,CA-2014-121762,20190214,20190218,520,1422,613,4,238.62,2,0.0,4.7724
9765,CA-2014-123855,20190618,20190623,494,1689,67,4,139.8,5,0.2,12.2325
9766,CA-2017-101959,20220228,20220306,199,710,142,4,9.84,2,0.0,4.7232
9767,CA-2017-101959,20220228,20220306,199,1155,142,4,7.78,1,0.0,3.501
9768,CA-2017-102659,20221209,20221215,482,641,312,4,54.9,5,0.0,26.901
9769,CA-2017-142328,20221207,20221214,746,1046,100,4,50.04,6,0.0,25.02
9770,CA-2016-123533,20211124,20211130,669,12,160,4,339.92,5,0.2,8.49799999999998
9771,CA-2016-123533,20211124,20211130,669,1114,160,4,10.528,4,0.2,3.4216
9772,CA-2016-123533,20211124,20211130,669,436,160,4,42.384,2,0.2,4.2384
9773,CA-2016-104983,20210703,20210703,287,1026,485,2,123.92,5,0.2,38.725
9774,CA-2016-160234,20210626,20210703,591,1841,190,4,135.95,1,0.0,39.4255
9775,CA-2014-169019,20190726,20190730,460,846,569,4,2177.584,8,0.8,-3701.8928
9776,CA-2014-169019,20190726,20190730,460,306,569,4,17.496,3,0.6,-10.0602
9777,CA-2014-169019,20190726,20190730,460,695,569,4,16.784,4,0.8,-26.8544
9778,CA-2014-169019,20190726,20190730,460,1519,569,4,431.136,9,0.2,-26.946
9779,CA-2014-169019,20190726,20190730,460,707,569,4,8.88,5,0.8,-13.32
9780,CA-2014-169019,20190726,20190730,460,448,569,4,4.836,2,0.8,-12.09
9781,CA-2016-153178,20210914,20210918,153,1749,402,4,437.85,3,0.0,131.355
9782,CA-2016-153178,20210914,20210918,153,822,402,4,673.568,2,0.2,252.588
9783,CA-2015-149748,20200531,20200602,269,1154,384,3,274.8,5,0.0,134.652
9784,CA-2015-149748,20200531,20200602,269,1412,384,3,62.18,1,0.0,16.7886
9785,CA-2015-149748,20200531,20200602,269,196,384,3,8.28,2,0.0,2.9808
9786,CA-2015-155635,20200509,20200513,499,672,273,4,48.81,3,0.0,23.9169
9787,US-2014-114377,20191105,20191105,86,130,590,2,149.9,5,0.0,40.473
9788,CA-2017-144491,20220327,20220401,147,14,547,4,1023.332,5,0.32,-30.0980000000001
9789,CA-2017-144491,20220327,20220401,147,119,547,4,600.558,3,0.3,-8.57940000000008
9790,CA-2017-144491,20220327,20220401,147,1600,547,4,39.992,1,0.2,6.9986
9791,CA-2017-144491,20220327,20220401,147,74,547,4,211.246,2,0.3,-66.3916
9792,CA-2014-127166,20190521,20190523,430,882,547,3,56.064,6,0.2,21.024
9793,CA-2014-127166,20190521,20190523,430,106,547,3,107.772,2,0.3,-29.2524
9794,CA-2014-127166,20190521,20190523,430,1110,547,3,4.832,1,0.2,1.6308
9795,CA-2014-127166,20190521,20190523,430,673,547,3,18.24,3,0.8,-31.008
9796,CA-2016-125920,20210521,20210528,692,774,213,4,3.798,3,0.8,-5.8869
9797,CA-2015-128608,20200112,20200117,180,516,459,4,10.368,2,0.2,1.5552
9798,CA-2015-128608,20200112,20200117,180,1862,459,4,235.188,2,0.4,-43.1178
9799,CA-2015-128608,20200112,20200117,180,1708,459,4,26.376,4,0.4,2.6376
9800,CA-2015-128608,20200112,20200117,180,1472,459,4,10.384,2,0.2,2.2066
9801,CA-2015-128608,20200112,20200117,180,1761,459,4,107.118,3,0.4,-21.4236
9802,CA-2017-137918,20220929,20221006,381,1426,62,4,97.3,7,0.0,28.217
9803,CA-2015-122973,20200718,20200720,596,810,407,3,3.328,2,0.2,1.2064
9804,CA-2015-122973,20200718,20200720,596,1771,407,3,135.99,1,0.0,36.7173
9805,CA-2015-122973,20200718,20200720,596,221,407,3,7.38,1,0.0,2.1402
9806,CA-2016-136322,20211021,20211026,44,239,159,4,45.568,2,0.2,9.6832
9807,CA-2016-136322,20211021,20211026,44,839,159,4,28.752,8,0.7,-21.0848
9808,CA-2017-107209,20220727,20220801,412,66,432,3,194.848,4,0.2,12.178
9809,CA-2017-145093,20220721,20220726,612,682,214,4,2.112,2,0.8,-3.3792
9810,US-2014-139640,20191107,20191111,740,1039,472,3,25.92,5,0.2,9.072
9811,US-2014-139640,20191107,20191111,740,547,472,3,120.768,4,0.2,9.0576
9812,CA-2016-117583,20211127,20211130,126,1092,376,1,25.92,4,0.0,12.4416
9813,CA-2016-117583,20211127,20211130,126,493,376,1,34.65,3,0.0,9.702
9814,CA-2016-117583,20211127,20211130,126,1021,376,1,204.95,5,0.0,100.4255
9815,CA-2016-117583,20211127,20211130,126,815,376,1,79.95,5,0.0,38.376
9816,CA-2015-162201,20200608,20200612,23,1176,183,4,173.488,7,0.2,54.215
9817,CA-2015-162201,20200608,20200612,23,1292,183,4,516.96,4,0.2,-6.46199999999999
9818,CA-2015-162201,20200608,20200612,23,177,183,4,173.208,7,0.2,45.4671
9819,CA-2015-162201,20200608,20200612,23,602,183,4,4.448,2,0.2,0.3336
9820,CA-2015-162201,20200608,20200612,23,971,183,4,9.0,3,0.2,3.15
9821,CA-2015-162201,20200608,20200612,23,1090,183,4,42.24,10,0.2,13.2
9822,CA-2015-162201,20200608,20200612,23,738,183,4,18.264,2,0.7,-13.3936
9823,US-2014-164406,20190815,20190819,71,449,100,4,152.91,3,0.0,42.8148
9824,US-2014-164406,20190815,20190819,71,1026,100,4,92.94,3,0.0,41.823
9825,US-2014-164406,20190815,20190819,71,733,100,4,17.856,4,0.2,6.2496
9826,US-2014-164406,20190815,20190819,71,779,100,4,46.44,3,0.2,15.093
9827,US-2014-164406,20190815,20190819,71,113,100,4,195.136,4,0.2,-12.196
9828,CA-2017-169999,20220619,20220626,407,1346,408,4,129.3,2,0.0,6.46499999999999
9829,CA-2017-169999,20220619,20220626,407,836,408,4,11.568,3,0.2,3.7596
9830,US-2017-152842,20220716,20220723,561,121,421,4,242.352,3,0.2,15.147
9831,CA-2014-113257,20191216,20191218,673,1577,522,3,319.968,4,0.2,95.9904
9832,CA-2014-113257,20191216,20191218,673,193,522,3,8.624,7,0.6,-2.5872
9833,CA-2014-133963,20190518,20190522,293,1108,534,3,3.984,1,0.2,1.4442
9834,CA-2017-130302,20220914,20220919,186,1515,458,4,895.944,7,0.2,190.3881
9835,CA-2016-126627,20211010,20211012,788,317,552,1,14.0,4,0.6,-6.3
9836,CA-2016-126627,20211010,20211012,788,700,552,1,16.392,2,0.8,-26.2272
9837,US-2016-125402,20210925,20211001,218,1023,63,4,10.9,5,0.0,5.123
9838,US-2016-125402,20210925,20211001,218,997,63,4,29.6,2,0.0,14.8
9839,US-2016-125402,20210925,20211001,218,969,63,4,4.98,1,0.0,2.2908
9840,US-2016-125402,20210925,20211001,218,1608,63,4,479.976,3,0.2,161.9919
9841,US-2016-125402,20210925,20211001,218,1806,63,4,44.736,8,0.2,4.4736
9842,US-2016-125402,20210925,20211001,218,548,63,4,5.76,2,0.0,1.6704
9843,US-2016-125402,20210925,20211001,218,60,63,4,483.136,4,0.2,60.3919999999999
9844,CA-2014-163867,20190603,20190606,639,969,217,1,15.936,4,0.2,5.1792
9845,CA-2014-163867,20190603,20190606,639,185,217,1,61.544,7,0.6,-40.0036
9846,CA-2014-163867,20190603,20190606,639,1321,217,1,132.696,3,0.2,9.9522
9847,CA-2017-169327,20220902,20220904,510,409,65,3,43.1,5,0.0,11.206
9848,CA-2017-169327,20220902,20220904,510,294,65,3,511.5,5,0.0,132.99
9849,CA-2017-169327,20220902,20220904,510,819,65,3,147.92,5,0.2,46.225
9850,CA-2014-142979,20190412,20190418,258,566,62,4,39.68,2,0.0,16.2688
9851,CA-2016-158155,20210502,20210506,258,164,405,4,12.56,2,0.0,4.0192
9852,CA-2016-158155,20210502,20210506,258,706,405,4,90.48,3,0.2,33.93
9853,CA-2016-158155,20210502,20210506,258,1056,405,4,13.08,2,0.0,6.0168
9854,CA-2016-158155,20210502,20210506,258,218,405,4,214.7,5,0.0,83.733
9855,CA-2017-138870,20220619,20220623,293,223,98,4,50.32,4,0.0,21.1344
9856,CA-2017-138870,20220619,20220623,293,1266,98,4,24.56,2,0.0,11.5432
9857,CA-2014-120950,20191106,20191111,293,1062,191,4,43.68,6,0.0,20.9664
9858,CA-2015-164301,20200326,20200330,249,337,613,4,3393.68,8,0.0,610.8624
9859,CA-2017-113278,20220114,20220120,332,1351,254,4,67.4,5,0.0,17.524
9860,CA-2017-113278,20220114,20220120,332,935,254,4,2.52,2,0.0,0.1008
9861,CA-2017-113278,20220114,20220120,332,1686,254,4,67.8,4,0.0,1.35599999999999
9862,CA-2017-113278,20220114,20220120,332,1375,254,4,18.76,2,0.0,5.2528
9863,CA-2017-113278,20220114,20220120,332,1497,254,4,12.12,4,0.0,2.5452
9864,CA-2017-113278,20220114,20220120,332,1254,254,4,11.34,1,0.0,5.5566
9865,CA-2017-113278,20220114,20220120,332,1583,254,4,159.8,4,0.0,70.312
9866,CA-2017-113278,20220114,20220120,332,173,254,4,18.96,2,0.0,8.532
9867,US-2015-116981,20200326,20200328,703,1378,405,3,1085.42,7,0.0,282.2092
9868,US-2015-116981,20200326,20200328,703,389,405,3,13.11,3,0.0,3.4086
9869,CA-2014-114195,20191101,20191103,246,218,453,1,68.704,2,0.2,16.3172
9870,CA-2014-114195,20191101,20191103,246,657,453,1,3.132,2,0.7,-2.61
9871,CA-2014-114195,20191101,20191103,246,705,453,1,22.428,3,0.7,-17.9424
9872,CA-2017-146269,20221006,20221006,512,1386,214,2,290.336,2,0.2,32.6627999999999
9873,CA-2017-146269,20221006,20221006,512,631,214,2,19.152,2,0.2,1.197
9874,CA-2016-100587,20211210,20211214,699,1273,407,4,6.48,1,0.0,3.1104
9875,CA-2016-166653,20210922,20210924,573,879,457,3,63.968,2,0.2,19.99
9876,CA-2015-130855,20201229,20210105,642,1447,408,4,6.36,2,0.0,0.0636000000000001
9877,US-2017-166324,20220420,20220421,78,1294,440,1,848.544,4,0.2,-21.2136000000001
9878,US-2017-166324,20220420,20220421,78,645,440,1,8.7,5,0.7,-6.38
9879,US-2017-166324,20220420,20220421,78,1830,440,1,122.382,3,0.4,-24.4764
9880,CA-2016-122581,20210821,20210825,378,99,408,4,573.174,7,0.1,63.686
9881,CA-2015-104297,20200529,20200531,129,1049,440,1,85.056,3,0.2,28.7064
9882,CA-2014-153927,20190812,20190813,465,643,199,1,14.04,3,0.0,6.7392
9883,CA-2014-153927,20190812,20190813,465,1459,199,1,272.61,13,0.0,98.1396
9884,CA-2014-112291,20190403,20190408,427,858,65,4,11.16,2,0.0,5.58
9885,CA-2014-112291,20190403,20190408,427,1493,65,4,62.31,3,0.0,22.4316
9886,CA-2014-112291,20190403,20190408,427,1477,65,4,159.98,2,0.0,57.5928
9887,CA-2014-146997,20190123,20190127,690,934,247,4,5.94,3,0.0,0.0
9888,CA-2017-169607,20221012,20221015,123,1050,407,1,9.96,2,0.0,4.6812
9889,CA-2015-127544,20200808,20200812,632,1477,414,4,79.99,1,0.0,28.7964
9890,CA-2017-166499,20220319,20220320,780,555,378,1,8.94,3,0.0,2.4138
9891,US-2016-115441,20210725,20210728,692,1289,626,3,20.62,2,0.0,9.6914
9892,US-2016-115441,20210725,20210728,692,1552,626,3,124.25,7,0.0,48.4575
9893,US-2016-115441,20210725,20210728,692,1761,626,3,297.55,5,0.0,83.314
9894,US-2016-115441,20210725,20210728,692,127,626,3,403.56,4,0.0,96.8544
9895,US-2016-115441,20210725,20210728,692,195,626,3,95.2,5,0.0,27.608
9896,CA-2014-115049,20190926,20191001,526,1597,214,4,153.824,11,0.2,38.456
9897,CA-2014-156342,20190617,20190620,362,1121,215,3,62.016,2,0.2,22.4808
9898,CA-2016-112830,20210606,20210610,469,297,445,4,466.32,3,0.2,34.974
9899,CA-2016-112830,20210606,20210610,469,310,445,4,82.64,2,0.2,0.0
9900,US-2014-117380,20190328,20190403,535,319,458,4,330.588,1,0.4,-143.2548
9901,CA-2017-117646,20220821,20220825,682,1291,132,4,237.096,3,0.2,20.7459
9902,CA-2017-117646,20220821,20220825,682,173,132,4,22.752,3,0.2,7.11
9903,CA-2017-117646,20220821,20220825,682,1142,132,4,6.672,1,0.2,2.085
9904,CA-2014-122609,20191112,20191118,230,302,526,4,25.128,3,0.6,-6.9102
9905,CA-2014-122609,20191112,20191118,230,1536,526,4,127.984,2,0.2,25.5968
9906,US-2015-129007,20200913,20200915,426,318,31,1,131.88,7,0.0,55.3896
9907,US-2015-129007,20200913,20200915,426,702,31,1,25.032,3,0.2,7.8225
9908,US-2015-129007,20200913,20200915,426,51,31,1,717.72,3,0.2,71.772
9909,US-2015-129007,20200913,20200915,426,222,31,1,207.35,5,0.0,24.882
9910,US-2015-129007,20200913,20200915,426,286,31,1,44.67,3,0.0,12.0609
9911,US-2015-129007,20200913,20200915,426,1081,31,1,209.7,2,0.0,100.656
9912,US-2014-157231,20190405,20190409,655,753,276,4,115.36,7,0.0,56.5264
9913,CA-2015-132388,20201010,20201012,440,74,106,1,362.136,3,0.2,-54.3204
9914,CA-2015-132388,20201010,20201012,440,952,106,1,31.05,3,0.0,14.904
9915,CA-2017-160927,20220129,20220131,754,1236,261,3,12.96,2,0.0,6.2208
9916,CA-2017-160927,20220129,20220131,754,1028,261,3,94.85,5,0.0,45.528
9917,CA-2017-160927,20220129,20220131,754,1351,261,3,13.48,1,0.0,3.5048
9918,CA-2017-160927,20220129,20220131,754,137,261,3,14.91,3,0.0,4.6221
9919,CA-2015-105508,20200924,20200929,359,879,408,4,39.98,1,0.0,17.991
9920,CA-2016-149272,20210315,20210319,550,64,525,4,528.43,5,0.3,-143.431
9921,CA-2016-149272,20210315,20210319,550,815,525,4,22.386,7,0.8,-35.8176
9922,CA-2014-111360,20191124,20191130,59,771,437,4,5.742,3,0.7,-4.5936
9923,US-2017-162124,20220506,20220510,363,1513,215,4,191.968,4,0.2,28.7952
9924,CA-2015-159534,20200320,20200323,206,799,408,1,49.848,3,0.2,16.8237
9925,CA-2015-159534,20200320,20200323,206,895,408,1,23.99,1,0.0,11.995
9926,CA-2015-159534,20200320,20200323,206,782,408,1,1087.936,8,0.2,353.5792
9927,CA-2015-159534,20200320,20200323,206,1764,408,1,199.98,2,0.0,53.9946
9928,CA-2015-159534,20200320,20200323,206,1331,408,1,83.92,4,0.0,20.1408
9929,CA-2016-129630,20210904,20210904,338,148,100,2,24.27,3,0.0,8.7372
9930,CA-2016-129630,20210904,20210904,338,1612,100,2,2799.96,5,0.2,944.9865
9931,CA-2015-104948,20201113,20201117,431,689,93,4,9.872,2,0.2,3.4552
9932,CA-2015-104948,20201113,20201117,431,42,93,4,683.332,4,0.15,-40.1960000000001
9933,CA-2015-104948,20201113,20201117,431,1274,93,4,29.96,7,0.0,13.482
9934,CA-2014-166555,20190711,20190714,376,1858,409,1,164.85,3,0.0,47.8065
9935,CA-2016-114405,20210407,20210412,56,447,482,4,33.528,3,0.2,2.5146
9936,CA-2016-114405,20210407,20210412,56,1352,482,4,36.744,3,0.2,3.6744
9937,CA-2017-132955,20220624,20220628,676,746,488,4,102.93,3,0.0,48.3771
9938,CA-2016-164889,20210603,20210606,166,330,69,3,71.088,2,0.2,-1.7772
9939,CA-2016-169824,20211212,20211217,577,312,405,4,60.35,5,0.0,19.9155
9940,CA-2016-169824,20211212,20211217,577,1428,405,4,35.52,4,0.0,9.9456
9941,CA-2016-169824,20211212,20211217,577,486,405,4,11.2,7,0.0,4.816
9942,CA-2017-164028,20221124,20221130,388,1508,100,4,223.58,14,0.0,87.1962
9943,CA-2014-143371,20191228,20200103,496,1330,31,4,998.82,9,0.0,29.9646000000001
9944,CA-2014-143371,20191228,20200103,496,1440,31,4,51.15,5,0.0,13.299
9945,CA-2015-145415,20200412,20200417,633,1302,613,3,40.74,3,0.0,0.407399999999999
9946,CA-2014-111157,20190302,20190306,566,1042,482,4,3.424,1,0.2,1.07
9947,CA-2014-111157,20190302,20190306,566,1580,482,4,151.2,3,0.2,32.13
9948,CA-2017-121559,20220601,20220603,334,109,245,3,1925.88,6,0.0,539.2464
9949,CA-2017-121559,20220601,20220603,334,440,245,3,2405.2,8,0.0,793.716
9950,CA-2017-121559,20220601,20220603,334,1586,245,3,83.97,3,0.0,15.9543
9951,CA-2017-121559,20220601,20220603,334,1506,245,3,39.89,1,0.0,14.7593
9952,CA-2017-121559,20220601,20220603,334,725,245,3,17.38,2,0.0,8.69
9953,CA-2015-141593,20201214,20201216,190,685,68,3,55.264,2,0.2,20.724
9954,CA-2015-141593,20201214,20201216,190,1288,68,3,6.48,1,0.0,3.1104
9955,CA-2015-141593,20201214,20201216,190,671,68,3,34.248,3,0.2,11.5587
9956,CA-2015-141593,20201214,20201216,190,346,68,3,273.568,2,0.2,10.2588
9957,US-2014-143287,20191111,20191117,442,1126,404,4,46.35,5,0.0,21.7845
9958,US-2014-143287,20191111,20191117,442,1246,404,4,223.92,4,0.0,109.7208
9959,US-2014-143287,20191111,20191117,442,1433,404,4,7.3,2,0.0,2.19
9960,CA-2017-137421,20221006,20221011,39,529,11,4,9.344,2,0.2,1.8688
9961,CA-2017-141446,20220916,20220918,154,1524,270,3,18.0,1,0.0,3.24
9962,CA-2015-168088,20200319,20200322,163,1067,546,1,65.584,2,0.2,23.7742
9963,CA-2015-168088,20200319,20200322,163,41,546,1,383.4656,4,0.32,-67.6704
9964,CA-2015-143700,20200726,20200726,56,1203,484,2,10.368,2,0.2,3.6288
9965,CA-2016-146374,20211205,20211210,320,233,148,3,13.4,1,0.0,6.432
9966,CA-2016-146374,20211205,20211210,320,1043,148,3,4.98,1,0.0,2.3406
9967,CA-2016-146374,20211205,20211210,320,897,148,3,109.69,7,0.0,51.5543
9968,CA-2017-153871,20221211,20221217,623,812,386,4,40.2,5,0.0,18.09
9969,CA-2017-153871,20221211,20221217,623,831,386,4,735.98,2,0.0,331.191
9970,CA-2017-153871,20221211,20221217,623,451,386,4,22.75,7,0.0,6.5975
9971,CA-2015-103772,20200628,20200702,533,755,197,4,119.56,2,0.0,54.9976
9972,CA-2015-103772,20200628,20200702,533,488,197,4,140.75,5,0.0,42.225
9973,CA-2016-130225,20210911,20210917,630,847,546,4,99.568,2,0.2,33.6042
9974,US-2016-103674,20211206,20211210,44,1830,66,4,271.96,5,0.2,27.196
9975,US-2016-103674,20211206,20211210,44,629,66,4,18.69,7,0.0,5.2332
9976,US-2016-103674,20211206,20211210,44,1072,66,4,13.36,2,0.0,6.4128
9977,US-2016-103674,20211206,20211210,44,1773,66,4,249.584,2,0.2,31.198
9978,US-2016-103674,20211206,20211210,44,934,66,4,13.86,7,0.0,0.0
9979,US-2016-103674,20211206,20211210,44,792,66,4,13.376,4,0.2,4.6816
9980,US-2016-103674,20211206,20211210,44,722,66,4,437.472,14,0.2,153.1152
9981,US-2015-151435,20200906,20200909,728,324,279,3,85.98,1,0.0,22.3548
9982,CA-2017-163566,20220803,20220806,732,1007,445,1,16.52,5,0.2,5.369
9983,US-2016-157728,20210922,20210928,630,1157,312,4,35.56,7,0.0,16.7132
9984,US-2016-157728,20210922,20210928,630,1719,312,4,97.98,2,0.0,27.4344
9985,CA-2015-100251,20200517,20200523,239,996,402,4,31.5,10,0.0,15.12
9986,CA-2015-100251,20200517,20200523,239,1426,402,4,55.6,4,0.0,16.124
9987,CA-2016-125794,20210929,20211003,521,1559,65,4,36.24,1,0.0,15.2208
9988,CA-2017-163629,20221117,20221121,618,1499,189,4,79.99,1,0.0,28.7964
9989,CA-2017-163629,20221117,20221121,618,1827,189,4,206.1,5,0.0,55.647
9990,CA-2014-110422,20190121,20190123,738,201,171,3,25.248,3,0.2,4.1028
9991,CA-2017-121258,20220226,20220303,191,165,43,4,91.96,2,0.0,15.6332
9992,CA-2017-121258,20220226,20220303,191,1817,43,4,258.576,2,0.2,19.3932
9993,CA-2017-121258,20220226,20220303,191,1248,43,4,29.6,4,0.0,13.32
9994,CA-2017-119914,20220504,20220509,131,434,117,3,243.16,2,0.0,72.948
