sales_key,date_key,customer_key,product_key,quantity,unit_price,discount_amount,sales_amount,cost_amount,profit_amount
1,341,76,36,2,480.59,0.0,961.18,611.06,350.12
2,317,14,23,5,39.6,19.8,178.21,129.12,49.09
3,275,39,12,4,18.54,0.0,74.17,58.62,15.55
4,221,141,14,4,372.82,149.13,1342.16,788.44,553.72
5,106,95,12,7,17.7,0.0,123.92,86.45,37.47
6,151,145,33,3,284.53,0.0,853.59,489.85,363.74
7,44,54,25,3,412.28,123.68,1113.15,678.8,434.35
8,137,93,36,5,488.36,0.0,2441.78,1546.76,895.02
9,339,36,13,2,171.51,51.45,291.57,205.95,85.62
10,156,57,19,6,384.15,230.49,2074.39,1451.69,622.7
11,42,27,5,2,62.07,0.0,124.14,89.83,34.31
12,238,125,39,2,290.32,0.0,580.65,447.74,132.91
13,352,28,21,1,245.48,24.55,220.93,132.68,88.25
14,317,31,23,3,34.9,0.0,104.7,78.6,26.1
15,101,70,17,5,221.1,55.28,1050.23,766.77,283.46
16,166,65,11,5,353.18,0.0,1765.89,1009.24,756.64
17,194,48,38,7,160.2,0.0,1121.42,721.15,400.27
18,91,54,20,6,64.29,0.0,385.75,215.05,170.7
19,99,45,27,3,155.06,23.26,441.93,253.82,188.11
20,87,137,2,6,344.65,103.39,1964.49,1231.0,733.5
21,364,88,12,2,16.43,1.64,31.21,19.22,12.0
22,273,138,33,2,290.95,0.0,581.91,461.48,120.43
23,307,149,4,3,224.34,0.0,673.03,532.59,140.45
24,299,98,5,4,54.75,0.0,218.98,154.61,64.38
25,351,124,33,2,295.31,0.0,590.63,442.06,148.57
26,39,17,13,7,166.29,0.0,1164.04,954.39,209.65
27,322,143,11,2,334.22,33.42,635.01,419.58,215.43
28,25,73,23,3,37.44,0.0,112.33,77.62,34.7
29,174,108,8,5,27.9,0.0,139.52,101.27,38.26
30,217,37,2,4,343.98,68.8,1307.14,1043.82,263.32
31,131,15,1,3,287.02,0.0,861.06,658.88,202.18
32,54,133,4,7,219.02,229.97,1303.15,739.4,563.75
33,71,68,7,4,381.26,0.0,1525.04,1132.34,392.7
34,302,21,28,1,87.86,0.0,87.86,54.3,33.56
35,117,99,12,6,16.92,10.15,91.35,56.53,34.82
36,114,9,3,5,266.56,66.64,1266.15,883.46,382.69
37,338,68,1,2,247.27,49.45,445.09,328.47,116.61
38,53,106,20,6,63.17,0.0,379.03,224.76,154.27
39,335,109,34,3,326.6,0.0,979.8,622.09,357.71
40,337,68,14,2,360.6,36.06,685.15,509.31,175.84
41,219,56,3,2,275.96,0.0,551.93,326.21,225.72
42,61,126,10,6,421.43,126.43,2402.15,1872.29,529.86
43,57,28,20,2,61.37,0.0,122.74,82.62,40.12
44,104,12,8,4,27.29,0.0,109.17,77.31,31.85
45,211,24,40,6,107.71,0.0,646.27,369.48,276.79
46,57,121,31,6,485.87,291.52,2623.68,2119.18,504.49
47,167,71,14,4,399.89,0.0,1599.55,1271.69,327.85
48,43,6,39,7,307.02,322.37,1826.75,1098.46,728.29
49,198,26,14,3,353.42,0.0,1060.26,772.97,287.29
50,8,5,6,7,75.97,0.0,531.81,406.38,125.43
51,259,123,38,2,136.8,0.0,273.6,159.49,114.11
52,21,70,39,1,320.7,16.03,304.66,215.07,89.6
53,72,11,13,6,173.87,104.32,938.88,731.97,206.91
54,64,34,24,6,86.51,0.0,519.04,356.48,162.56
55,304,93,7,7,379.76,0.0,2658.34,2125.14,533.21
56,20,90,26,7,109.39,38.29,727.43,409.47,317.95
57,157,123,28,1,75.45,0.0,75.45,60.22,15.23
58,216,4,29,5,399.99,100.0,1899.96,1546.28,353.68
59,189,11,23,5,39.82,9.96,189.16,112.0,77.16
60,249,6,29,5,365.77,0.0,1828.86,1218.67,610.19
61,294,60,23,1,34.96,1.75,33.21,23.83,9.38
62,144,110,33,1,253.95,12.7,241.26,190.88,50.38
63,303,100,8,5,29.24,0.0,146.18,86.7,59.49
64,117,32,20,6,61.5,0.0,368.99,236.22,132.77
65,360,99,17,2,255.29,0.0,510.58,390.82,119.76
66,185,99,22,1,97.49,9.75,87.74,57.97,29.77
67,269,29,6,3,75.55,11.33,215.32,153.6,61.73
68,320,113,13,3,170.32,0.0,510.95,358.28,152.67
69,290,64,39,7,301.5,0.0,2110.51,1715.33,395.18
70,311,9,5,7,55.62,0.0,389.34,229.01,160.32
71,196,59,26,4,109.24,0.0,436.96,352.22,84.74
72,16,116,27,7,142.16,0.0,995.09,698.88,296.22
73,180,105,19,2,395.64,0.0,791.28,628.37,162.91
74,67,41,2,7,388.31,0.0,2718.14,1581.53,1136.6
75,325,114,2,4,321.71,64.34,1222.49,884.11,338.38
76,87,59,12,4,17.15,3.43,65.17,50.63,14.54
77,84,70,5,1,52.72,0.0,52.72,40.2,12.52
78,92,13,4,2,222.87,22.29,423.46,234.04,189.42
79,235,150,7,2,421.3,0.0,842.61,566.31,276.3
80,209,126,8,4,29.1,0.0,116.41,67.65,48.76
81,347,30,34,2,361.8,108.54,615.06,363.66,251.4
82,152,85,26,1,94.67,0.0,94.67,70.12,24.55
83,104,118,2,5,356.37,0.0,1781.84,1440.22,341.62
84,18,76,26,7,95.11,0.0,665.74,480.13,185.6
85,3,32,6,1,82.22,4.11,78.11,45.12,32.99
86,137,146,17,4,222.85,0.0,891.39,548.99,342.4
87,338,41,2,7,328.92,345.37,1957.07,1276.59,680.48
88,192,51,4,3,196.35,0.0,589.04,343.91,245.13
89,327,56,6,2,71.29,0.0,142.58,111.06,31.52
90,38,134,18,1,106.02,0.0,106.02,63.88,42.14
91,35,76,19,7,334.04,116.91,2221.38,1299.46,921.92
92,305,108,15,3,233.54,0.0,700.61,522.61,178.0
93,39,136,25,1,461.08,46.11,414.97,242.44,172.53
94,19,140,29,7,353.49,247.44,2226.96,1471.54,755.42
95,148,129,30,6,244.13,0.0,1464.79,1009.52,455.28
96,338,137,24,5,83.16,0.0,415.79,237.69,178.1
97,252,143,22,1,102.8,0.0,102.8,71.96,30.83
98,37,149,20,1,62.66,3.13,59.53,40.46,19.07
99,306,97,10,2,459.62,45.96,873.28,637.9,235.37
100,308,20,20,2,63.42,0.0,126.84,77.27,49.57
101,293,17,1,4,251.78,151.07,856.05,553.26,302.79
102,330,120,39,3,325.2,0.0,975.6,710.34,265.26
103,88,48,15,6,228.45,137.07,1233.63,690.35,543.28
104,358,121,31,1,496.59,49.66,446.93,259.79,187.15
105,118,141,39,6,310.53,0.0,1863.2,1167.41,695.8
106,293,97,20,7,65.2,0.0,456.41,264.13,192.28
107,212,115,35,1,36.43,0.0,36.43,20.43,16.01
108,285,42,20,5,59.17,29.59,266.27,217.43,48.84
109,230,66,6,4,69.62,0.0,278.46,187.42,91.04
110,235,145,2,1,344.63,34.46,310.17,215.28,94.88
111,225,123,6,3,71.92,0.0,215.77,133.52,82.25
112,285,31,38,6,145.19,0.0,871.16,480.95,390.22
113,270,141,20,7,59.68,41.78,375.99,283.0,92.98
114,50,75,13,3,169.4,0.0,508.21,378.82,129.38
115,302,127,18,1,116.92,5.85,111.07,90.26,20.82
116,196,79,11,2,377.24,0.0,754.49,419.27,335.22
117,118,91,35,6,35.65,0.0,213.89,125.55,88.34
118,188,25,40,4,110.59,0.0,442.35,328.35,114.0
119,353,51,4,4,236.5,0.0,946.0,604.61,341.39
120,314,109,29,1,388.57,19.43,369.14,209.38,159.76
121,305,127,14,6,387.34,0.0,2324.05,1467.08,856.97
122,169,14,2,4,332.66,0.0,1330.63,763.36,567.27
123,287,12,37,4,493.14,0.0,1972.54,1531.0,441.55
124,141,104,3,6,276.18,82.85,1574.2,1238.54,335.66
125,251,68,9,4,41.85,16.74,150.65,108.77,41.89
126,234,128,2,7,373.25,130.64,2482.08,1623.56,858.52
127,92,11,19,4,395.16,237.1,1343.55,1017.84,325.71
128,98,53,24,3,92.06,0.0,276.18,199.0,77.18
129,23,6,13,7,170.67,0.0,1194.7,912.56,282.15
130,52,107,3,5,296.47,0.0,1482.37,1019.79,462.58
131,159,129,5,6,61.07,0.0,366.43,296.35,70.08
132,175,24,38,2,134.11,13.41,254.81,160.1,94.71
133,61,49,33,5,280.23,140.12,1261.04,899.28,361.75
134,153,127,38,4,139.35,0.0,557.4,428.18,129.22
135,221,7,22,1,93.44,9.34,84.09,66.55,17.55
136,85,143,22,2,93.48,0.0,186.97,150.62,36.34
137,124,134,32,7,336.06,117.62,2234.8,1467.49,767.31
138,135,23,25,4,393.91,0.0,1575.65,1164.13,411.53
139,185,21,18,6,107.06,32.12,610.26,383.46,226.8
140,134,104,12,2,15.44,0.0,30.88,22.4,8.48
141,269,2,20,2,66.91,13.38,120.45,72.24,48.21
142,120,76,3,7,292.32,204.62,1841.59,1222.43,619.16
143,159,10,8,3,29.65,0.0,88.94,71.01,17.92
144,139,80,30,7,228.67,0.0,1600.66,1230.82,369.84
145,67,53,35,6,32.95,9.88,187.79,128.46,59.33
146,251,106,5,3,60.41,9.06,172.18,101.52,70.65
147,86,133,4,7,200.74,0.0,1405.19,924.08,481.12
148,109,74,4,6,238.21,71.46,1357.81,797.63,560.17
149,290,97,32,1,351.69,35.17,316.52,179.94,136.58
150,347,91,13,1,166.47,8.32,158.15,125.69,32.46
151,245,148,14,1,354.13,0.0,354.13,241.76,112.37
152,335,35,1,6,242.68,145.61,1310.45,752.38,558.08
153,312,36,39,2,322.57,0.0,645.14,479.66,165.48
154,176,57,18,2,111.09,0.0,222.18,126.65,95.53
155,282,111,32,4,360.31,216.18,1225.04,804.81,420.23
156,120,130,29,1,382.32,0.0,382.32,234.05,148.27
157,169,42,6,3,75.1,0.0,225.29,133.92,91.37
158,196,17,33,5,257.78,64.44,1224.45,849.84,374.61
159,351,92,23,7,37.42,26.19,235.75,175.48,60.28
160,310,90,25,4,407.2,0.0,1628.79,1110.09,518.7
161,179,57,9,6,41.72,0.0,250.3,193.13,57.16
162,239,28,34,4,340.52,0.0,1362.07,1086.52,275.55
163,74,128,38,4,158.16,0.0,632.65,485.84,146.81
164,294,127,17,4,235.12,0.0,940.48,760.15,180.33
165,202,113,4,7,207.94,0.0,1455.6,1165.7,289.9
166,195,87,34,1,355.9,35.59,320.31,248.17,72.14
167,280,40,36,4,494.26,98.85,1878.17,1181.39,696.78
168,232,61,21,1,271.81,27.18,244.63,146.06,98.57
169,27,11,24,7,84.95,59.46,535.17,399.39,135.78
170,106,38,9,5,43.4,21.7,195.32,152.01,43.3
171,65,68,3,1,256.44,12.82,243.61,188.13,55.48
172,269,66,38,5,146.0,0.0,730.0,528.36,201.64
173,13,13,20,4,68.81,27.52,247.7,191.74,55.97
174,74,144,11,1,330.27,0.0,330.27,244.71,85.56
175,219,41,28,7,87.03,0.0,609.19,444.5,164.7
176,254,77,2,3,342.96,0.0,1028.88,578.82,450.06
177,184,70,4,1,201.28,0.0,201.28,135.73,65.55
178,315,71,10,5,415.56,0.0,2077.8,1161.78,916.02
179,336,127,19,3,389.91,116.97,1052.75,605.27,447.48
180,49,112,15,5,229.66,0.0,1148.29,799.29,349.0
181,348,131,8,2,25.82,0.0,51.64,29.06,22.58
182,225,57,15,6,200.85,0.0,1205.07,959.92,245.15
183,233,40,14,3,365.74,109.72,987.49,663.19,324.3
184,35,65,21,3,246.03,0.0,738.1,545.45,192.65
185,227,85,23,6,39.32,0.0,235.92,139.17,96.75
186,265,51,36,4,448.99,179.6,1616.36,1258.9,357.46
187,212,70,33,1,257.24,25.72,231.51,157.22,74.3
188,31,23,12,5,15.45,0.0,77.24,54.14,23.11
189,191,88,37,5,488.14,122.04,2318.69,1681.26,637.43
190,342,108,21,3,270.88,0.0,812.65,565.42,247.23
191,265,80,8,2,27.79,5.56,50.02,35.12,14.9
192,51,131,14,1,390.49,19.52,370.97,278.61,92.36
193,351,150,30,6,252.58,75.77,1439.7,1105.33,334.37
194,350,136,33,1,271.24,0.0,271.24,171.6,99.63
195,62,14,15,5,233.2,58.3,1107.72,885.02,222.7
196,293,133,7,6,394.94,0.0,2369.64,1529.72,839.91
197,149,51,8,3,24.72,0.0,74.16,46.24,27.92
198,217,68,5,2,59.93,5.99,113.86,72.2,41.66
199,163,62,28,6,83.36,50.02,450.14,291.15,158.99
200,286,43,21,5,269.03,0.0,1345.16,854.94,490.21
201,364,132,19,1,341.54,34.15,307.39,239.09,68.3
202,291,96,27,5,148.13,0.0,740.67,519.59,221.08
203,340,146,34,1,358.85,17.94,340.91,276.56,64.34
204,346,144,32,3,318.01,0.0,954.02,546.34,407.68
205,33,63,6,3,68.52,0.0,205.57,147.14,58.43
206,93,110,24,6,80.38,48.23,434.03,249.97,184.06
207,264,76,36,7,474.88,0.0,3324.19,2240.14,1084.05
208,216,75,31,5,503.03,251.52,2263.65,1478.93,784.72
209,19,111,14,6,396.25,0.0,2377.49,1744.63,632.87
210,35,104,16,1,262.68,13.13,249.55,187.48,62.07
211,190,137,36,1,471.84,0.0,471.84,289.84,182.0
212,225,116,2,6,345.66,103.7,1970.26,1186.69,783.57
213,62,94,22,3,92.2,27.66,248.93,165.11,83.82
214,63,138,5,4,53.25,10.65,202.34,124.5,77.83
215,48,16,36,5,498.55,0.0,2492.76,1826.41,666.34
216,207,115,2,3,323.72,97.12,874.04,602.89,271.15
217,3,59,1,5,254.74,63.68,1210.0,935.67,274.33
218,209,65,14,6,414.94,0.0,2489.64,2028.91,460.72
219,174,118,9,2,40.99,4.1,77.88,50.78,27.09
220,171,42,20,5,59.07,14.77,280.57,223.4,57.17
221,248,133,12,2,17.74,3.55,31.93,24.26,7.67
222,191,75,15,3,217.83,0.0,653.48,385.73,267.76
223,266,53,23,6,40.23,0.0,241.39,187.25,54.14
224,279,50,23,7,38.94,40.89,231.69,157.55,74.14
225,336,64,38,1,134.17,6.71,127.46,94.51,32.95
226,292,142,20,5,61.14,0.0,305.68,226.11,79.57
227,189,16,23,4,35.75,21.45,121.55,95.93,25.62
228,180,77,28,5,85.29,0.0,426.46,322.2,104.26
229,87,126,7,6,384.45,0.0,2306.69,1782.26,524.43
230,219,71,27,1,157.43,15.74,141.69,90.21,51.48
231,51,85,35,6,34.7,10.41,197.76,160.73,37.03
232,340,53,13,2,160.6,48.18,273.02,198.93,74.09
233,309,21,8,2,24.82,2.48,47.17,35.8,11.37
234,44,96,14,4,362.3,0.0,1449.2,1133.12,316.07
235,287,138,12,1,16.7,0.0,16.7,9.75,6.96
236,43,79,24,5,85.34,0.0,426.71,273.45,153.26
237,264,65,35,4,37.64,15.06,135.51,105.12,30.39
238,33,20,24,4,80.08,0.0,320.3,255.9,64.4
239,179,142,6,1,78.66,0.0,78.66,59.32,19.34
240,241,131,13,6,154.78,0.0,928.69,631.72,296.97
241,267,136,28,1,85.48,0.0,85.48,52.81,32.67
242,153,54,14,2,347.56,0.0,695.12,480.86,214.27
243,337,94,24,3,87.11,13.07,248.26,163.17,85.08
244,283,65,28,5,76.45,0.0,382.27,301.66,80.61
245,77,36,14,3,360.58,162.26,919.48,646.54,272.94
246,245,31,26,6,101.61,60.97,548.72,359.88,188.84
247,267,58,16,7,236.33,0.0,1654.29,1132.51,521.78
248,122,84,6,6,75.7,45.42,408.76,327.86,80.91
249,270,19,15,1,209.22,0.0,209.22,149.71,59.51
250,328,106,18,6,123.29,0.0,739.72,452.58,287.14
251,299,69,1,2,257.31,0.0,514.62,352.53,162.1
252,279,133,36,7,480.07,336.05,3024.46,2043.71,980.75
253,232,42,22,7,104.33,36.52,693.82,439.75,254.07
254,99,8,2,1,364.98,0.0,364.98,273.3,91.68
255,291,47,35,1,33.38,1.67,31.71,19.74,11.97
256,133,146,35,5,34.97,8.74,166.1,113.45,52.66
257,195,49,1,2,246.16,24.62,467.7,312.93,154.77
258,115,106,7,7,387.24,0.0,2710.68,1832.56,878.12
259,115,127,15,4,214.55,85.82,772.38,543.01,229.38
260,58,43,21,5,274.48,68.62,1303.79,957.62,346.17
261,351,97,30,7,247.12,0.0,1729.83,1018.2,711.64
262,54,31,17,2,223.25,44.65,401.85,252.3,149.55
263,32,55,25,4,400.08,0.0,1600.34,1214.12,386.22
264,342,45,1,7,262.68,91.94,1746.8,1388.87,357.93
265,203,101,27,1,151.03,7.55,143.48,80.65,62.84
266,160,132,37,2,467.07,0.0,934.14,532.28,401.86
267,270,38,22,2,99.93,0.0,199.87,160.32,39.55
268,140,44,19,3,365.29,54.79,1041.07,614.17,426.9
269,47,124,12,1,18.53,1.85,16.68,13.58,3.1
270,267,70,39,2,313.93,62.79,565.07,437.15,127.92
271,65,77,2,6,323.87,97.16,1846.05,1075.49,770.56
272,202,106,12,4,16.37,0.0,65.47,37.82,27.65
273,347,21,6,3,77.75,0.0,233.24,189.83,43.41
274,342,131,35,3,32.92,9.88,88.88,55.0,33.88
275,132,55,20,7,61.96,0.0,433.7,301.61,132.09
276,285,99,37,4,463.5,92.7,1761.31,1081.07,680.25
277,224,65,27,4,157.39,0.0,629.58,448.37,181.2
278,175,113,23,7,40.88,0.0,286.13,222.27,63.86
279,52,92,21,1,253.21,12.66,240.55,174.96,65.58
280,138,26,9,4,37.91,7.58,144.06,81.04,63.01
281,238,29,23,6,36.97,11.09,210.74,149.77,60.97
282,361,132,28,4,79.55,0.0,318.19,231.79,86.4
283,2,78,39,7,351.06,245.74,2211.66,1336.38,875.28
284,262,42,22,7,96.72,0.0,677.07,511.71,165.36
285,309,22,38,3,154.27,46.28,416.52,299.59,116.93
286,348,20,38,6,161.25,48.38,919.14,507.9,411.24
287,155,138,21,2,267.75,0.0,535.51,431.97,103.54
288,44,147,18,2,107.37,10.74,204.0,136.74,67.26
289,99,60,6,7,77.77,27.22,517.17,316.89,200.28
290,311,31,11,1,349.44,0.0,349.44,200.33,149.12
291,321,63,36,3,468.68,70.3,1335.73,869.69,466.04
292,233,21,6,5,83.43,0.0,417.16,264.11,153.06
293,45,83,16,3,231.63,69.49,625.41,394.29,231.12
294,45,94,28,6,81.47,0.0,488.8,373.52,115.28
295,175,148,10,2,422.88,0.0,845.77,612.67,233.1
296,215,48,39,4,299.17,119.67,1077.0,631.04,445.96
297,12,30,26,1,102.51,0.0,102.51,75.98,26.53
298,251,21,2,2,371.12,111.34,630.9,470.23,160.66
299,199,57,10,2,466.14,0.0,932.27,642.2,290.07
300,5,91,30,6,223.15,0.0,1338.93,1096.39,242.54
301,35,10,35,2,31.56,0.0,63.12,39.55,23.57
302,166,114,38,5,148.04,0.0,740.21,418.8,321.41
303,264,70,35,3,34.64,0.0,103.91,57.96,45.95
304,302,119,3,4,285.88,0.0,1143.52,727.91,415.62
305,158,70,30,7,237.53,0.0,1662.68,1138.0,524.68
306,108,24,5,7,60.62,0.0,424.33,242.34,181.98
307,354,4,4,1,229.89,0.0,229.89,161.56,68.33
308,168,84,28,6,79.78,0.0,478.66,379.69,98.97
309,116,81,20,7,66.68,0.0,466.73,357.12,109.61
310,162,123,26,5,105.4,0.0,526.99,385.53,141.46
311,5,132,35,2,37.77,0.0,75.54,55.04,20.5
312,111,25,3,5,266.99,0.0,1334.95,997.45,337.5
313,189,48,22,5,100.32,0.0,501.59,342.8,158.79
314,336,32,34,5,326.31,0.0,1631.54,1074.34,557.19
315,270,17,18,4,118.41,47.36,426.28,269.75,156.53
316,286,1,21,4,282.52,0.0,1130.1,651.95,478.15
317,199,13,20,5,70.4,0.0,352.02,247.04,104.98
318,41,79,37,4,446.03,89.21,1694.9,1148.43,546.47
319,143,23,2,6,332.46,0.0,1994.78,1161.17,833.61
320,364,30,36,5,500.34,0.0,2501.72,1557.15,944.57
321,17,18,33,3,279.87,83.96,755.65,576.22,179.43
322,321,109,33,5,294.82,73.71,1400.4,866.86,533.53
323,250,96,17,6,228.67,205.81,1166.23,775.48,390.75
324,104,145,21,4,279.18,111.67,1005.06,596.56,408.51
325,284,17,15,6,225.53,67.66,1285.53,766.0,519.54
326,306,32,11,1,334.73,16.74,317.99,239.83,78.16
327,16,69,36,3,440.51,0.0,1321.52,750.63,570.89
328,39,98,21,5,271.6,135.8,1222.2,766.27,455.93
329,243,20,29,7,346.35,121.22,2303.21,1876.72,426.49
330,365,32,5,5,59.75,0.0,298.75,202.7,96.05
331,9,64,32,5,341.05,0.0,1705.24,1216.99,488.25
332,243,3,27,3,149.32,22.4,425.55,307.68,117.87
333,50,60,40,5,107.86,0.0,539.3,325.17,214.12
334,238,114,6,3,83.5,25.05,225.45,146.48,78.97
335,228,79,22,1,101.76,0.0,101.76,66.98,34.78
336,34,66,21,2,275.53,55.11,495.96,303.67,192.29
337,249,74,22,5,102.66,0.0,513.32,314.76,198.57
338,328,143,3,7,275.76,96.52,1833.79,1309.55,524.23
339,316,79,19,4,396.96,0.0,1587.85,919.82,668.03
340,11,81,12,7,17.33,0.0,121.3,70.95,50.36
341,90,140,25,6,438.38,0.0,2630.27,1853.79,776.48
342,88,24,10,4,433.22,0.0,1732.87,1163.31,569.56
343,166,15,18,6,108.1,0.0,648.61,463.9,184.71
344,53,68,25,3,457.31,137.19,1234.75,688.1,546.65
345,312,48,3,4,262.24,0.0,1048.95,776.57,272.38
346,284,31,32,6,352.62,105.79,2009.94,1566.69,443.25
347,296,18,29,5,405.4,101.35,1925.64,1331.61,594.02
348,73,132,3,4,267.91,0.0,1071.63,832.69,238.95
349,6,93,3,4,249.36,99.74,897.69,590.6,307.09
350,333,104,35,7,35.76,25.03,225.28,128.71,96.58
351,106,18,12,1,15.37,1.54,13.83,9.02,4.82
352,240,52,35,1,36.59,3.66,32.93,22.08,10.85
353,332,94,20,4,65.29,13.06,248.11,194.44,53.67
354,14,80,14,1,384.42,57.66,326.76,209.25,117.51
355,2,105,11,3,361.39,0.0,1084.17,688.53,395.64
356,2,101,27,4,150.5,0.0,602.01,475.44,126.56
357,58,63,5,3,54.44,8.17,155.15,95.85,59.31
358,19,118,17,2,227.14,0.0,454.28,328.65,125.63
359,300,39,14,2,378.68,37.87,719.5,459.18,260.32
360,222,13,7,5,414.04,0.0,2070.21,1670.44,399.77
361,358,138,15,7,201.67,0.0,1411.71,848.72,562.99
362,293,4,22,6,94.01,56.41,507.68,378.45,129.22
363,352,43,28,4,76.93,0.0,307.72,214.95,92.77
364,88,18,4,1,214.4,0.0,214.4,174.58,39.83
365,106,35,35,2,32.07,3.21,60.93,49.87,11.07
366,311,60,36,4,500.9,200.36,1803.25,1378.22,425.03
367,90,20,28,2,75.47,15.09,135.85,78.51,57.34
368,21,71,37,5,494.7,0.0,2473.48,1673.64,799.84
369,245,140,18,3,107.78,32.34,291.02,227.2,63.81
370,293,21,33,6,271.21,81.36,1545.88,1116.73,429.15
371,354,139,30,2,217.18,43.44,390.92,307.78,83.14
372,339,62,23,4,39.3,0.0,157.19,120.38,36.81
373,44,89,8,6,29.38,0.0,176.28,111.85,64.43
374,282,67,23,2,35.48,0.0,70.96,42.76,28.19
375,309,48,37,6,522.27,156.68,2976.93,1896.58,1080.35
376,255,17,40,5,108.98,0.0,544.91,402.09,142.82
377,300,90,18,5,114.34,0.0,571.71,388.7,183.01
378,306,138,10,4,472.05,94.41,1793.78,1007.81,785.96
379,163,79,30,7,217.15,0.0,1520.03,1140.73,379.29
380,15,90,4,6,215.17,0.0,1291.03,725.65,565.38
381,167,97,7,2,350.57,0.0,701.13,463.11,238.03
382,74,59,23,4,39.05,15.62,140.58,94.86,45.71
383,42,19,40,7,111.05,38.87,738.45,506.44,232.01
384,46,77,14,2,415.38,41.54,789.23,463.71,325.51
385,255,131,18,4,107.93,43.17,388.53,292.14,96.39
386,185,48,13,6,180.43,54.13,1028.47,801.52,226.95
387,198,131,18,2,104.92,0.0,209.84,154.95,54.89
388,272,129,1,4,274.3,54.86,1042.34,840.95,201.39
389,201,37,24,4,81.23,48.74,276.17,171.09,105.08
390,230,87,24,2,79.1,0.0,158.19,93.87,64.32
391,32,113,13,2,152.83,15.28,290.38,164.99,125.4
392,311,75,11,4,367.53,0.0,1470.14,1094.97,375.16
393,164,105,31,2,447.44,89.49,805.39,478.22,327.17
394,57,137,8,7,27.35,9.57,181.91,146.13,35.78
395,297,95,2,4,387.26,154.9,1394.14,992.0,402.13
396,269,126,2,5,340.37,85.09,1616.76,1240.24,376.52
397,20,121,36,3,431.79,0.0,1295.37,864.49,430.88
398,71,122,15,3,202.0,0.0,605.99,453.53,152.46
399,6,128,5,4,52.13,20.85,187.68,125.7,61.97
400,99,34,36,5,472.57,0.0,2362.87,1643.3,719.57
401,37,3,6,3,79.86,0.0,239.58,181.81,57.77
402,260,23,14,2,369.53,36.95,702.1,431.3,270.8
403,191,38,1,2,249.53,0.0,499.07,393.67,105.39
404,358,104,28,4,84.28,0.0,337.14,250.63,86.51
405,274,77,28,5,78.72,0.0,393.58,295.8,97.78
406,224,71,31,4,479.77,0.0,1919.08,1178.9,740.18
407,186,2,11,2,387.36,38.74,735.99,422.7,313.28
408,20,103,14,2,369.13,0.0,738.27,420.57,317.7
409,26,55,38,3,149.3,0.0,447.9,324.59,123.31
410,225,115,33,3,289.46,86.84,781.54,461.5,320.04
411,2,17,2,2,366.93,0.0,733.85,601.6,132.25
412,16,45,28,7,86.1,30.13,572.56,463.48,109.08
413,80,9,33,3,287.59,0.0,862.77,481.32,381.45
414,323,43,23,2,37.87,0.0,75.74,56.48,19.25
415,168,139,26,5,101.16,25.29,480.49,298.1,182.39
416,259,74,1,6,280.31,84.09,1597.78,1025.84,571.94
417,151,66,2,4,367.35,146.94,1322.44,813.15,509.29
418,64,42,2,5,365.4,0.0,1826.98,1414.53,412.45
419,136,40,7,1,374.69,0.0,374.69,296.5,78.19
420,34,101,40,4,120.35,0.0,481.4,270.02,211.38
421,282,148,26,1,95.13,0.0,95.13,59.26,35.87
422,67,113,32,1,313.98,0.0,313.98,210.73,103.25
423,138,111,12,5,16.52,8.26,74.32,51.35,22.97
424,358,71,38,2,141.6,28.32,254.87,146.21,108.66
425,217,15,8,1,27.84,0.0,27.84,21.55,6.29
426,168,109,37,2,453.11,0.0,906.21,726.94,179.27
427,199,122,2,6,364.44,0.0,2186.62,1440.49,746.13
428,287,77,1,5,269.27,0.0,1346.33,1052.09,294.24
429,93,14,4,3,202.45,30.37,576.99,422.71,154.28
430,233,107,32,7,320.9,224.63,2021.69,1434.94,586.75
431,319,139,11,3,357.99,0.0,1073.96,828.18,245.78
432,209,34,19,7,381.89,0.0,2673.2,1811.68,861.52
433,163,24,19,3,357.45,0.0,1072.35,748.37,323.97
434,53,111,32,1,319.18,0.0,319.18,199.22,119.96
435,91,50,14,1,369.42,36.94,332.48,246.8,85.68
436,346,108,1,2,246.81,49.36,444.26,263.42,180.84
437,198,106,16,2,219.35,43.87,394.83,243.08,151.75
438,110,40,12,2,18.66,3.73,33.58,22.82,10.76
439,153,7,30,3,212.39,0.0,637.18,416.74,220.44
440,211,84,31,7,437.2,153.02,2907.4,1787.14,1120.26
441,197,62,4,2,233.72,23.37,444.06,267.24,176.82
442,256,129,32,2,348.22,0.0,696.45,544.93,151.52
443,94,54,3,7,267.73,0.0,1874.13,1329.76,544.38
444,237,38,25,2,449.64,44.96,854.32,556.93,297.39
445,162,130,16,6,263.45,158.07,1422.64,1107.33,315.31
446,344,111,13,5,153.01,0.0,765.07,591.24,173.83
447,58,93,20,7,61.63,43.14,388.26,225.17,163.09
448,55,144,13,4,178.33,71.33,641.98,451.42,190.56
449,169,118,32,5,356.12,178.06,1602.56,1013.64,588.91
450,186,130,39,2,351.33,0.0,702.66,489.07,213.59
451,253,120,33,5,262.57,0.0,1312.87,976.59,336.28
452,148,61,18,5,123.09,30.77,584.69,322.92,261.77
453,334,10,21,7,252.86,0.0,1770.0,1218.93,551.07
454,174,92,18,1,117.9,0.0,117.9,74.13,43.77
455,48,115,32,2,363.01,72.6,653.42,453.59,199.83
456,44,149,23,1,35.09,0.0,35.09,20.34,14.75
457,356,103,19,6,343.39,0.0,2060.36,1588.01,472.35
458,49,86,17,1,241.36,24.14,217.23,151.36,65.87
459,346,87,16,7,259.03,0.0,1813.23,1100.61,712.62
460,102,18,23,3,34.4,10.32,92.89,70.4,22.5
461,35,2,28,3,87.73,0.0,263.19,147.44,115.75
462,112,7,18,7,109.49,0.0,766.42,544.21,222.21
463,225,136,33,6,267.61,0.0,1605.65,1100.64,505.02
464,157,119,34,4,322.79,0.0,1291.14,723.95,567.19
465,287,40,18,7,122.34,0.0,856.36,528.74,327.63
466,224,64,37,6,443.51,266.1,2394.94,1367.1,1027.84
467,147,73,7,5,389.43,194.72,1752.45,1310.39,442.07
468,232,38,38,3,138.45,0.0,415.34,307.58,107.76
469,355,64,12,7,18.5,0.0,129.53,74.36,55.16
470,151,53,23,6,39.81,11.94,226.9,131.49,95.41
471,57,105,12,7,16.14,0.0,112.95,88.97,23.98
472,150,114,18,7,108.46,0.0,759.24,458.76,300.49
473,307,15,14,4,376.08,0.0,1504.32,950.72,553.61
474,80,70,29,3,364.71,0.0,1094.12,803.91,290.21
475,347,149,4,7,231.38,0.0,1619.69,917.39,702.31
476,215,131,34,7,337.77,0.0,2364.39,1905.38,459.01
477,220,120,37,1,471.97,23.6,448.37,249.39,198.98
478,116,111,23,5,39.22,0.0,196.09,152.8,43.28
479,336,1,22,5,96.61,0.0,483.04,312.74,170.3
480,14,147,28,6,75.88,0.0,455.29,268.85,186.43
481,110,111,8,7,24.85,0.0,173.92,113.38,60.54
482,153,134,30,2,223.0,44.6,401.4,326.21,75.2
483,175,137,9,7,41.2,14.42,273.97,189.81,84.16
484,174,39,28,5,75.99,37.99,341.95,193.55,148.4
485,54,3,13,1,168.01,0.0,168.01,135.12,32.89
486,83,99,30,4,220.4,0.0,881.59,519.04,362.54
487,35,69,32,1,350.38,0.0,350.38,197.88,152.5
488,209,4,9,7,36.56,0.0,255.92,143.89,112.02
489,129,41,25,6,433.92,130.18,2473.36,1912.18,561.18
490,207,149,20,7,59.14,0.0,413.99,244.8,169.19
491,216,55,12,5,16.47,0.0,82.33,49.26,33.07
492,257,40,24,3,76.29,0.0,228.87,184.22,44.65
493,200,99,40,3,112.23,0.0,336.69,240.78,95.91
494,237,100,1,7,282.9,0.0,1980.28,1241.76,738.52
495,215,50,39,2,294.16,29.42,558.9,395.89,163.01
496,239,128,35,7,36.23,38.05,215.59,132.73,82.87
497,226,88,22,3,99.07,0.0,297.21,203.13,94.08
498,116,25,25,5,437.03,0.0,2185.15,1399.26,785.89
499,90,49,15,5,221.86,0.0,1109.32,796.62,312.71
500,288,128,6,1,73.64,0.0,73.64,55.59,18.05
501,126,14,23,2,39.15,3.91,74.38,47.91,26.47
502,201,2,33,2,287.98,0.0,575.96,339.16,236.8
503,72,99,10,6,479.0,431.1,2442.91,1578.24,864.67
504,158,67,29,1,354.6,35.46,319.14,240.85,78.28
505,194,38,30,5,238.15,0.0,1190.77,907.98,282.79
506,229,71,31,1,439.4,43.94,395.46,301.38,94.08
507,193,28,14,6,384.86,115.46,2193.68,1783.76,409.92
508,132,57,16,7,218.26,229.17,1298.63,1003.44,295.19
509,352,36,17,3,222.96,0.0,668.89,542.81,126.08
510,188,88,35,2,35.52,10.66,60.38,43.43,16.95
511,296,102,37,4,514.72,0.0,2058.89,1259.88,799.01
512,269,138,17,5,216.09,0.0,1080.47,771.69,308.79
513,204,11,39,6,323.47,194.08,1746.72,1054.0,692.72
514,324,50,23,5,38.6,0.0,192.98,110.59,82.4
515,47,40,16,5,263.33,0.0,1316.63,831.27,485.37
516,337,87,1,5,276.89,0.0,1384.44,897.05,487.39
517,311,80,25,2,401.96,0.0,803.92,596.03,207.89
518,184,132,26,2,93.34,0.0,186.67,120.97,65.7
519,268,138,39,7,328.4,0.0,2298.83,1266.31,1032.52
520,190,116,29,5,350.6,0.0,1752.98,1398.13,354.85
521,99,30,2,7,383.65,268.55,2416.98,1713.97,703.0
522,292,7,23,5,40.73,0.0,203.65,123.59,80.05
523,90,135,30,4,251.77,100.71,906.39,560.25,346.13
524,115,142,20,4,62.27,12.45,236.62,138.07,98.55
525,190,38,18,5,117.94,58.97,530.73,421.81,108.92
526,306,7,33,2,281.62,56.32,506.91,310.31,196.6
527,141,103,25,4,396.07,158.43,1425.87,1146.36,279.51
528,181,89,28,6,78.13,0.0,468.79,291.29,177.5
529,16,134,19,1,343.48,17.17,326.3,249.88,76.42
530,43,87,12,1,16.6,1.66,14.94,8.26,6.68
531,21,115,21,2,284.67,28.47,540.87,368.05,172.82
532,27,118,39,5,341.82,0.0,1709.11,1110.39,598.72
533,318,2,25,2,418.59,41.86,795.32,509.27,286.05
534,308,23,29,4,373.97,149.59,1346.3,1101.11,245.19
535,300,118,5,1,52.96,0.0,52.96,39.43,13.52
536,21,27,40,2,107.9,10.79,205.01,126.92,78.1
537,29,31,10,1,414.28,41.43,372.85,280.81,92.03
538,103,113,39,6,328.84,0.0,1973.05,1154.2,818.85
539,207,31,18,4,116.58,0.0,466.33,373.06,93.27
540,122,23,37,2,511.29,0.0,1022.58,680.14,342.44
541,178,3,36,4,511.45,102.29,1943.5,1168.97,774.53
542,64,71,31,7,440.53,0.0,3083.69,1923.18,1160.51
543,267,96,37,6,502.15,150.64,2862.23,1694.12,1168.1
544,115,110,25,7,404.73,0.0,2833.1,2270.02,563.08
545,25,136,34,3,325.04,97.51,877.62,555.17,322.44
546,272,98,7,3,384.93,115.48,1039.3,611.7,427.6
547,330,114,3,3,246.76,74.03,666.26,512.68,153.58
548,6,32,22,3,90.74,0.0,272.22,165.4,106.83
549,160,52,33,7,260.24,0.0,1821.68,1048.23,773.45
550,302,46,31,1,437.45,21.87,415.58,303.57,112.01
551,258,10,22,6,105.89,0.0,635.32,350.7,284.63
552,313,146,21,7,249.97,0.0,1749.76,1355.64,394.13
553,152,37,25,6,436.73,0.0,2620.38,1839.33,781.05
554,136,68,35,5,38.04,0.0,190.21,117.29,72.92
555,259,54,34,6,337.91,101.37,1926.09,1305.64,620.45
556,57,7,5,1,55.43,0.0,55.43,34.41,21.02
557,88,136,24,6,91.73,0.0,550.41,381.91,168.5
558,220,33,16,4,228.92,0.0,915.66,644.94,270.72
559,244,16,32,7,315.58,0.0,2209.08,1675.27,533.82
560,44,52,21,1,262.86,0.0,262.86,177.65,85.21
561,186,22,40,7,111.29,77.9,701.11,534.52,166.59
562,134,150,18,5,119.75,59.87,538.87,306.45,232.42
563,184,29,28,1,74.47,11.17,63.3,50.56,12.74
564,350,46,5,4,57.76,0.0,231.03,138.64,92.39
565,28,41,38,1,155.2,0.0,155.2,120.42,34.78
566,364,4,7,1,419.95,0.0,419.95,287.06,132.89
567,165,2,16,4,225.2,45.04,855.74,494.85,360.89
568,282,77,34,6,316.54,94.96,1804.29,1167.64,636.65
569,155,35,39,1,347.38,34.74,312.64,249.47,63.17
570,114,13,20,2,66.66,0.0,133.31,103.37,29.95
571,282,44,20,3,58.96,8.84,168.03,125.18,42.84
572,251,42,2,4,323.51,194.1,1099.92,717.76,382.16
573,53,64,40,1,119.38,0.0,119.38,84.63,34.74
574,258,149,1,5,272.18,136.09,1224.81,750.41,474.4
575,275,47,2,4,358.0,71.6,1360.4,986.18,374.22
576,142,106,19,7,392.6,0.0,2748.17,1705.11,1043.06
577,338,116,1,3,254.65,76.39,687.55,532.05,155.5
578,234,8,7,4,357.67,143.07,1287.62,953.12,334.51
579,122,76,26,1,102.72,10.27,92.45,60.48,31.96
580,4,68,29,7,400.17,0.0,2801.2,2039.44,761.76
581,247,77,12,6,16.24,0.0,97.46,62.16,35.3
582,77,26,32,3,349.42,52.41,995.86,589.57,406.28
583,277,70,25,4,406.27,0.0,1625.09,996.99,628.1
584,192,19,10,7,423.98,0.0,2967.84,1850.02,1117.82
585,171,142,29,3,401.59,0.0,1204.77,736.34,468.43
586,60,89,24,2,78.02,0.0,156.04,114.4,41.64
587,260,6,33,2,246.78,24.68,468.88,351.52,117.36
588,61,76,7,5,404.83,0.0,2024.17,1363.13,661.04
589,153,139,10,2,441.27,0.0,882.55,720.78,161.77
590,306,112,13,1,162.9,0.0,162.9,128.79,34.12
591,336,41,14,2,408.31,0.0,816.62,468.34,348.29
592,362,134,36,7,445.6,0.0,3119.17,2103.32,1015.85
593,350,28,30,7,237.99,0.0,1665.92,1324.89,341.03
594,203,38,22,7,93.8,0.0,656.57,400.16,256.41
595,74,24,22,2,89.72,0.0,179.43,117.02,62.41
596,307,139,36,4,493.92,98.78,1876.91,1512.18,364.73
597,293,108,18,4,108.94,0.0,435.74,330.96,104.78
598,362,78,10,4,487.02,97.4,1850.68,1433.77,416.91
599,238,101,6,1,82.51,0.0,82.51,64.98,17.54
600,52,39,14,5,412.1,103.03,1957.48,1167.08,790.4
601,184,11,27,1,144.68,7.23,137.45,101.55,35.9
602,164,127,19,2,345.65,0.0,691.3,530.06,161.24
603,308,145,17,3,256.18,38.43,730.1,446.2,283.9
604,144,6,20,5,64.35,32.17,289.56,162.65,126.91
605,120,8,39,7,333.01,0.0,2331.05,1394.33,936.72
606,30,84,40,5,120.32,30.08,571.51,428.74,142.78
607,305,7,7,4,366.67,146.67,1320.02,973.46,346.56
608,276,109,5,4,52.13,0.0,208.52,164.89,43.63
609,16,142,10,4,465.08,186.03,1674.29,1064.14,610.15
610,159,42,35,2,35.23,0.0,70.46,50.58,19.88
611,176,45,19,7,348.11,121.84,2314.9,1289.94,1024.96
612,172,130,35,7,35.19,24.63,221.71,177.92,43.79
613,336,54,26,2,106.26,31.88,180.65,126.4,54.25
614,55,37,23,1,36.44,1.82,34.62,26.04,8.58
615,112,13,12,2,16.16,1.62,30.71,19.25,11.47
616,67,126,14,5,402.54,0.0,2012.72,1151.53,861.19
617,90,139,6,1,80.49,0.0,80.49,45.63,34.85
618,332,12,21,1,284.73,28.47,256.26,197.31,58.95
619,344,121,12,5,15.84,0.0,79.21,46.81,32.39
620,17,24,12,2,18.37,3.67,33.07,25.54,7.52
621,231,21,2,1,372.11,0.0,372.11,231.31,140.8
622,85,58,32,1,350.81,0.0,350.81,244.22,106.6
623,71,66,38,5,143.36,0.0,716.8,444.93,271.87
624,107,129,20,3,58.75,0.0,176.25,99.32,76.93
625,71,105,22,2,97.58,0.0,195.15,135.91,59.24
626,179,22,38,5,142.55,0.0,712.73,462.65,250.08
627,364,88,21,2,250.04,75.01,425.08,283.73,141.35
628,215,132,25,4,473.93,189.57,1706.14,1215.49,490.65
629,264,100,18,4,105.19,42.08,378.68,240.35,138.34
630,181,35,21,5,283.69,0.0,1418.43,996.06,422.37
631,6,20,21,5,261.22,0.0,1306.08,950.3,355.78
632,31,68,29,5,396.89,99.22,1885.23,1082.45,802.77
633,99,71,25,2,417.73,0.0,835.46,538.47,296.98
634,89,53,21,1,268.01,0.0,268.01,153.91,114.09
635,307,17,4,4,220.04,88.02,792.14,437.16,354.98
636,308,18,37,1,519.49,0.0,519.49,292.91,226.59
637,312,80,36,4,445.53,178.21,1603.93,1138.62,465.3
638,233,142,8,5,25.37,0.0,126.84,72.65,54.19
639,204,90,12,6,18.57,0.0,111.44,87.43,24.02
640,237,66,39,5,294.02,0.0,1470.08,1109.98,360.1
641,149,140,13,7,170.82,119.58,1076.18,594.46,481.72
642,245,104,33,4,248.75,49.75,945.27,666.2,279.07
643,290,108,32,4,308.67,123.47,1111.21,614.24,496.97
644,279,87,35,2,35.28,0.0,70.56,40.89,29.67
645,225,115,1,5,271.31,135.66,1220.91,997.28,223.64
646,22,76,20,6,65.91,19.77,375.67,252.97,122.69
647,265,94,23,3,37.37,5.61,106.51,59.36,47.15
648,134,93,34,1,349.63,34.96,314.67,245.31,69.36
649,272,113,9,1,44.34,4.43,39.91,31.83,8.07
650,197,135,13,5,158.88,39.72,754.69,526.82,227.87
651,322,45,8,5,26.01,0.0,130.05,96.32,33.73
652,124,105,31,1,455.94,45.59,410.34,312.12,98.22
653,340,5,40,1,118.88,0.0,118.88,88.96,29.91
654,309,80,6,5,73.82,55.36,313.73,214.44,99.29
655,121,135,10,3,469.79,0.0,1409.37,1092.02,317.36
656,177,97,13,3,164.54,0.0,493.62,341.77,151.85
657,194,41,36,2,486.33,0.0,972.67,603.12,369.55
658,281,91,18,6,120.47,36.14,686.7,378.44,308.26
659,252,54,12,6,17.09,0.0,102.55,66.33,36.22
660,311,65,13,1,165.52,16.55,148.96,85.25,63.71
661,136,35,24,1,80.54,4.03,76.51,43.39,33.12
662,185,94,16,4,243.14,0.0,972.55,658.12,314.44
663,158,30,6,5,72.52,0.0,362.58,291.8,70.78
664,332,67,33,2,291.46,58.29,524.63,303.5,221.14
665,112,141,17,2,232.24,46.45,418.03,260.81,157.22
666,215,114,11,5,330.0,0.0,1649.99,1277.29,372.7
667,44,63,30,4,219.03,87.61,788.5,519.22,269.28
668,311,146,30,1,232.64,0.0,232.64,175.62,57.03
669,141,3,7,5,415.68,103.92,1974.49,1375.1,599.4
670,125,144,3,1,260.38,26.04,234.34,167.1,67.24
671,213,53,2,2,336.72,0.0,673.45,399.7,273.75
672,183,124,31,5,463.83,0.0,2319.15,1496.12,823.03
673,310,143,26,2,109.83,10.98,208.67,149.8,58.87
674,194,91,32,1,360.48,0.0,360.48,200.87,159.61
675,189,92,26,7,93.39,0.0,653.76,392.81,260.95
676,39,113,17,2,242.92,0.0,485.84,317.91,167.93
677,9,36,24,4,89.4,35.76,321.86,235.64,86.21
678,146,27,29,6,391.67,0.0,2349.99,1615.83,734.16
679,365,52,16,7,241.83,0.0,1692.78,1259.53,433.26
680,335,72,37,6,501.07,450.96,2555.47,1907.02,648.44
681,230,112,36,3,484.03,145.21,1306.88,729.74,577.14
682,231,39,33,6,256.44,0.0,1538.63,1220.85,317.79
683,143,85,40,1,102.9,0.0,102.9,79.5,23.41
684,65,1,16,3,236.04,0.0,708.12,441.29,266.83
685,4,5,5,2,51.48,0.0,102.97,70.1,32.87
686,124,146,20,4,63.59,0.0,254.38,161.07,93.31
687,116,128,30,7,246.24,0.0,1723.68,1369.97,353.71
688,70,130,32,6,360.42,0.0,2162.5,1412.89,749.61
689,95,50,16,7,219.78,76.92,1461.55,960.14,501.41
690,10,78,12,1,15.58,0.0,15.58,12.4,3.17
691,222,102,18,6,116.88,0.0,701.25,499.42,201.83
692,339,39,33,6,272.72,163.63,1472.71,864.81,607.9
693,253,112,3,4,252.18,0.0,1008.73,725.3,283.43
694,164,104,14,1,408.75,20.44,388.31,296.86,91.45
695,154,62,10,1,428.02,0.0,428.02,274.46,153.57
696,113,66,33,7,249.71,87.4,1660.6,1149.62,510.98
697,52,47,19,3,383.08,0.0,1149.25,826.59,322.65
698,219,121,4,5,222.28,0.0,1111.4,764.44,346.97
699,207,149,11,7,348.91,244.24,2198.16,1801.97,396.19
700,3,150,2,4,367.0,0.0,1467.99,1008.27,459.72
701,152,116,20,2,70.3,0.0,140.61,101.76,38.85
702,102,53,40,4,102.41,0.0,409.63,313.07,96.56
703,63,118,23,2,38.53,0.0,77.06,45.22,31.83
704,257,37,35,2,32.66,0.0,65.31,36.7,28.62
705,192,135,30,6,229.85,0.0,1379.09,1120.79,258.29
706,232,41,36,3,468.83,0.0,1406.5,1051.65,354.85
707,261,61,13,5,162.68,40.67,772.73,507.06,265.68
708,359,15,39,6,299.92,179.95,1619.59,898.5,721.09
709,294,13,10,4,481.22,0.0,1924.87,1145.16,779.71
710,227,60,18,4,110.31,44.12,397.12,219.46,177.66
711,321,83,28,2,88.32,0.0,176.65,116.07,60.58
712,175,3,12,4,16.55,0.0,66.19,46.32,19.87
713,360,127,11,6,380.66,114.2,2169.74,1287.43,882.31
714,278,18,6,2,76.81,7.68,145.94,105.48,40.46
715,238,150,1,2,262.41,0.0,524.82,423.87,100.95
716,330,41,21,5,271.67,203.75,1154.59,943.79,210.8
717,189,57,40,7,119.4,83.58,752.24,582.95,169.29
718,264,24,9,3,40.23,0.0,120.68,80.84,39.84
719,104,124,18,6,111.35,33.4,634.69,442.89,191.8
720,352,110,38,2,151.23,30.25,272.22,186.71,85.51
721,228,12,31,4,480.71,192.29,1730.57,1024.55,706.02
722,286,16,1,7,264.55,92.59,1759.27,1373.45,385.82
723,169,92,21,4,274.47,0.0,1097.87,804.15,293.72
724,317,130,6,4,74.61,14.92,283.51,204.76,78.75
725,28,17,10,2,449.49,0.0,898.97,547.91,351.06
726,42,34,10,4,463.31,92.66,1760.58,1041.12,719.45
727,186,82,25,5,479.14,119.79,2275.92,1788.23,487.69
728,268,17,8,7,25.67,8.99,170.72,102.16,68.55
729,296,46,11,2,337.33,0.0,674.66,384.49,290.17
730,161,2,10,3,424.43,0.0,1273.29,915.38,357.9
731,238,75,15,5,225.78,56.44,1072.45,793.8,278.65
732,202,108,27,7,148.48,0.0,1039.37,605.22,434.15
733,351,62,16,2,236.97,0.0,473.93,287.13,186.8
734,239,39,14,5,362.41,0.0,1812.06,1382.54,429.52
735,153,64,21,7,281.44,197.0,1773.04,1420.19,352.86
736,354,77,25,5,431.67,0.0,2158.33,1464.75,693.57
737,40,25,1,3,274.34,41.15,781.87,597.22,184.64
738,360,17,36,2,439.18,0.0,878.36,558.84,319.51
739,57,28,37,3,441.32,132.4,1191.57,881.61,309.96
740,106,148,25,1,398.85,0.0,398.85,279.37,119.47
741,300,109,23,2,36.57,0.0,73.14,56.88,16.26
742,268,19,28,4,81.53,0.0,326.13,247.69,78.44
743,355,46,18,1,107.26,0.0,107.26,67.22,40.04
744,274,62,15,1,211.0,21.1,189.9,112.11,77.79
745,233,28,15,5,196.06,49.01,931.26,715.27,215.99
746,127,128,7,1,372.31,37.23,335.07,187.26,147.82
747,2,142,34,1,308.07,15.4,292.66,214.62,78.04
748,46,37,13,5,153.98,76.99,692.9,470.13,222.77
749,109,3,12,7,15.35,16.12,91.36,52.1,39.25
750,15,41,39,6,332.28,99.68,1894.0,1393.82,500.18
751,186,88,21,1,283.53,0.0,283.53,192.91,90.62
752,284,122,25,2,447.24,0.0,894.48,699.69,194.79
753,352,51,10,6,417.11,125.13,2377.51,1441.56,935.95
754,179,42,12,6,18.71,11.23,101.05,55.64,45.41
755,320,38,30,3,253.02,37.95,721.1,422.01,299.09
756,360,1,19,7,362.56,0.0,2537.9,1580.59,957.31
757,314,3,6,7,70.16,24.56,466.59,338.79,127.79
758,170,65,34,6,348.19,0.0,2089.13,1353.57,735.55
759,119,93,17,6,259.44,0.0,1556.63,905.85,650.79
760,357,2,27,6,158.37,95.02,855.2,697.01,158.19
761,89,31,14,2,394.78,39.48,750.08,434.46,315.62
762,151,137,23,5,38.4,0.0,192.01,124.01,67.99
763,28,149,32,7,369.43,0.0,2586.0,2034.36,551.64
764,290,97,36,2,435.43,43.54,827.31,600.8,226.51
765,238,79,9,1,37.54,0.0,37.54,23.89,13.65
766,31,88,27,3,159.93,0.0,479.8,389.6,90.21
767,82,56,37,2,444.88,44.49,845.27,579.26,266.01
768,203,31,26,7,98.09,34.33,652.28,360.18,292.1
769,198,57,6,4,72.81,0.0,291.23,160.66,130.57
770,293,105,8,5,25.58,0.0,127.89,102.84,25.06
771,98,100,9,7,36.54,12.79,242.98,152.09,90.9
772,338,102,5,6,57.18,0.0,343.06,263.9,79.16
773,163,92,31,6,463.33,0.0,2779.96,1561.67,1218.29
774,301,10,39,7,323.02,0.0,2261.16,1333.33,927.83
775,88,94,21,5,250.81,0.0,1254.06,979.83,274.22
776,14,133,24,2,91.93,18.39,165.48,135.43,30.05
777,21,98,31,6,481.3,0.0,2887.79,1628.77,1259.02
778,137,87,17,3,259.43,116.74,661.54,393.79,267.75
779,348,34,19,3,353.93,0.0,1061.79,791.23,270.56
780,18,119,24,5,76.06,19.02,361.31,250.37,110.93
781,135,68,13,3,175.7,0.0,527.09,347.68,179.42
782,40,40,3,1,288.96,28.9,260.06,156.69,103.37
783,341,74,23,7,34.25,23.98,215.79,173.77,42.02
784,247,19,33,4,279.56,0.0,1118.25,667.05,451.2
785,279,139,3,5,279.93,0.0,1399.67,870.06,529.61
786,261,106,9,6,37.51,22.5,202.54,129.13,73.41
787,240,49,11,5,360.18,180.09,1620.82,952.1,668.72
788,283,120,33,5,258.72,194.04,1099.55,763.95,335.6
789,3,9,21,6,235.77,0.0,1414.64,908.42,506.22
790,316,58,22,3,104.58,0.0,313.73,224.04,89.69
791,271,98,26,6,100.26,0.0,601.59,390.62,210.96
792,270,4,12,6,18.0,5.4,102.62,59.67,42.95
793,144,107,29,2,388.31,0.0,776.62,610.12,166.51
794,293,123,2,2,388.27,0.0,776.54,533.95,242.59
795,140,90,5,7,55.73,19.5,370.59,236.03,134.56
796,18,31,33,7,268.77,0.0,1881.4,1043.09,838.32
797,332,113,27,7,143.46,50.21,954.02,678.71,275.31
798,86,51,8,1,27.64,0.0,27.64,21.04,6.6
799,38,111,18,7,112.72,78.9,710.14,515.22,194.92
800,227,95,3,7,283.61,0.0,1985.26,1514.13,471.13
801,86,15,27,6,145.7,43.71,830.51,491.54,338.98
802,314,15,31,4,437.77,0.0,1751.06,1422.49,328.57
803,162,3,12,4,18.28,0.0,73.11,44.38,28.73
804,2,11,15,4,231.81,0.0,927.24,576.77,350.47
805,348,45,10,1,440.23,44.02,396.21,272.72,123.49
806,188,4,16,4,251.59,0.0,1006.38,554.92,451.46
807,96,141,11,2,355.9,0.0,711.79,476.52,235.28
808,248,138,10,2,477.44,47.74,907.13,546.86,360.27
809,194,26,18,1,110.55,0.0,110.55,83.16,27.39
810,11,47,35,4,34.85,0.0,139.41,105.2,34.21
811,278,112,31,1,430.86,0.0,430.86,308.6,122.26
812,147,100,12,6,15.94,0.0,95.61,63.47,32.14
813,256,88,38,7,157.32,0.0,1101.24,697.93,403.32
814,327,149,9,6,39.41,0.0,236.47,182.89,53.58
815,223,95,37,3,434.34,0.0,1303.03,895.07,407.96
816,246,101,13,2,155.28,0.0,310.57,212.44,98.13
817,93,76,22,4,95.71,19.14,363.68,211.16,152.52
818,87,79,9,5,42.13,10.53,200.1,121.86,78.25
819,152,44,31,1,459.76,0.0,459.76,297.62,162.14
820,312,79,13,6,174.5,0.0,1046.99,773.4,273.59
821,192,138,35,4,37.08,7.42,140.92,109.67,31.25
822,128,57,4,6,210.66,0.0,1263.97,1034.02,229.95
823,285,20,21,1,276.7,27.67,249.03,165.7,83.32
824,312,90,7,3,355.1,0.0,1065.29,716.27,349.03
825,330,118,36,4,468.0,0.0,1872.02,1416.81,455.21
826,110,144,17,1,218.4,0.0,218.4,139.06,79.34
827,260,82,27,5,136.58,34.15,648.77,451.51,197.27
828,216,119,36,7,434.61,0.0,3042.25,2229.34,812.91
829,164,38,22,4,89.73,0.0,358.91,220.29,138.61
830,145,64,3,3,289.41,0.0,868.23,543.07,325.16
831,42,63,9,5,40.72,10.18,193.42,124.98,68.44
832,101,50,9,3,43.98,0.0,131.94,93.15,38.79
833,201,108,37,3,482.51,72.38,1375.15,856.73,518.41
834,324,133,37,6,491.2,0.0,2947.17,1786.59,1160.58
835,317,49,20,5,60.86,0.0,304.3,179.65,124.65
836,69,21,36,2,479.93,0.0,959.87,737.67,222.2
837,248,124,10,3,443.34,199.5,1130.53,892.22,238.3
838,31,128,28,6,89.05,0.0,534.3,424.38,109.92
839,247,141,16,4,263.4,0.0,1053.6,813.21,240.39
840,125,39,10,1,426.39,42.64,383.75,225.29,158.46
841,165,108,11,6,365.0,0.0,2190.01,1262.31,927.71
842,262,108,17,6,244.08,0.0,1464.49,1002.84,461.64
843,156,119,14,2,390.03,0.0,780.05,538.85,241.2
844,295,121,9,7,37.33,13.07,248.28,185.68,62.6
845,195,143,14,7,397.08,0.0,2779.53,1696.0,1083.52
846,365,72,6,7,80.69,56.48,508.34,407.36,100.98
847,233,12,39,3,309.83,46.47,883.01,559.54,323.46
848,109,29,16,7,243.07,0.0,1701.51,1201.28,500.23
849,283,133,5,6,52.1,0.0,312.59,244.86,67.73
850,149,127,24,7,91.75,64.22,578.02,399.6,178.42
851,195,2,36,4,438.89,175.56,1580.01,1190.48,389.54
852,50,56,15,2,204.85,40.97,368.73,277.37,91.36
853,44,37,34,2,320.03,0.0,640.05,488.56,151.5
854,210,49,25,7,465.08,162.78,3092.76,2378.28,714.48
855,69,96,30,4,240.31,48.06,913.2,599.02,314.17
856,365,77,12,7,15.36,10.75,96.79,62.73,34.05
857,313,73,2,4,331.01,0.0,1324.05,1015.47,308.58
858,256,66,14,4,404.48,161.79,1456.13,1028.79,427.34
859,269,97,37,1,469.66,23.48,446.18,318.61,127.57
860,218,103,32,3,305.25,91.57,824.16,544.95,279.21
861,23,7,32,4,368.48,73.7,1400.24,846.35,553.88
862,144,21,36,1,442.86,44.29,398.58,268.39,130.19
863,181,52,15,2,217.99,0.0,435.98,353.93,82.05
864,335,66,13,5,157.97,0.0,789.84,496.44,293.4
865,81,150,38,2,156.0,0.0,312.0,194.52,117.49
866,182,134,23,5,39.65,19.82,178.41,104.43,73.99
867,126,98,12,4,16.69,0.0,66.77,45.4,21.37
868,50,6,12,3,17.58,2.64,50.11,31.47,18.65
869,38,16,36,1,515.02,77.25,437.77,321.99,115.78
870,134,69,3,3,288.28,86.48,778.35,456.49,321.86
871,31,89,3,4,266.58,53.32,1013.02,624.81,388.22
872,25,100,30,5,228.34,114.17,1027.52,582.3,445.23
873,129,22,1,2,289.33,0.0,578.67,324.75,253.92
874,74,134,7,1,348.0,0.0,348.0,267.9,80.1
875,203,74,40,7,102.15,0.0,715.06,568.18,146.88
876,7,90,18,7,106.38,74.47,670.22,506.85,163.37
877,111,6,30,7,246.18,0.0,1723.27,1350.35,372.93
878,166,124,20,3,60.45,0.0,181.36,103.99,77.37
879,352,82,4,5,208.23,52.06,989.1,783.86,205.24
880,232,34,8,1,27.66,0.0,27.66,18.69,8.97
881,322,48,31,7,442.81,309.97,2789.73,2113.31,676.41
882,126,53,4,1,209.01,0.0,209.01,149.7,59.31
883,165,5,24,4,83.91,33.57,302.09,194.69,107.4
884,154,142,14,6,364.26,0.0,2185.57,1358.33,827.25
885,324,121,15,6,238.96,143.38,1290.38,750.87,539.52
886,351,133,39,7,298.2,104.37,1983.05,1311.62,671.43
887,352,54,25,4,467.19,0.0,1868.74,1277.11,591.63
888,275,84,25,1,434.02,0.0,434.02,353.91,80.1
889,184,69,15,1,201.4,20.14,181.26,101.52,79.74
890,198,72,16,2,223.87,0.0,447.75,317.61,130.14
891,358,89,28,1,81.98,4.1,77.88,53.87,24.01
892,104,68,2,4,343.02,0.0,1372.1,763.14,608.96
893,127,116,10,1,429.67,42.97,386.7,247.11,139.59
894,328,9,25,2,476.7,0.0,953.41,633.25,320.16
895,142,29,25,3,433.43,65.01,1235.27,844.25,391.02
896,86,134,4,6,236.24,70.87,1346.54,825.47,521.07
897,205,133,32,5,314.54,0.0,1572.69,879.46,693.23
898,119,123,22,1,91.26,0.0,91.26,57.43,33.83
899,326,56,10,7,462.47,323.73,2913.54,2260.38,653.16
900,332,69,31,4,450.91,90.18,1713.45,1316.14,397.31
901,112,4,40,3,105.81,47.62,269.82,161.57,108.25
902,194,42,17,3,218.26,65.48,589.31,426.96,162.35
903,360,109,12,6,15.6,4.68,88.91,71.08,17.84
904,271,52,12,4,17.91,3.58,68.04,40.59,27.46
905,79,73,24,2,80.79,16.16,145.43,85.04,60.39
906,216,19,2,3,387.19,0.0,1161.57,645.81,515.76
907,227,75,20,1,60.84,0.0,60.84,36.29,24.55
908,239,109,1,2,260.74,52.15,469.33,361.27,108.05
909,10,86,2,3,344.54,103.36,930.25,716.08,214.16
910,110,84,18,2,113.04,0.0,226.08,157.33,68.75
911,312,138,30,3,248.17,0.0,744.51,476.53,267.98
912,89,36,36,1,507.95,25.4,482.55,370.52,112.03
913,110,45,4,5,196.25,49.06,932.19,561.79,370.4
914,118,94,10,1,445.52,0.0,445.52,261.86,183.66
915,65,73,17,2,253.1,25.31,480.88,276.07,204.81
916,57,147,23,7,33.81,0.0,236.69,184.59,52.11
917,127,9,40,1,113.69,0.0,113.69,84.47,29.22
918,320,19,28,2,78.03,7.8,148.26,106.55,41.72
919,1,52,22,4,95.73,0.0,382.92,285.81,97.1
920,104,69,3,3,266.88,80.06,720.57,424.23,296.34
921,23,134,4,3,212.86,0.0,638.59,417.57,221.02
922,205,75,7,1,413.81,41.38,372.43,286.7,85.73
923,92,66,27,3,151.1,0.0,453.31,361.53,91.78
924,290,26,14,6,416.31,374.68,2123.21,1461.9,661.3
925,214,66,10,5,474.33,237.16,2134.48,1244.31,890.17
926,287,80,27,7,145.54,0.0,1018.8,829.5,189.29
927,232,88,33,5,272.37,204.28,1157.58,760.14,397.45
928,161,91,18,6,110.55,0.0,663.27,421.93,241.35
929,315,65,36,4,507.36,0.0,2029.42,1181.93,847.49
930,174,24,30,5,216.61,108.3,974.73,539.43,435.31
931,347,23,29,5,404.19,202.09,1818.84,1296.81,522.02
932,364,24,35,6,35.16,10.55,200.43,143.38,57.05
933,215,93,8,4,27.56,16.54,93.72,57.47,36.25
934,247,129,31,3,474.25,0.0,1422.75,844.74,578.01
935,94,133,39,1,323.21,0.0,323.21,223.84,99.37
936,298,47,40,7,116.72,0.0,817.01,545.4,271.61
937,246,12,24,4,87.09,0.0,348.37,220.17,128.2
938,330,95,31,6,445.64,133.69,2540.15,1546.76,993.4
939,98,6,36,5,483.92,0.0,2419.6,1892.16,527.44
940,288,95,35,1,33.6,1.68,31.92,26.04,5.89
941,172,58,36,5,489.12,0.0,2445.59,1579.87,865.72
942,68,126,34,4,336.66,0.0,1346.62,994.48,352.15
943,63,94,16,2,226.84,22.68,431.0,337.77,93.23
944,206,111,30,2,241.89,0.0,483.78,269.6,214.18
945,117,61,17,5,235.48,58.87,1118.51,889.41,229.1
946,38,127,33,1,275.53,27.55,247.98,169.81,78.17
947,156,79,33,5,282.14,70.54,1340.17,938.55,401.62
948,239,94,38,6,153.48,92.09,828.8,576.65,252.15
949,117,55,24,1,88.68,13.3,75.38,46.4,28.98
950,349,68,20,1,61.15,0.0,61.15,46.55,14.6
951,285,127,7,1,353.83,17.69,336.14,251.34,84.8
952,188,60,26,6,103.83,0.0,622.98,358.75,264.23
953,342,4,23,6,35.58,0.0,213.51,149.87,63.64
954,159,57,21,7,240.9,84.31,1601.97,1295.03,306.94
955,51,59,28,1,75.93,3.8,72.13,56.64,15.49
956,14,63,35,4,33.31,13.32,119.92,86.22,33.7
957,343,11,6,1,83.62,4.18,79.44,47.95,31.49
958,351,20,18,3,105.29,31.59,284.27,183.0,101.27
959,270,49,29,3,356.76,53.51,1016.77,600.5,416.27
960,38,64,33,5,295.67,0.0,1478.36,1141.18,337.18
961,108,5,32,7,368.44,0.0,2579.1,1960.74,618.36
962,15,59,32,6,318.91,0.0,1913.46,1522.73,390.74
963,19,49,35,1,37.24,1.86,35.38,20.06,15.31
964,90,6,39,2,296.63,0.0,593.27,480.83,112.44
965,209,38,25,2,459.47,0.0,918.93,745.19,173.74
966,24,42,10,2,409.56,0.0,819.11,599.67,219.45
967,360,22,23,3,36.87,5.53,105.07,82.8,22.27
968,167,113,29,5,352.95,0.0,1764.77,1179.53,585.24
969,97,11,5,6,58.73,0.0,352.38,223.63,128.75
970,189,87,31,7,426.91,0.0,2988.4,1768.18,1220.23
971,289,100,22,5,96.74,0.0,483.72,270.17,213.55
972,115,121,38,3,154.79,0.0,464.36,260.66,203.7
973,18,82,9,2,36.71,7.34,66.07,48.68,17.4
974,19,82,37,3,516.93,0.0,1550.79,993.86,556.93
975,311,115,18,6,109.9,0.0,659.38,372.29,287.1
976,41,129,23,7,35.05,12.27,233.1,135.27,97.84
977,232,32,27,3,141.77,21.27,404.05,294.81,109.24
978,141,120,24,2,81.75,0.0,163.5,131.37,32.14
979,284,70,37,1,449.98,0.0,449.98,297.06,152.92
980,23,15,7,1,384.55,38.45,346.09,263.02,83.07
981,328,92,30,5,237.19,177.89,1008.04,819.4,188.64
982,255,147,39,5,315.47,0.0,1577.33,1169.18,408.15
983,164,22,9,5,39.78,9.94,188.95,140.81,48.14
984,76,3,11,1,376.52,0.0,376.52,269.7,106.82
985,357,138,20,4,62.37,0.0,249.49,203.08,46.41
986,111,90,29,2,380.87,0.0,761.73,480.61,281.12
987,180,33,39,3,344.85,51.73,982.82,748.32,234.49
988,144,119,32,5,318.42,0.0,1592.08,1054.07,538.01
989,85,60,32,2,345.28,0.0,690.57,408.79,281.78
990,153,50,18,5,123.16,0.0,615.81,461.63,154.18
991,56,44,26,3,101.03,0.0,303.09,234.57,68.52
992,1,90,9,4,44.22,0.0,176.87,138.52,38.35
993,106,21,19,4,351.01,0.0,1404.05,1121.71,282.34
994,41,55,8,3,27.31,4.1,77.83,58.46,19.37
995,152,46,2,1,340.02,0.0,340.02,235.45,104.57
996,315,10,35,5,31.17,0.0,155.86,125.22,30.63
997,60,115,33,7,299.85,209.89,1889.05,1145.87,743.19
998,1,2,21,5,247.45,0.0,1237.24,706.3,530.93
999,41,144,1,6,293.97,0.0,1763.79,1175.64,588.16
1000,186,15,4,6,224.23,134.54,1210.87,856.32,354.54
1001,101,54,5,1,60.99,3.05,57.94,42.5,15.43
1002,179,15,29,6,406.47,0.0,2438.85,1878.31,560.54
1003,11,56,9,2,40.92,0.0,81.83,45.6,36.23
1004,122,92,11,5,392.06,0.0,1960.3,1502.67,457.63
1005,150,14,35,7,36.46,0.0,255.2,181.71,73.49
1006,158,79,36,7,478.34,334.84,3013.53,2432.81,580.72
1007,202,116,31,3,487.31,73.1,1388.83,894.32,494.52
1008,285,69,13,6,156.17,0.0,937.02,671.45,265.57
1009,171,17,24,5,76.21,0.0,381.06,288.45,92.61
1010,308,104,9,1,38.4,0.0,38.4,26.48,11.93
1011,194,28,35,2,34.16,0.0,68.31,40.45,27.86
1012,96,3,4,7,205.74,0.0,1440.19,811.47,628.72
1013,84,66,30,7,231.69,0.0,1621.84,940.79,681.05
1014,118,41,21,7,269.26,188.48,1696.35,1159.67,536.68
1015,219,5,31,3,487.39,73.11,1389.06,1003.87,385.2
1016,89,117,19,3,393.61,118.08,1062.75,748.22,314.53
1017,334,90,7,6,419.52,251.71,2265.42,1682.05,583.37
1018,176,137,31,1,509.6,50.96,458.64,257.08,201.56
1019,316,73,26,7,102.85,107.99,611.93,359.09,252.84
1020,250,66,19,5,343.4,0.0,1717.01,1297.22,419.8
1021,122,127,15,5,236.83,0.0,1184.15,901.04,283.11
1022,84,13,14,4,360.16,0.0,1440.64,1065.53,375.11
1023,272,55,20,7,60.43,21.15,401.86,301.9,99.96
1024,121,120,11,6,343.43,103.03,1957.57,1585.88,371.69
1025,91,44,12,1,17.29,0.0,17.29,13.92,3.37
1026,340,133,12,4,17.66,7.06,63.58,46.03,17.55
1027,177,43,1,7,242.41,169.69,1527.2,971.64,555.57
1028,18,63,38,1,157.21,7.86,149.35,82.71,66.64
1029,181,135,10,6,424.26,0.0,2545.56,1834.16,711.4
1030,169,37,7,2,368.11,0.0,736.23,490.66,245.57
1031,316,146,7,4,370.08,0.0,1480.32,872.94,607.38
1032,260,7,40,7,109.14,0.0,764.01,464.61,299.4
1033,70,40,20,4,68.34,13.67,259.69,208.5,51.2
1034,55,89,14,1,349.84,0.0,349.84,198.67,151.17
1035,221,90,17,1,223.1,0.0,223.1,170.14,52.96
1036,18,137,4,6,196.79,0.0,1180.73,936.98,243.76
1037,117,144,13,7,175.6,61.46,1167.74,859.28,308.45
1038,51,102,10,3,497.65,0.0,1492.95,845.85,647.1
1039,8,99,33,7,281.43,295.5,1674.49,1303.39,371.1
1040,336,48,3,4,276.09,0.0,1104.36,802.19,302.17
1041,33,121,18,1,122.26,12.23,110.03,68.75,41.28
1042,4,97,32,4,320.67,0.0,1282.69,923.54,359.14
1043,341,4,34,7,304.55,0.0,2131.86,1251.12,880.74
1044,69,125,21,2,261.54,78.46,444.61,329.49,115.13
1045,299,54,9,7,38.43,13.45,255.58,202.88,52.7
1046,12,72,14,5,381.44,95.36,1811.84,1251.72,560.12
1047,57,73,9,3,40.02,6.0,114.04,92.04,22.0
1048,41,123,27,5,144.57,0.0,722.87,483.08,239.79
1049,258,41,12,3,17.0,5.1,45.89,35.87,10.03
1050,227,59,26,1,98.02,0.0,98.02,74.39,23.64
1051,174,6,27,7,138.4,96.88,871.92,500.37,371.55
1052,89,53,38,3,159.85,47.96,431.6,343.73,87.87
1053,33,14,15,4,226.29,90.52,814.66,648.32,166.34
1054,208,88,39,6,290.39,87.12,1655.24,1067.43,587.8
1055,85,134,17,1,219.27,10.96,208.3,159.19,49.11
1056,216,70,28,6,75.36,0.0,452.16,276.12,176.05
1057,251,137,27,3,136.86,0.0,410.58,229.19,181.39
1058,311,147,33,4,248.67,99.47,895.22,542.63,352.59
1059,181,9,19,4,339.85,67.97,1291.44,879.05,412.39
1060,2,78,32,6,360.66,0.0,2163.95,1223.92,940.02
1061,103,80,15,2,231.82,46.36,417.27,247.53,169.74
1062,312,58,20,1,68.64,0.0,68.64,55.36,13.27
1063,195,125,20,3,66.45,19.93,179.41,122.6,56.81
1064,226,60,29,1,388.36,38.84,349.52,269.91,79.61
1065,168,9,25,2,457.45,0.0,914.91,554.24,360.67
1066,60,83,4,5,234.52,0.0,1172.58,672.95,499.64
1067,328,31,33,6,285.4,85.62,1626.76,1237.56,389.21
1068,283,54,31,5,495.02,0.0,2475.08,1594.41,880.67
1069,364,76,5,3,59.86,26.94,152.64,102.9,49.74
1070,313,109,39,6,323.33,0.0,1939.96,1586.65,353.32
1071,107,42,27,3,141.4,0.0,424.2,269.56,154.64
1072,93,58,4,2,199.5,0.0,398.99,270.42,128.58
1073,91,11,20,6,63.91,38.34,345.09,248.95,96.14
1074,336,58,34,4,306.23,61.25,1163.69,668.01,495.68
1075,204,88,12,3,15.92,4.77,42.97,31.95,11.03
1076,166,93,38,5,134.75,101.06,572.67,384.81,187.85
1077,354,44,17,6,228.03,68.41,1299.75,776.28,523.47
1078,221,10,10,2,496.4,0.0,992.81,661.46,331.35
1079,332,87,15,1,212.27,0.0,212.27,143.15,69.12
1080,360,99,21,4,247.49,99.0,890.97,644.17,246.8
1081,29,13,28,1,80.39,0.0,80.39,64.56,15.84
1082,132,76,38,5,143.01,71.51,643.55,486.89,156.66
1083,268,15,8,4,27.9,11.16,100.44,65.61,34.83
1084,297,68,39,2,328.32,32.83,623.81,506.41,117.4
1085,55,97,22,5,88.22,22.05,419.04,319.95,99.09
1086,117,108,6,3,76.31,34.34,194.58,108.49,86.09
1087,201,108,38,3,135.11,40.53,364.81,212.13,152.68
1088,292,114,14,2,398.87,39.89,757.86,461.43,296.43
1089,42,37,25,5,474.68,0.0,2373.42,1358.89,1014.53
1090,220,127,28,7,88.66,0.0,620.6,422.67,197.93
1091,109,53,1,5,252.75,0.0,1263.74,811.31,452.43
1092,79,57,9,2,42.33,8.47,76.19,61.92,14.27
1093,189,119,28,6,86.78,26.03,494.65,335.19,159.46
1094,152,50,13,1,178.46,17.85,160.62,97.54,63.08
1095,233,12,1,3,255.64,0.0,766.93,622.82,144.11
1096,116,108,1,1,265.91,26.59,239.32,164.83,74.49
1097,301,100,34,6,314.89,0.0,1889.35,1076.41,812.94
1098,29,88,7,1,347.23,17.36,329.86,188.63,141.24
1099,315,22,5,4,58.22,0.0,232.89,170.55,62.34
1100,11,95,23,2,37.05,7.41,66.7,45.59,21.1
1101,269,30,5,2,53.59,5.36,101.81,73.16,28.66
1102,127,84,27,5,160.42,0.0,802.11,625.17,176.94
1103,140,77,22,6,97.34,0.0,584.07,428.69,155.38
1104,7,116,26,1,110.37,0.0,110.37,86.38,23.98
1105,257,147,20,2,68.77,0.0,137.54,103.23,34.31
1106,61,29,32,3,362.1,0.0,1086.29,795.26,291.03
1107,241,18,26,7,105.92,0.0,741.45,434.76,306.69
1108,265,84,17,1,218.8,0.0,218.8,148.86,69.94
1109,309,143,1,2,245.19,0.0,490.38,327.05,163.33
1110,259,24,11,3,386.03,57.9,1100.18,765.71,334.47
1111,111,74,6,3,70.62,0.0,211.87,138.91,72.97
1112,270,62,1,1,262.71,0.0,262.71,188.5,74.21
1113,302,48,11,4,364.27,145.71,1311.39,860.22,451.17
1114,116,100,9,5,38.04,0.0,190.21,133.25,56.96
1115,46,45,4,2,205.62,20.56,390.68,256.53,134.15
1116,325,74,13,5,165.22,82.61,743.48,589.94,153.55
1117,54,127,21,1,253.76,25.38,228.38,148.63,79.75
1118,217,57,8,6,27.91,0.0,167.49,125.17,42.31
1119,87,4,11,2,326.15,0.0,652.29,466.85,185.44
1120,46,133,1,2,267.95,53.59,482.31,315.48,166.84
1121,284,42,3,2,253.53,50.71,456.36,350.51,105.85
1122,53,116,7,7,391.92,0.0,2743.47,2195.99,547.48
1123,245,115,19,4,336.87,67.37,1280.1,966.9,313.2
1124,253,79,27,5,140.94,70.47,634.22,511.26,122.96
1125,22,14,32,2,357.69,71.54,643.84,429.96,213.88
1126,64,143,26,1,95.11,0.0,95.11,75.78,19.34
1127,290,103,25,1,457.33,0.0,457.33,359.73,97.6
1128,186,64,38,4,142.17,0.0,568.67,429.83,138.84
1129,45,129,11,3,337.55,0.0,1012.65,785.31,227.34
1130,362,119,32,6,323.65,97.1,1844.82,1378.33,466.49
1131,97,115,38,6,160.27,0.0,961.64,661.92,299.72
1132,2,26,23,3,36.8,0.0,110.39,77.18,33.21
1133,338,95,34,4,316.38,0.0,1265.51,838.75,426.76
1134,7,43,6,3,76.69,23.01,207.07,151.03,56.04
1135,202,12,36,5,465.18,232.59,2093.32,1334.89,758.42
1136,363,51,23,5,39.75,19.87,178.87,134.1,44.77
1137,211,16,9,5,44.33,22.16,199.47,136.92,62.56
1138,214,16,3,1,272.64,40.9,231.75,149.56,82.19
1139,142,110,29,3,368.15,0.0,1104.46,651.35,453.1
1140,47,76,18,7,109.49,0.0,766.41,474.4,292.01
1141,210,60,13,3,182.09,54.63,491.64,355.38,136.26
1142,328,29,16,2,241.56,24.16,458.96,298.26,160.7
1143,34,116,40,2,105.66,0.0,211.31,118.11,93.2
1144,322,96,18,1,123.64,18.55,105.1,67.16,37.94
1145,152,88,4,6,237.63,0.0,1425.78,925.21,500.57
1146,196,29,12,1,16.82,1.68,15.14,9.29,5.86
1147,61,19,6,5,73.82,18.46,350.66,219.97,130.69
1148,227,19,28,3,84.93,0.0,254.8,188.64,66.16
1149,67,4,33,1,290.66,29.07,261.6,196.59,65.01
1150,100,146,34,7,333.37,233.36,2100.22,1698.87,401.35
1151,264,56,26,6,97.03,29.11,553.09,321.83,231.26
1152,19,99,31,6,453.89,136.17,2587.16,1640.69,946.47
1153,164,148,17,7,229.28,0.0,1604.96,916.12,688.85
1154,218,141,26,7,92.76,0.0,649.32,464.64,184.67
1155,49,49,5,5,59.57,0.0,297.86,165.14,132.72
1156,108,74,22,4,89.73,0.0,358.92,217.31,141.61
1157,126,70,23,5,36.8,0.0,184.02,130.38,53.65
1158,243,6,2,4,377.05,0.0,1508.2,975.59,532.61
1159,357,116,22,2,95.56,0.0,191.12,133.21,57.91
1160,306,87,29,3,356.48,53.47,1015.97,734.41,281.56
1161,70,56,15,4,237.04,0.0,948.15,736.26,211.9
1162,7,84,22,1,90.15,0.0,90.15,59.15,31.01
1163,19,111,12,6,18.35,11.01,99.12,61.98,37.14
1164,218,3,11,7,325.22,341.48,1935.06,1345.79,589.27
1165,58,97,6,3,74.82,22.45,202.01,114.9,87.1
1166,85,130,14,4,395.36,0.0,1581.43,887.68,693.75
1167,310,109,33,6,265.64,79.69,1514.12,1017.65,496.47
1168,319,93,38,4,149.96,0.0,599.83,365.23,234.61
1169,307,14,26,5,94.49,23.62,448.81,247.72,201.09
1170,93,112,25,4,442.66,177.06,1593.56,1168.77,424.8
1171,227,113,25,2,404.72,0.0,809.43,623.55,185.88
1172,223,75,20,6,68.8,41.28,371.55,219.19,152.36
1173,68,88,17,2,241.5,24.15,458.85,322.23,136.62
1174,203,93,25,2,435.05,0.0,870.1,709.72,160.38
1175,192,19,32,5,307.16,0.0,1535.82,956.15,579.67
1176,145,39,17,5,237.51,118.75,1068.78,798.72,270.06
1177,275,119,23,7,38.05,0.0,266.32,158.13,108.19
1178,248,147,19,5,347.77,0.0,1738.87,1393.99,344.88
1179,195,41,12,1,17.65,0.0,17.65,9.71,7.94
1180,265,61,12,6,15.6,14.04,79.56,50.09,29.47
1181,279,138,4,3,204.9,0.0,614.7,500.14,114.56
1182,207,25,18,1,118.41,17.76,100.64,73.58,27.06
1183,98,40,29,5,345.51,86.38,1641.18,996.52,644.66
1184,277,9,28,2,77.8,0.0,155.61,118.83,36.78
1185,262,36,40,3,116.34,0.0,349.01,276.58,72.43
1186,359,96,2,4,369.55,147.82,1330.38,906.74,423.64
1187,55,53,31,1,430.26,0.0,430.26,254.77,175.49
1188,154,148,32,6,312.01,0.0,1872.09,1160.36,711.73
1189,338,134,18,4,111.82,0.0,447.27,359.89,87.38
1190,188,135,12,7,17.36,12.15,109.36,64.91,44.46
1191,345,109,15,4,215.53,43.11,819.0,519.42,299.58
1192,5,106,28,5,84.39,0.0,421.94,248.64,173.29
1193,13,77,35,6,36.38,0.0,218.27,126.27,92.0
1194,291,149,26,2,109.46,0.0,218.92,151.26,67.66
1195,131,15,21,7,253.18,177.23,1595.03,1048.12,546.92
1196,190,109,27,2,139.9,0.0,279.8,157.38,122.42
1197,157,22,3,7,258.4,271.32,1537.51,905.9,631.6
1198,149,51,25,5,405.9,202.95,1826.56,1023.18,803.38
1199,343,39,2,4,345.9,0.0,1383.61,770.17,613.44
1200,35,91,39,2,343.55,68.71,618.38,369.91,248.48
1201,282,119,36,4,461.51,92.3,1753.73,1316.68,437.06
1202,325,12,21,4,242.68,48.54,922.2,510.89,411.31
1203,240,91,15,7,218.52,0.0,1529.65,967.06,562.59
1204,145,34,30,6,253.77,152.26,1370.38,962.69,407.7
1205,59,12,26,4,94.17,0.0,376.67,282.81,93.87
1206,250,63,29,3,392.4,117.72,1059.48,776.63,282.85
1207,172,88,21,3,277.9,0.0,833.69,681.02,152.67
1208,55,31,10,3,444.8,0.0,1334.4,833.22,501.17
1209,132,59,3,1,277.69,41.65,236.03,129.83,106.21
1210,351,144,12,1,16.81,0.0,16.81,9.42,7.39
1211,97,53,22,6,92.8,0.0,556.78,320.89,235.89
1212,66,150,17,2,234.01,46.8,421.21,342.58,78.63
1213,249,126,21,3,239.89,0.0,719.67,506.58,213.08
1214,73,56,12,5,17.75,8.87,79.87,61.17,18.7
1215,336,87,38,5,158.73,79.37,714.3,582.85,131.45
1216,314,107,15,3,209.16,0.0,627.47,488.14,139.33
1217,359,70,34,6,337.9,101.37,1926.03,1271.29,654.74
1218,334,62,16,2,229.38,68.81,389.95,306.69,83.26
1219,89,50,18,4,104.61,41.85,376.61,251.24,125.37
1220,78,21,25,1,450.92,0.0,450.92,261.88,189.04
1221,126,4,11,4,330.35,66.07,1255.35,876.23,379.12
1222,172,51,9,1,42.64,2.13,40.51,32.3,8.21
1223,322,120,16,7,231.3,0.0,1619.12,1233.49,385.63
1224,268,36,33,5,290.1,72.52,1377.96,907.42,470.55
1225,236,27,6,2,74.13,0.0,148.26,115.77,32.5
1226,321,50,18,5,110.07,0.0,550.35,371.67,178.68
1227,236,90,27,3,157.53,0.0,472.58,347.27,125.31
1228,139,33,29,4,372.5,149.0,1341.01,858.17,482.84
1229,151,34,18,2,106.28,0.0,212.55,128.08,84.47
1230,189,17,4,4,232.82,0.0,931.29,591.03,340.26
1231,33,50,1,1,259.97,0.0,259.97,204.41,55.56
1232,271,33,19,2,335.89,0.0,671.77,549.0,122.77
1233,239,125,33,5,268.14,201.11,1139.6,707.99,431.62
1234,267,136,2,4,358.6,0.0,1434.42,852.97,581.44
1235,195,56,36,3,486.53,0.0,1459.6,830.79,628.81
1236,286,13,28,1,87.48,13.12,74.36,56.03,18.33
1237,347,14,1,3,270.78,0.0,812.34,562.59,249.74
1238,209,49,14,7,363.92,0.0,2547.47,1783.6,763.86
1239,163,70,9,5,38.44,19.22,173.0,97.26,75.74
1240,39,80,38,1,137.04,13.7,123.33,70.53,52.8
1241,285,46,23,7,39.34,0.0,275.39,219.47,55.92
1242,330,54,13,3,153.23,22.98,436.71,308.19,128.52
1243,256,43,12,5,17.4,4.35,82.67,50.36,32.31
1244,316,78,23,1,38.3,1.91,36.38,22.05,14.33
1245,315,105,1,3,283.89,0.0,851.67,523.81,327.86
1246,292,7,11,6,326.11,195.67,1761.02,998.88,762.14
1247,184,72,7,3,360.93,54.14,1028.66,579.58,449.08
1248,37,98,25,2,472.39,47.24,897.55,668.13,229.42
1249,2,101,27,1,152.18,15.22,136.96,85.08,51.88
1250,75,85,19,7,361.79,253.25,2279.26,1490.19,789.07
1251,158,79,6,6,79.91,47.94,431.49,299.92,131.57
1252,272,103,15,1,235.05,0.0,235.05,149.59,85.46
1253,167,57,34,7,317.66,0.0,2223.62,1510.45,713.18
1254,9,86,9,6,43.61,13.08,248.57,194.77,53.8
1255,77,48,7,3,353.7,0.0,1061.11,653.54,407.56
1256,358,66,5,5,61.82,15.45,293.64,224.24,69.4
1257,361,19,33,2,254.44,25.44,483.44,300.35,183.1
1258,138,53,5,2,53.79,5.38,102.2,61.37,40.83
1259,294,22,24,6,77.66,0.0,465.95,265.41,200.54
1260,263,34,40,2,119.79,23.96,215.62,158.42,57.2
1261,340,63,26,3,110.16,16.52,313.95,207.57,106.38
1262,324,76,17,3,227.87,0.0,683.62,518.19,165.43
1263,230,142,9,2,38.96,3.9,74.02,43.36,30.66
1264,145,4,1,6,256.68,0.0,1540.1,1097.95,442.16
1265,229,135,7,5,357.24,89.31,1696.9,939.25,757.66
1266,117,50,39,7,338.1,0.0,2366.73,1451.12,915.61
1267,128,109,6,4,69.45,13.89,263.89,188.58,75.31
1268,223,102,1,2,293.68,0.0,587.36,331.93,255.42
1269,209,146,33,2,296.03,0.0,592.06,385.94,206.13
1270,213,17,17,3,219.39,0.0,658.18,461.81,196.37
1271,141,146,15,7,218.82,0.0,1531.75,1143.37,388.38
1272,150,10,29,2,408.38,81.68,735.09,544.35,190.74
1273,4,132,21,5,279.42,139.71,1257.41,741.88,515.53
1274,220,98,37,1,499.47,0.0,499.47,284.85,214.63
1275,211,73,19,7,330.03,0.0,2310.19,1505.36,804.83
1276,342,60,29,5,339.65,169.82,1528.42,940.01,588.42
1277,185,15,36,4,504.06,0.0,2016.26,1275.36,740.9
1278,171,121,19,3,355.86,0.0,1067.58,685.89,381.69
1279,25,110,12,3,17.62,0.0,52.85,34.74,18.12
1280,72,141,39,2,335.02,33.5,636.53,439.22,197.31
1281,124,110,10,5,446.69,335.02,1898.43,1048.91,849.53
1282,138,144,2,7,328.17,0.0,2297.21,1448.3,848.91
1283,133,134,24,2,82.56,24.77,140.35,87.21,53.14
1284,144,64,40,6,121.31,72.79,655.07,402.07,253.0
1285,281,106,4,4,210.22,126.13,714.76,545.31,169.45
1286,48,40,34,6,304.3,182.58,1643.21,1015.26,627.95
1287,122,120,34,6,364.09,218.45,1966.07,1161.48,804.59
1288,60,92,38,1,154.31,7.72,146.59,114.34,32.25
1289,113,67,17,1,239.46,23.95,215.51,140.81,74.7
1290,250,95,11,7,379.9,0.0,2659.3,1594.75,1064.55
1291,18,42,21,2,256.38,25.64,487.12,366.72,120.4
1292,124,94,6,5,83.52,20.88,396.72,288.59,108.13
1293,9,72,34,6,357.31,0.0,2143.88,1726.32,417.56
1294,349,49,27,4,143.43,0.0,573.7,451.5,122.2
1295,266,147,20,1,63.28,0.0,63.28,46.67,16.61
1296,89,10,21,1,249.31,0.0,249.31,147.96,101.35
1297,73,114,29,5,383.59,0.0,1917.93,1305.07,612.86
1298,37,32,21,7,268.29,0.0,1878.03,1093.15,784.88
1299,173,34,34,3,334.97,0.0,1004.9,701.76,303.14
1300,276,24,37,4,523.48,104.7,1989.24,1586.48,402.76
1301,214,16,38,7,148.1,0.0,1036.71,571.26,465.45
1302,322,19,25,6,461.4,0.0,2768.42,2177.43,590.99
1303,126,125,30,4,238.35,0.0,953.39,663.2,290.2
1304,102,139,13,5,166.95,0.0,834.73,493.19,341.54
1305,175,88,2,7,321.01,0.0,2247.1,1755.17,491.93
1306,74,3,17,6,245.0,220.5,1249.5,868.35,381.14
1307,357,130,35,3,35.59,0.0,106.78,71.65,35.13
1308,68,91,6,5,70.42,0.0,352.11,241.17,110.94
1309,175,79,22,3,103.19,15.48,294.1,173.46,120.64
1310,191,143,8,7,26.78,18.75,168.74,97.94,70.8
1311,21,62,18,1,109.06,0.0,109.06,79.46,29.6
1312,171,55,6,2,81.07,0.0,162.13,127.71,34.42
1313,166,117,30,3,223.81,33.57,637.84,470.41,167.43
1314,95,80,33,2,279.37,0.0,558.74,434.15,124.59
1315,47,108,31,5,483.81,0.0,2419.05,1882.23,536.82
1316,17,105,29,5,338.49,253.87,1438.59,803.67,634.92
1317,4,126,10,7,446.75,469.09,2658.16,2015.3,642.85
1318,176,48,22,4,92.03,18.41,349.7,265.24,84.47
1319,33,11,5,5,53.04,0.0,265.19,170.91,94.28
1320,351,72,15,5,224.28,56.07,1065.32,703.81,361.51
1321,90,98,21,1,235.51,35.33,200.18,150.39,49.79
1322,239,123,27,5,164.08,82.04,738.37,602.78,135.59
1323,246,41,4,1,213.02,0.0,213.02,173.98,39.04
1324,181,112,33,4,261.75,0.0,1047.0,709.8,337.2
1325,323,125,19,7,395.52,0.0,2768.66,2112.98,655.68
1326,41,122,36,6,474.8,284.88,2563.93,1732.8,831.13
1327,86,122,22,4,99.66,0.0,398.63,312.45,86.18
1328,93,149,22,3,101.24,0.0,303.73,220.34,83.4
1329,50,100,28,6,88.07,0.0,528.39,424.24,104.15
1330,108,56,33,7,252.53,0.0,1767.7,1448.19,319.5
1331,115,66,7,3,351.63,105.49,949.39,606.8,342.59
1332,280,113,21,1,286.79,0.0,286.79,233.57,53.22
1333,111,36,2,5,318.67,0.0,1593.33,1174.25,419.08
1334,320,91,19,5,380.07,95.02,1805.32,1108.98,696.34
1335,283,86,33,7,278.78,97.57,1853.9,1021.2,832.7
1336,330,100,35,7,34.97,12.24,232.55,170.84,61.71
1337,39,64,12,2,18.02,3.6,32.43,19.78,12.65
1338,360,111,16,2,266.24,0.0,532.48,326.13,206.35
1339,225,11,23,7,34.16,0.0,239.15,167.18,71.96
1340,359,113,16,3,247.92,0.0,743.76,415.28,328.48
1341,130,122,8,4,28.13,5.63,106.9,70.81,36.09
1342,348,133,13,3,159.88,47.97,431.69,330.6,101.09
1343,215,139,17,3,256.18,0.0,768.54,428.35,340.19
1344,27,53,21,4,258.77,103.51,931.58,669.31,262.27
1345,150,7,37,3,446.73,67.01,1273.19,754.7,518.49
1346,51,99,22,3,104.33,46.95,266.05,208.31,57.74
1347,344,14,16,3,263.84,0.0,791.51,518.82,272.69
1348,112,43,27,1,137.99,0.0,137.99,106.15,31.84
1349,82,106,31,6,496.46,297.87,2680.86,1998.4,682.46
1350,202,90,18,7,106.59,74.61,671.53,528.51,143.03
1351,156,91,20,4,58.55,11.71,222.49,153.42,69.07
1352,36,113,9,2,38.44,7.69,69.18,47.13,22.05
1353,299,25,35,5,37.06,0.0,185.31,103.8,81.52
1354,309,119,35,4,32.12,6.42,122.07,84.73,37.34
1355,272,88,7,4,355.39,0.0,1421.55,982.2,439.35
1356,226,64,14,5,403.63,0.0,2018.13,1440.39,577.74
1357,147,70,11,6,349.76,0.0,2098.58,1228.46,870.12
1358,198,77,37,1,445.2,0.0,445.2,309.77,135.43
1359,191,83,3,1,256.56,0.0,256.56,172.56,84.0
1360,61,51,9,1,42.75,2.14,40.61,28.87,11.74
1361,30,34,13,2,170.44,34.09,306.8,223.45,83.34
1362,93,26,23,7,39.53,0.0,276.7,179.19,97.51
1363,166,52,10,6,417.25,0.0,2503.5,1717.64,785.86
1364,59,40,22,5,96.61,0.0,483.06,317.21,165.85
1365,39,78,30,5,244.77,0.0,1223.86,926.07,297.79
1366,311,137,34,1,317.85,0.0,317.85,243.16,74.68
1367,137,17,4,2,203.18,20.32,386.04,242.86,143.19
1368,214,47,6,6,74.33,44.6,401.4,248.9,152.5
1369,192,8,4,4,210.32,0.0,841.3,616.8,224.5
1370,269,147,37,4,448.74,89.75,1705.23,1294.24,410.99
1371,271,106,27,6,163.63,49.09,932.68,515.71,416.97
1372,109,37,22,1,97.1,0.0,97.1,64.61,32.49
1373,310,63,32,6,344.49,0.0,2066.92,1308.54,758.38
1374,136,109,24,5,78.07,0.0,390.36,295.49,94.87
1375,305,144,10,3,463.74,0.0,1391.21,819.09,572.13
1376,148,87,21,4,263.9,105.56,950.06,722.16,227.89
1377,41,41,29,1,403.85,0.0,403.85,294.24,109.61
1378,278,105,2,2,347.18,0.0,694.36,539.93,154.43
1379,12,103,25,2,461.26,0.0,922.52,754.03,168.48
1380,282,97,20,7,62.41,0.0,436.9,296.51,140.39
1381,16,7,3,1,275.48,27.55,247.93,183.18,64.75
1382,76,107,11,3,386.88,0.0,1160.63,860.83,299.8
1383,221,3,18,1,115.86,5.79,110.07,85.64,24.43
1384,344,136,14,2,401.48,0.0,802.96,553.95,249.0
1385,150,133,12,1,18.32,0.0,18.32,10.61,7.71
1386,45,85,26,2,108.98,0.0,217.95,177.51,40.45
1387,86,97,17,6,223.66,134.2,1207.76,682.8,524.96
1388,328,11,20,6,61.01,0.0,366.04,296.43,69.61
1389,266,132,32,3,340.6,51.09,970.71,600.82,369.89
1390,37,41,4,5,239.14,0.0,1195.69,816.62,379.07
1391,141,40,15,5,217.11,54.28,1031.26,831.9,199.37
1392,97,107,3,7,262.03,91.71,1742.49,1276.72,465.77
1393,65,141,38,6,150.04,45.01,855.21,605.58,249.64
1394,309,75,8,2,24.61,0.0,49.23,31.41,17.82
1395,226,77,33,5,255.12,0.0,1275.59,802.28,473.31
1396,66,83,8,6,25.07,15.04,135.37,75.65,59.72
1397,238,44,13,3,150.64,22.6,429.31,304.09,125.23
1398,151,90,25,5,456.03,0.0,2280.16,1518.88,761.28
1399,23,145,34,3,321.83,0.0,965.48,589.48,375.99
1400,165,58,8,3,25.17,0.0,75.52,49.37,26.15
1401,68,116,9,2,40.47,0.0,80.93,65.07,15.86
1402,90,117,36,1,459.26,0.0,459.26,357.79,101.47
1403,321,128,13,6,162.78,0.0,976.69,650.68,326.01
1404,260,109,9,6,38.88,0.0,233.27,190.02,43.25
1405,49,139,30,5,208.12,52.03,988.58,667.07,321.51
1406,311,108,4,2,225.77,45.15,406.39,261.82,144.56
1407,210,147,35,1,31.91,1.6,30.32,19.85,10.47
1408,320,108,36,5,449.33,0.0,2246.64,1766.19,480.45
1409,273,126,35,2,32.46,6.49,58.43,36.36,22.07
1410,124,134,12,4,16.47,0.0,65.87,40.18,25.69
1411,196,148,5,7,52.59,18.41,349.75,283.07,66.68
1412,194,90,18,1,109.58,0.0,109.58,81.99,27.59
1413,263,107,14,5,365.43,0.0,1827.15,1381.73,445.42
1414,91,146,39,7,291.67,102.08,1939.57,1454.45,485.13
1415,122,58,26,3,107.87,0.0,323.62,237.67,85.96
1416,90,18,38,6,143.14,42.94,815.88,468.84,347.05
1417,109,133,31,6,434.4,130.32,2476.1,1865.73,610.38
1418,59,95,29,4,373.34,0.0,1493.36,921.71,571.64
1419,14,65,5,3,52.18,0.0,156.53,91.69,64.84
1420,344,108,3,5,286.01,71.5,1358.56,1107.79,250.78
1421,28,5,2,5,322.39,80.6,1531.36,853.77,677.59
1422,325,72,24,4,83.88,33.55,301.95,168.65,133.3
1423,2,40,9,2,43.95,0.0,87.9,55.7,32.2
1424,284,44,40,6,105.23,63.14,568.22,442.04,126.18
1425,120,146,6,2,71.59,0.0,143.17,116.55,26.62
1426,189,83,38,1,151.92,0.0,151.92,88.42,63.5
1427,104,22,27,1,164.41,8.22,156.19,102.58,53.61
1428,180,55,5,4,55.14,0.0,220.56,165.04,55.52
1429,165,37,3,1,279.26,0.0,279.26,202.27,76.99
1430,194,137,16,3,225.51,0.0,676.54,414.73,261.81
1431,144,44,14,2,396.1,79.22,712.99,455.52,257.47
1432,196,54,13,4,158.11,63.25,569.21,404.41,164.8
1433,302,51,22,6,99.64,89.67,508.14,284.34,223.81
1434,159,27,6,4,69.87,0.0,279.48,210.93,68.55
1435,132,118,6,4,76.51,0.0,306.06,191.09,114.97
1436,49,87,28,2,77.67,15.53,139.81,108.16,31.64
1437,132,66,40,1,117.03,0.0,117.03,85.97,31.06
1438,46,60,11,7,374.09,0.0,2618.66,1896.6,722.06
1439,67,101,38,5,159.3,0.0,796.49,603.09,193.4
1440,348,15,14,1,423.14,21.16,401.99,229.25,172.74
1441,33,140,14,4,382.08,76.42,1451.9,900.45,551.44
1442,176,85,4,1,225.0,0.0,225.0,155.44,69.55
1443,305,35,17,1,214.64,0.0,214.64,163.09,51.55
1444,348,81,20,3,70.22,10.53,200.13,155.95,44.18
1445,54,128,27,5,153.48,38.37,729.04,476.18,252.85
1446,60,26,7,5,377.7,0.0,1888.49,1443.34,445.14
1447,136,79,8,6,26.61,0.0,159.65,97.3,62.35
1448,203,90,18,2,118.87,35.66,202.08,115.64,86.44
1449,351,122,3,2,289.29,28.93,549.65,338.9,210.75
1450,76,86,6,4,80.82,16.16,307.13,243.81,63.31
1451,61,111,26,7,100.64,35.23,669.28,466.42,202.87
1452,93,117,39,6,311.48,280.34,1588.57,1080.17,508.4
1453,320,134,23,5,40.92,0.0,204.58,153.58,51.0
1454,11,55,6,1,78.18,0.0,78.18,43.21,34.97
1455,139,106,40,7,113.91,0.0,797.4,464.04,333.36
1456,44,38,21,7,266.15,186.3,1676.74,967.3,709.44
1457,58,127,29,5,381.39,0.0,1906.97,1111.48,795.49
1458,335,143,8,3,28.11,0.0,84.33,56.71,27.62
1459,1,45,24,5,85.37,0.0,426.86,267.12,159.74
1460,118,85,4,5,233.91,58.48,1111.07,846.8,264.27
1461,335,124,26,7,107.66,37.68,715.92,555.94,159.98
1462,222,5,9,1,39.9,0.0,39.9,31.91,7.99
1463,27,106,37,4,447.12,0.0,1788.49,1078.35,710.14
1464,170,124,3,5,275.36,137.68,1239.11,849.75,389.37
1465,355,131,27,3,153.63,0.0,460.89,259.55,201.34
1466,147,30,6,6,76.49,22.95,435.99,268.04,167.96
1467,193,114,28,1,88.38,0.0,88.38,63.29,25.09
1468,195,118,20,1,59.67,5.97,53.7,35.66,18.04
1469,242,1,39,6,306.13,0.0,1836.78,1352.77,484.01
1470,69,106,27,1,160.98,8.05,152.93,118.77,34.17
1471,307,94,15,3,236.65,0.0,709.96,401.89,308.07
1472,361,146,4,2,214.35,0.0,428.7,344.43,84.27
1473,53,7,24,5,79.28,19.82,376.58,211.43,165.15
1474,299,145,18,1,111.23,5.56,105.67,86.13,19.54
1475,299,86,3,3,268.82,80.65,725.82,524.16,201.66
1476,271,42,24,7,84.8,29.68,563.95,316.76,247.18
1477,136,59,9,3,38.55,5.78,109.86,72.1,37.76
1478,172,115,10,5,436.75,218.37,1965.37,1217.97,747.4
1479,307,150,1,7,276.91,0.0,1938.38,1484.05,454.33
1480,56,48,15,5,222.84,111.42,1002.76,612.56,390.2
1481,303,148,9,6,41.68,0.0,250.06,193.32,56.74
1482,337,95,3,7,264.54,0.0,1851.81,1174.66,677.15
1483,249,29,18,5,109.34,54.67,492.02,402.01,90.01
1484,125,90,9,6,39.17,0.0,235.02,146.42,88.6
1485,205,121,6,4,83.0,0.0,332.02,244.01,88.0
1486,19,9,19,6,357.23,0.0,2143.38,1641.94,501.44
1487,341,12,3,5,276.96,0.0,1384.79,842.57,542.22
1488,125,1,40,3,113.44,17.02,323.32,184.44,138.88
1489,21,86,19,4,392.33,0.0,1569.32,1096.7,472.62
1490,290,9,40,3,109.97,0.0,329.92,241.77,88.15
1491,241,140,36,3,469.8,0.0,1409.4,1086.17,323.23
1492,228,20,40,3,120.67,0.0,362.01,225.77,136.25
1493,20,11,22,4,90.82,0.0,363.29,285.37,77.92
1494,275,39,17,3,242.0,0.0,725.99,578.8,147.19
1495,233,115,29,5,364.3,182.15,1639.34,1246.52,392.82
1496,290,137,4,3,238.71,35.81,680.34,375.58,304.76
1497,302,38,34,4,348.23,0.0,1392.92,798.91,594.01
1498,78,78,13,1,150.06,0.0,150.06,122.96,27.1
1499,77,117,1,3,286.79,0.0,860.37,643.7,216.67
1500,338,120,10,3,472.19,0.0,1416.57,1018.85,397.73
1501,194,23,10,7,459.28,0.0,3214.99,2550.67,664.32
1502,160,126,1,4,254.38,101.75,915.78,513.48,402.3
1503,105,131,27,1,139.49,6.97,132.51,99.98,32.53
1504,234,111,4,3,223.16,0.0,669.49,486.56,182.93
1505,276,80,34,6,329.46,0.0,1976.76,1539.94,436.83
1506,1,59,19,2,391.26,39.13,743.4,565.01,178.39
1507,202,134,29,2,354.07,70.81,637.33,433.98,203.35
1508,363,130,14,3,395.8,0.0,1187.41,675.83,511.58
1509,103,78,6,3,72.31,21.69,195.24,155.32,39.92
1510,103,112,8,4,27.7,0.0,110.79,83.77,27.02
1511,321,60,26,1,91.36,4.57,86.79,56.09,30.7
1512,23,112,29,6,363.69,0.0,2182.13,1779.88,402.25
1513,146,14,11,2,333.11,33.31,632.9,401.26,231.64
1514,168,136,15,5,222.15,0.0,1110.73,722.03,388.7
1515,292,78,38,4,143.47,0.0,573.88,466.65,107.22
1516,48,90,35,2,36.49,3.65,69.32,50.63,18.69
1517,159,29,17,4,219.21,43.84,833.0,655.89,177.11
1518,56,80,10,1,458.85,22.94,435.91,344.24,91.67
1519,288,1,13,5,169.46,0.0,847.29,588.73,258.56
1520,231,134,22,3,88.12,13.22,251.13,156.22,94.91
1521,182,113,23,3,34.08,0.0,102.25,79.63,22.62
1522,144,69,8,2,25.93,2.59,49.26,33.77,15.49
1523,56,126,3,3,277.12,0.0,831.35,583.92,247.43
1524,337,122,20,3,70.97,0.0,212.91,148.22,64.69
1525,237,18,32,2,309.6,0.0,619.2,342.16,277.04
1526,117,9,7,7,399.33,419.29,2375.99,1336.22,1039.77
1527,152,39,17,2,246.67,24.67,468.68,335.77,132.91
1528,266,1,7,2,396.74,0.0,793.48,606.61,186.87
1529,263,86,10,4,455.22,91.04,1729.83,1164.87,564.96
1530,169,80,25,3,477.39,0.0,1432.18,861.33,570.85
1531,111,81,12,4,17.05,0.0,68.2,45.0,23.2
1532,241,12,11,6,380.56,0.0,2283.33,1729.5,553.83
1533,241,138,40,1,107.57,10.76,96.81,56.08,40.72
1534,219,147,7,4,407.24,162.9,1466.07,1028.09,437.98
1535,27,89,8,1,29.64,2.96,26.68,19.73,6.95
1536,173,1,38,1,161.14,0.0,161.14,106.72,54.42
1537,225,60,23,1,36.1,0.0,36.1,25.71,10.38
1538,347,108,2,2,377.84,75.57,680.11,536.3,143.82
1539,192,113,17,3,218.29,0.0,654.87,397.81,257.06
1540,126,37,23,7,38.9,13.62,258.71,151.73,106.98
1541,203,124,11,7,345.19,362.44,2053.85,1163.36,890.49
1542,65,146,22,1,100.52,0.0,100.52,75.0,25.52
1543,34,77,26,7,98.67,0.0,690.68,547.81,142.87
1544,248,58,11,5,321.44,160.72,1446.47,1065.19,381.28
1545,360,79,33,4,258.07,51.61,980.65,797.9,182.75
1546,309,5,19,6,331.48,198.89,1789.99,1326.73,463.27
1547,214,79,39,4,315.07,63.01,1197.28,751.76,445.51
1548,15,5,4,2,232.37,0.0,464.75,287.68,177.06
1549,361,6,13,4,174.26,69.7,627.33,457.95,169.38
1550,165,84,29,6,393.22,235.93,2123.38,1555.31,568.07
1551,106,77,36,5,505.32,252.66,2273.94,1572.27,701.67
1552,326,149,9,2,39.33,0.0,78.67,54.46,24.21
1553,273,77,40,7,113.06,0.0,791.45,524.33,267.12
1554,274,147,8,2,27.01,0.0,54.02,34.81,19.2
1555,102,122,17,6,219.14,0.0,1314.86,948.27,366.59
1556,363,51,13,3,169.61,76.32,432.5,325.16,107.33
1557,166,139,17,1,247.98,37.2,210.78,162.22,48.56
1558,194,73,37,7,489.5,0.0,3426.47,2169.35,1257.12
1559,275,90,30,5,242.41,181.81,1030.24,805.22,225.02
1560,241,16,32,2,311.5,0.0,622.99,393.57,229.42
1561,63,32,11,1,375.07,37.51,337.57,213.45,124.12
1562,111,79,38,1,140.23,7.01,133.22,102.26,30.96
1563,132,41,18,2,121.55,12.16,230.95,187.47,43.48
1564,346,90,27,7,142.36,49.82,946.67,758.95,187.72
1565,261,12,28,2,81.84,8.18,155.5,90.19,65.31
1566,134,38,27,2,149.63,29.93,269.33,169.11,100.22
1567,269,100,25,6,416.44,0.0,2498.65,1886.91,611.74
1568,270,92,20,7,63.16,44.21,397.92,305.48,92.44
1569,144,148,26,2,94.12,0.0,188.23,129.16,59.08
1570,148,135,37,5,485.58,0.0,2427.91,1345.91,1082.0
1571,327,122,16,4,262.39,52.48,997.07,683.49,313.58
1572,206,1,21,5,251.44,125.72,1131.49,631.84,499.66
1573,55,91,8,3,27.01,8.1,72.91,45.64,27.27
1574,263,35,15,6,233.28,0.0,1399.68,1018.06,381.62
1575,216,41,31,7,468.17,0.0,3277.21,1921.57,1355.64
1576,186,32,26,6,107.09,0.0,642.51,476.98,165.53
1577,265,69,9,7,39.94,27.95,251.59,180.59,71.01
1578,332,19,22,1,96.26,14.44,81.82,54.5,27.33
1579,121,80,33,5,254.03,127.01,1143.13,743.58,399.54
1580,154,25,5,7,52.2,0.0,365.37,291.19,74.18
1581,70,76,3,4,277.25,110.9,998.09,698.02,300.07
1582,237,94,16,7,258.23,0.0,1807.64,1428.04,379.6
1583,147,27,27,3,139.07,41.72,375.49,248.33,127.16
1584,125,16,13,7,179.98,62.99,1196.89,850.46,346.44
1585,255,121,33,7,265.03,0.0,1855.18,1498.52,356.67
1586,149,111,34,5,328.48,82.12,1560.29,910.43,649.85
1587,170,40,22,5,105.11,52.56,473.02,293.72,179.3
1588,161,134,16,4,261.58,0.0,1046.31,834.44,211.87
1589,95,34,2,3,355.13,0.0,1065.4,707.36,358.04
1590,46,139,33,4,260.55,52.11,990.08,617.27,372.82
1591,302,17,36,7,444.83,467.08,2646.76,2168.45,478.32
1592,34,100,18,1,107.87,5.39,102.48,59.19,43.29
1593,119,3,21,2,275.67,0.0,551.33,394.27,157.07
1594,244,30,31,4,456.08,91.22,1733.11,1321.98,411.13
1595,48,61,28,3,85.17,0.0,255.5,194.8,60.7
1596,240,13,6,5,71.49,0.0,357.46,239.25,118.21
1597,268,69,27,3,149.36,0.0,448.09,251.77,196.32
1598,242,35,37,5,464.7,0.0,2323.52,1805.55,517.97
1599,112,15,31,1,473.0,0.0,473.0,362.67,110.33
1600,8,145,20,3,65.87,0.0,197.6,121.34,76.26
1601,324,148,21,5,286.65,0.0,1433.23,920.05,513.18
1602,120,145,11,4,384.95,76.99,1462.8,1006.99,455.81
1603,294,24,27,5,155.89,0.0,779.43,452.71,326.72
1604,73,58,10,5,422.33,0.0,2111.65,1629.25,482.4
1605,60,50,14,3,417.49,0.0,1252.48,1000.69,251.79
1606,285,49,11,3,384.43,115.33,1037.95,657.24,380.71
1607,344,63,14,7,415.0,290.5,2614.51,2090.27,524.24
1608,315,77,15,7,216.62,0.0,1516.36,1161.89,354.47
1609,275,73,4,1,203.25,10.16,193.08,144.14,48.94
1610,91,44,29,5,390.65,195.33,1757.94,1426.87,331.07
1611,334,147,18,4,110.51,22.1,419.96,267.79,152.17
1612,244,147,38,1,144.3,0.0,144.3,115.04,29.26
1613,63,50,8,5,26.37,0.0,131.87,76.03,55.84
1614,48,34,27,1,151.78,0.0,151.78,103.07,48.71
1615,318,80,8,3,26.06,0.0,78.19,54.66,23.53
1616,101,56,22,5,101.13,0.0,505.65,294.87,210.77
1617,280,149,20,6,66.88,60.19,341.07,255.49,85.58
1618,51,65,18,3,113.24,0.0,339.71,230.42,109.28
1619,103,6,27,6,136.63,0.0,819.76,551.7,268.07
1620,104,19,34,6,362.58,326.32,1849.16,1307.34,541.82
1621,103,12,13,4,163.4,32.68,620.93,364.1,256.84
1622,247,58,34,2,330.09,0.0,660.19,398.76,261.43
1623,334,48,8,5,26.72,20.04,113.58,68.01,45.57
1624,333,129,12,1,16.58,0.0,16.58,13.38,3.2
1625,271,134,13,7,172.15,0.0,1205.04,914.34,290.7
1626,74,22,39,3,288.64,0.0,865.92,599.98,265.94
1627,351,142,5,6,60.64,0.0,363.86,264.91,98.95
1628,198,88,16,6,223.1,133.86,1204.72,874.02,330.7
1629,200,47,17,4,261.26,0.0,1045.02,648.78,396.24
1630,257,61,33,7,279.71,195.8,1762.17,1010.4,751.77
1631,281,67,20,6,59.32,0.0,355.94,249.1,106.84
1632,348,26,39,7,323.72,226.6,2039.41,1266.52,772.89
1633,213,131,30,1,223.25,0.0,223.25,175.44,47.81
1634,223,2,29,4,405.42,162.17,1459.52,895.76,563.76
1635,273,11,31,7,496.81,0.0,3477.69,2450.64,1027.06
1636,94,42,7,6,384.27,230.56,2075.07,1376.65,698.42
1637,113,22,18,4,111.45,44.58,401.21,301.14,100.07
1638,229,10,24,1,92.85,4.64,88.21,71.16,17.05
1639,24,58,9,2,41.72,0.0,83.44,55.16,28.28
1640,117,57,5,5,56.59,14.15,268.78,151.05,117.73
1641,263,19,6,5,74.58,18.65,354.26,258.11,96.15
1642,357,122,32,7,325.37,113.88,2163.69,1265.5,898.19
1643,190,133,27,1,156.17,7.81,148.36,85.79,62.58
1644,146,108,12,3,17.34,7.8,44.22,32.22,12.0
1645,161,79,30,2,247.13,74.14,420.12,242.73,177.39
1646,251,143,28,7,82.85,0.0,579.98,339.15,240.82
1647,199,53,33,2,277.21,0.0,554.43,370.66,183.76
1648,9,65,37,2,476.7,0.0,953.4,640.81,312.59
1649,197,3,36,3,501.08,75.16,1428.06,1137.74,290.32
1650,147,107,8,1,26.5,3.98,22.53,14.07,8.46
1651,256,14,31,5,505.93,0.0,2529.66,1665.16,864.51
1652,320,100,16,4,233.98,0.0,935.93,693.55,242.38
1653,352,118,17,4,246.67,0.0,986.67,762.99,223.68
1654,223,33,26,7,108.32,0.0,758.27,488.53,269.75
1655,133,92,25,4,460.12,276.07,1564.42,1127.0,437.43
1656,163,46,17,3,230.04,34.51,655.62,471.08,184.54
1657,65,60,40,3,117.59,0.0,352.77,222.9,129.87
1658,342,80,7,6,361.25,0.0,2167.47,1261.53,905.94
1659,310,38,4,4,198.35,0.0,793.4,582.57,210.82
1660,312,120,2,2,373.97,37.4,710.54,442.23,268.32
1661,120,60,33,5,289.52,72.38,1375.24,874.56,500.67
1662,118,70,17,6,214.86,0.0,1289.13,908.24,380.89
1663,313,123,18,2,123.16,0.0,246.32,146.17,100.15
1664,199,35,26,4,99.34,39.74,357.64,220.02,137.62
1665,258,68,18,4,122.2,48.88,439.91,294.93,144.98
1666,179,150,23,2,39.73,3.97,75.49,59.43,16.07
1667,162,60,3,1,292.93,0.0,292.93,222.19,70.74
1668,231,18,7,6,409.32,368.39,2087.53,1327.15,760.38
1669,297,43,38,5,163.05,40.76,774.47,489.12,285.35
1670,122,144,19,5,374.3,280.72,1590.76,1298.99,291.77
1671,296,114,7,3,362.8,0.0,1088.4,790.63,297.77
1672,90,122,15,4,212.73,0.0,850.93,625.51,225.42
1673,148,39,14,7,404.61,0.0,2832.3,1599.92,1232.38
1674,334,126,11,2,331.98,66.4,597.57,345.6,251.97
1675,349,60,12,5,18.51,4.63,87.91,55.34,32.57
1676,338,120,30,1,217.42,0.0,217.42,169.01,48.41
1677,116,133,5,1,60.67,9.1,51.57,41.04,10.53
1678,308,32,13,7,165.8,174.09,986.51,593.46,393.05
1679,342,141,19,1,389.73,0.0,389.73,289.51,100.23
1680,358,95,22,5,106.36,26.59,505.2,397.1,108.11
1681,8,110,36,4,468.66,93.73,1780.9,1402.11,378.79
1682,272,114,37,6,497.7,0.0,2986.19,2012.33,973.86
1683,364,26,12,4,16.11,3.22,61.22,37.95,23.27
1684,280,112,22,5,103.29,0.0,516.45,417.39,99.06
1685,86,32,1,7,285.74,200.02,1800.15,1124.51,675.64
1686,279,41,25,6,418.75,251.25,2261.23,1397.96,863.28
1687,39,18,7,6,347.21,208.33,1874.95,1135.35,739.6
1688,176,28,3,2,267.47,53.49,481.44,334.02,147.43
1689,229,147,27,2,140.11,0.0,280.22,162.23,117.99
1690,167,50,8,4,28.68,0.0,114.72,80.77,33.95
1691,256,59,20,5,61.85,15.46,293.81,236.46,57.35
1692,88,72,5,5,61.44,0.0,307.18,210.83,96.35
1693,222,107,30,6,252.84,75.85,1441.21,1168.31,272.9
1694,236,87,31,1,511.31,0.0,511.31,406.26,105.05
1695,232,81,23,2,38.32,0.0,76.63,58.54,18.09
1696,106,126,34,2,317.96,0.0,635.91,454.15,181.76
1697,112,75,18,4,119.98,24.0,455.93,359.17,96.76
1698,95,116,8,5,28.05,0.0,140.25,98.15,42.1
1699,169,137,7,1,420.35,21.02,399.34,241.98,157.36
1700,214,102,9,7,39.38,0.0,275.64,220.46,55.18
1701,133,6,9,3,36.81,11.04,99.38,68.13,31.24
1702,150,40,13,5,182.92,45.73,868.88,690.84,178.04
1703,105,93,9,6,43.1,12.93,245.66,161.19,84.47
1704,80,72,24,1,79.77,0.0,79.77,51.1,28.66
1705,240,43,6,7,79.57,0.0,556.99,421.54,135.45
1706,298,51,25,7,393.02,0.0,2751.17,1984.42,766.75
1707,107,12,14,7,389.66,136.38,2591.26,1732.84,858.42
1708,315,36,28,1,79.73,0.0,79.73,62.76,16.96
1709,209,118,21,3,254.82,76.45,688.02,474.37,213.65
1710,62,2,37,2,454.4,90.88,817.92,452.68,365.24
1711,134,126,18,4,107.95,0.0,431.78,318.29,113.49
1712,3,51,12,7,16.89,11.82,106.4,60.33,46.06
1713,15,122,24,6,80.22,24.07,457.24,310.88,146.36
1714,123,39,27,6,149.0,0.0,894.01,538.07,355.94
1715,166,125,18,3,114.78,17.22,327.13,201.3,125.84
1716,292,86,23,7,39.15,41.11,232.97,189.77,43.2
1717,50,128,19,7,377.8,0.0,2644.61,1535.57,1109.05
1718,307,10,13,6,157.76,0.0,946.54,714.24,232.3
1719,86,120,13,6,151.01,45.3,860.76,621.56,239.2
1720,51,41,37,5,510.73,0.0,2553.65,1538.99,1014.66
1721,256,54,28,1,88.08,4.4,83.68,67.15,16.52
1722,283,7,4,2,238.41,23.84,452.99,273.78,179.21
1723,221,144,39,6,349.12,209.47,1885.24,1299.33,585.92
1724,43,97,29,3,381.69,0.0,1145.06,874.19,270.88
1725,43,148,3,2,292.59,0.0,585.17,442.49,142.69
1726,143,86,30,7,228.64,160.05,1440.43,916.58,523.86
1727,165,24,24,4,89.33,0.0,357.31,277.49,79.82
1728,365,51,37,7,522.48,0.0,3657.34,2961.59,695.75
1729,105,66,20,2,68.81,0.0,137.61,93.3,44.31
1730,71,23,21,3,256.62,0.0,769.86,559.01,210.84
1731,346,140,13,3,162.27,0.0,486.82,315.67,171.16
1732,57,144,13,3,159.41,0.0,478.22,308.74,169.48
1733,10,85,25,4,425.02,85.0,1615.07,1093.12,521.95
1734,155,88,34,3,354.85,53.23,1011.31,610.05,401.26
1735,147,106,36,6,495.26,297.15,2674.38,1968.72,705.67
1736,227,102,31,3,449.02,134.71,1212.35,720.99,491.36
1737,321,10,25,4,455.1,0.0,1820.4,1003.77,816.63
1738,341,80,21,7,254.72,0.0,1783.05,1192.25,590.8
1739,106,117,14,4,389.66,155.86,1402.78,800.47,602.31
1740,358,121,31,1,460.41,0.0,460.41,323.14,137.27
1741,231,90,13,1,167.06,0.0,167.06,115.36,51.71
1742,26,135,11,4,372.82,0.0,1491.28,875.47,615.81
1743,343,88,35,5,36.21,9.05,171.98,106.01,65.97
1744,51,58,24,7,88.75,0.0,621.26,345.79,275.46
1745,215,67,15,1,212.8,0.0,212.8,151.16,61.63
1746,289,104,35,4,35.92,0.0,143.7,90.4,53.3
1747,92,133,39,3,303.02,90.9,818.14,607.47,210.67
1748,99,35,13,4,165.59,0.0,662.36,476.93,185.43
1749,174,45,21,4,265.36,53.07,1008.35,656.3,352.05
1750,323,98,20,3,67.38,0.0,202.14,112.36,89.78
1751,82,115,29,1,402.37,0.0,402.37,256.09,146.28
1752,243,60,39,1,307.24,0.0,307.24,195.93,111.31
1753,166,97,22,4,104.16,0.0,416.63,266.57,150.06
1754,41,2,32,2,324.46,0.0,648.92,523.96,124.96
1755,260,44,24,3,85.35,25.61,230.45,136.98,93.46
1756,304,144,36,1,507.31,0.0,507.31,316.01,191.3
1757,211,87,17,1,248.12,37.22,210.9,163.39,47.51
1758,65,131,16,1,259.96,0.0,259.96,207.91,52.05
1759,57,33,17,3,252.48,0.0,757.43,512.35,245.08
1760,155,44,40,2,107.88,10.79,204.97,142.62,62.35
1761,185,147,25,2,479.67,95.93,863.41,487.2,376.21
1762,202,150,7,3,417.27,0.0,1251.82,961.61,290.21
1763,89,132,2,3,348.44,0.0,1045.33,742.74,302.59
1764,183,48,21,1,237.38,11.87,225.51,153.2,72.31
1765,108,121,33,1,262.01,0.0,262.01,165.51,96.5
1766,251,69,20,7,69.33,24.26,461.01,308.79,152.22
1767,291,127,23,5,40.96,20.48,184.3,137.96,46.35
1768,239,128,32,1,359.57,0.0,359.57,205.6,153.96
1769,1,66,21,2,255.63,51.13,460.13,316.03,144.09
1770,363,46,37,3,436.4,0.0,1309.19,732.3,576.89
1771,9,147,26,7,100.78,70.55,634.94,481.61,153.33
1772,365,68,30,7,225.33,236.6,1340.72,813.78,526.94
1773,12,65,32,6,311.77,93.53,1777.09,1410.86,366.23
1774,189,100,26,1,92.51,13.88,78.64,53.36,25.28
1775,39,141,3,4,252.38,100.95,908.57,611.89,296.68
1776,35,20,18,4,106.38,0.0,425.54,275.45,150.09
1777,250,148,6,5,80.0,0.0,399.99,275.76,124.23
1778,266,64,21,6,254.84,0.0,1529.05,980.53,548.52
1779,44,4,6,3,75.17,0.0,225.52,145.95,79.57
1780,357,47,21,4,266.15,53.23,1011.38,609.68,401.7
1781,117,70,14,2,420.66,0.0,841.32,541.14,300.18
1782,117,102,1,2,282.33,28.23,536.43,412.6,123.83
1783,109,85,5,3,58.07,0.0,174.22,107.38,66.84
1784,169,21,21,6,273.75,0.0,1642.47,1267.57,374.91
1785,65,74,4,4,227.12,0.0,908.47,710.93,197.54
1786,156,35,35,5,35.92,26.94,152.67,111.44,41.24
1787,77,41,31,5,472.32,0.0,2361.62,1318.45,1043.16
1788,19,107,29,3,376.71,0.0,1130.13,792.76,337.37
1789,135,121,7,7,380.78,0.0,2665.45,2065.59,599.86
1790,246,24,32,1,330.11,49.52,280.6,182.04,98.56
1791,279,91,26,7,95.83,0.0,670.79,420.16,250.63
1792,129,64,16,1,235.35,11.77,223.58,142.37,81.21
1793,119,51,1,3,264.72,0.0,794.15,527.5,266.65
1794,288,107,22,6,98.98,0.0,593.85,337.87,255.98
1795,249,38,32,5,337.19,84.3,1601.65,983.69,617.96
1796,304,115,2,3,325.67,48.85,928.15,672.61,255.55
1797,331,61,3,7,262.52,91.88,1745.76,1182.88,562.89
1798,300,15,16,1,236.37,0.0,236.37,145.79,90.58
1799,342,119,21,5,271.82,203.86,1155.23,925.73,229.5
1800,153,128,19,4,352.68,70.54,1340.18,844.04,496.14
1801,145,85,18,2,101.91,30.57,173.25,101.34,71.91
1802,118,109,11,7,326.81,0.0,2287.65,1381.34,906.31
1803,86,23,3,6,271.04,0.0,1626.23,1024.65,601.58
1804,274,51,2,1,331.36,0.0,331.36,229.0,102.36
1805,261,53,4,1,217.34,21.73,195.61,111.09,84.52
1806,293,115,28,1,83.19,4.16,79.03,61.71,17.32
1807,62,53,32,3,366.43,0.0,1099.28,865.05,234.24
1808,180,110,18,3,116.55,0.0,349.66,222.37,127.29
1809,82,47,4,6,197.17,0.0,1183.01,898.3,284.71
1810,326,91,17,5,231.85,0.0,1159.26,825.3,333.96
1811,98,32,40,1,119.56,11.96,107.6,83.74,23.86
1812,53,84,10,4,432.02,0.0,1728.09,1079.68,648.41
1813,209,13,20,6,70.48,0.0,422.87,302.26,120.62
1814,321,111,22,7,97.99,0.0,685.96,390.74,295.22
1815,335,5,14,3,353.81,0.0,1061.43,586.5,474.94
1816,36,150,18,1,107.2,16.08,91.12,71.63,19.48
1817,119,126,19,2,394.52,0.0,789.05,496.73,292.32
1818,57,87,19,3,400.74,120.22,1082.0,725.22,356.78
1819,113,137,29,4,398.73,79.75,1515.17,928.16,587.01
1820,195,122,24,3,81.44,12.22,232.11,182.61,49.5
1821,103,22,3,1,285.78,0.0,285.78,186.85,98.93
1822,25,112,1,3,253.64,38.05,722.86,432.53,290.33
1823,187,57,17,3,232.03,34.8,661.29,472.27,189.02
1824,20,129,37,4,497.75,0.0,1991.01,1205.51,785.5
1825,83,130,2,1,386.52,38.65,347.86,215.81,132.05
1826,1,144,3,6,267.9,0.0,1607.42,1176.07,431.34
1827,32,68,28,3,81.91,0.0,245.72,198.79,46.94
1828,160,29,19,3,344.45,0.0,1033.36,778.95,254.42
1829,311,19,10,7,444.97,155.74,2959.05,1726.66,1232.39
1830,283,25,9,6,36.84,0.0,221.04,140.23,80.81
1831,37,149,27,1,160.77,0.0,160.77,122.99,37.78
1832,13,88,21,2,236.13,0.0,472.27,294.83,177.44
1833,124,53,26,1,104.12,0.0,104.12,78.07,26.05
1834,239,68,12,4,16.27,0.0,65.08,44.08,21.0
1835,273,26,22,3,96.96,29.09,261.8,206.51,55.29
1836,301,86,35,3,33.09,0.0,99.28,64.23,35.05
1837,125,64,13,4,163.02,97.81,554.26,444.7,109.56
1838,62,120,16,4,244.63,48.93,929.61,613.55,316.06
1839,10,4,7,1,394.55,39.45,355.09,264.93,90.16
1840,54,140,26,1,109.28,10.93,98.35,59.27,39.07
1841,24,10,2,6,341.52,0.0,2049.1,1420.67,628.43
1842,315,63,10,7,461.45,161.51,3068.66,1944.72,1123.94
1843,98,52,29,6,401.61,0.0,2409.64,1333.58,1076.06
1844,301,108,1,7,257.29,0.0,1801.02,1203.19,597.82
1845,202,99,40,4,121.17,0.0,484.7,289.16,195.54
1846,197,30,17,6,259.25,77.78,1477.74,1195.22,282.52
1847,166,74,16,7,259.21,181.45,1633.03,1254.69,378.34
1848,300,81,22,7,98.79,0.0,691.53,518.42,173.11
1849,16,70,26,2,104.89,10.49,199.3,134.01,65.29
1850,34,4,19,2,363.49,0.0,726.99,450.7,276.29
1851,155,27,36,3,485.33,0.0,1455.99,928.31,527.68
1852,144,76,39,4,350.06,0.0,1400.25,847.4,552.85
1853,200,40,9,7,38.36,13.43,255.08,178.31,76.78
1854,270,82,29,3,393.49,0.0,1180.47,907.83,272.64
1855,215,25,13,6,166.55,0.0,999.29,600.17,399.12
1856,94,111,40,7,105.63,0.0,739.42,407.59,331.83
1857,120,29,11,7,366.67,128.33,2438.36,1423.79,1014.57
1858,275,98,12,2,18.04,3.61,32.47,21.9,10.57
1859,74,126,29,2,376.85,0.0,753.7,418.32,335.38
1860,185,54,32,2,359.95,36.0,683.91,450.62,233.29
1861,197,21,6,6,74.09,22.23,422.32,244.95,177.37
1862,274,1,23,5,40.68,0.0,203.39,117.78,85.61
1863,261,55,14,3,396.64,0.0,1189.91,883.39,306.51
1864,170,18,25,1,463.1,46.31,416.79,341.71,75.08
1865,113,133,23,4,35.86,0.0,143.45,86.43,57.02
1866,135,146,40,6,111.71,0.0,670.27,410.2,260.07
1867,151,148,38,4,161.13,64.45,580.06,365.46,214.6
1868,81,139,27,2,136.54,27.31,245.76,187.27,58.5
1869,229,89,28,5,80.4,20.1,381.91,262.21,119.69
1870,77,49,36,5,502.76,251.38,2262.42,1592.93,669.49
1871,237,67,8,5,28.28,0.0,141.38,98.62,42.76
1872,275,39,30,7,247.29,173.1,1557.93,1251.16,306.77
1873,352,127,31,3,495.29,0.0,1485.88,831.22,654.66
1874,44,66,6,5,82.94,41.47,373.24,221.2,152.04
1875,278,58,36,6,475.9,0.0,2855.43,1865.08,990.35
1876,32,104,28,2,84.01,0.0,168.03,114.56,53.47
1877,124,57,14,2,412.0,0.0,823.99,478.55,345.45
1878,65,54,20,1,67.58,6.76,60.82,48.12,12.7
1879,60,35,20,3,59.79,0.0,179.36,131.48,47.89
1880,65,11,37,1,466.13,46.61,419.52,336.33,83.19
1881,17,6,39,6,323.09,0.0,1938.52,1558.6,379.92
1882,301,61,33,1,286.62,0.0,286.62,197.3,89.31
1883,23,150,27,5,151.32,37.83,718.75,560.85,157.9
1884,146,40,5,5,59.56,0.0,297.8,223.03,74.77
1885,256,97,37,7,511.2,178.92,3399.5,2200.62,1198.88
1886,362,49,6,3,72.56,32.65,185.02,134.6,50.42
1887,312,46,7,3,392.64,58.9,1119.03,903.33,215.7
1888,51,25,3,2,274.3,0.0,548.6,414.89,133.7
1889,361,85,38,4,140.81,0.0,563.22,417.65,145.57
1890,239,99,20,2,64.83,12.97,116.69,71.17,45.52
1891,66,53,10,1,458.16,22.91,435.25,337.06,98.19
1892,164,79,4,7,231.38,161.97,1457.72,955.11,502.61
1893,336,72,17,5,235.66,0.0,1178.32,846.63,331.7
1894,144,41,29,1,340.58,17.03,323.55,237.16,86.39
1895,68,104,40,5,112.64,0.0,563.21,388.12,175.09
1896,320,84,23,3,40.11,6.02,114.31,67.98,46.33
1897,348,10,25,2,442.85,88.57,797.13,588.53,208.6
1898,357,74,34,4,321.39,128.55,1156.99,713.58,443.41
1899,349,59,37,6,519.19,0.0,3115.12,1936.51,1178.61
1900,319,120,12,1,15.87,1.59,14.28,8.34,5.94
1901,166,46,40,3,109.02,0.0,327.06,234.63,92.43
1902,71,144,21,7,257.74,0.0,1804.15,1049.47,754.67
1903,226,93,38,3,156.02,23.4,444.65,286.0,158.65
1904,81,20,5,1,60.22,0.0,60.22,47.58,12.64
1905,173,61,4,4,198.37,0.0,793.46,533.47,260.0
1906,240,133,36,5,503.88,125.97,2393.41,1894.42,498.99
1907,346,39,27,7,156.63,54.82,1041.56,711.42,330.14
1908,106,106,8,5,29.09,7.27,138.18,82.67,55.51
1909,92,118,36,1,514.2,0.0,514.2,388.17,126.03
1910,269,104,5,6,59.56,17.87,339.49,219.12,120.37
1911,3,14,28,6,76.9,0.0,461.38,374.15,87.23
1912,207,57,9,5,38.87,0.0,194.33,120.63,73.69
1913,273,53,3,7,294.87,0.0,2064.07,1593.42,470.65
1914,202,52,33,6,278.08,83.42,1585.05,1083.13,501.92
1915,141,132,34,2,336.05,0.0,672.1,522.48,149.63
1916,303,1,5,3,61.12,0.0,183.36,109.91,73.45
1917,136,81,4,4,233.86,93.54,841.89,607.08,234.81
1918,260,148,25,4,456.49,182.6,1643.38,954.08,689.3
1919,170,132,2,5,380.39,95.1,1806.86,1386.75,420.12
1920,10,91,30,5,213.2,106.6,959.39,588.71,370.68
1921,194,150,37,1,503.53,75.53,428.0,284.81,143.19
1922,19,61,31,4,516.68,103.34,1963.39,1427.61,535.78
1923,340,92,10,1,412.82,0.0,412.82,280.35,132.47
1924,220,82,8,4,25.47,5.09,96.78,73.58,23.2
1925,136,8,28,3,86.8,26.04,234.35,172.43,61.91
1926,178,7,3,2,272.29,27.23,517.35,302.76,214.59
1927,227,135,22,7,89.37,0.0,625.61,474.74,150.88
1928,95,27,18,2,107.79,21.56,194.02,128.9,65.13
1929,106,54,30,1,222.91,22.29,200.62,142.72,57.9
1930,153,94,9,3,38.92,0.0,116.77,71.05,45.72
1931,95,87,31,6,508.37,457.53,2592.66,1722.14,870.53
1932,277,78,28,1,84.63,4.23,80.4,61.96,18.44
1933,38,147,10,4,475.07,190.03,1710.26,1368.36,341.9
1934,302,119,15,3,196.37,58.91,530.21,425.99,104.21
1935,128,142,3,7,267.27,0.0,1870.88,1382.63,488.26
1936,205,99,18,1,108.92,10.89,98.02,56.0,42.02
1937,58,147,11,1,381.53,0.0,381.53,255.44,126.09
1938,141,91,5,4,61.55,24.62,221.58,133.42,88.16
1939,276,82,23,2,36.99,7.4,66.59,49.16,17.42
1940,99,123,23,5,41.12,20.56,185.05,109.84,75.21
1941,49,131,4,2,196.44,39.29,353.6,287.81,65.79
1942,191,11,8,4,26.02,10.41,93.68,56.44,37.24
1943,60,137,4,1,229.54,0.0,229.54,129.51,100.03
1944,115,104,28,5,79.68,0.0,398.41,309.87,88.54
1945,165,135,14,4,417.64,0.0,1670.56,1010.05,660.52
1946,206,108,3,1,255.93,25.59,230.34,128.18,102.16
1947,234,140,8,2,28.56,2.86,54.26,37.87,16.39
1948,247,42,40,1,106.19,5.31,100.88,81.89,19.0
1949,309,29,11,1,334.85,0.0,334.85,208.35,126.5
1950,25,30,28,5,81.09,20.27,385.16,254.34,130.82
1951,133,38,19,3,397.34,0.0,1192.03,731.95,460.08
1952,1,33,8,6,27.42,24.68,139.86,97.99,41.87
1953,4,67,13,2,170.83,34.17,307.5,195.92,111.58
1954,78,30,1,6,242.22,0.0,1453.33,1031.38,421.95
1955,219,24,30,5,210.55,105.28,947.5,643.41,304.08
1956,327,79,14,5,351.85,0.0,1759.23,1408.8,350.43
1957,283,120,20,6,69.11,0.0,414.66,303.08,111.58
1958,236,21,7,5,363.54,90.88,1726.8,1267.99,458.81
1959,285,77,33,6,263.39,79.02,1501.31,1022.91,478.4
1960,63,99,9,6,41.26,0.0,247.53,156.4,91.13
1961,307,106,23,4,38.2,0.0,152.8,96.99,55.81
1962,325,16,35,6,33.99,0.0,203.92,139.91,64.02
1963,35,111,29,6,334.89,0.0,2009.31,1209.24,800.08
1964,172,5,25,6,432.23,0.0,2593.36,1519.07,1074.29
1965,303,36,36,5,498.82,0.0,2494.08,1622.49,871.58
1966,174,48,8,1,25.53,2.55,22.98,13.45,9.53
1967,307,128,39,4,333.05,0.0,1332.19,815.71,516.48
1968,342,29,23,1,33.93,0.0,33.93,23.56,10.37
1969,174,118,17,1,256.9,0.0,256.9,196.1,60.8
1970,22,149,11,3,388.52,0.0,1165.56,711.8,453.77
1971,125,144,30,4,208.05,83.22,748.99,572.04,176.95
1972,79,46,40,4,111.98,0.0,447.9,248.23,199.68
1973,174,15,28,7,80.56,0.0,563.94,461.98,101.96
1974,214,34,2,6,377.54,226.52,2038.71,1405.84,632.87
1975,170,116,19,3,367.85,110.35,993.19,673.87,319.32
1976,72,30,30,3,236.19,0.0,708.57,514.17,194.4
1977,110,97,16,5,227.95,0.0,1139.73,773.08,366.65
1978,249,57,31,2,432.68,86.54,778.83,514.16,264.67
1979,10,116,29,7,386.04,135.11,2567.16,1669.08,898.08
1980,79,91,3,6,277.75,166.65,1499.83,1220.88,278.95
1981,326,88,23,5,40.07,0.0,200.33,156.78,43.55
1982,37,118,7,2,410.19,82.04,738.34,506.24,232.1
1983,152,144,20,5,66.66,0.0,333.3,258.59,74.71
1984,76,55,16,6,244.23,0.0,1465.36,864.93,600.42
1985,39,80,33,1,295.31,29.53,265.78,184.17,81.61
1986,155,94,35,2,36.69,3.67,69.71,46.82,22.9
1987,191,124,19,4,392.78,0.0,1571.13,1001.94,569.19
1988,65,73,22,3,107.09,0.0,321.27,256.37,64.9
1989,29,57,26,5,98.49,49.25,443.22,343.4,99.83
1990,50,127,27,3,156.52,0.0,469.55,373.25,96.3
1991,238,143,26,7,104.21,0.0,729.46,526.31,203.15
1992,315,86,32,3,315.22,0.0,945.67,616.18,329.49
1993,66,16,40,3,116.01,0.0,348.04,262.54,85.5
1994,117,44,34,1,328.67,32.87,295.8,171.36,124.44
1995,126,70,6,2,75.38,0.0,150.76,117.65,33.12
1996,132,106,20,2,60.8,0.0,121.61,67.83,53.78
1997,90,101,19,6,382.73,114.82,2181.59,1681.82,499.76
1998,21,124,21,3,271.35,0.0,814.05,602.45,211.6
1999,192,5,22,2,98.06,9.81,186.31,106.92,79.39
2000,131,70,29,3,346.22,0.0,1038.65,612.48,426.17
2001,125,106,17,4,240.22,96.09,864.79,581.26,283.52
2002,97,149,11,6,327.93,196.76,1770.84,1117.34,653.5
2003,340,22,19,7,353.15,247.21,2224.86,1744.67,480.19
2004,223,132,35,1,33.72,0.0,33.72,20.3,13.42
2005,153,2,13,6,179.1,107.46,967.12,640.83,326.3
2006,75,30,1,3,264.02,39.6,752.46,466.77,285.69
2007,293,128,40,6,115.15,0.0,690.92,403.73,287.19
2008,325,119,8,1,28.98,0.0,28.98,17.97,11.01
2009,12,146,25,5,430.14,0.0,2150.72,1682.29,468.43
2010,340,91,33,7,293.65,0.0,2055.57,1527.67,527.9
2011,256,93,11,1,330.52,0.0,330.52,263.38,67.15
2012,37,81,14,6,374.8,224.88,2023.9,1334.61,689.29
2013,275,77,12,1,15.66,2.35,13.31,8.19,5.13
2014,40,78,6,7,77.06,0.0,539.43,300.52,238.91
2015,19,44,7,6,418.83,251.3,2261.67,1546.29,715.38
2016,43,129,8,7,27.81,9.73,184.93,103.69,81.23
2017,168,54,19,7,374.08,0.0,2618.53,1443.21,1175.31
2018,227,92,22,3,93.11,41.9,237.42,169.34,68.08
2019,149,101,1,3,291.71,43.76,831.37,494.25,337.12
2020,45,81,34,5,331.57,82.89,1574.95,1104.26,470.69
2021,73,92,28,2,78.16,0.0,156.31,110.18,46.14
2022,312,8,3,3,297.65,0.0,892.96,665.65,227.32
2023,352,48,34,1,328.34,32.83,295.51,193.1,102.41
2024,276,68,2,7,344.29,0.0,2410.06,1784.39,625.67
2025,38,60,23,2,34.07,0.0,68.15,44.22,23.93
2026,300,137,19,3,341.4,0.0,1024.2,590.35,433.85
2027,253,135,21,4,277.16,0.0,1108.63,702.54,406.09
2028,193,107,39,3,318.62,0.0,955.85,527.67,428.18
2029,53,53,38,6,162.48,97.49,877.37,592.11,285.27
2030,364,8,12,7,15.62,0.0,109.37,82.02,27.36
2031,162,114,24,5,86.43,43.22,388.94,296.33,92.61
2032,17,133,39,6,333.79,100.14,1902.6,1165.66,736.94
2033,77,74,30,1,236.64,0.0,236.64,136.9,99.74
2034,147,125,36,7,478.91,0.0,3352.4,2011.66,1340.74
2035,23,140,18,1,114.81,0.0,114.81,93.64,21.17
2036,119,83,12,1,17.69,1.77,15.92,10.1,5.82
2037,171,32,21,1,279.98,28.0,251.98,167.8,84.19
2038,347,4,33,2,263.8,0.0,527.59,300.95,226.64
2039,32,114,38,6,147.73,88.64,797.72,608.76,188.96
2040,211,85,28,3,84.2,25.26,227.35,152.57,74.78
2041,335,24,29,6,357.93,0.0,2147.56,1231.84,915.73
2042,295,9,21,3,244.25,36.64,696.11,471.75,224.36
2043,338,146,13,1,181.85,18.18,163.66,121.53,42.13
2044,63,49,17,4,223.02,89.21,802.86,544.11,258.74
2045,293,50,20,2,61.49,0.0,122.97,99.8,23.18
2046,358,95,33,3,279.2,0.0,837.59,657.8,179.79
2047,120,55,23,4,34.39,0.0,137.57,94.79,42.79
2048,183,137,32,6,305.77,0.0,1834.64,1474.94,359.71
2049,194,103,2,5,322.56,0.0,1612.82,1240.38,372.44
2050,181,54,31,2,437.05,43.7,830.39,539.28,291.11
2051,106,40,21,6,257.32,0.0,1543.92,1170.73,373.2
2052,355,130,40,5,120.37,0.0,601.83,413.2,188.62
2053,350,89,19,2,353.34,35.33,671.35,466.97,204.39
2054,139,138,20,6,64.02,0.0,384.1,265.25,118.85
2055,294,52,6,6,77.66,0.0,465.96,357.39,108.57
2056,146,4,33,5,261.93,130.97,1178.69,940.61,238.08
2057,291,135,29,3,366.72,110.02,990.15,630.01,360.15
2058,214,36,35,3,33.82,0.0,101.46,73.39,28.07
2059,172,127,4,4,210.69,84.28,758.5,545.87,212.63
2060,47,107,9,2,39.47,7.89,71.04,56.1,14.95
2061,239,35,36,3,429.52,64.43,1224.14,821.09,403.05
2062,118,114,2,1,380.68,57.1,323.57,194.58,129.0
2063,80,13,21,2,285.94,0.0,571.87,345.89,225.98
2064,71,59,17,6,254.74,0.0,1528.42,861.79,666.63
2065,359,54,38,1,134.21,13.42,120.79,69.72,51.07
2066,38,99,35,4,36.34,0.0,145.37,91.78,53.59
2067,292,81,36,4,483.03,0.0,1932.12,1116.17,815.95
2068,317,92,12,1,15.66,0.0,15.66,12.3,3.36
2069,12,72,24,6,91.79,0.0,550.72,356.72,193.99
2070,216,111,29,7,392.28,0.0,2745.93,1783.44,962.49
2071,211,25,39,5,297.04,0.0,1485.21,1120.63,364.58
2072,131,108,1,5,293.48,220.11,1247.29,787.49,459.8
2073,244,8,40,2,104.49,0.0,208.97,155.29,53.69
2074,150,13,15,6,215.56,129.34,1164.05,898.71,265.34
2075,161,109,6,6,70.94,0.0,425.65,275.5,150.15
2076,158,24,25,4,406.08,0.0,1624.32,1102.93,521.39
2077,293,116,32,5,368.75,184.37,1659.36,1057.01,602.34
2078,232,20,6,7,77.23,0.0,540.63,359.11,181.51
2079,139,23,2,5,336.36,0.0,1681.78,1188.69,493.1
2080,339,140,36,2,502.39,100.48,904.3,582.73,321.57
2081,293,27,38,3,160.1,0.0,480.31,324.36,155.95
2082,341,138,7,2,415.78,0.0,831.57,568.78,262.79
2083,267,53,37,3,520.34,234.15,1326.86,738.55,588.31
2084,143,120,37,7,517.71,0.0,3623.99,2153.32,1470.67
2085,283,141,40,2,116.07,11.61,220.53,153.52,67.0
2086,121,18,9,7,39.1,0.0,273.67,150.72,122.96
2087,99,50,24,2,91.66,0.0,183.33,135.69,47.64
2088,165,87,40,4,104.4,0.0,417.61,331.78,85.83
2089,354,130,37,4,447.15,89.43,1699.16,1280.72,418.45
2090,208,29,25,1,430.85,0.0,430.85,273.51,157.34
2091,141,29,8,2,25.8,5.16,46.43,31.18,15.25
2092,169,56,4,3,222.61,66.78,601.05,436.18,164.87
2093,107,31,11,1,385.33,19.27,366.07,268.59,97.48
2094,241,41,3,6,270.71,0.0,1624.29,1322.05,302.24
2095,128,20,8,4,27.25,5.45,103.56,70.74,32.82
2096,203,125,3,6,267.03,80.11,1522.08,939.69,582.39
2097,135,120,31,7,492.29,0.0,3446.0,2232.29,1213.71
2098,118,22,24,3,77.73,23.32,209.86,167.69,42.17
2099,355,81,21,6,237.45,0.0,1424.71,1026.98,397.73
2100,127,97,33,1,280.43,28.04,252.39,197.71,54.68
2101,26,95,17,4,239.17,143.5,813.19,606.24,206.96
2102,139,148,17,5,233.12,0.0,1165.58,944.9,220.68
2103,195,97,9,4,39.03,0.0,156.11,106.99,49.12
2104,35,104,18,6,102.9,0.0,617.42,497.93,119.49
2105,112,5,7,7,397.59,0.0,2783.13,2196.42,586.71
2106,61,12,24,3,83.15,24.94,224.5,174.58,49.92
2107,183,93,40,2,111.69,0.0,223.39,179.5,43.88
2108,264,137,22,5,105.1,26.27,499.2,345.4,153.81
2109,354,60,12,7,17.85,12.5,112.47,84.42,28.05
2110,143,97,28,7,77.38,81.24,460.39,322.24,138.14
2111,316,32,33,6,281.3,0.0,1687.78,1282.02,405.76
2112,79,69,19,2,338.04,101.41,574.67,434.57,140.1
2113,285,113,11,2,334.63,0.0,669.26,505.14,164.12
2114,206,99,29,5,387.66,0.0,1938.3,1290.29,648.01
2115,277,18,8,3,24.94,0.0,74.83,57.25,17.59
2116,276,132,40,5,107.96,26.99,512.83,403.42,109.41
2117,195,140,13,7,179.58,0.0,1257.09,907.35,349.74
2118,94,72,15,4,227.9,0.0,911.62,613.3,298.32
2119,193,52,30,3,250.89,0.0,752.66,587.36,165.3
2120,302,80,1,7,289.06,202.34,1821.1,1384.37,436.73
2121,355,121,9,4,38.85,7.77,147.65,99.93,47.72
2122,339,68,6,5,78.15,19.54,371.21,262.28,108.93
2123,67,5,16,1,236.49,11.82,224.66,165.17,59.5
2124,219,11,23,4,39.05,0.0,156.2,114.94,41.26
2125,39,122,8,3,26.14,0.0,78.43,49.73,28.71
2126,245,119,14,1,346.79,0.0,346.79,218.14,128.65
2127,363,116,31,2,434.28,0.0,868.55,685.8,182.76
2128,20,19,38,5,157.0,78.5,706.5,567.31,139.19
2129,240,26,1,2,246.21,0.0,492.42,324.29,168.13
2130,346,60,26,1,102.43,5.12,97.31,77.52,19.79
2131,310,35,2,1,378.66,37.87,340.8,230.75,110.05
2132,144,59,21,1,273.6,27.36,246.24,146.55,99.69
2133,38,84,36,4,467.83,0.0,1871.31,1399.51,471.8
2134,338,43,32,4,317.55,127.02,1143.17,642.9,500.26
2135,337,19,10,5,492.1,123.02,2337.46,1357.5,979.96
2136,212,61,11,5,361.17,0.0,1805.86,1452.04,353.82
2137,358,109,32,4,330.82,132.33,1190.95,821.47,369.48
2138,2,93,33,7,296.84,0.0,2077.85,1292.26,785.59
2139,226,49,12,2,16.07,3.21,28.93,19.66,9.27
2140,15,47,1,5,265.45,66.36,1260.91,890.34,370.57
2141,342,88,18,1,104.19,10.42,93.77,67.75,26.02
2142,249,26,25,6,403.87,242.32,2180.9,1404.54,776.36
2143,334,126,18,3,110.74,16.61,315.62,206.6,109.01
2144,206,131,38,3,154.87,0.0,464.62,324.51,140.11
2145,31,4,33,1,263.94,0.0,263.94,189.82,74.11
2146,10,146,32,4,349.98,139.99,1259.94,1006.4,253.54
2147,123,4,1,3,284.95,42.74,812.1,532.67,279.43
2148,272,69,35,7,37.22,26.05,234.48,184.34,50.14
2149,56,101,31,2,429.62,0.0,859.25,703.01,156.24
2150,312,50,16,3,255.64,0.0,766.91,491.99,274.91
2151,88,31,24,7,78.51,54.96,494.62,275.69,218.94
2152,182,8,33,6,283.54,170.12,1531.1,1091.95,439.15
2153,75,110,37,6,466.58,0.0,2799.46,2222.73,576.73
2154,171,6,23,4,39.13,0.0,156.52,88.34,68.18
2155,166,73,2,7,333.15,233.21,2098.85,1266.09,832.76
2156,2,59,25,2,449.29,89.86,808.72,592.44,216.28
2157,208,146,28,6,75.84,0.0,455.02,349.73,105.29
2158,288,140,3,5,253.29,0.0,1266.44,726.17,540.27
2159,342,123,33,3,278.97,0.0,836.9,542.49,294.41
2160,121,110,9,2,39.05,0.0,78.1,47.99,30.11
2161,322,82,36,4,495.47,0.0,1981.89,1606.36,375.54
2162,321,53,23,1,38.96,0.0,38.96,28.61,10.35
2163,361,25,13,6,170.39,102.23,920.09,624.21,295.88
2164,137,146,3,2,283.71,0.0,567.41,444.19,123.22
2165,311,58,1,3,284.34,85.3,767.72,533.7,234.03
2166,207,65,30,2,250.05,0.0,500.11,398.12,101.99
2167,22,22,16,4,222.03,0.0,888.13,545.74,342.39
2168,99,42,34,3,338.24,0.0,1014.71,565.58,449.13
2169,246,96,10,2,476.33,0.0,952.66,634.24,318.42
2170,59,64,37,7,451.76,158.12,3004.2,1818.0,1186.19
2171,159,88,38,6,141.89,85.13,766.19,594.29,171.9
2172,283,32,5,3,53.8,16.14,145.26,100.79,44.46
2173,55,13,26,1,101.88,10.19,91.7,57.58,34.12
2174,182,133,38,6,144.94,86.96,782.68,593.95,188.73
2175,79,65,13,5,171.87,85.93,773.4,535.39,238.01
2176,196,55,3,4,277.18,55.44,1053.28,722.29,330.99
2177,88,43,36,5,491.03,122.76,2332.39,1396.67,935.72
2178,353,99,19,1,346.8,0.0,346.8,283.93,62.87
2179,28,85,2,4,372.27,0.0,1489.09,1083.96,405.13
2180,352,59,34,2,344.41,34.44,654.37,510.93,143.44
2181,290,140,28,5,75.92,18.98,360.62,272.32,88.31
2182,313,136,3,7,254.94,0.0,1784.57,1223.84,560.72
2183,311,30,11,4,342.25,205.35,1163.65,643.06,520.58
2184,69,97,1,5,291.98,0.0,1459.88,1065.71,394.17
2185,340,146,39,5,308.62,77.15,1465.94,846.14,619.8
2186,217,74,1,7,242.77,254.91,1444.47,1169.43,275.03
2187,352,5,32,1,313.03,0.0,313.03,193.23,119.8
2188,321,20,21,3,236.59,70.98,638.81,414.7,224.11
2189,212,101,24,2,82.83,16.57,149.1,104.21,44.89
2190,137,136,33,6,288.93,86.68,1646.91,1129.3,517.61
2191,43,20,36,4,471.35,282.81,1602.59,1164.91,437.68
2192,37,83,6,6,81.3,24.39,463.39,352.88,110.5
2193,143,75,1,4,244.25,0.0,977.01,737.22,239.79
2194,297,43,5,7,56.09,19.63,372.98,296.58,76.39
2195,185,95,28,6,86.68,0.0,520.1,352.04,168.05
2196,176,132,23,1,38.88,0.0,38.88,26.99,11.89
2197,90,36,4,7,232.93,0.0,1630.5,1281.57,348.93
2198,207,9,10,7,433.23,0.0,3032.59,1899.1,1133.49
2199,233,54,22,1,97.45,9.74,87.7,54.06,33.64
2200,359,48,30,3,239.22,71.76,645.88,356.83,289.06
2201,267,110,14,7,359.67,377.65,2140.03,1603.72,536.31
2202,222,81,38,6,158.33,0.0,950.01,698.87,251.14
2203,333,3,40,4,108.67,21.73,412.95,257.98,154.97
2204,156,51,31,4,434.22,86.84,1650.03,965.39,684.63
2205,342,111,19,1,384.26,0.0,384.26,215.76,168.51
2206,136,72,36,4,495.59,99.12,1883.25,1283.85,599.39
2207,47,85,30,5,248.77,0.0,1243.86,749.1,494.76
2208,153,40,21,3,281.48,84.45,760.01,580.81,179.2
2209,47,48,18,3,108.03,0.0,324.08,261.38,62.71
2210,44,20,34,6,342.89,205.74,1851.63,1406.78,444.85
2211,322,13,23,4,41.32,16.53,148.75,116.01,32.73
2212,291,6,8,2,25.58,2.56,48.6,39.73,8.87
2213,81,94,40,3,112.32,0.0,336.95,252.72,84.23
2214,306,24,3,4,293.45,0.0,1173.79,825.38,348.41
2215,26,87,28,2,75.47,22.64,128.3,98.62,29.67
2216,104,143,27,4,162.86,0.0,651.43,457.46,193.97
2217,258,105,24,7,84.27,0.0,589.91,393.34,196.57
2218,111,87,3,6,292.52,263.27,1491.85,833.61,658.24
2219,267,18,20,2,66.53,13.31,119.76,86.66,33.1
2220,320,74,36,4,492.39,98.48,1871.09,1482.52,388.57
2221,25,134,10,4,478.53,0.0,1914.1,1410.98,503.12
2222,9,58,28,5,74.88,0.0,374.4,246.77,127.62
2223,344,124,35,6,35.49,21.29,191.65,137.33,54.32
2224,190,107,39,4,346.83,0.0,1387.33,1067.55,319.78
2225,185,41,21,3,284.83,0.0,854.48,646.28,208.2
2226,170,22,13,5,181.92,0.0,909.61,620.91,288.69
2227,159,3,28,1,84.37,4.22,80.15,51.91,28.24
2228,252,42,20,5,66.69,0.0,333.45,219.13,114.32
2229,212,50,26,7,101.49,71.04,639.36,508.38,130.98
2230,60,99,30,5,236.01,0.0,1180.06,703.15,476.91
2231,229,86,29,4,380.08,0.0,1520.3,1190.4,329.9
2232,244,72,10,6,412.23,371.0,2102.35,1267.14,835.21
2233,42,109,31,4,433.8,260.28,1474.91,1201.82,273.09
2234,138,116,22,4,99.76,19.95,379.07,254.38,124.69
2235,289,108,38,6,143.39,86.04,774.33,579.22,195.11
2236,226,135,27,2,144.05,0.0,288.1,215.19,72.91
2237,50,54,36,6,446.88,0.0,2681.29,2033.98,647.31
2238,15,124,40,5,119.73,0.0,598.64,456.85,141.8
2239,213,64,40,4,123.42,0.0,493.66,276.72,216.94
2240,169,28,30,1,236.95,23.69,213.25,133.03,80.23
2241,351,22,24,6,92.0,55.2,496.79,304.05,192.74
2242,191,14,5,2,60.76,0.0,121.52,89.76,31.76
2243,340,144,16,7,228.69,0.0,1600.86,1175.82,425.03
2244,79,26,20,6,60.46,54.41,308.33,194.31,114.02
2245,164,126,32,3,317.75,47.66,905.58,692.09,213.48
2246,51,118,24,4,77.65,0.0,310.61,196.97,113.64
2247,210,66,18,1,114.91,0.0,114.91,73.84,41.07
2248,69,138,6,4,72.82,0.0,291.3,191.58,99.71
2249,180,137,29,1,402.44,0.0,402.44,302.25,100.19
2250,126,139,18,7,115.6,0.0,809.19,447.63,361.56
2251,68,75,2,5,343.45,0.0,1717.27,1364.8,352.48
2252,36,45,12,2,18.7,0.0,37.39,27.55,9.84
2253,187,7,36,6,519.22,0.0,3115.32,2206.84,908.49
2254,346,127,5,1,59.57,0.0,59.57,36.58,22.99
2255,73,131,17,4,251.37,0.0,1005.49,766.28,239.22
2256,148,81,21,1,285.93,0.0,285.93,224.64,61.29
2257,82,11,4,1,221.95,22.19,199.75,136.91,62.84
2258,296,124,7,2,412.9,82.58,743.22,467.46,275.76
2259,152,45,38,3,135.97,0.0,407.9,266.26,141.64
2260,356,83,24,6,85.39,0.0,512.32,339.35,172.97
2261,90,99,9,7,40.39,14.14,268.58,169.9,98.68
2262,30,22,7,6,348.26,0.0,2089.53,1551.04,538.49
2263,213,10,18,6,103.7,31.11,591.08,379.7,211.38
2264,238,12,29,4,336.19,201.71,1143.04,882.12,260.92
2265,362,144,30,3,221.52,0.0,664.57,448.72,215.86
2266,319,144,8,2,24.55,0.0,49.11,35.35,13.76
2267,323,65,30,7,227.49,0.0,1592.45,1283.43,309.02
2268,232,64,36,4,505.85,101.17,1922.22,1288.72,633.5
2269,132,62,10,4,464.08,0.0,1856.33,1106.36,749.97
2270,157,53,2,1,365.66,18.28,347.38,242.64,104.74
2271,49,82,39,4,289.77,0.0,1159.06,792.92,366.15
2272,158,54,21,5,278.74,69.69,1324.02,1007.97,316.05
2273,134,93,32,4,313.34,62.67,1190.68,931.41,259.27
2274,14,57,13,5,159.78,0.0,798.88,593.09,205.79
2275,75,95,12,6,17.1,15.39,87.21,70.84,16.37
2276,196,142,10,1,492.77,49.28,443.5,276.16,167.34
2277,135,31,9,7,44.39,0.0,310.73,190.97,119.76
2278,363,10,19,6,385.5,346.95,1966.06,1235.96,730.1
2279,175,79,5,3,59.02,17.7,159.34,116.5,42.84
2280,350,18,34,6,335.31,0.0,2011.87,1232.85,779.03
2281,242,35,21,1,269.66,13.48,256.18,147.01,109.17
2282,15,119,37,3,444.81,66.72,1267.72,1031.9,235.81
2283,75,63,21,1,248.97,12.45,236.52,150.18,86.34
2284,258,83,13,5,182.46,91.23,821.09,500.9,320.19
2285,199,117,21,6,286.05,0.0,1716.33,1110.23,606.1
2286,111,20,7,5,370.15,0.0,1850.74,1097.07,753.67
2287,191,72,33,5,258.6,0.0,1293.0,723.64,569.36
2288,330,6,29,2,351.63,70.33,632.93,400.3,232.63
2289,142,75,6,7,75.9,0.0,531.33,340.7,190.63
2290,17,34,24,2,79.81,0.0,159.61,122.74,36.87
2291,114,137,22,4,100.32,0.0,401.29,267.91,133.38
2292,342,40,9,5,36.94,9.23,175.44,131.39,44.05
2293,279,31,5,6,51.96,0.0,311.73,233.38,78.36
2294,306,3,31,7,451.58,0.0,3161.03,2411.96,749.08
2295,333,20,11,5,376.22,0.0,1881.08,1501.1,379.98
2296,43,33,21,5,251.79,0.0,1258.96,861.92,397.04
2297,104,35,10,3,451.1,0.0,1353.31,782.31,571.01
2298,22,111,27,4,154.71,0.0,618.83,346.82,272.01
2299,2,134,2,5,373.77,93.44,1775.4,1066.07,709.34
2300,305,129,15,5,209.14,0.0,1045.72,809.27,236.45
2301,342,144,22,5,101.93,0.0,509.65,359.34,150.31
2302,57,135,18,4,108.2,21.64,411.16,241.69,169.47
2303,264,69,25,2,449.24,0.0,898.49,526.34,372.14
2304,196,59,8,1,26.7,0.0,26.7,21.11,5.59
2305,26,98,18,3,122.68,0.0,368.04,254.1,113.94
2306,335,48,31,3,518.24,0.0,1554.71,927.25,627.46
2307,319,91,14,5,406.33,0.0,2031.64,1609.31,422.33
2308,208,150,7,7,415.62,436.4,2472.93,1841.34,631.6
2309,259,30,34,5,309.22,0.0,1546.12,1049.81,496.31
2310,145,116,32,6,347.61,104.28,1981.4,1338.57,642.83
2311,290,141,28,5,77.03,38.52,346.64,253.61,93.03
2312,163,81,32,7,322.16,0.0,2255.09,1446.29,808.8
2313,362,54,32,7,338.74,237.12,2134.04,1749.86,384.18
2314,24,39,30,2,242.22,0.0,484.45,369.07,115.38
2315,63,26,21,5,272.58,68.14,1294.75,936.18,358.57
2316,354,49,1,4,288.4,115.36,1038.24,763.74,274.5
2317,106,112,24,7,85.47,0.0,598.32,489.99,108.33
2318,114,78,11,5,386.83,193.42,1740.74,962.48,778.27
2319,289,34,31,1,509.33,0.0,509.33,283.27,226.06
2320,70,82,19,2,390.35,39.03,741.66,565.11,176.55
2321,188,122,37,1,452.96,0.0,452.96,274.74,178.22
2322,105,3,24,2,85.0,0.0,170.01,124.96,45.05
2323,73,4,23,1,39.34,0.0,39.34,26.99,12.36
2324,352,144,37,6,524.47,314.68,2832.12,1801.34,1030.78
2325,73,113,20,4,58.61,11.72,222.73,136.41,86.32
2326,35,87,16,5,233.99,116.99,1052.94,799.94,253.0
2327,246,136,15,7,210.68,0.0,1474.74,879.19,595.55
2328,317,89,36,5,455.94,0.0,2279.68,1351.52,928.16
2329,47,79,31,4,502.67,0.0,2010.68,1345.79,664.89
2330,259,32,7,2,348.82,0.0,697.64,406.17,291.47
2331,198,122,20,6,63.13,0.0,378.79,273.95,104.85
2332,303,115,15,4,226.75,90.7,816.29,667.59,148.7
2333,47,45,26,6,98.56,59.14,532.22,400.19,132.02
2334,357,111,3,1,251.89,0.0,251.89,179.57,72.33
2335,226,110,29,2,379.98,0.0,759.96,498.95,261.01
2336,308,15,30,1,232.09,11.6,220.48,180.08,40.4
2337,133,25,10,5,497.48,124.37,2363.03,1861.08,501.94
2338,345,90,7,4,402.81,80.56,1530.67,1181.0,349.67
2339,229,94,26,3,110.2,0.0,330.59,202.36,128.24
2340,47,99,11,3,334.08,0.0,1002.24,584.67,417.57
2341,337,56,38,5,156.72,0.0,783.6,468.63,314.97
2342,291,126,32,7,340.68,357.71,2027.05,1256.46,770.59
2343,110,67,39,7,333.31,116.66,2216.53,1267.98,948.54
2344,200,31,22,4,96.8,38.72,348.47,275.24,73.22
2345,142,18,38,5,140.36,0.0,701.81,421.09,280.72
2346,199,132,1,1,244.16,0.0,244.16,149.22,94.93
2347,353,107,12,7,18.2,0.0,127.37,100.6,26.77
2348,329,70,1,1,285.46,28.55,256.92,207.77,49.15
2349,79,32,28,3,76.44,0.0,229.33,139.86,89.47
2350,355,15,21,6,268.6,80.58,1531.0,963.65,567.34
2351,160,23,12,7,17.85,0.0,124.97,95.73,29.24
2352,258,16,13,2,168.26,0.0,336.52,273.24,63.27
2353,279,80,26,5,96.76,0.0,483.8,350.96,132.85
2354,177,30,8,2,29.02,0.0,58.03,38.85,19.18
2355,167,20,21,1,268.45,26.85,241.61,176.89,64.72
2356,167,43,25,3,455.86,205.14,1162.44,884.24,278.2
2357,315,105,10,5,467.56,116.89,2220.89,1289.04,931.85
2358,142,75,10,2,473.83,0.0,947.67,632.6,315.07
2359,103,24,15,7,202.09,141.47,1273.19,994.96,278.23
2360,132,113,24,5,91.61,0.0,458.06,339.18,118.88
2361,72,74,11,4,341.17,136.47,1228.21,726.51,501.7
2362,143,29,16,4,258.68,103.47,931.25,702.08,229.17
2363,42,104,22,4,105.09,0.0,420.38,306.96,113.41
2364,33,149,8,1,27.78,0.0,27.78,17.26,10.52
2365,265,82,23,5,38.31,0.0,191.54,123.13,68.4
2366,29,25,6,6,70.18,0.0,421.09,267.34,153.74
2367,208,47,6,3,75.16,22.55,202.94,166.04,36.9
2368,285,90,10,3,463.88,69.58,1322.07,792.72,529.35
2369,265,150,12,7,15.62,0.0,109.33,84.61,24.71
2370,163,140,2,5,325.92,0.0,1629.58,1129.74,499.84
2371,71,140,39,3,351.28,105.38,948.45,747.13,201.32
2372,340,125,13,1,160.76,0.0,160.76,131.04,29.72
2373,305,87,33,6,264.53,0.0,1587.16,1284.8,302.37
2374,224,98,37,5,455.07,113.77,2161.59,1687.44,474.15
2375,32,111,33,5,280.69,0.0,1403.44,928.61,474.83
2376,13,108,34,2,331.67,0.0,663.34,413.42,249.92
2377,116,96,5,2,59.71,0.0,119.41,75.98,43.43
2378,58,21,15,4,218.08,0.0,872.32,633.61,238.71
2379,315,132,30,6,208.65,125.19,1126.71,723.69,403.02
2380,76,2,24,3,84.18,25.25,227.29,151.7,75.59
2381,104,64,1,4,244.66,146.8,831.86,475.43,356.43
2382,357,66,23,7,40.02,42.02,238.14,180.55,57.59
2383,299,150,33,2,251.65,0.0,503.3,291.96,211.34
2384,80,14,34,2,314.59,0.0,629.18,403.3,225.88
2385,140,72,16,2,240.43,24.04,456.81,324.07,132.74
2386,189,54,10,7,426.09,0.0,2982.63,2068.21,914.42
2387,243,15,13,4,167.65,100.59,570.0,450.95,119.05
2388,342,34,12,7,16.91,0.0,118.36,86.15,32.21
2389,318,64,14,7,420.07,0.0,2940.51,2243.73,696.78
2390,357,138,13,3,152.65,22.9,435.04,274.92,160.13
2391,15,59,19,1,370.47,37.05,333.43,195.29,138.14
2392,87,133,2,3,368.95,55.34,1051.52,789.37,262.14
2393,206,111,12,4,15.77,3.15,59.94,35.45,24.49
2394,18,123,13,3,170.88,0.0,512.64,397.41,115.23
2395,130,129,7,1,411.69,20.58,391.1,314.69,76.42
2396,57,108,36,7,503.45,176.21,3347.94,2097.12,1250.82
2397,341,111,28,3,89.11,0.0,267.33,201.96,65.37
2398,24,24,37,5,499.99,250.0,2249.98,1503.17,746.81
2399,55,108,23,7,36.77,0.0,257.4,162.35,95.05
2400,72,8,5,4,61.17,0.0,244.69,163.07,81.63
2401,55,111,37,5,452.56,339.42,1923.4,1393.75,529.65
2402,208,99,19,1,370.98,0.0,370.98,303.01,67.97
2403,133,114,28,5,86.33,21.58,410.07,258.76,151.31
2404,334,97,16,6,260.41,0.0,1562.48,1157.18,405.3
2405,96,56,20,7,70.37,49.26,443.33,283.91,159.41
2406,197,56,20,1,59.57,0.0,59.57,36.8,22.76
2407,241,90,12,2,17.81,0.0,35.63,25.67,9.95
2408,229,71,23,1,35.35,3.53,31.81,24.03,7.78
2409,291,52,30,7,243.94,85.38,1622.2,1206.42,415.78
2410,74,74,1,2,279.33,0.0,558.67,449.45,109.22
2411,186,81,6,4,71.28,0.0,285.13,165.09,120.04
2412,293,36,34,4,355.66,0.0,1422.65,990.14,432.52
2413,316,96,23,5,37.28,18.64,167.77,105.45,62.32
2414,226,48,39,7,322.53,112.88,2144.81,1652.74,492.07
2415,238,41,25,3,477.79,143.34,1290.04,731.13,558.91
2416,316,63,27,6,154.71,139.24,789.01,471.41,317.6
2417,229,16,36,3,484.5,0.0,1453.51,1102.41,351.1
2418,347,91,27,2,135.51,13.55,257.47,166.26,91.21
2419,47,111,14,1,362.04,18.1,343.93,252.48,91.46
2420,127,144,22,3,88.2,26.46,238.15,195.19,42.96
2421,41,43,10,4,438.63,87.73,1666.78,1123.67,543.1
2422,34,81,14,6,373.23,0.0,2239.38,1553.92,685.46
2423,173,76,28,6,82.47,49.48,445.36,362.22,83.13
2424,83,110,6,4,79.02,15.8,300.29,225.68,74.61
2425,149,94,27,3,140.39,42.12,379.05,228.61,150.44
2426,160,122,24,2,86.19,0.0,172.38,132.24,40.14
2427,227,128,13,7,180.21,0.0,1261.49,869.52,391.97
2428,346,18,2,3,331.11,49.67,943.68,719.64,224.04
2429,311,54,29,6,383.57,230.14,2071.26,1473.93,597.33
2430,139,98,33,5,247.94,0.0,1239.69,757.92,481.77
2431,119,82,30,7,232.48,0.0,1627.37,1252.91,374.46
2432,282,73,17,7,248.99,174.29,1568.65,863.61,705.03
2433,46,26,27,5,136.03,102.02,578.13,456.58,121.54
2434,198,86,17,5,229.62,0.0,1148.08,885.2,262.88
2435,155,112,15,1,233.98,0.0,233.98,189.98,44.0
2436,67,6,14,1,364.06,0.0,364.06,203.73,160.33
2437,226,89,9,4,42.17,0.0,168.67,112.7,55.97
2438,118,136,39,5,326.9,0.0,1634.5,973.62,660.89
2439,68,87,27,6,139.92,0.0,839.51,546.5,293.01
2440,239,143,7,2,402.28,40.23,764.34,494.64,269.7
2441,64,53,35,4,34.83,0.0,139.31,99.1,40.21
2442,246,1,7,7,353.96,0.0,2477.7,1655.37,822.34
2443,60,103,24,1,92.07,13.81,78.26,63.44,14.81
2444,159,32,7,3,383.12,0.0,1149.35,718.34,431.01
2445,295,2,15,7,228.2,159.74,1437.65,953.26,484.4
2446,84,28,27,2,141.54,0.0,283.08,209.25,73.83
2447,281,141,40,3,104.73,31.42,282.78,176.65,106.14
2448,264,118,40,4,118.38,47.35,426.16,317.68,108.49
2449,330,42,36,5,492.62,0.0,2463.1,1826.03,637.08
2450,62,90,10,2,433.25,43.33,823.18,611.05,212.13
2451,262,51,4,6,228.29,68.49,1301.27,952.88,348.39
2452,342,27,37,2,479.35,0.0,958.69,738.88,219.81
2453,279,149,37,3,464.37,139.31,1253.79,1026.39,227.4
2454,69,123,12,5,18.02,0.0,90.11,50.9,39.2
2455,301,55,1,1,274.83,0.0,274.83,188.05,86.78
2456,40,54,26,6,100.58,90.52,512.95,394.73,118.22
2457,215,123,4,5,229.46,0.0,1147.3,631.03,516.27
2458,182,70,2,6,356.54,0.0,2139.27,1491.48,647.79
2459,194,57,38,2,161.99,0.0,323.98,235.9,88.08
2460,190,59,20,3,69.09,31.09,176.18,106.02,70.16
2461,12,68,5,7,54.83,0.0,383.79,252.62,131.17
2462,186,79,27,1,148.96,0.0,148.96,113.68,35.28
2463,342,7,15,4,237.43,47.49,902.25,512.48,389.77
2464,160,73,22,4,105.13,42.05,378.47,221.94,156.53
2465,102,66,36,4,446.67,0.0,1786.67,1377.3,409.36
2466,364,42,10,4,433.27,259.96,1473.12,1132.07,341.05
2467,37,54,26,6,97.71,0.0,586.25,415.89,170.36
2468,178,64,34,2,358.8,35.88,681.72,451.55,230.17
2469,188,55,17,7,257.82,90.24,1714.51,991.89,722.62
2470,175,137,39,7,339.06,0.0,2373.39,1825.35,548.05
2471,337,80,18,2,107.96,21.59,194.34,119.57,74.77
2472,154,76,19,7,393.12,137.59,2614.25,2082.41,531.84
2473,356,40,36,2,431.59,0.0,863.19,655.57,207.62
2474,25,138,26,1,98.88,0.0,98.88,56.55,42.34
2475,268,4,35,3,33.76,0.0,101.28,73.08,28.2
2476,217,83,32,6,339.57,203.74,1833.7,1464.34,369.36
2477,88,26,29,6,376.25,0.0,2257.49,1777.49,480.0
2478,84,116,10,5,428.83,214.42,1929.75,1380.94,548.81
2479,263,57,16,6,228.05,0.0,1368.27,816.08,552.2
2480,233,45,35,2,36.71,11.01,62.4,45.78,16.62
2481,224,9,25,7,399.62,279.73,2517.6,1837.49,680.11
2482,19,119,12,5,17.02,0.0,85.1,60.33,24.77
2483,219,60,14,1,361.45,0.0,361.45,224.73,136.72
2484,359,40,32,1,325.03,32.5,292.53,232.0,60.53
2485,7,127,8,2,25.76,0.0,51.52,35.33,16.19
2486,172,3,5,1,58.78,0.0,58.78,37.05,21.74
2487,181,71,31,2,468.51,93.7,843.31,521.93,321.38
2488,328,25,12,7,16.36,11.45,103.07,64.51,38.56
2489,104,20,31,2,503.99,100.8,907.18,611.89,295.29
2490,174,4,22,5,89.36,44.68,402.11,246.22,155.89
2491,262,29,40,7,118.94,41.63,790.98,545.54,245.44
2492,23,143,21,2,247.88,49.58,446.18,268.53,177.65
2493,293,67,35,5,37.5,0.0,187.5,116.84,70.66
2494,301,150,35,4,31.18,12.47,112.26,65.37,46.89
2495,263,41,9,2,40.83,4.08,77.57,50.15,27.42
2496,237,115,40,7,115.69,40.49,769.34,507.47,261.87
2497,273,14,30,5,234.61,175.96,997.11,657.1,340.01
2498,286,17,5,4,59.98,0.0,239.93,178.92,61.01
2499,330,3,1,6,247.72,74.32,1412.03,960.89,451.13
2500,157,135,11,7,350.42,0.0,2452.93,1808.08,644.85
2501,167,101,1,6,288.09,0.0,1728.55,966.17,762.38
2502,233,112,15,7,234.45,0.0,1641.14,1096.09,545.06
2503,71,140,40,3,112.89,50.8,287.87,165.31,122.56
2504,313,50,20,3,65.71,0.0,197.13,133.02,64.11
2505,282,109,1,2,282.73,28.27,537.19,384.68,152.51
2506,231,76,20,5,68.59,17.15,325.81,249.28,76.53
2507,111,82,9,6,43.5,26.1,234.91,164.1,70.81
2508,127,100,35,5,36.99,18.49,166.44,108.6,57.84
2509,159,71,4,5,213.85,0.0,1069.26,664.44,404.82
2510,242,4,31,6,486.82,0.0,2920.92,2361.59,559.33
2511,284,12,18,2,112.66,11.27,214.05,129.19,84.86
2512,246,76,1,3,248.04,0.0,744.11,417.78,326.33
2513,340,86,27,5,159.66,0.0,798.3,466.2,332.1
2514,351,110,19,1,372.3,0.0,372.3,305.04,67.26
2515,258,86,31,7,430.88,0.0,3016.16,2396.8,619.36
2516,136,29,25,2,452.07,135.62,768.52,489.14,279.38
2517,219,56,32,6,322.57,193.54,1741.88,959.84,782.03
2518,156,67,19,5,333.44,83.36,1583.85,1199.2,384.64
2519,230,148,1,6,274.28,0.0,1645.68,1038.66,607.02
2520,297,80,6,6,79.67,71.7,406.32,225.9,180.41
2521,135,96,19,4,366.14,73.23,1391.32,936.75,454.57
2522,185,111,16,6,218.4,196.56,1113.86,740.18,373.68
2523,17,55,32,3,342.38,0.0,1027.15,665.26,361.89
2524,269,145,17,5,214.08,0.0,1070.4,777.55,292.85
2525,179,102,35,7,37.56,13.15,249.76,186.33,63.43
2526,168,128,8,1,25.71,2.57,23.14,16.22,6.92
2527,195,113,16,3,260.35,0.0,781.05,432.53,348.52
2528,79,94,31,1,426.54,0.0,426.54,237.18,189.36
2529,219,5,5,4,51.88,10.38,197.15,155.37,41.78
2530,272,88,13,6,164.72,148.25,840.09,504.34,335.75
2531,128,20,31,1,497.11,49.71,447.4,294.15,153.24
2532,48,91,24,4,91.95,36.78,331.02,191.31,139.71
2533,142,106,32,3,338.62,50.79,965.07,590.54,374.53
2534,73,82,21,6,253.47,152.08,1368.75,932.18,436.57
2535,137,47,35,2,31.45,0.0,62.91,38.6,24.31
2536,229,9,36,2,484.04,0.0,968.08,704.72,263.36
2537,42,101,39,1,312.05,15.6,296.45,192.45,104.0
2538,273,105,5,3,61.05,9.16,173.98,132.73,41.25
2539,82,72,24,4,84.14,0.0,336.55,239.8,96.75
2540,327,108,5,7,59.42,0.0,415.97,257.31,158.66
2541,268,117,10,4,485.35,194.14,1747.27,1342.36,404.91
2542,100,77,13,2,152.98,30.6,275.36,220.74,54.61
2543,206,8,26,5,99.24,0.0,496.22,289.0,207.21
2544,41,131,18,1,121.94,12.19,109.74,80.2,29.54
2545,37,71,35,3,34.08,0.0,102.25,73.65,28.6
2546,349,101,12,5,17.27,0.0,86.33,63.09,23.24
2547,293,137,25,2,469.21,0.0,938.42,524.03,414.39
2548,57,55,31,5,447.38,0.0,2236.92,1247.29,989.63
2549,104,94,40,4,121.84,0.0,487.36,306.84,180.52
2550,73,3,10,7,444.41,155.54,2955.31,1689.44,1265.87
2551,145,133,30,3,235.34,70.6,635.42,412.29,223.13
2552,107,9,4,7,210.09,0.0,1470.65,1155.27,315.37
2553,120,82,22,5,97.96,48.98,440.81,284.63,156.18
2554,194,53,17,6,216.11,194.5,1102.15,723.08,379.06
2555,70,6,39,2,291.92,0.0,583.85,363.29,220.56
2556,323,70,31,1,464.6,0.0,464.6,308.42,156.18
2557,266,141,38,6,144.01,0.0,864.07,661.3,202.77
2558,278,26,35,4,35.41,7.08,134.55,104.19,30.36
2559,62,44,17,3,215.57,0.0,646.7,429.21,217.49
2560,259,29,30,7,215.69,75.49,1434.31,942.56,491.75
2561,306,19,2,3,332.85,49.93,948.63,571.71,376.92
2562,64,35,23,4,37.12,7.42,141.06,114.74,26.32
2563,275,86,2,6,335.48,0.0,2012.9,1276.12,736.79
2564,131,118,29,7,344.8,0.0,2413.6,1550.77,862.83
2565,288,104,39,7,325.96,0.0,2281.74,1519.78,761.96
2566,175,116,28,5,85.97,42.99,386.88,221.19,165.7
2567,293,108,34,1,345.82,17.29,328.53,209.83,118.7
2568,54,58,10,1,433.44,21.67,411.77,329.93,81.84
2569,143,136,40,5,120.93,30.23,574.44,327.49,246.95
2570,100,26,23,4,38.41,0.0,153.63,94.47,59.16
2571,91,105,27,1,153.45,0.0,153.45,93.42,60.03
2572,113,17,31,5,445.52,0.0,2227.59,1366.56,861.03
2573,140,115,26,7,95.25,0.0,666.78,538.59,128.19
2574,47,14,13,1,165.5,0.0,165.5,122.69,42.81
2575,259,33,25,6,413.73,0.0,2482.4,1981.8,500.59
2576,201,59,27,3,155.65,46.7,420.26,328.46,91.8
2577,303,105,35,3,33.28,0.0,99.84,71.76,28.09
2578,258,7,20,6,60.44,0.0,362.62,254.25,108.37
2579,55,39,21,2,242.83,0.0,485.66,333.87,151.79
2580,26,51,21,2,241.56,0.0,483.11,355.66,127.46
2581,155,110,5,7,55.75,0.0,390.24,288.58,101.66
2582,176,145,4,3,195.95,0.0,587.85,418.46,169.39
2583,88,93,1,2,270.83,0.0,541.66,363.57,178.09
2584,286,77,27,5,143.96,107.97,611.82,448.07,163.75
2585,213,51,17,2,240.01,0.0,480.02,284.32,195.7
2586,274,124,35,6,37.62,0.0,225.72,157.76,67.96
2587,40,17,29,1,399.18,0.0,399.18,275.52,123.66
2588,298,20,6,4,77.3,0.0,309.19,214.69,94.5
2589,76,31,5,3,55.5,8.33,158.19,108.82,49.37
2590,164,41,15,7,226.17,0.0,1583.17,1191.45,391.72
2591,161,70,37,4,519.39,207.76,1869.82,1410.82,459.0
2592,300,142,2,7,352.64,246.85,2221.62,1419.59,802.03
2593,102,98,8,2,24.8,2.48,47.12,30.38,16.74
2594,88,58,2,4,372.18,0.0,1488.73,825.43,663.3
2595,124,32,17,6,214.26,0.0,1285.58,746.4,539.19
2596,132,98,40,2,118.91,0.0,237.81,147.64,90.17
2597,67,38,28,7,75.17,52.62,473.57,358.37,115.2
2598,65,147,20,6,59.85,0.0,359.08,274.85,84.23
2599,85,72,6,5,80.42,20.11,382.01,235.69,146.32
2600,171,83,15,2,225.78,0.0,451.56,354.4,97.16
2601,126,136,21,6,264.25,0.0,1585.49,1032.85,552.64
2602,144,46,11,6,379.29,0.0,2275.75,1742.03,533.72
2603,263,71,29,3,397.86,0.0,1193.59,806.93,386.66
2604,88,80,40,5,111.97,27.99,531.85,394.85,137.0
2605,333,41,9,1,44.37,2.22,42.16,27.24,14.91
2606,275,9,11,3,346.29,0.0,1038.86,591.18,447.68
2607,64,43,6,2,71.13,0.0,142.26,88.0,54.26
2608,115,17,30,4,247.03,98.81,889.31,656.5,232.81
2609,67,102,19,4,358.71,0.0,1434.85,1144.8,290.06
2610,100,2,12,4,18.32,3.66,69.61,50.1,19.52
2611,134,48,9,5,36.82,0.0,184.12,139.5,44.63
2612,48,133,3,7,250.1,87.54,1663.19,921.1,742.09
2613,6,86,20,2,58.99,5.9,112.07,84.64,27.43
2614,161,101,28,2,83.65,0.0,167.3,129.75,37.54
2615,256,101,10,2,483.87,0.0,967.74,640.08,327.66
2616,111,45,1,7,263.33,0.0,1843.29,1259.61,583.68
2617,315,95,19,1,335.01,0.0,335.01,188.99,146.02
2618,135,34,28,1,79.9,4.0,75.91,45.33,30.58
2619,329,96,14,2,373.5,0.0,747.01,422.24,324.76
2620,87,103,11,6,366.67,0.0,2200.0,1644.43,555.57
2621,197,132,7,5,395.41,197.71,1779.35,1362.92,416.43
2622,279,138,30,7,212.7,148.89,1340.0,776.32,563.69
2623,22,4,35,2,34.05,0.0,68.11,54.41,13.7
2624,340,45,31,3,486.14,72.92,1385.49,1076.07,309.42
2625,134,83,21,4,248.43,0.0,993.71,701.16,292.55
2626,182,49,29,1,364.83,18.24,346.59,282.17,64.42
2627,230,93,16,7,247.88,0.0,1735.15,1367.76,367.39
2628,235,129,1,6,263.34,158.0,1422.03,867.6,554.43
2629,9,39,15,2,197.13,0.0,394.25,318.39,75.86
2630,317,135,29,6,351.12,0.0,2106.7,1410.64,696.06
2631,228,133,26,4,105.98,42.39,381.52,225.79,155.73
2632,365,138,40,3,107.25,0.0,321.75,194.34,127.4
2633,173,12,40,7,120.1,0.0,840.73,617.71,223.02
2634,224,44,10,4,450.75,0.0,1803.0,1472.4,330.6
2635,161,19,1,2,267.1,26.71,507.49,340.13,167.36
2636,325,19,11,6,375.72,0.0,2254.34,1588.74,665.6
2637,304,8,36,6,464.96,139.49,2650.26,1672.49,977.77
2638,332,66,33,2,258.46,0.0,516.92,402.3,114.61
2639,185,14,4,5,200.39,50.1,951.84,553.11,398.74
2640,289,45,7,5,396.93,198.46,1786.17,1263.19,522.98
2641,131,148,23,2,37.34,0.0,74.69,52.9,21.79
2642,169,133,27,4,159.29,31.86,605.31,333.11,272.2
2643,278,141,40,6,111.97,0.0,671.84,540.13,131.71
2644,30,6,31,2,464.61,0.0,929.22,755.52,173.7
2645,260,100,9,6,38.74,23.25,209.22,141.48,67.74
2646,6,96,2,6,332.13,199.28,1793.52,1337.83,455.69
2647,212,20,26,7,107.07,74.95,674.53,525.56,148.97
2648,175,136,23,3,34.53,10.36,93.22,54.21,39.01
2649,172,61,37,2,517.38,0.0,1034.76,592.76,442.0
2650,181,147,24,7,76.48,26.77,508.6,374.38,134.21
2651,180,18,21,4,262.18,0.0,1048.71,735.21,313.5
2652,149,98,13,4,151.65,90.99,515.6,378.16,137.44
2653,165,20,4,4,229.74,45.95,873.02,614.99,258.03
2654,208,143,36,4,448.6,0.0,1794.4,1338.85,455.55
2655,279,92,34,5,337.86,168.93,1520.38,899.8,620.58
2656,202,12,7,3,415.69,62.35,1184.73,720.57,464.16
2657,235,33,29,3,382.84,114.85,1033.66,634.66,399.0
2658,306,54,15,3,203.54,61.06,549.56,364.06,185.5
2659,362,2,18,5,119.74,59.87,538.84,406.87,131.97
2660,40,2,34,6,329.56,0.0,1977.38,1531.43,445.94
2661,261,139,34,4,301.0,0.0,1203.99,792.65,411.34
2662,83,148,8,5,26.89,13.45,121.01,86.22,34.78
2663,72,81,13,3,176.74,0.0,530.21,333.87,196.34
2664,290,136,33,6,268.9,0.0,1613.42,1094.64,518.78
2665,26,99,37,3,503.62,226.63,1284.23,1032.58,251.65
2666,310,5,4,3,226.52,67.96,611.6,380.85,230.75
2667,282,108,34,1,330.59,49.59,281.0,214.33,66.67
2668,364,3,20,2,62.66,0.0,125.32,70.36,54.97
2669,244,123,24,6,88.3,0.0,529.8,340.78,189.03
2670,319,56,4,1,211.87,21.19,190.68,138.79,51.89
2671,44,22,28,2,76.57,0.0,153.13,116.31,36.83
2672,325,39,28,6,79.04,0.0,474.23,336.65,137.58
2673,59,103,27,7,161.31,0.0,1129.2,886.08,243.13
2674,115,128,32,3,322.59,96.78,870.99,672.07,198.92
2675,47,86,38,3,141.03,0.0,423.1,303.25,119.85
2676,147,25,34,4,309.02,0.0,1236.07,796.02,440.05
2677,274,136,30,6,210.49,0.0,1262.93,818.63,444.3
2678,98,119,40,4,123.7,0.0,494.78,354.3,140.48
2679,301,62,27,2,151.11,15.11,287.11,208.81,78.3
2680,222,84,27,4,156.9,31.38,596.22,391.44,204.78
2681,230,145,22,2,102.75,10.27,195.22,128.32,66.9
2682,343,57,31,5,458.7,0.0,2293.51,1370.9,922.61
2683,158,4,3,1,287.41,0.0,287.41,158.1,129.31
2684,126,22,21,5,285.11,0.0,1425.54,961.67,463.87
2685,364,91,18,1,118.5,11.85,106.65,82.58,24.07
2686,204,150,37,7,499.15,0.0,3494.03,2644.86,849.17
2687,225,111,3,5,267.53,0.0,1337.63,1094.66,242.96
2688,109,93,26,1,107.29,0.0,107.29,78.4,28.89
2689,79,49,8,7,24.74,25.98,147.23,90.28,56.96
2690,62,66,36,5,499.84,249.92,2249.3,1648.47,600.82
2691,82,6,35,5,33.65,0.0,168.26,130.18,38.08
2692,72,56,10,1,459.74,22.99,436.75,315.8,120.95
2693,273,94,35,2,37.33,0.0,74.65,50.77,23.88
2694,22,136,20,6,66.32,39.79,358.14,256.79,101.35
2695,230,139,39,4,289.39,173.63,983.92,548.01,435.91
2696,347,124,30,5,241.33,60.33,1146.31,712.53,433.79
2697,280,4,2,7,383.7,268.59,2417.3,1432.46,984.83
2698,148,122,9,3,41.51,0.0,124.54,82.4,42.14
2699,22,33,17,3,254.69,0.0,764.06,604.46,159.6
2700,305,93,9,6,42.99,12.9,245.07,147.22,97.84
2701,2,142,6,1,81.64,4.08,77.55,44.14,33.41
2702,249,134,40,4,109.41,0.0,437.63,332.5,105.13
2703,245,100,35,6,34.43,0.0,206.56,162.02,44.55
2704,71,45,18,2,120.9,0.0,241.81,167.69,74.12
2705,271,79,9,3,43.68,0.0,131.04,85.4,45.65
2706,65,106,8,4,25.06,10.02,90.21,60.1,30.11
2707,83,78,37,1,448.37,0.0,448.37,326.38,121.99
2708,297,61,14,1,373.41,37.34,336.07,260.26,75.8
2709,358,61,1,2,283.07,0.0,566.15,340.34,225.81
2710,97,90,16,7,260.54,91.19,1732.61,1375.02,357.59
2711,337,6,19,2,370.73,74.15,667.31,485.47,181.85
2712,334,150,25,6,402.86,241.71,2175.42,1630.13,545.29
2713,281,16,14,3,370.09,111.03,999.24,573.03,426.21
2714,52,148,37,6,513.06,0.0,3078.37,2456.4,621.98
2715,110,6,26,3,97.37,0.0,292.11,202.32,89.79
2716,248,77,40,7,103.96,36.39,691.32,447.82,243.5
2717,365,63,15,3,208.92,62.68,564.1,371.01,193.08
2718,298,87,27,6,159.21,95.53,859.74,540.88,318.86
2719,154,66,15,6,217.25,65.18,1238.34,735.58,502.76
2720,86,135,28,4,76.59,0.0,306.37,171.37,135.0
2721,351,3,30,5,222.38,0.0,1111.92,690.94,420.99
2722,101,148,13,1,181.43,18.14,163.29,111.7,51.59
2723,125,104,38,4,146.9,29.38,558.22,407.52,150.71
2724,353,117,35,3,34.2,10.26,92.35,69.07,23.27
2725,206,21,36,7,443.04,155.06,2946.2,2094.2,852.0
2726,97,10,9,7,38.79,27.15,244.38,142.07,102.31
2727,2,60,29,6,395.14,237.08,2133.73,1422.17,711.56
2728,157,49,5,7,59.66,0.0,417.61,304.94,112.67
2729,360,118,5,7,55.7,38.99,350.91,263.41,87.5
2730,158,135,39,6,344.9,0.0,2069.37,1319.47,749.91
2731,256,65,7,5,374.54,0.0,1872.72,1499.45,373.27
2732,93,116,35,2,37.13,7.43,66.83,51.11,15.72
2733,284,9,18,6,102.45,0.0,614.67,479.42,135.25
2734,284,112,13,2,161.26,0.0,322.52,235.43,87.09
2735,223,15,3,2,290.46,29.05,551.87,365.18,186.69
2736,282,101,28,7,88.56,92.98,526.91,422.7,104.21
2737,212,58,29,1,390.8,0.0,390.8,310.06,80.74
2738,139,63,19,1,377.27,18.86,358.41,277.3,81.11
2739,270,42,33,4,289.93,0.0,1159.73,916.89,242.84
2740,305,61,13,5,173.25,0.0,866.23,690.81,175.42
2741,307,132,23,1,35.72,1.79,33.94,25.5,8.43
2742,78,122,12,3,16.93,2.54,48.25,29.14,19.1
2743,247,52,24,2,87.19,17.44,156.94,109.14,47.8
2744,2,45,6,3,77.47,11.62,220.79,158.16,62.63
2745,209,77,20,2,69.96,20.99,118.93,90.25,28.69
2746,209,103,22,5,96.92,48.46,436.14,298.18,137.95
2747,133,28,23,4,35.15,0.0,140.6,96.8,43.8
2748,363,109,18,7,106.58,74.61,671.47,549.8,121.67
2749,323,143,26,1,107.38,5.37,102.01,68.56,33.45
2750,15,127,21,6,235.37,0.0,1412.22,826.29,585.93
2751,77,83,12,7,18.3,6.41,121.7,90.26,31.45
2752,76,48,9,4,36.78,14.71,132.41,85.79,46.62
2753,328,49,26,5,98.26,0.0,491.28,303.17,188.11
2754,190,112,38,4,157.87,0.0,631.48,454.46,177.01
2755,267,69,31,5,463.93,0.0,2319.65,1873.53,446.12
2756,296,16,26,7,106.91,0.0,748.34,474.79,273.55
2757,281,102,37,4,440.59,176.24,1586.12,1031.79,554.33
2758,33,21,36,5,477.17,0.0,2385.85,1612.07,773.77
2759,52,149,21,7,265.32,185.73,1671.53,1229.84,441.69
2760,145,63,5,4,60.84,24.34,219.02,143.88,75.15
2761,124,52,26,2,92.27,0.0,184.54,122.68,61.86
2762,273,9,25,5,422.53,0.0,2112.67,1561.78,550.89
2763,58,26,12,5,17.59,0.0,87.93,71.75,16.18
2764,136,143,34,2,365.47,0.0,730.95,464.49,266.46
2765,87,81,35,6,37.02,0.0,222.1,157.26,64.84
2766,69,136,14,1,411.9,0.0,411.9,314.9,97.01
2767,64,144,20,3,65.18,19.55,175.99,106.87,69.12
2768,72,8,8,6,27.31,8.19,155.66,120.01,35.65
2769,206,58,8,5,28.9,0.0,144.48,93.31,51.17
2770,150,126,11,5,382.79,0.0,1913.94,1110.04,803.9
2771,159,75,15,5,230.69,115.34,1038.09,577.93,460.16
2772,175,77,11,2,379.15,0.0,758.3,423.84,334.46
2773,271,86,7,7,412.87,144.5,2745.58,2101.37,644.21
2774,315,106,18,3,104.3,0.0,312.91,229.12,83.79
2775,193,141,25,6,418.52,251.11,2260.01,1727.19,532.81
2776,235,134,14,7,421.89,0.0,2953.23,2224.66,728.57
2777,270,94,22,2,98.3,0.0,196.6,128.35,68.25
2778,252,87,11,5,333.37,83.34,1583.53,1269.86,313.67
2779,50,55,29,1,371.97,0.0,371.97,292.75,79.21
2780,359,18,26,5,103.36,25.84,490.96,316.2,174.75
2781,61,107,39,4,340.71,0.0,1362.85,1033.98,328.86
2782,151,1,3,1,288.13,0.0,288.13,222.24,65.89
2783,239,105,35,5,31.49,0.0,157.43,107.35,50.08
2784,148,75,14,7,381.63,133.57,2537.83,1478.32,1059.51
2785,89,118,3,1,245.2,24.52,220.68,141.28,79.4
2786,338,143,28,7,88.34,0.0,618.38,505.2,113.18
2787,27,83,7,6,358.71,215.22,1937.02,1439.79,497.23
2788,90,86,8,4,27.64,11.05,99.49,75.53,23.96
2789,363,74,40,7,114.52,0.0,801.67,638.3,163.36
2790,267,56,9,3,41.38,0.0,124.14,75.08,49.07
2791,32,14,22,6,98.66,0.0,591.99,480.38,111.61
2792,276,5,9,5,42.11,0.0,210.54,145.25,65.29
2793,354,109,5,5,57.85,28.93,260.33,195.53,64.81
2794,36,138,1,6,246.55,0.0,1479.3,940.71,538.59
2795,152,9,1,7,261.4,0.0,1829.79,1169.13,660.67
2796,171,50,19,6,368.28,110.48,2099.17,1358.35,740.81
2797,48,92,18,5,109.08,0.0,545.42,351.24,194.18
2798,74,106,2,7,371.78,260.24,2342.19,1327.73,1014.46
2799,64,111,14,4,371.18,74.24,1410.48,893.66,516.82
2800,68,105,11,5,379.87,0.0,1899.35,1376.63,522.71
2801,148,13,23,2,34.91,0.0,69.83,55.41,14.42
2802,170,39,40,3,119.01,0.0,357.04,200.39,156.65
2803,87,71,28,7,76.79,80.63,456.88,253.33,203.54
2804,106,10,37,4,481.55,0.0,1926.21,1367.51,558.7
2805,71,52,8,4,25.99,10.4,93.58,69.15,24.43
2806,291,58,9,6,41.48,37.33,211.53,151.08,60.45
2807,78,147,31,3,445.51,0.0,1336.52,1086.22,250.3
2808,332,48,13,2,176.17,17.62,334.72,204.78,129.94
2809,197,146,34,1,338.37,16.92,321.45,218.57,102.89
2810,293,106,19,2,398.24,0.0,796.49,635.04,161.45
2811,233,104,9,4,42.08,25.25,143.06,102.54,40.53
2812,98,123,34,6,340.63,0.0,2043.77,1442.54,601.23
2813,220,127,23,3,40.04,12.01,108.11,86.69,21.42
2814,101,34,33,4,257.43,51.49,978.25,627.55,350.7
2815,44,64,19,2,374.56,0.0,749.12,443.81,305.31
2816,93,80,6,6,74.47,0.0,446.79,261.33,185.47
2817,101,147,28,4,85.97,0.0,343.89,265.45,78.44
2818,50,7,5,2,51.06,0.0,102.12,79.8,22.33
2819,9,72,27,5,147.84,36.96,702.24,430.58,271.66
2820,345,33,17,3,244.72,0.0,734.17,494.4,239.77
2821,188,32,32,7,334.54,351.27,1990.53,1409.12,581.41
2822,147,115,35,2,32.79,0.0,65.59,38.53,27.05
2823,340,31,17,7,235.82,0.0,1650.77,1286.24,364.52
2824,83,120,36,5,509.37,0.0,2546.85,1688.81,858.04
2825,148,150,5,1,53.12,0.0,53.12,41.6,11.52
2826,310,117,5,6,54.93,16.48,313.1,236.46,76.64
2827,231,26,40,6,124.0,0.0,744.02,468.46,275.56
2828,146,22,23,4,40.67,8.13,154.55,114.9,39.65
2829,94,66,19,2,330.87,33.09,628.65,471.48,157.17
2830,13,83,7,4,386.06,0.0,1544.25,979.12,565.13
2831,32,117,12,5,15.56,0.0,77.81,48.13,29.68
2832,60,64,28,1,88.93,0.0,88.93,68.68,20.25
2833,288,26,33,3,269.54,0.0,808.61,592.74,215.86
2834,234,149,37,5,471.06,235.53,2119.76,1589.15,530.61
2835,159,136,17,4,226.73,0.0,906.93,575.47,331.46
2836,286,99,19,7,369.9,0.0,2589.28,1928.99,660.29
2837,59,105,7,2,356.49,0.0,712.98,529.64,183.33
2838,77,141,4,6,230.58,0.0,1383.51,885.42,498.08
2839,144,72,18,3,112.84,33.85,304.66,189.81,114.85
2840,335,22,24,2,85.6,17.12,154.07,102.69,51.39
2841,225,91,5,7,60.27,42.19,379.73,284.63,95.1
2842,311,68,17,5,222.56,0.0,1112.81,670.21,442.6
2843,91,120,26,4,93.91,0.0,375.63,295.26,80.37
2844,310,116,33,3,268.4,0.0,805.21,498.37,306.85
2845,27,71,38,7,157.45,110.22,991.94,770.44,221.5
2846,84,56,14,1,351.2,0.0,351.2,207.93,143.27
2847,191,64,16,1,256.67,0.0,256.67,192.42,64.26
2848,19,95,35,2,34.61,3.46,65.76,46.14,19.62
2849,314,96,28,5,82.99,41.49,373.45,272.09,101.36
2850,317,77,11,1,361.03,0.0,361.03,293.52,67.51
2851,198,80,28,6,74.7,0.0,448.2,252.87,195.33
2852,112,149,7,2,364.53,72.91,656.15,387.3,268.85
2853,37,39,18,5,118.81,0.0,594.03,339.4,254.63
2854,226,27,13,6,163.42,147.08,833.45,575.33,258.12
2855,197,120,40,7,114.3,0.0,800.07,613.46,186.61
2856,278,141,2,3,384.82,115.45,1039.01,586.83,452.17
2857,220,92,35,1,31.47,3.15,28.32,21.54,6.78
2858,47,61,12,6,16.87,0.0,101.23,67.51,33.72
2859,45,53,2,4,343.57,137.43,1236.86,994.66,242.19
2860,286,71,27,7,138.2,0.0,967.41,632.04,335.37
2861,59,8,28,2,89.37,0.0,178.73,145.82,32.92
2862,343,80,6,5,83.16,0.0,415.8,291.17,124.63
2863,39,41,2,1,340.05,17.0,323.05,264.03,59.02
2864,266,40,5,4,61.47,0.0,245.88,177.18,68.7
2865,356,85,17,1,215.44,0.0,215.44,138.64,76.8
2866,162,145,6,6,83.46,75.11,425.63,326.42,99.21
2867,21,31,29,5,396.72,198.36,1785.22,1216.59,568.63
2868,320,137,4,1,205.14,0.0,205.14,129.93,75.21
2869,69,78,32,4,343.91,0.0,1375.64,934.27,441.37
2870,193,146,35,3,36.67,0.0,110.01,86.41,23.61
2871,360,58,29,5,358.3,0.0,1791.52,1339.56,451.96
2872,272,150,38,4,144.57,57.83,520.46,310.67,209.79
2873,17,99,38,4,152.77,91.66,519.42,403.29,116.13
2874,300,101,2,6,328.43,0.0,1970.61,1313.38,657.23
2875,59,85,14,4,355.8,0.0,1423.18,814.59,608.59
2876,274,68,31,6,449.01,0.0,2694.07,1588.79,1105.28
2877,227,79,14,7,403.8,0.0,2826.58,1605.11,1221.46
2878,106,128,30,6,224.88,0.0,1349.27,988.58,360.69
2879,155,119,31,7,473.36,0.0,3313.51,2052.86,1260.65
2880,44,4,40,5,106.05,0.0,530.25,305.43,224.82
2881,361,105,14,4,361.64,0.0,1446.57,938.44,508.14
2882,87,126,14,4,396.8,158.72,1428.48,1120.05,308.44
2883,113,112,1,2,247.52,49.5,445.54,320.68,124.86
2884,184,75,12,6,17.62,0.0,105.69,72.01,33.69
2885,246,51,12,5,16.7,0.0,83.52,62.47,21.05
2886,185,101,19,7,377.37,264.16,2377.45,1356.32,1021.14
2887,185,100,17,5,231.9,0.0,1159.5,914.09,245.41
2888,213,57,35,4,37.0,14.8,133.21,79.66,53.55
2889,314,61,31,3,430.65,0.0,1291.95,718.03,573.92
2890,145,56,30,7,249.22,174.45,1570.06,1017.15,552.92
2891,304,7,1,6,256.13,0.0,1536.78,869.48,667.3
2892,288,5,19,7,331.49,232.04,2088.4,1242.83,845.57
2893,351,13,30,5,233.93,0.0,1169.63,876.67,292.96
2894,334,64,10,4,428.74,171.49,1543.45,1017.57,525.89
2895,292,77,17,1,235.58,11.78,223.8,123.51,100.29
2896,91,62,30,1,245.01,0.0,245.01,177.34,67.67
2897,283,144,32,5,356.86,178.43,1605.87,1189.82,416.05
2898,269,34,35,2,35.3,0.0,70.6,56.02,14.58
2899,106,59,18,1,123.84,0.0,123.84,73.28,50.56
2900,248,38,16,6,240.61,0.0,1443.66,1128.13,315.53
2901,93,45,16,5,220.04,110.02,990.18,734.07,256.11
2902,191,88,27,1,159.59,15.96,143.63,100.86,42.78
2903,291,47,17,4,224.28,0.0,897.11,556.82,340.29
2904,69,48,17,4,222.14,88.86,799.7,538.69,261.01
2905,123,101,7,1,350.73,35.07,315.66,190.51,125.15
2906,291,125,20,5,62.72,15.68,297.93,221.59,76.34
2907,166,32,10,3,437.98,0.0,1313.93,972.27,341.66
2908,351,17,21,7,250.72,0.0,1755.05,1056.03,699.01
2909,3,36,36,1,484.94,0.0,484.94,299.8,185.15
2910,264,87,32,6,354.16,0.0,2124.97,1685.74,439.23
2911,298,144,20,1,70.65,0.0,70.65,47.85,22.79
2912,336,25,40,6,103.76,62.26,560.31,391.54,168.76
2913,58,7,40,6,105.03,31.51,598.69,484.23,114.45
2914,360,80,18,3,115.07,17.26,327.94,198.7,129.24
2915,144,149,31,2,434.67,0.0,869.35,625.34,244.0
2916,129,83,14,1,375.25,0.0,375.25,284.81,90.44
2917,130,139,36,3,487.93,146.38,1317.41,838.2,479.21
2918,233,97,15,5,229.74,0.0,1148.71,727.57,421.14
2919,241,5,11,6,336.31,201.78,1816.06,1438.57,377.48
2920,173,65,6,2,78.69,0.0,157.38,90.79,66.6
2921,26,116,34,1,343.19,0.0,343.19,203.34,139.86
2922,361,77,12,4,18.27,3.65,69.42,45.89,23.54
2923,82,30,33,5,262.56,65.64,1247.18,954.8,292.38
2924,35,28,4,7,228.46,0.0,1599.21,1076.02,523.18
2925,219,100,21,6,274.17,82.25,1562.78,973.69,589.09
2926,151,70,18,4,107.14,0.0,428.56,284.34,144.22
2927,225,87,18,5,115.77,0.0,578.87,388.0,190.87
2928,320,56,7,5,397.18,0.0,1985.88,1482.06,503.83
2929,36,51,3,4,258.97,51.79,984.07,772.06,212.01
2930,104,100,14,5,381.5,95.37,1812.11,1153.84,658.27
2931,189,2,19,2,360.19,0.0,720.38,534.02,186.36
2932,288,66,32,6,355.64,213.39,1920.47,1419.95,500.52
2933,220,56,19,7,328.44,229.91,2069.16,1566.51,502.65
2934,140,117,10,4,453.85,0.0,1815.38,1280.43,534.96
2935,223,110,11,4,333.94,0.0,1335.74,739.96,595.78
2936,358,64,25,4,449.45,0.0,1797.8,1307.15,490.65
2937,176,40,18,6,117.11,0.0,702.68,502.64,200.04
2938,323,36,37,2,478.98,143.69,814.26,582.29,231.97
2939,285,32,18,3,113.99,34.2,307.76,192.64,115.12
2940,110,42,23,5,36.18,0.0,180.89,104.27,76.62
2941,92,115,3,5,261.08,0.0,1305.38,784.69,520.68
2942,282,7,8,3,28.28,0.0,84.85,51.62,33.23
2943,76,4,35,1,32.06,0.0,32.06,19.13,12.92
2944,123,81,14,4,406.13,0.0,1624.51,1000.74,623.77
2945,86,34,17,5,244.88,0.0,1224.41,696.13,528.27
2946,222,125,24,6,90.97,0.0,545.81,339.89,205.93
2947,108,113,3,1,258.19,0.0,258.19,211.57,46.62
2948,241,116,21,1,261.34,0.0,261.34,179.82,81.52
2949,342,69,14,3,349.69,0.0,1049.08,674.55,374.53
2950,303,66,6,4,82.42,0.0,329.66,245.44,84.22
2951,347,64,17,1,245.85,0.0,245.85,166.38,79.47
2952,9,30,18,2,115.81,0.0,231.63,129.24,102.39
2953,167,86,8,3,28.22,0.0,84.65,59.07,25.58
2954,81,130,22,2,93.23,27.97,158.48,100.18,58.31
2955,336,39,30,5,235.84,0.0,1179.21,830.42,348.79
2956,260,9,11,1,377.89,18.89,359.0,214.24,144.76
2957,117,85,39,7,293.52,0.0,2054.67,1397.77,656.9
2958,206,60,25,2,476.69,0.0,953.39,574.21,379.18
2959,221,120,31,4,509.71,0.0,2038.84,1285.85,752.98
2960,181,129,3,7,296.31,207.42,1866.78,1373.08,493.7
2961,174,143,31,5,501.81,376.36,2132.7,1304.07,828.63
2962,21,59,14,7,369.36,0.0,2585.54,1713.25,872.29
2963,166,136,29,1,377.8,0.0,377.8,215.25,162.55
2964,128,18,33,6,252.01,151.2,1360.83,1000.94,359.89
2965,299,56,11,1,374.56,0.0,374.56,260.51,114.05
2966,316,40,11,5,331.75,0.0,1658.74,1276.77,381.97
2967,274,139,3,3,291.1,87.33,785.96,545.83,240.13
2968,12,91,25,6,413.97,0.0,2483.83,2032.86,450.97
2969,308,55,31,1,440.56,22.03,418.53,257.44,161.09
2970,145,23,17,7,217.13,0.0,1519.94,1140.51,379.42
2971,152,118,7,4,399.96,0.0,1599.82,1066.65,533.18
2972,345,99,13,4,155.9,93.54,530.07,345.34,184.72
2973,317,128,17,4,223.16,0.0,892.62,667.25,225.38
2974,19,66,37,1,447.23,0.0,447.23,361.37,85.87
2975,132,23,5,3,54.24,0.0,162.71,122.68,40.03
2976,274,51,14,5,419.2,0.0,2096.01,1339.63,756.38
2977,197,94,26,7,100.16,0.0,701.14,482.15,218.99
2978,95,37,10,7,432.05,0.0,3024.36,1840.71,1183.65
2979,192,11,36,4,444.69,0.0,1778.75,1276.19,502.56
2980,317,124,37,2,432.79,0.0,865.58,570.16,295.42
2981,82,80,16,4,235.82,94.33,848.96,519.22,329.74
2982,273,60,30,4,213.02,0.0,852.1,473.51,378.59
2983,269,83,31,3,427.95,128.39,1155.47,924.18,231.28
2984,324,111,28,3,75.47,0.0,226.4,129.34,97.06
2985,109,1,8,7,25.98,0.0,181.88,116.21,65.68
2986,79,67,2,3,371.11,111.33,1001.99,602.62,399.37
2987,200,39,14,1,351.85,35.18,316.66,216.41,100.25
2988,194,14,6,6,78.85,0.0,473.13,285.12,188.0
2989,150,6,12,5,17.45,0.0,87.27,65.35,21.92
2990,285,67,26,3,108.1,32.43,291.88,178.25,113.63
2991,292,82,24,5,79.13,0.0,395.67,237.43,158.24
2992,90,77,9,7,42.74,0.0,299.21,182.08,117.12
2993,291,118,1,7,288.15,0.0,2017.07,1271.44,745.62
2994,85,69,10,6,496.99,298.2,2683.76,1941.15,742.61
2995,149,89,19,5,387.39,96.85,1840.11,1116.21,723.9
2996,10,123,32,1,311.82,0.0,311.82,230.17,81.65
2997,125,99,15,4,236.99,142.19,805.77,536.76,269.01
2998,350,137,12,6,18.12,0.0,108.7,65.57,43.13
2999,162,34,23,6,35.41,21.24,191.2,117.55,73.65
3000,260,119,3,6,253.04,0.0,1518.25,1051.2,467.04
3001,40,105,10,7,493.36,172.67,3280.82,2139.85,1140.97
3002,232,88,2,4,329.04,0.0,1316.17,906.45,409.72
3003,136,1,22,1,102.83,0.0,102.83,79.12,23.71
3004,272,82,18,4,110.89,0.0,443.57,249.45,194.12
3005,339,129,24,3,88.25,26.48,238.29,156.38,81.91
3006,195,97,25,6,400.99,0.0,2405.91,1593.12,812.79
3007,38,1,16,6,253.28,0.0,1519.66,938.76,580.89
3008,174,44,35,3,34.69,0.0,104.07,69.65,34.41
3009,45,86,37,3,517.21,77.58,1474.06,1036.25,437.81
3010,165,122,5,2,52.91,5.29,100.53,71.17,29.36
3011,23,67,37,1,441.45,0.0,441.45,322.64,118.82
3012,234,129,8,3,25.32,0.0,75.97,43.36,32.61
3013,114,120,10,2,415.51,41.55,789.46,532.26,257.21
3014,74,41,22,2,106.78,0.0,213.57,161.15,52.42
3015,7,30,2,7,326.72,0.0,2287.05,1538.87,748.18
3016,325,136,15,5,204.52,0.0,1022.61,743.69,278.91
3017,306,89,8,4,28.63,0.0,114.53,81.25,33.28
3018,297,128,20,2,61.67,18.5,104.84,70.81,34.02
3019,22,139,33,6,257.58,77.27,1468.19,838.79,629.4
3020,128,64,37,5,495.37,0.0,2476.86,1785.74,691.12
3021,355,7,9,4,39.55,15.82,142.38,98.86,43.52
3022,212,137,22,4,103.97,0.0,415.86,229.36,186.5
3023,47,88,19,4,374.97,224.98,1274.88,772.39,502.49
3024,52,19,17,6,227.46,0.0,1364.74,773.23,591.51
3025,97,80,26,6,102.4,61.44,552.95,389.26,163.69
3026,355,5,40,4,121.21,48.48,436.34,241.77,194.57
3027,62,44,17,5,231.08,115.54,1039.86,808.44,231.42
3028,330,53,3,7,284.03,0.0,1988.19,1602.11,386.08
3029,248,69,37,3,470.81,141.24,1271.18,1033.99,237.19
3030,337,85,38,7,150.21,52.57,998.9,610.51,388.4
3031,302,126,13,5,174.12,0.0,870.58,595.2,275.37
3032,122,53,21,2,238.07,0.0,476.15,376.45,99.7
3033,303,111,35,7,34.29,12.0,228.06,167.76,60.3
3034,62,142,21,5,239.89,119.94,1079.49,680.79,398.7
3035,107,113,20,3,67.88,20.36,183.28,142.07,41.21
3036,78,39,37,2,489.19,0.0,978.39,689.73,288.66
3037,49,102,34,7,321.92,112.67,2140.79,1599.38,541.41
3038,33,43,21,6,238.9,0.0,1433.38,1163.54,269.85
3039,69,72,7,1,416.41,0.0,416.41,341.18,75.23
3040,44,96,18,5,108.85,54.43,489.84,336.18,153.66
3041,139,44,28,1,78.29,3.91,74.38,44.05,30.33
3042,27,1,11,3,328.0,98.4,885.59,635.21,250.37
3043,23,126,22,4,98.94,0.0,395.74,286.46,109.29
3044,362,110,27,2,142.98,0.0,285.96,201.45,84.51
3045,33,19,4,4,232.49,46.5,883.48,586.59,296.89
3046,28,57,23,4,38.94,0.0,155.77,110.13,45.64
3047,11,40,30,5,208.12,156.09,884.51,614.02,270.49
3048,49,147,9,6,40.9,24.54,220.85,177.8,43.05
3049,193,142,22,2,92.2,18.44,165.97,128.81,37.15
3050,302,104,29,6,335.71,201.42,1812.82,1189.75,623.07
3051,269,67,2,2,361.81,0.0,723.63,509.53,214.1
3052,212,8,26,1,94.5,0.0,94.5,66.42,28.08
3053,32,38,11,4,384.93,153.97,1385.74,953.24,432.5
3054,283,14,16,3,245.92,0.0,737.77,417.34,320.43
3055,14,119,26,2,94.59,18.92,170.26,126.4,43.86
3056,231,14,1,3,294.29,0.0,882.87,659.89,222.97
3057,150,102,1,7,271.05,189.73,1707.61,1162.42,545.19
3058,322,143,18,5,105.47,0.0,527.36,418.42,108.94
3059,113,47,38,6,149.44,89.66,806.98,658.22,148.76
3060,234,103,1,2,293.23,0.0,586.45,451.27,135.19
3061,161,132,32,1,332.09,16.6,315.48,252.55,62.93
3062,191,65,3,3,267.15,80.15,721.31,491.66,229.65
3063,343,68,20,6,64.45,0.0,386.72,308.15,78.56
3064,261,31,18,7,108.06,0.0,756.45,607.02,149.43
3065,152,65,19,1,340.19,0.0,340.19,244.38,95.81
3066,164,132,4,4,221.01,44.2,839.84,496.09,343.75
3067,258,100,31,3,509.93,76.49,1453.29,859.08,594.22
3068,127,31,12,6,17.85,5.35,101.73,68.92,32.8
3069,62,79,31,2,434.49,0.0,868.98,650.52,218.46
3070,171,107,27,4,147.03,0.0,588.14,403.1,185.04
3071,25,12,23,6,33.85,20.31,182.8,140.02,42.78
3072,62,115,13,4,159.95,31.99,607.82,460.63,147.19
3073,154,31,27,6,155.09,0.0,930.54,562.96,367.59
3074,291,45,40,5,108.19,0.0,540.96,316.92,224.04
3075,286,63,37,5,511.48,0.0,2557.42,1893.97,663.46
3076,96,76,37,2,476.7,95.34,858.06,546.16,311.9
3077,155,138,9,7,41.73,14.61,277.53,222.43,55.1
3078,57,34,24,2,90.96,9.1,172.82,135.58,37.24
3079,276,39,16,7,251.23,87.93,1670.67,1122.41,548.26
3080,90,57,39,7,345.13,241.59,2174.32,1536.67,637.65
3081,292,129,39,4,339.42,0.0,1357.69,1057.26,300.43
3082,308,145,35,7,35.07,0.0,245.49,192.78,52.71
3083,252,69,7,6,368.17,0.0,2209.03,1547.17,661.86
3084,121,104,13,6,159.63,143.66,814.09,661.38,152.71
3085,348,138,29,1,399.64,19.98,379.66,262.22,117.44
3086,251,127,30,1,210.43,0.0,210.43,118.07,92.36
3087,236,103,15,1,236.74,23.67,213.07,149.56,63.51
3088,313,82,6,1,73.5,0.0,73.5,55.85,17.66
3089,322,148,6,6,79.77,0.0,478.63,390.53,88.1
3090,29,36,28,2,79.19,7.92,150.46,87.03,63.43
3091,322,55,19,1,397.95,59.69,338.26,226.28,111.98
3092,280,107,20,7,58.94,0.0,412.55,292.25,120.3
3093,76,4,33,2,264.72,0.0,529.45,417.2,112.25
3094,113,76,1,6,288.29,172.98,1556.78,1157.14,399.64
3095,275,129,31,7,451.3,157.96,3001.17,1838.03,1163.14
3096,80,27,11,4,340.44,68.09,1293.68,1011.71,281.98
3097,166,121,38,7,160.8,0.0,1125.63,820.98,304.66
3098,252,62,39,7,340.86,0.0,2386.04,1889.01,497.03
3099,238,130,21,2,240.44,0.0,480.87,372.81,108.06
3100,333,96,13,2,169.01,0.0,338.02,197.71,140.31
3101,41,24,10,3,428.65,128.6,1157.36,936.68,220.68
3102,108,111,8,4,25.43,5.09,96.62,64.99,31.63
3103,360,9,40,6,115.54,69.32,623.89,508.65,115.24
3104,208,37,8,2,24.93,0.0,49.87,29.95,19.92
3105,91,134,18,2,112.35,0.0,224.7,171.72,52.99
3106,106,132,20,3,61.79,18.54,166.82,105.48,61.34
3107,124,7,28,2,87.78,0.0,175.56,98.68,76.88
3108,203,57,34,7,337.1,0.0,2359.7,1931.16,428.54
3109,104,15,23,3,35.43,0.0,106.28,67.17,39.12
3110,227,41,31,7,512.98,0.0,3590.85,2053.03,1537.81
3111,163,146,23,1,39.99,0.0,39.99,31.29,8.71
3112,223,30,18,1,107.73,0.0,107.73,71.82,35.91
3113,57,97,7,6,419.12,251.47,2263.24,1597.03,666.2
3114,228,121,9,2,38.49,0.0,76.99,62.81,14.17
3115,338,133,18,1,108.35,5.42,102.93,69.97,32.96
3116,50,54,2,5,345.32,86.33,1640.26,931.86,708.4
3117,120,105,13,2,155.19,0.0,310.38,228.63,81.75
3118,254,73,19,1,378.52,0.0,378.52,280.81,97.71
3119,226,17,19,3,369.06,0.0,1107.18,667.0,440.17
3120,247,34,33,4,294.24,0.0,1176.96,820.65,356.31
3121,205,113,39,4,303.15,0.0,1212.61,787.82,424.79
3122,250,103,30,5,215.8,161.85,917.17,516.81,400.36
3123,223,79,4,1,211.42,0.0,211.42,134.07,77.35
3124,28,118,17,3,220.71,0.0,662.12,526.76,135.35
3125,275,104,30,3,251.66,113.25,641.73,404.97,236.76
3126,164,51,24,3,88.15,26.44,238.0,145.23,92.76
3127,19,45,19,4,386.49,154.6,1391.36,1118.72,272.64
3128,150,142,18,2,118.64,0.0,237.29,155.0,82.28
3129,159,146,17,5,225.3,112.65,1013.85,815.09,198.76
3130,32,5,24,7,78.4,27.44,521.38,410.67,110.71
3131,364,119,8,5,26.58,6.65,126.26,85.48,40.78
3132,82,20,21,3,278.19,83.46,751.12,491.19,259.93
3133,121,130,9,4,39.0,0.0,156.0,91.6,64.4
3134,161,89,28,5,73.94,55.45,314.22,189.0,125.23
3135,304,104,35,6,35.71,32.14,182.14,111.61,70.53
3136,272,106,21,3,245.36,36.8,699.27,473.4,225.87
3137,282,91,16,1,244.44,0.0,244.44,159.0,85.44
3138,87,38,38,5,134.48,67.24,605.15,463.61,141.54
3139,309,122,27,5,150.27,0.0,751.37,473.44,277.93
3140,303,84,18,1,110.63,5.53,105.1,69.85,35.25
3141,170,82,2,5,380.26,0.0,1901.31,1108.71,792.6
3142,200,48,1,1,280.47,28.05,252.42,157.32,95.11
3143,14,2,9,5,36.62,27.47,155.64,118.51,37.13
3144,278,84,10,6,480.03,0.0,2880.16,2133.96,746.2
3145,351,52,29,1,393.39,19.67,373.72,246.13,127.59
3146,173,99,21,6,269.55,161.73,1455.56,1027.5,428.05
3147,198,55,40,1,122.62,0.0,122.62,82.62,40.01
3148,183,146,22,2,103.34,0.0,206.68,163.63,43.05
3149,31,103,37,5,451.95,0.0,2259.73,1483.66,776.07
3150,227,69,23,3,36.68,11.0,99.03,73.78,25.26
3151,264,107,15,7,211.01,0.0,1477.05,899.53,577.52
3152,339,98,29,7,372.1,0.0,2604.73,1737.89,866.84
3153,340,94,18,7,123.29,0.0,863.05,598.02,265.02
3154,180,87,11,1,364.68,0.0,364.68,210.88,153.8
3155,351,140,19,2,351.22,0.0,702.45,497.76,204.69
3156,193,48,27,2,163.26,16.33,310.19,218.73,91.46
3157,235,65,16,5,252.07,0.0,1260.37,747.23,513.14
3158,220,38,29,4,354.35,141.74,1275.65,1045.57,230.08
3159,365,86,40,6,122.11,36.63,696.03,400.2,295.83
3160,270,149,17,2,230.12,46.02,414.21,327.94,86.27
3161,44,92,12,2,17.1,0.0,34.2,23.35,10.85
3162,27,32,17,5,236.53,59.13,1123.52,685.49,438.03
3163,150,139,34,5,361.72,180.86,1627.74,944.83,682.91
3164,189,119,8,5,25.7,0.0,128.49,94.94,33.56
3165,245,67,39,3,309.06,0.0,927.19,698.83,228.37
3166,176,22,17,4,245.13,0.0,980.5,717.56,262.94
3167,188,61,34,7,359.25,125.74,2389.02,1584.79,804.23
3168,337,121,32,5,311.23,0.0,1556.13,928.38,627.75
3169,123,87,32,7,317.63,222.34,2001.08,1527.18,473.91
3170,181,28,37,4,521.78,208.71,1878.4,1474.98,403.42
3171,204,24,8,1,28.46,1.42,27.03,17.73,9.31
3172,171,146,24,6,81.87,73.69,417.55,324.49,93.06
3173,354,68,4,4,211.38,42.28,803.25,579.63,223.61
3174,352,103,12,1,16.94,0.0,16.94,11.73,5.21
3175,188,55,2,1,365.66,0.0,365.66,261.4,104.26
3176,165,14,28,3,82.98,24.89,224.04,129.74,94.3
3177,215,62,25,2,460.74,0.0,921.48,538.01,383.47
3178,67,104,30,5,210.44,105.22,946.99,706.65,240.34
3179,156,51,8,5,28.68,0.0,143.41,116.43,26.98
3180,80,91,14,3,351.16,0.0,1053.48,723.86,329.63
3181,53,66,28,1,88.22,8.82,79.4,44.83,34.57
3182,35,51,34,1,303.0,30.3,272.7,155.0,117.7
3183,215,39,36,7,440.63,308.44,2776.0,1877.1,898.9
3184,1,40,3,3,253.85,0.0,761.56,554.09,207.47
3185,236,39,17,1,224.36,0.0,224.36,132.78,91.58
3186,158,108,1,5,263.28,65.82,1250.57,698.97,551.6
3187,134,51,33,7,281.2,196.84,1771.59,1323.3,448.29
3188,281,112,5,1,60.86,0.0,60.86,35.87,24.99
3189,197,47,33,7,274.06,95.92,1822.5,1217.99,604.51
3190,268,50,7,6,386.23,0.0,2317.36,1733.89,583.47
3191,259,139,1,2,258.85,25.88,491.81,287.14,204.68
3192,12,132,36,6,504.7,0.0,3028.2,2027.51,1000.69
3193,79,61,18,3,104.23,46.9,265.79,154.18,111.61
3194,209,41,17,5,228.07,0.0,1140.35,734.19,406.16
3195,357,108,26,1,92.34,4.62,87.72,69.86,17.86
3196,57,11,11,2,336.06,67.21,604.91,444.77,160.15
3197,39,69,28,6,83.4,0.0,500.37,278.33,222.05
3198,344,90,18,6,104.58,0.0,627.48,367.89,259.58
3199,353,102,11,1,327.97,16.4,311.57,196.08,115.49
3200,62,17,16,2,258.16,25.82,490.51,388.39,102.13
3201,147,1,1,5,248.05,62.01,1178.25,885.71,292.54
3202,229,42,13,7,169.94,59.48,1130.07,809.95,320.12
3203,72,18,24,5,81.97,0.0,409.87,242.31,167.55
3204,120,77,6,5,82.17,41.08,369.76,296.1,73.66
3205,145,138,5,3,58.77,0.0,176.31,135.44,40.87
3206,235,43,27,1,136.79,6.84,129.95,79.87,50.08
3207,113,69,18,6,121.98,73.19,658.67,434.17,224.5
3208,151,33,6,6,74.82,44.89,404.04,268.96,135.09
3209,106,7,30,4,221.72,0.0,886.88,628.46,258.41
3210,278,106,32,4,348.85,0.0,1395.4,908.68,486.72
3211,56,39,2,2,368.78,36.88,700.69,425.11,275.57
3212,85,83,9,4,38.78,0.0,155.12,113.25,41.87
3213,92,103,15,2,211.08,21.11,401.06,293.95,107.11
3214,331,126,30,3,215.16,0.0,645.49,432.12,213.37
3215,345,28,3,1,276.27,0.0,276.27,188.25,88.02
3216,183,88,33,5,297.65,0.0,1488.23,838.89,649.34
3217,58,137,13,2,163.57,16.36,310.78,209.2,101.58
3218,276,73,6,6,83.69,50.21,451.92,346.22,105.7
3219,180,7,35,4,32.37,0.0,129.47,91.88,37.58
3220,311,40,4,7,230.46,0.0,1613.22,1288.3,324.92
3221,132,120,6,2,82.65,0.0,165.31,122.9,42.41
3222,365,119,38,2,154.53,15.45,293.61,223.13,70.48
3223,295,48,21,2,240.62,48.12,433.12,291.82,141.3
3224,82,30,19,5,352.22,176.11,1584.98,945.96,639.01
3225,265,44,28,1,75.18,11.28,63.91,50.89,13.02
3226,105,37,26,5,102.48,0.0,512.38,373.0,139.38
3227,128,112,25,6,480.13,288.08,2592.69,2062.64,530.06
3228,92,127,1,5,261.83,0.0,1309.14,938.3,370.84
3229,250,7,23,1,35.04,1.75,33.28,22.39,10.89
3230,96,112,12,4,16.25,0.0,65.02,38.13,26.89
3231,234,113,33,4,276.59,110.63,995.71,654.56,341.15
3232,213,92,21,3,264.62,79.39,714.47,508.23,206.24
3233,275,131,5,4,53.38,0.0,213.52,171.09,42.42
3234,363,6,36,6,499.94,299.96,2699.68,2089.32,610.36
3235,4,105,12,6,15.64,9.38,84.45,58.15,26.3
3236,362,20,11,3,365.21,109.56,986.07,661.61,324.46
3237,40,135,38,3,146.71,0.0,440.14,246.03,194.11
3238,193,75,32,2,312.05,93.62,530.49,342.07,188.42
3239,125,14,35,3,35.54,10.66,95.95,78.19,17.75
3240,234,112,27,4,155.2,31.04,589.76,442.37,147.4
3241,264,113,37,5,473.12,0.0,2365.62,1636.26,729.36
3242,314,70,5,2,59.79,11.96,107.62,84.25,23.37
3243,147,47,24,2,84.63,16.93,152.34,84.73,67.6
3244,341,3,12,1,16.31,0.82,15.5,12.53,2.97
3245,118,137,16,1,264.35,39.65,224.7,166.03,58.67
3246,75,28,10,1,494.05,0.0,494.05,273.5,220.55
3247,139,127,9,2,37.1,3.71,70.5,52.2,18.29
3248,193,89,18,5,123.12,0.0,615.6,352.4,263.2
3249,244,103,37,6,505.25,0.0,3031.51,2190.85,840.67
3250,304,105,26,7,92.53,0.0,647.71,408.86,238.85
3251,83,129,14,4,386.7,0.0,1546.79,939.31,607.48
3252,111,6,18,4,102.52,0.0,410.09,295.09,115.0
3253,343,149,22,7,99.16,0.0,694.12,463.11,231.01
3254,161,7,10,2,493.06,0.0,986.13,559.55,426.58
3255,89,150,21,5,254.14,63.53,1207.15,931.96,275.19
3256,360,40,28,6,82.12,0.0,492.7,306.39,186.31
3257,164,127,10,4,429.03,0.0,1716.11,1230.31,485.8
3258,360,13,24,2,85.17,0.0,170.33,121.71,48.62
3259,336,70,29,5,394.24,0.0,1971.18,1114.04,857.14
3260,331,82,21,7,246.15,0.0,1723.07,1411.67,311.4
3261,213,144,12,2,17.23,3.45,31.01,20.8,10.21
3262,292,19,23,4,36.48,7.3,138.61,83.92,54.69
3263,351,6,32,1,353.91,0.0,353.91,236.39,117.53
3264,99,98,9,2,42.0,0.0,84.0,59.88,24.12
3265,14,8,23,6,39.06,0.0,234.37,129.1,105.28
3266,118,117,28,4,79.97,15.99,303.9,191.77,112.13
3267,233,6,13,2,169.64,50.89,288.39,200.38,88.02
3268,200,146,16,3,249.69,0.0,749.07,552.45,196.62
3269,30,80,36,1,493.29,0.0,493.29,313.04,180.25
3270,205,143,15,6,220.81,66.24,1258.62,829.5,429.12
3271,64,19,24,7,90.67,0.0,634.69,386.99,247.7
3272,185,42,6,1,72.31,0.0,72.31,45.49,26.82
3273,211,69,38,2,135.7,13.57,257.82,189.65,68.17
3274,233,5,24,6,92.29,27.69,526.04,337.22,188.82
3275,151,16,31,7,431.14,0.0,3017.97,1887.73,1130.24
3276,150,50,25,6,471.82,283.09,2547.81,1606.67,941.13
3277,248,111,15,6,222.42,0.0,1334.53,954.74,379.79
3278,274,107,14,7,417.47,0.0,2922.29,2049.75,872.54
3279,295,14,29,3,376.57,56.49,1073.22,708.18,365.04
3280,122,9,35,7,36.83,12.89,244.91,176.51,68.4
3281,155,99,6,7,79.5,27.83,528.7,382.54,146.16
3282,121,54,34,2,335.14,33.51,636.77,352.48,284.29
3283,193,119,34,1,324.35,16.22,308.13,197.68,110.45
3284,47,45,5,4,50.82,20.33,182.94,112.69,70.26
3285,157,55,5,6,53.62,16.09,305.62,236.51,69.11
3286,69,33,28,6,89.38,0.0,536.3,334.85,201.45
3287,195,40,34,1,318.49,31.85,286.64,182.21,104.43
3288,311,106,16,3,254.58,0.0,763.73,530.94,232.78
3289,360,71,26,6,100.6,60.36,543.25,379.08,164.17
3290,163,99,40,1,108.6,0.0,108.6,83.51,25.09
3291,21,12,13,6,182.68,0.0,1096.07,717.64,378.43
3292,84,81,10,3,412.64,61.9,1176.02,736.09,439.93
3293,39,69,40,1,114.78,5.74,109.04,77.88,31.16
3294,278,137,12,2,16.91,0.0,33.82,25.25,8.57
3295,360,64,19,6,333.97,0.0,2003.83,1639.14,364.69
3296,203,16,18,7,106.57,74.6,671.4,481.36,190.05
3297,65,105,21,1,271.16,40.67,230.48,157.3,73.18
3298,8,23,11,4,328.52,0.0,1314.07,769.95,544.12
3299,357,137,28,2,86.91,0.0,173.82,141.92,31.9
3300,116,58,28,5,84.03,0.0,420.13,308.77,111.36
3301,41,118,9,6,37.15,0.0,222.87,132.51,90.36
3302,65,99,20,7,62.19,0.0,435.32,293.45,141.86
3303,94,70,3,3,251.52,75.46,679.11,476.25,202.86
3304,240,88,9,3,42.77,0.0,128.31,78.09,50.23
3305,326,28,40,3,113.67,0.0,341.02,255.0,86.02
3306,101,12,21,6,235.06,0.0,1410.38,1023.36,387.02
3307,251,115,25,4,440.37,0.0,1761.5,1079.99,681.5
3308,24,144,36,1,474.43,0.0,474.43,387.72,86.71
3309,4,130,29,7,382.38,0.0,2676.64,2157.75,518.89
3310,21,46,32,1,305.83,0.0,305.83,190.13,115.7
3311,337,54,29,7,337.2,118.02,2242.38,1500.8,741.58
3312,213,54,20,2,63.0,0.0,126.0,99.74,26.26
3313,294,106,26,4,104.22,20.84,396.03,261.26,134.77
3314,8,94,12,3,17.61,5.28,47.55,38.41,9.14
3315,9,120,36,5,454.96,0.0,2274.79,1374.22,900.57
3316,310,142,8,3,25.43,0.0,76.29,56.88,19.42
3317,38,59,36,3,493.51,148.05,1332.47,948.54,383.93
3318,57,100,36,4,431.04,0.0,1724.18,1109.46,614.72
3319,190,76,6,7,77.0,0.0,538.99,400.9,138.09
3320,222,144,29,2,366.1,73.22,658.97,366.74,292.23
3321,84,54,40,2,107.04,10.7,203.37,124.53,78.84
3322,163,29,23,1,37.72,3.77,33.95,21.07,12.88
3323,247,57,14,6,363.42,0.0,2180.52,1268.44,912.07
3324,162,93,36,5,482.19,0.0,2410.97,1348.14,1062.83
3325,140,144,21,5,242.69,0.0,1213.46,783.04,430.42
3326,27,125,5,1,55.36,0.0,55.36,33.71,21.65
3327,165,3,10,6,454.7,0.0,2728.19,1598.38,1129.81
3328,294,77,28,6,74.3,0.0,445.79,264.12,181.67
3329,229,24,19,7,372.95,0.0,2610.68,2018.3,592.38
3330,326,55,9,7,42.39,0.0,296.72,170.8,125.92
3331,47,142,32,2,367.95,0.0,735.91,548.78,187.13
3332,5,148,5,5,53.08,0.0,265.39,149.83,115.56
3333,201,24,9,3,38.02,5.7,108.35,60.78,47.57
3334,66,22,19,5,350.63,0.0,1753.16,1173.58,579.59
3335,217,105,2,3,380.99,114.3,1028.68,671.83,356.85
3336,330,62,16,5,237.85,0.0,1189.26,829.33,359.93
3337,124,65,37,7,459.89,0.0,3219.2,2381.28,837.91
3338,201,132,38,5,156.11,78.06,702.5,445.14,257.36
3339,249,139,35,7,31.41,21.99,197.87,119.22,78.66
3340,55,136,13,7,167.97,0.0,1175.76,907.65,268.11
3341,328,118,3,1,268.5,0.0,268.5,159.66,108.84
3342,75,148,33,7,279.53,195.67,1761.07,1348.24,412.82
3343,296,108,15,6,227.59,0.0,1365.55,967.53,398.02
3344,241,133,30,3,222.96,0.0,668.87,420.14,248.73
3345,52,82,5,5,57.97,0.0,289.84,184.0,105.83
3346,265,8,27,5,150.74,0.0,753.69,489.95,263.74
3347,72,123,24,6,78.29,46.97,422.76,299.99,122.77
3348,219,140,37,6,515.43,154.63,2937.94,2392.95,544.99
3349,351,47,5,1,59.3,0.0,59.3,37.71,21.59
3350,348,65,17,1,257.55,0.0,257.55,207.15,50.4
3351,319,86,40,2,117.91,0.0,235.81,142.76,93.05
3352,181,98,16,4,230.0,46.0,873.99,507.35,366.64
3353,205,102,27,6,147.92,88.75,798.79,554.1,244.69
3354,110,60,7,5,375.05,0.0,1875.26,1525.8,349.45
3355,337,129,30,1,209.59,20.96,188.63,128.44,60.19
3356,175,123,12,6,16.74,0.0,100.43,76.93,23.5
3357,282,142,23,4,36.41,7.28,138.35,93.74,44.61
3358,132,87,36,3,428.84,0.0,1286.51,1002.84,283.67
3359,271,12,27,6,160.42,0.0,962.54,740.62,221.92
3360,82,127,19,3,338.89,0.0,1016.66,747.52,269.14
3361,268,12,8,5,26.97,13.48,121.35,86.91,34.44
3362,17,30,14,2,407.14,0.0,814.28,561.77,252.51
3363,39,43,34,3,340.43,0.0,1021.3,825.54,195.76
3364,129,28,9,4,37.7,15.08,135.71,95.07,40.65
3365,176,109,27,5,153.56,76.78,691.0,442.95,248.05
3366,260,67,20,7,68.3,0.0,478.13,376.86,101.27
3367,132,33,13,3,178.14,0.0,534.43,389.18,145.25
3368,7,1,29,7,358.26,250.78,2257.02,1581.51,675.51
3369,119,33,15,6,197.26,0.0,1183.55,868.95,314.6
3370,161,104,12,3,17.41,0.0,52.23,33.65,18.58
3371,199,120,22,1,92.08,0.0,92.08,61.11,30.97
3372,236,45,31,2,499.22,0.0,998.43,601.87,396.57
3373,91,11,35,5,35.85,8.96,170.29,132.97,37.32
3374,223,84,26,6,105.92,63.55,571.96,417.37,154.6
3375,231,118,27,5,164.04,0.0,820.18,633.63,186.55
3376,284,11,32,6,342.9,308.61,1748.79,1111.7,637.09
3377,191,120,11,1,385.26,19.26,366.0,299.67,66.33
3378,296,26,11,4,366.55,73.31,1392.9,900.44,492.47
3379,81,39,20,7,60.82,0.0,425.76,274.83,150.93
3380,260,94,26,3,106.44,0.0,319.33,258.46,60.87
3381,17,8,26,7,104.32,36.51,693.74,504.26,189.48
3382,38,46,7,1,420.41,21.02,399.39,320.33,79.07
3383,316,21,32,7,319.89,0.0,2239.26,1608.35,630.92
3384,174,33,15,6,210.28,0.0,1261.66,777.87,483.78
3385,227,117,36,5,506.68,0.0,2533.4,1660.64,872.76
3386,221,35,29,5,339.24,0.0,1696.21,1326.27,369.93
3387,254,7,40,7,115.94,0.0,811.56,553.61,257.95
3388,90,33,26,3,101.14,0.0,303.43,224.97,78.46
3389,66,14,22,2,90.98,0.0,181.95,108.25,73.7
3390,16,94,8,7,25.16,17.61,158.48,104.27,54.21
3391,316,146,16,1,257.4,25.74,231.66,179.92,51.74
3392,82,26,35,5,31.25,0.0,156.26,125.65,30.62
3393,210,110,16,2,254.33,0.0,508.66,324.3,184.36
3394,167,55,3,7,283.82,0.0,1986.74,1185.28,801.46
3395,60,11,10,7,467.34,0.0,3271.35,1819.93,1451.42
3396,152,104,24,4,82.94,33.18,298.6,174.5,124.1
3397,31,32,26,4,90.96,0.0,363.83,282.2,81.63
3398,65,78,40,4,119.74,47.9,431.08,290.13,140.95
3399,51,77,38,3,137.78,0.0,413.34,259.88,153.46
3400,301,90,22,7,93.16,97.81,554.28,420.94,133.35
3401,208,21,23,3,40.93,12.28,110.5,84.45,26.05
3402,338,38,33,7,261.92,91.67,1741.74,1128.27,613.47
3403,160,111,2,5,336.07,168.04,1512.32,1199.83,312.49
3404,74,140,24,7,92.47,0.0,647.3,436.95,210.34
3405,223,2,19,5,334.66,0.0,1673.29,1038.33,634.96
3406,340,63,32,6,314.31,0.0,1885.89,1495.38,390.5
3407,195,133,33,4,269.36,107.74,969.69,573.38,396.32
3408,7,44,27,4,158.64,63.46,571.1,467.68,103.42
3409,111,68,27,2,161.54,0.0,323.08,231.19,91.89
3410,338,136,28,2,86.17,8.62,163.72,130.51,33.21
3411,190,146,24,1,92.52,0.0,92.52,55.35,37.17
3412,348,99,10,3,409.91,0.0,1229.72,805.54,424.18
3413,186,105,12,7,17.45,6.11,116.05,91.19,24.86
3414,5,93,30,7,213.31,0.0,1493.2,1158.75,334.45
3415,319,43,25,5,472.46,0.0,2362.31,1855.36,506.95
3416,279,134,10,3,493.26,147.98,1331.79,833.33,498.46
3417,262,6,36,4,457.32,0.0,1829.26,1311.14,518.13
3418,355,9,40,6,120.33,0.0,721.98,473.04,248.95
3419,72,91,26,1,103.05,0.0,103.05,65.6,37.45
3420,331,126,10,7,417.5,0.0,2922.47,2017.78,904.7
3421,85,123,38,7,151.99,53.2,1010.73,751.03,259.69
3422,355,102,10,7,496.95,347.87,3130.81,2160.26,970.55
3423,70,57,18,1,108.7,0.0,108.7,66.55,42.15
3424,201,54,35,7,31.15,21.81,196.27,150.74,45.53
3425,289,64,21,5,285.91,142.95,1286.58,1047.28,239.3
3426,29,39,10,4,445.95,178.38,1605.41,1040.27,565.14
3427,25,63,4,2,214.57,21.46,407.68,317.71,89.98
3428,311,16,15,4,226.79,0.0,907.15,710.52,196.63
3429,23,48,27,3,153.14,45.94,413.48,256.5,156.98
3430,225,142,29,7,357.02,0.0,2499.12,1850.43,648.69
3431,343,107,9,3,37.14,0.0,111.41,89.51,21.91
3432,225,22,7,2,408.86,0.0,817.72,613.09,204.62
3433,176,43,29,7,370.5,0.0,2593.52,1447.46,1146.06
3434,153,39,7,2,396.97,0.0,793.94,566.25,227.69
3435,233,43,3,7,290.75,203.53,1831.75,1392.47,439.29
3436,209,104,20,7,58.69,0.0,410.85,294.54,116.31
3437,184,135,23,3,40.27,0.0,120.81,67.38,53.43
3438,57,107,10,5,476.6,357.45,2025.56,1179.78,845.78
3439,242,74,9,6,43.98,0.0,263.85,202.23,61.63
3440,271,25,10,4,429.58,0.0,1718.3,1171.49,546.81
3441,259,22,14,5,371.53,185.76,1671.88,1351.97,319.91
3442,28,123,1,1,277.23,41.58,235.64,156.01,79.64
3443,257,102,1,4,291.42,58.28,1107.41,854.77,252.64
3444,267,77,15,4,238.97,0.0,955.88,534.9,420.99
3445,67,87,1,4,264.08,0.0,1056.33,820.85,235.48
3446,310,128,13,7,167.65,117.35,1056.17,825.87,230.3
3447,192,123,24,6,78.91,47.34,426.1,276.01,150.09
3448,173,14,2,5,367.09,0.0,1835.43,1162.84,672.59
3449,264,60,25,3,466.09,139.83,1258.44,1001.31,257.13
3450,187,7,25,3,462.71,69.41,1318.72,1002.2,316.52
3451,199,58,23,1,36.41,0.0,36.41,25.9,10.51
3452,114,96,26,4,109.74,0.0,438.95,293.13,145.81
3453,339,32,33,2,252.02,0.0,504.03,401.34,102.69
3454,354,23,3,7,270.87,189.61,1706.5,1282.86,423.64
3455,48,74,7,6,387.92,0.0,2327.54,1542.1,785.44
3456,268,79,13,7,167.56,58.64,1114.25,762.27,351.97
3457,9,108,28,7,86.2,0.0,603.43,347.92,255.51
3458,135,3,35,3,35.36,10.61,95.49,73.42,22.07
3459,355,38,37,3,438.37,0.0,1315.11,1022.18,292.93
3460,64,117,24,5,79.06,39.53,355.79,229.85,125.94
3461,138,103,17,4,239.05,0.0,956.2,605.85,350.34
3462,81,135,17,2,246.76,49.35,444.17,274.54,169.63
3463,266,123,3,5,271.97,67.99,1291.86,771.02,520.83
3464,170,126,19,4,354.33,0.0,1417.32,1142.22,275.1
3465,217,77,21,7,237.58,166.31,1496.78,1129.98,366.8
3466,345,144,9,2,42.68,0.0,85.35,56.93,28.42
3467,191,63,31,4,472.4,188.96,1700.63,985.93,714.7
3468,268,136,33,4,274.84,0.0,1099.36,646.04,453.32
3469,36,59,13,7,165.31,57.86,1099.3,815.29,284.01
3470,79,67,37,5,456.39,228.2,2053.78,1242.19,811.59
3471,346,103,5,1,53.9,5.39,48.51,31.24,17.27
3472,314,60,37,3,437.06,0.0,1311.19,1059.96,251.23
3473,240,23,31,7,492.29,0.0,3446.02,2436.07,1009.95
3474,139,135,9,2,38.53,7.71,69.35,53.28,16.07
3475,73,68,27,3,143.97,0.0,431.9,249.66,182.24
3476,311,140,13,2,182.76,36.55,328.97,210.28,118.69
3477,287,60,32,6,329.5,0.0,1976.98,1565.4,411.58
3478,89,146,7,1,384.55,0.0,384.55,295.66,88.9
3479,216,91,10,3,443.45,133.03,1197.31,892.4,304.92
3480,226,116,13,5,159.36,0.0,796.81,564.62,232.19
3481,175,114,8,7,24.3,0.0,170.08,105.9,64.19
3482,339,31,14,2,412.55,0.0,825.1,584.24,240.86
3483,46,123,25,3,434.28,195.43,1107.42,624.26,483.16
3484,95,142,26,1,104.85,5.24,99.61,60.22,39.38
3485,35,100,23,4,41.01,24.61,139.45,96.21,43.24
3486,253,143,8,7,24.28,0.0,169.97,93.57,76.39
3487,236,127,9,3,41.78,0.0,125.34,76.8,48.55
3488,361,100,37,2,442.34,0.0,884.69,522.95,361.74
3489,198,72,11,3,353.44,0.0,1060.33,682.1,378.23
3490,55,129,5,7,60.34,0.0,422.39,330.21,92.19
3491,165,28,19,4,333.6,0.0,1334.42,1075.28,259.14
3492,33,85,1,5,294.85,0.0,1474.26,876.55,597.72
3493,245,123,14,6,391.44,117.43,2231.19,1366.36,864.83
3494,247,142,35,6,33.88,0.0,203.28,158.28,44.99
3495,314,41,11,5,322.19,0.0,1610.93,961.12,649.81
3496,125,15,29,4,378.19,0.0,1512.78,1134.82,377.96
3497,114,51,20,4,64.89,0.0,259.57,148.75,110.81
3498,27,130,15,2,205.15,41.03,369.27,267.74,101.53
3499,152,79,27,3,149.72,44.92,404.25,251.34,152.91
3500,174,9,24,6,76.24,45.75,411.71,309.76,101.95
3501,276,18,13,1,182.96,0.0,182.96,126.28,56.67
3502,276,51,9,6,39.01,0.0,234.07,140.05,94.03
3503,52,52,37,4,476.97,190.79,1717.11,1130.89,586.22
3504,105,21,7,3,405.59,121.68,1095.09,754.38,340.71
3505,187,75,39,1,333.33,0.0,333.33,272.97,60.36
3506,123,72,19,6,393.23,0.0,2359.38,1603.67,755.71
3507,10,30,40,1,122.9,12.29,110.61,65.35,45.26
3508,309,35,15,4,204.01,122.41,693.65,485.49,208.16
3509,267,100,23,2,36.74,0.0,73.49,44.79,28.7
3510,190,143,25,7,452.94,0.0,3170.59,2496.78,673.81
3511,116,150,14,2,350.16,70.03,630.28,488.59,141.69
3512,308,84,9,6,42.12,12.64,240.08,140.38,99.7
3513,13,6,21,5,235.17,0.0,1175.85,833.51,342.34
3514,163,135,27,1,162.43,0.0,162.43,119.88,42.55
3515,293,143,11,6,371.99,111.6,2120.35,1310.27,810.08
3516,348,42,31,7,478.85,167.6,3184.38,2289.96,894.43
3517,92,61,26,2,99.0,19.8,178.21,120.28,57.93
3518,238,4,7,7,421.19,0.0,2948.32,2005.33,942.99
3519,70,121,38,6,155.97,0.0,935.83,654.01,281.83
3520,43,117,2,6,375.09,112.53,2138.04,1505.05,632.99
3521,129,4,27,3,159.77,0.0,479.31,355.48,123.83
3522,324,106,18,1,102.23,0.0,102.23,68.71,33.51
3523,252,62,27,4,136.65,0.0,546.6,407.27,139.32
3524,179,82,31,6,444.15,0.0,2664.89,1815.33,849.56
3525,104,33,28,5,84.52,42.26,380.34,277.26,103.09
3526,52,123,27,5,153.73,0.0,768.64,477.36,291.28
3527,99,61,34,6,321.81,193.08,1737.75,1209.92,527.83
3528,56,127,29,3,406.91,61.04,1159.68,784.36,375.32
3529,69,23,33,1,250.53,0.0,250.53,158.23,92.3
3530,251,89,17,7,250.66,175.46,1579.18,895.11,684.06
3531,49,47,9,5,40.21,0.0,201.07,138.28,62.78
3532,18,145,10,4,446.39,178.55,1606.99,888.08,718.91
3533,198,84,25,5,395.2,0.0,1975.99,1294.77,681.21
3534,105,108,22,6,101.87,91.68,519.52,337.73,181.79
3535,166,13,4,6,229.39,0.0,1376.36,992.51,383.85
3536,52,102,9,5,38.91,9.73,184.8,150.91,33.89
3537,77,16,39,6,320.81,0.0,1924.85,1504.58,420.27
3538,161,55,30,3,235.96,0.0,707.88,575.7,132.18
3539,252,34,31,5,460.15,0.0,2300.76,1856.14,444.61
3540,152,1,8,7,27.59,0.0,193.1,110.07,83.03
3541,198,88,3,2,267.63,0.0,535.26,335.14,200.12
3542,191,37,12,4,18.33,0.0,73.33,46.21,27.12
3543,99,77,35,5,36.12,9.03,171.56,97.65,73.91
3544,103,115,21,4,240.68,0.0,962.73,749.58,213.15
3545,156,27,32,7,357.4,0.0,2501.82,1980.79,521.03
3546,12,107,20,3,62.85,18.85,169.69,121.04,48.64
3547,251,45,20,2,70.62,7.06,134.17,106.07,28.1
3548,225,50,25,1,445.65,0.0,445.65,331.07,114.59
3549,112,87,39,6,289.51,0.0,1737.09,1162.02,575.06
3550,137,94,18,5,118.33,0.0,591.67,349.36,242.31
3551,120,99,24,5,78.23,19.56,371.61,300.56,71.05
3552,238,30,37,4,515.0,206.0,1854.0,1366.24,487.76
3553,278,87,15,3,237.04,35.56,675.57,436.17,239.4
3554,40,40,34,7,346.49,363.81,2061.61,1205.47,856.14
3555,151,42,22,5,98.07,24.52,465.83,356.69,109.13
3556,6,143,36,7,485.79,510.08,2890.44,2215.65,674.79
3557,166,16,19,6,359.68,107.9,2050.19,1428.19,622.0
3558,91,62,26,6,92.07,27.62,524.78,430.32,94.47
3559,123,66,13,4,180.61,36.12,686.31,449.08,237.23
3560,167,37,26,2,97.0,19.4,174.6,140.44,34.16
3561,119,118,14,5,370.79,0.0,1853.95,1335.16,518.79
3562,144,74,25,6,409.67,0.0,2458.03,1840.66,617.37
3563,280,108,32,4,370.41,0.0,1481.62,1181.76,299.86
3564,296,59,18,1,123.04,0.0,123.04,95.28,27.76
3565,3,135,18,7,109.63,76.74,690.68,433.7,256.97
3566,138,110,13,6,158.36,47.51,902.63,707.8,194.83
3567,310,50,30,3,245.15,0.0,735.46,511.68,223.78
3568,194,145,24,4,83.17,0.0,332.66,186.99,145.67
3569,75,130,21,1,285.44,0.0,285.44,208.92,76.52
3570,217,89,2,7,381.73,267.21,2404.92,1647.17,757.75
3571,53,3,5,2,59.36,11.87,106.84,74.24,32.6
3572,8,89,1,3,246.53,0.0,739.59,488.95,250.64
3573,231,104,35,3,36.01,0.0,108.02,61.28,46.74
3574,189,55,35,2,37.98,11.39,64.56,38.65,25.91
3575,277,22,3,5,264.33,66.08,1255.56,947.0,308.56
3576,126,85,2,7,380.34,266.24,2396.17,1469.43,926.74
3577,312,121,32,6,331.0,0.0,1986.02,1428.91,557.1
3578,154,48,21,4,285.62,0.0,1142.49,795.52,346.97
3579,270,69,13,1,171.45,8.57,162.88,99.32,63.56
3580,37,1,25,7,401.39,0.0,2809.74,1758.21,1051.53
3581,36,106,10,2,451.85,90.37,813.33,531.56,281.77
3582,286,130,8,7,24.53,17.17,154.56,121.74,32.82
3583,305,117,15,3,212.97,0.0,638.91,513.78,125.13
3584,344,65,36,4,515.62,0.0,2062.48,1349.74,712.74
3585,119,7,31,4,447.35,178.94,1610.45,905.82,704.64
3586,9,74,8,4,29.39,11.76,105.81,75.36,30.45
3587,358,142,23,2,34.56,0.0,69.12,45.81,23.31
3588,220,13,36,4,491.76,196.71,1770.35,1209.01,561.33
3589,91,33,39,3,349.5,0.0,1048.5,701.79,346.71
3590,279,126,31,6,487.24,292.34,2631.07,1912.09,718.98
3591,330,86,6,4,82.21,16.44,312.4,197.5,114.9
3592,104,26,10,7,498.31,0.0,3488.19,2759.2,729.0
3593,281,4,9,3,41.51,6.23,118.31,78.53,39.78
3594,288,62,7,3,405.4,60.81,1155.38,742.04,413.34
3595,184,90,8,1,24.44,1.22,23.22,18.55,4.66
3596,231,127,13,6,163.92,0.0,983.54,636.05,347.48
3597,99,133,23,1,35.98,1.8,34.18,19.56,14.61
3598,340,69,16,2,258.08,51.62,464.55,274.98,189.56
3599,359,64,17,7,245.95,0.0,1721.67,1278.96,442.71
3600,359,140,10,5,464.14,0.0,2320.68,1628.72,691.96
3601,270,117,7,4,416.85,166.74,1500.68,1041.99,458.69
3602,16,32,40,6,103.64,31.09,590.77,338.0,252.77
3603,134,103,24,6,92.14,0.0,552.84,328.56,224.29
3604,163,108,10,7,417.52,292.26,2630.38,1728.1,902.28
3605,351,36,33,5,264.38,0.0,1321.9,886.94,434.95
3606,200,147,34,4,342.15,136.86,1231.76,802.71,429.05
3607,196,45,39,1,309.59,0.0,309.59,212.3,97.29
3608,54,83,7,3,397.74,0.0,1193.23,892.6,300.62
3609,290,75,26,5,105.96,79.47,450.35,324.99,125.36
3610,123,104,40,2,120.35,24.07,216.63,154.9,61.73
3611,34,136,33,5,255.23,0.0,1276.17,894.08,382.08
3612,361,59,10,1,424.9,42.49,382.41,231.07,151.34
3613,70,58,36,1,433.44,43.34,390.1,278.24,111.86
3614,6,113,17,3,237.08,71.12,640.12,379.45,260.67
3615,29,143,20,2,60.25,0.0,120.5,89.47,31.03
3616,166,137,23,7,36.21,0.0,253.44,170.34,83.1
3617,38,113,31,3,504.85,151.45,1363.08,963.69,399.39
3618,308,106,5,3,61.49,18.45,166.03,129.99,36.04
3619,188,116,22,3,103.7,0.0,311.11,202.45,108.66
3620,119,141,33,3,245.49,0.0,736.46,424.89,311.57
3621,2,2,22,7,98.75,0.0,691.28,546.58,144.7
3622,176,89,11,6,332.68,0.0,1996.05,1294.53,701.52
3623,56,6,3,2,264.46,26.45,502.48,331.51,170.96
3624,357,87,22,2,96.02,0.0,192.05,120.98,71.07
3625,107,60,29,1,404.67,20.23,384.44,255.05,129.38
3626,174,46,22,2,100.03,10.0,190.07,131.27,58.79
3627,7,134,40,5,107.68,0.0,538.41,418.72,119.69
3628,48,107,25,7,449.1,314.37,2829.31,2106.26,723.05
3629,76,86,21,4,284.61,0.0,1138.42,783.9,354.52
3630,19,133,3,1,247.29,0.0,247.29,187.01,60.28
3631,265,15,23,1,39.94,0.0,39.94,31.11,8.83
3632,346,97,7,3,362.01,0.0,1086.02,614.36,471.66
3633,360,24,29,2,345.95,0.0,691.9,491.18,200.72
3634,98,35,7,5,414.35,310.76,1760.97,989.1,771.86
3635,288,28,37,1,431.16,0.0,431.16,273.01,158.15
3636,184,82,13,2,174.36,0.0,348.72,263.58,85.14
3637,17,95,18,4,103.7,41.48,373.33,285.09,88.24
3638,34,114,6,2,77.93,15.59,140.28,110.63,29.65
3639,200,67,9,3,41.34,0.0,124.03,84.9,39.13
3640,155,141,37,2,513.61,0.0,1027.23,588.31,438.92
3641,4,57,12,1,18.14,0.0,18.14,10.6,7.54
3642,340,24,21,3,270.68,0.0,812.05,500.19,311.86
3643,267,6,40,3,110.23,0.0,330.69,215.11,115.58
3644,184,20,25,7,407.5,142.62,2709.85,1875.68,834.17
3645,361,67,2,7,362.97,0.0,2540.76,1840.54,700.23
3646,355,62,15,4,217.4,0.0,869.62,516.45,353.17
3647,356,129,16,3,221.91,66.57,599.15,360.1,239.05
3648,95,19,12,3,18.6,0.0,55.79,33.29,22.5
3649,322,40,10,5,436.91,0.0,2184.55,1646.79,537.76
3650,185,148,21,3,235.03,70.51,634.57,400.77,233.8
3651,266,5,16,6,261.84,0.0,1571.03,934.78,636.25
3652,314,64,12,7,17.31,0.0,121.14,80.74,40.4
3653,60,30,17,3,248.59,0.0,745.77,460.01,285.76
3654,164,81,14,1,358.45,17.92,340.53,221.24,119.28
3655,48,147,10,1,445.1,22.25,422.84,326.64,96.2
3656,103,35,19,7,375.46,0.0,2628.22,1682.46,945.76
3657,151,56,38,3,141.51,0.0,424.53,253.53,171.0
3658,313,68,21,3,271.54,0.0,814.61,499.16,315.45
3659,315,120,24,5,79.97,0.0,399.86,223.63,176.23
3660,143,148,40,7,106.36,74.45,670.06,531.56,138.5
3661,121,15,25,3,393.98,177.29,1004.65,741.61,263.04
3662,194,74,9,3,38.61,0.0,115.82,78.19,37.63
3663,333,113,16,7,230.09,0.0,1610.63,1129.75,480.88
3664,357,2,20,1,68.39,6.84,61.55,38.08,23.48
3665,83,121,19,6,369.96,0.0,2219.77,1462.82,756.95
3666,69,37,6,4,71.23,0.0,284.91,181.31,103.61
3667,258,78,5,1,57.2,5.72,51.48,39.77,11.7
3668,111,147,14,2,364.06,0.0,728.11,546.61,181.5
3669,73,96,37,5,471.73,0.0,2358.67,1478.05,880.61
3670,12,149,29,6,400.6,0.0,2403.61,1816.67,586.95
3671,148,91,34,2,348.09,34.81,661.37,380.53,280.84
3672,144,32,7,5,395.33,98.83,1877.82,1135.5,742.31
3673,206,104,17,7,227.14,0.0,1589.96,920.15,669.81
3674,74,93,24,5,78.13,19.53,371.12,227.99,143.13
3675,261,47,18,5,118.75,0.0,593.77,362.84,230.93
3676,249,12,17,2,240.74,48.15,433.34,343.7,89.64
3677,169,98,15,5,222.88,0.0,1114.39,711.42,402.97
3678,67,87,3,5,296.97,0.0,1484.85,959.08,525.77
3679,186,117,35,1,33.56,1.68,31.88,18.39,13.49
3680,247,19,38,3,157.89,0.0,473.66,268.95,204.71
3681,137,81,4,7,220.14,77.05,1463.94,891.88,572.06
3682,97,123,17,7,224.94,0.0,1574.59,923.23,651.36
3683,185,134,21,2,237.68,0.0,475.35,305.67,169.68
3684,130,141,32,6,345.02,0.0,2070.13,1242.56,827.57
3685,147,32,40,4,108.36,0.0,433.43,259.24,174.19
3686,128,26,17,5,246.8,0.0,1234.02,894.46,339.56
3687,111,87,30,4,240.32,0.0,961.27,773.22,188.06
3688,262,70,38,7,147.6,0.0,1033.21,571.75,461.46
3689,168,36,34,4,335.89,134.36,1209.22,895.42,313.79
3690,171,16,12,5,17.47,4.37,83.0,60.43,22.58
3691,239,22,33,5,271.01,0.0,1355.06,959.33,395.72
3692,132,51,17,4,255.44,0.0,1021.78,752.97,268.81
3693,37,111,1,7,245.78,0.0,1720.45,1182.55,537.9
3694,312,10,31,2,518.02,0.0,1036.04,829.11,206.93
3695,21,16,34,7,302.35,0.0,2116.45,1254.47,861.99
3696,209,40,14,5,362.72,0.0,1813.6,1229.37,584.24
3697,98,132,19,7,380.08,399.08,2261.45,1642.54,618.91
3698,79,149,15,3,199.48,59.84,538.59,428.37,110.22
3699,16,67,5,4,53.74,0.0,214.98,146.53,68.45
3700,329,7,40,1,105.11,0.0,105.11,85.54,19.57
3701,157,2,1,7,280.56,0.0,1963.94,1428.28,535.66
3702,126,129,23,6,38.16,0.0,228.97,169.16,59.81
3703,271,67,1,3,245.16,0.0,735.49,567.0,168.49
3704,15,12,28,1,81.32,0.0,81.32,60.84,20.48
3705,207,126,37,5,450.95,0.0,2254.75,1558.28,696.47
3706,181,80,26,5,109.83,0.0,549.13,416.57,132.56
3707,203,53,25,4,402.39,80.48,1529.08,855.74,673.33
3708,46,68,34,2,340.01,0.0,680.01,545.27,134.75
3709,348,34,39,7,318.56,334.49,1895.45,1463.76,431.69
3710,88,140,35,4,35.15,0.0,140.59,101.53,39.06
3711,248,119,10,6,495.18,0.0,2971.07,1689.25,1281.83
3712,273,30,23,7,36.38,0.0,254.63,160.32,94.31
3713,126,111,33,4,286.29,0.0,1145.17,708.26,436.91
3714,48,27,12,1,16.86,0.0,16.86,10.45,6.42
3715,109,68,28,7,84.61,0.0,592.28,433.23,159.05
3716,295,113,1,5,261.34,0.0,1306.7,1027.79,278.9
3717,331,6,36,7,450.09,0.0,3150.62,2312.68,837.94
3718,342,109,25,5,400.27,0.0,2001.33,1310.8,690.53
3719,83,34,30,7,212.64,74.42,1414.06,1147.78,266.28
3720,222,105,34,7,364.11,127.44,2421.31,1895.64,525.67
3721,56,75,9,2,42.7,4.27,81.12,59.63,21.49
3722,260,4,19,2,346.26,69.25,623.27,409.69,213.59
3723,152,115,35,2,34.81,0.0,69.62,51.14,18.47
3724,261,39,7,6,400.18,240.11,2160.95,1426.57,734.38
3725,251,143,33,2,264.68,0.0,529.36,313.33,216.03
3726,363,126,12,4,16.84,0.0,67.35,48.3,19.06
3727,179,29,24,6,88.16,26.45,502.53,371.11,131.42
3728,125,91,21,4,246.79,0.0,987.16,636.04,351.12
3729,193,55,28,1,82.41,0.0,82.41,66.0,16.41
3730,60,91,34,3,314.13,0.0,942.39,735.68,206.71
3731,41,84,14,1,346.93,0.0,346.93,245.4,101.52
3732,190,45,7,3,398.34,0.0,1195.01,676.69,518.32
3733,302,98,17,6,247.36,148.42,1335.76,740.88,594.88
3734,195,40,25,4,479.92,0.0,1919.67,1387.48,532.19
3735,286,137,31,5,442.51,0.0,2212.54,1703.06,509.49
3736,65,142,31,1,495.31,0.0,495.31,339.34,155.98
3737,165,25,14,6,419.72,251.83,2266.5,1260.95,1005.55
3738,224,110,38,3,153.23,68.96,390.75,230.19,160.56
3739,127,140,4,3,237.73,35.66,677.53,411.28,266.24
3740,6,20,5,5,62.01,0.0,310.04,223.07,86.97
3741,27,111,1,1,284.76,0.0,284.76,193.99,90.77
3742,339,141,38,4,163.8,0.0,655.2,378.44,276.76
3743,221,34,8,3,27.64,8.29,74.63,51.15,23.47
3744,97,88,25,2,436.37,0.0,872.74,684.89,187.85
3745,95,120,33,7,295.5,206.85,1861.67,1244.64,617.03
3746,15,51,31,3,503.95,0.0,1511.85,892.65,619.2
3747,345,36,38,1,137.31,13.73,123.58,87.26,36.33
3748,40,60,3,4,260.5,0.0,1042.0,834.57,207.43
3749,278,51,17,7,226.15,0.0,1583.03,920.21,662.82
3750,88,109,21,5,279.56,0.0,1397.81,827.83,569.99
3751,123,56,28,5,77.6,19.4,368.61,259.15,109.46
3752,100,57,25,7,419.52,293.66,2642.95,1696.24,946.71
3753,301,142,23,1,37.71,0.0,37.71,29.86,7.85
3754,12,87,13,4,152.24,60.9,548.06,406.91,141.16
3755,129,140,5,3,61.63,0.0,184.9,109.04,75.86
3756,102,107,18,5,112.83,0.0,564.17,442.92,121.24
3757,100,133,11,6,334.37,0.0,2006.22,1451.34,554.88
3758,71,30,23,1,35.85,0.0,35.85,24.49,11.35
3759,334,141,32,2,357.3,71.46,643.14,398.28,244.86
3760,139,142,23,7,38.58,0.0,270.03,195.88,74.14
3761,153,7,24,4,83.88,0.0,335.5,265.92,69.59
3762,141,54,2,3,341.48,0.0,1024.43,574.08,450.35
3763,358,62,26,2,108.48,10.85,206.11,134.24,71.87
3764,124,63,18,3,119.2,35.76,321.83,258.31,63.52
3765,125,117,5,1,58.89,5.89,53.0,34.63,18.37
3766,120,105,9,2,39.93,0.0,79.86,44.7,35.17
3767,120,32,32,2,369.65,0.0,739.29,426.86,312.43
3768,33,92,37,1,498.99,0.0,498.99,367.51,131.48
3769,221,147,21,7,257.03,179.92,1619.29,1196.71,422.58
3770,10,67,40,6,123.33,0.0,739.98,429.98,310.01
3771,83,140,8,7,29.1,30.55,173.12,105.46,67.66
3772,74,98,12,2,17.86,3.57,32.15,22.58,9.57
3773,107,139,38,3,156.88,23.53,447.11,328.79,118.32
3774,277,136,8,2,26.55,5.31,47.79,28.31,19.48
3775,219,3,27,4,150.23,0.0,600.92,404.55,196.37
3776,362,121,9,2,37.88,0.0,75.76,53.16,22.59
3777,129,29,14,2,392.56,0.0,785.12,442.35,342.77
3778,339,124,20,7,63.27,0.0,442.88,270.34,172.54
3779,17,122,15,3,210.9,31.63,601.06,479.71,121.35
3780,185,39,35,6,37.71,0.0,226.25,178.19,48.06
3781,292,10,39,2,298.29,59.66,536.92,342.05,194.86
3782,195,63,21,7,278.24,194.77,1752.93,1374.92,378.01
3783,341,46,22,5,93.17,0.0,465.85,335.78,130.07
3784,115,84,3,7,245.63,0.0,1719.44,1401.41,318.03
3785,13,13,10,4,412.05,0.0,1648.2,1336.49,311.71
3786,283,7,2,7,348.37,0.0,2438.6,1747.43,691.16
3787,25,66,35,3,34.29,5.14,97.73,66.1,31.63
3788,280,116,10,4,437.44,87.49,1662.27,978.11,684.16
3789,268,48,14,1,398.21,19.91,378.3,262.24,116.07
3790,309,49,34,2,332.49,0.0,664.98,437.25,227.73
3791,175,25,29,6,340.08,204.05,1836.41,1330.14,506.27
3792,327,43,25,3,423.36,63.5,1206.58,692.77,513.81
3793,62,45,2,1,325.25,48.79,276.46,214.37,62.08
3794,159,39,23,3,34.28,10.29,92.57,75.08,17.48
3795,45,52,23,3,35.38,5.31,100.82,61.15,39.67
3796,280,43,13,6,173.01,0.0,1038.08,748.3,289.78
3797,261,103,30,1,240.1,24.01,216.09,165.64,50.45
3798,295,51,38,1,159.69,0.0,159.69,111.73,47.96
3799,279,114,11,6,374.72,0.0,2248.31,1804.42,443.89
3800,113,91,14,1,387.94,0.0,387.94,266.98,120.96
3801,25,97,13,3,160.11,0.0,480.32,299.26,181.06
3802,340,88,34,5,300.51,0.0,1502.53,1017.72,484.82
3803,180,139,4,4,223.98,0.0,895.91,610.76,285.15
3804,35,39,36,1,456.05,45.6,410.44,253.86,156.58
3805,339,148,32,6,320.34,96.1,1825.96,1392.25,433.71
3806,363,31,20,1,71.13,7.11,64.01,45.88,18.13
3807,163,21,24,2,78.97,15.79,142.15,92.39,49.75
3808,282,124,36,1,431.55,0.0,431.55,286.48,145.07
3809,14,135,31,4,515.15,206.06,1854.52,1206.11,648.42
3810,35,14,12,5,16.38,4.1,77.81,52.21,25.61
3811,101,90,3,5,265.42,0.0,1327.1,919.13,407.97
3812,240,77,27,1,137.44,20.62,116.82,74.69,42.13
3813,49,34,6,3,74.67,22.4,201.62,155.43,46.19
3814,13,79,4,2,238.12,0.0,476.25,381.31,94.94
3815,245,103,40,3,117.31,35.19,316.74,218.92,97.82
3816,282,87,19,2,362.96,0.0,725.93,538.69,187.24
3817,270,78,27,6,144.23,86.54,778.86,624.06,154.8
3818,292,133,9,6,39.29,11.79,223.93,134.77,89.16
3819,294,34,5,6,57.68,0.0,346.1,208.08,138.02
3820,220,94,3,2,257.88,51.58,464.19,264.4,199.78
3821,190,48,15,1,202.39,0.0,202.39,135.48,66.92
3822,313,147,1,1,279.09,0.0,279.09,178.46,100.64
3823,128,38,17,6,255.07,153.04,1377.37,966.01,411.36
3824,36,131,13,7,179.7,125.79,1132.11,760.54,371.57
3825,275,95,22,2,104.08,0.0,208.16,125.18,82.98
3826,101,33,24,7,84.99,29.75,565.19,370.55,194.64
3827,358,114,13,4,175.95,0.0,703.8,392.58,311.22
3828,152,37,19,2,395.99,0.0,791.98,550.5,241.48
3829,311,40,4,3,196.83,29.53,560.98,349.59,211.38
3830,16,52,13,2,163.42,0.0,326.83,189.67,137.16
3831,241,103,40,6,106.25,0.0,637.48,361.95,275.53
3832,164,59,40,2,124.15,24.83,223.47,166.01,57.45
3833,169,86,20,2,70.54,14.11,126.97,78.31,48.66
3834,97,83,38,6,157.93,47.38,900.19,655.23,244.96
3835,355,30,21,3,250.36,37.55,713.53,549.55,163.98
3836,144,35,6,2,83.02,16.6,149.43,102.36,47.07
3837,311,47,35,6,31.35,18.81,169.28,99.19,70.09
3838,156,34,17,7,222.7,0.0,1558.89,1116.05,442.84
3839,18,138,25,4,446.83,0.0,1787.33,1017.59,769.74
3840,321,58,26,6,106.32,0.0,637.9,491.59,146.32
3841,68,61,13,6,179.1,0.0,1074.62,812.0,262.62
3842,99,101,30,5,221.82,0.0,1109.12,730.43,378.7
3843,315,119,21,6,255.32,76.59,1455.3,906.15,549.15
3844,327,104,15,1,215.57,21.56,194.01,143.88,50.14
3845,335,83,12,1,15.43,1.54,13.89,9.77,4.12
3846,156,147,30,7,247.86,0.0,1735.03,1022.24,712.79
3847,277,135,10,1,439.05,0.0,439.05,331.47,107.57
3848,120,31,5,6,53.03,0.0,318.21,203.71,114.5
3849,271,25,36,3,467.42,0.0,1402.27,1109.67,292.6
3850,184,59,14,6,401.43,0.0,2408.59,1864.14,544.45
3851,19,126,26,5,107.88,80.91,458.5,286.32,172.18
3852,153,145,29,1,350.58,0.0,350.58,216.98,133.6
3853,171,106,34,3,311.63,93.49,841.41,553.17,288.24
3854,94,104,26,5,109.35,0.0,546.73,419.46,127.27
3855,137,36,29,7,375.52,0.0,2628.66,1538.49,1090.17
3856,184,89,34,6,324.51,194.71,1752.38,1113.34,639.03
3857,19,28,38,7,139.97,97.98,881.82,641.93,239.89
3858,56,81,2,7,388.38,0.0,2718.65,1519.84,1198.81
3859,280,30,30,7,241.17,168.82,1519.38,858.59,660.79
3860,129,12,7,5,362.08,0.0,1810.41,1368.28,442.13
3861,223,146,36,3,437.15,131.15,1180.31,815.63,364.68
3862,207,135,2,4,332.12,0.0,1328.49,930.68,397.81
3863,202,103,10,6,430.86,0.0,2585.16,1595.54,989.62
3864,151,94,8,3,24.86,3.73,70.86,49.15,21.71
3865,177,36,25,6,413.02,247.81,2230.3,1554.86,675.44
3866,301,86,1,5,247.97,123.99,1115.87,738.39,377.48
3867,353,113,1,2,261.99,0.0,523.98,424.63,99.35
3868,94,81,21,7,260.3,182.21,1639.87,923.74,716.13
3869,245,43,39,6,316.86,0.0,1901.18,1258.64,642.54
3870,354,59,22,5,103.84,0.0,519.22,405.78,113.44
3871,3,127,18,2,107.47,0.0,214.95,130.19,84.76
3872,287,39,27,2,161.62,0.0,323.25,259.39,63.86
3873,182,145,23,6,40.63,0.0,243.81,162.1,81.7
3874,354,114,16,1,264.65,13.23,251.42,148.91,102.51
3875,212,134,24,4,79.08,0.0,316.33,181.94,134.4
3876,306,77,1,5,254.9,63.72,1210.77,772.85,437.93
3877,61,34,10,2,464.99,0.0,929.98,742.43,187.55
3878,52,6,27,7,139.24,48.73,925.91,744.02,181.89
3879,339,81,14,4,353.28,0.0,1413.14,992.14,421.0
3880,193,60,3,1,248.08,0.0,248.08,144.36,103.72
3881,204,18,5,3,57.63,8.64,164.23,110.58,53.66
3882,63,140,35,3,36.72,11.01,99.13,65.7,33.43
3883,83,146,14,2,366.63,109.99,623.28,381.69,241.59
3884,299,57,1,7,291.84,0.0,2042.88,1165.52,877.36
3885,111,101,30,3,244.53,73.36,660.24,431.15,229.09
3886,214,62,22,4,89.2,17.84,338.94,220.45,118.49
3887,116,75,19,4,358.11,143.24,1289.2,954.1,335.1
3888,97,94,36,2,434.94,0.0,869.88,571.02,298.85
3889,61,63,13,4,180.15,0.0,720.62,398.89,321.72
3890,340,121,23,3,39.39,0.0,118.18,65.64,52.54
3891,344,29,30,1,239.66,23.97,215.7,158.67,57.02
3892,43,101,25,3,452.58,0.0,1357.75,989.0,368.75
3893,129,148,9,5,38.63,0.0,193.17,114.61,78.56
3894,206,128,28,1,89.08,4.45,84.63,66.34,18.29
3895,140,7,30,6,250.58,225.52,1277.95,931.51,346.44
3896,264,18,5,5,59.13,14.78,280.87,166.16,114.71
3897,95,95,7,3,381.35,57.2,1086.84,682.16,404.68
3898,22,139,27,5,136.42,0.0,682.11,554.48,127.63
3899,123,127,5,3,51.1,15.33,137.98,91.08,46.9
3900,219,136,36,5,441.62,0.0,2208.08,1355.6,852.48
3901,66,23,5,2,57.51,0.0,115.02,79.54,35.48
3902,298,78,39,5,338.79,0.0,1693.93,1025.67,668.26
3903,5,109,27,1,163.46,0.0,163.46,124.85,38.62
3904,25,94,18,1,105.7,5.28,100.41,76.76,23.65
3905,186,117,11,2,340.44,34.04,646.83,495.62,151.21
3906,187,32,14,2,350.86,0.0,701.71,502.89,198.82
3907,108,69,30,4,253.64,0.0,1014.56,748.13,266.43
3908,95,68,31,2,499.22,0.0,998.44,635.78,362.65
3909,26,141,9,2,40.21,0.0,80.42,63.32,17.11
3910,242,31,22,1,98.9,9.89,89.01,52.42,36.59
3911,139,49,40,7,114.33,40.02,760.32,470.42,289.9
3912,44,4,11,6,338.93,0.0,2033.57,1663.51,370.06
3913,146,23,28,2,76.82,0.0,153.64,124.34,29.3
3914,343,148,7,1,368.15,36.82,331.34,227.65,103.69
3915,96,128,34,6,316.6,189.96,1709.66,1170.7,538.95
3916,327,39,7,5,388.15,194.07,1746.67,1015.76,730.91
3917,95,106,12,7,16.39,0.0,114.73,83.53,31.19
3918,68,89,19,2,381.58,0.0,763.16,426.13,337.03
3919,96,136,15,3,220.49,0.0,661.48,419.95,241.52
3920,118,46,7,1,386.21,38.62,347.59,230.44,117.15
3921,45,150,26,3,109.5,0.0,328.49,259.96,68.53
3922,215,56,1,2,259.02,25.9,492.13,399.36,92.78
3923,122,108,40,1,115.98,0.0,115.98,94.29,21.69
3924,263,60,3,4,244.08,97.63,878.7,672.81,205.89
3925,180,101,14,7,403.46,0.0,2824.24,1774.47,1049.77
3926,162,51,38,5,149.0,74.5,670.52,376.99,293.52
3927,172,127,7,6,361.35,0.0,2168.12,1441.62,726.5
3928,58,96,3,6,244.16,146.5,1318.48,831.03,487.45
3929,261,44,30,7,240.61,0.0,1684.24,1224.27,459.96
3930,39,145,3,1,280.03,14.0,266.02,172.97,93.06
3931,264,107,36,2,491.82,98.36,885.27,699.81,185.46
3932,365,65,19,5,360.31,0.0,1801.55,1172.79,628.76
3933,279,21,35,6,35.57,0.0,213.42,139.16,74.26
3934,167,146,10,6,460.23,0.0,2761.35,2084.72,676.64
3935,115,114,6,6,72.16,0.0,432.95,307.09,125.86
3936,319,101,39,3,320.92,48.14,914.63,566.09,348.54
3937,94,125,31,3,474.04,0.0,1422.13,1042.0,380.13
3938,177,92,37,1,509.86,0.0,509.86,357.93,151.93
3939,282,35,13,3,164.13,0.0,492.39,284.65,207.74
3940,337,36,17,2,234.48,0.0,468.96,317.09,151.87
3941,337,12,24,7,92.66,0.0,648.6,517.62,130.98
3942,33,10,18,1,121.95,6.1,115.86,70.35,45.51
3943,328,110,10,3,430.36,0.0,1291.09,854.63,436.46
3944,42,128,16,7,262.26,183.58,1652.21,1031.81,620.39
3945,214,25,25,7,405.01,283.51,2551.58,1773.27,778.31
3946,340,87,2,3,378.35,0.0,1135.06,923.12,211.94
3947,240,19,14,4,360.81,144.32,1298.92,823.08,475.85
3948,346,63,12,4,16.79,3.36,63.8,49.44,14.36
3949,126,119,3,6,297.45,89.23,1695.46,1316.25,379.21
3950,115,122,5,6,51.88,0.0,311.28,193.01,118.27
3951,120,143,20,4,69.37,13.87,263.62,199.98,63.64
3952,130,47,5,3,56.37,0.0,169.11,138.12,30.98
3953,250,143,14,3,355.24,0.0,1065.72,860.66,205.06
3954,166,118,23,5,40.97,0.0,204.84,146.16,58.68
3955,270,51,35,6,34.95,0.0,209.68,123.92,85.77
3956,152,50,4,1,234.14,11.71,222.43,129.5,92.93
3957,113,17,18,6,121.38,0.0,728.28,453.02,275.26
3958,70,139,5,4,50.95,0.0,203.8,145.18,58.62
3959,202,31,18,2,107.72,21.54,193.89,126.86,67.03
3960,328,41,20,1,62.84,0.0,62.84,46.42,16.42
3961,314,62,32,3,339.55,0.0,1018.65,776.92,241.72
3962,93,21,18,2,103.36,0.0,206.71,123.76,82.95
3963,175,121,38,1,145.62,14.56,131.06,104.12,26.94
3964,258,105,6,3,80.93,12.14,230.64,130.62,100.01
3965,224,24,3,6,253.47,76.04,1444.8,897.99,546.81
3966,25,25,1,6,279.37,167.62,1508.58,1161.6,346.98
3967,216,4,15,2,215.81,21.58,410.04,245.86,164.18
3968,15,143,8,5,24.65,12.32,110.91,67.59,43.32
3969,43,66,4,4,203.54,40.71,773.44,629.14,144.3
3970,239,99,10,6,421.18,252.71,2274.35,1811.15,463.2
3971,38,23,39,2,327.38,32.74,622.02,478.61,143.41
3972,124,35,33,1,250.21,0.0,250.21,149.36,100.85
3973,215,82,1,3,285.91,0.0,857.72,530.83,326.89
3974,240,32,37,7,508.24,0.0,3557.67,2182.61,1375.06
3975,163,92,9,4,36.98,0.0,147.91,88.9,59.01
3976,35,139,17,1,255.96,38.39,217.56,176.67,40.9
3977,292,46,14,7,420.58,294.41,2649.68,1576.1,1073.58
3978,347,92,17,6,215.83,129.5,1165.49,875.99,289.49
3979,325,138,31,4,515.23,103.05,1957.89,1103.81,854.08
3980,274,135,29,6,355.34,213.21,1918.85,1337.11,581.74
3981,147,2,24,2,87.26,8.73,165.79,94.35,71.43
3982,320,17,26,5,93.9,0.0,469.5,266.05,203.45
3983,179,148,30,7,245.71,0.0,1719.98,1052.91,667.07
3984,50,139,8,4,28.81,0.0,115.22,92.17,23.05
3985,311,49,16,1,265.55,0.0,265.55,191.86,73.7
3986,117,79,5,6,61.99,0.0,371.92,269.97,101.95
3987,343,86,29,6,340.21,0.0,2041.23,1286.73,754.51
3988,135,101,18,6,116.61,0.0,699.64,521.49,178.14
3989,318,113,26,5,95.87,0.0,479.36,351.86,127.5
3990,197,56,23,1,34.76,3.48,31.28,21.1,10.18
3991,171,134,11,1,331.4,0.0,331.4,243.35,88.05
3992,109,9,6,6,82.78,49.67,447.01,350.51,96.5
3993,306,5,39,6,331.47,0.0,1988.8,1609.54,379.26
3994,23,144,12,1,15.51,2.33,13.18,10.8,2.39
3995,172,27,5,5,61.89,30.95,278.52,189.91,88.61
3996,135,150,13,4,176.58,70.63,635.69,355.25,280.44
3997,199,43,37,3,460.59,0.0,1381.78,845.48,536.3
3998,93,55,11,5,354.36,88.59,1683.22,1015.23,667.99
3999,243,5,40,7,118.05,0.0,826.32,521.53,304.79
4000,141,142,19,6,377.72,0.0,2266.32,1467.07,799.25
4001,69,54,35,2,34.35,6.87,61.83,45.17,16.66
4002,72,26,27,4,150.38,0.0,601.52,416.22,185.31
4003,255,73,2,7,321.09,0.0,2247.65,1630.51,617.13
4004,96,24,21,2,261.05,52.21,469.89,381.74,88.15
4005,113,119,17,6,229.93,0.0,1379.57,777.04,602.53
4006,229,11,9,4,38.63,7.73,146.8,81.31,65.49
4007,121,75,22,4,92.94,0.0,371.76,271.27,100.49
4008,142,59,5,2,58.11,0.0,116.22,81.06,35.16
4009,90,6,28,7,80.82,0.0,565.71,384.88,180.83
4010,127,8,33,4,268.68,0.0,1074.71,838.7,236.01
4011,253,78,4,5,202.74,101.37,912.35,540.93,371.42
4012,195,60,20,4,70.96,28.38,255.45,180.06,75.39
4013,365,20,27,1,141.73,0.0,141.73,113.61,28.12
4014,282,21,3,6,266.11,0.0,1596.65,1070.36,526.29
4015,7,121,16,3,227.35,68.21,613.85,433.73,180.12
4016,139,110,11,2,370.92,0.0,741.84,422.03,319.81
4017,106,92,2,6,348.86,0.0,2093.18,1348.59,744.59
4018,215,126,33,2,268.01,0.0,536.03,300.81,235.22
4019,97,11,18,5,121.51,60.76,546.82,385.26,161.56
4020,353,104,31,4,497.19,0.0,1988.77,1410.89,577.88
4021,110,113,24,6,84.81,0.0,508.85,410.51,98.35
4022,191,31,36,1,473.08,70.96,402.12,290.48,111.64
4023,45,81,40,6,123.32,73.99,665.91,366.79,299.12
4024,333,116,25,2,476.49,47.65,905.33,701.6,203.72
4025,333,91,15,7,226.45,79.26,1505.86,962.26,543.61
4026,290,38,17,3,249.88,74.96,674.66,501.18,173.49
4027,129,100,34,1,360.08,18.0,342.08,212.53,129.55
4028,22,114,18,4,123.53,49.41,444.71,335.88,108.84
4029,260,2,21,1,239.21,0.0,239.21,191.47,47.74
4030,157,86,8,2,29.64,0.0,59.29,33.88,25.41
4031,362,76,40,6,117.51,70.51,634.58,442.29,192.29
4032,255,56,27,4,152.79,30.56,580.61,404.05,176.56
4033,197,7,14,5,378.52,0.0,1892.6,1187.3,705.3
4034,361,13,24,7,81.71,28.6,543.37,348.98,194.39
4035,293,113,17,4,251.97,100.79,907.09,664.5,242.59
4036,168,125,7,4,395.59,0.0,1582.34,995.3,587.04
4037,7,63,35,1,32.53,3.25,29.28,16.35,12.93
4038,34,141,36,3,486.54,0.0,1459.61,1105.91,353.69
4039,162,140,34,6,309.53,92.86,1764.35,1268.21,496.13
4040,206,100,15,1,217.4,32.61,184.79,114.13,70.66
4041,12,88,11,3,362.39,108.72,978.45,792.17,186.28
4042,47,145,2,1,362.97,36.3,326.67,258.91,67.76
4043,258,92,30,7,214.65,75.13,1427.43,1156.76,270.67
4044,275,141,14,4,354.05,0.0,1416.21,974.79,441.43
4045,11,147,36,5,453.1,113.27,2152.21,1320.37,831.84
4046,186,30,35,5,35.35,0.0,176.74,105.5,71.24
4047,30,100,6,2,82.71,8.27,157.14,126.67,30.47
4048,265,110,37,1,505.6,0.0,505.6,399.69,105.91
4049,305,124,6,3,79.88,0.0,239.63,179.73,59.89
4050,318,53,20,2,62.75,0.0,125.51,86.33,39.18
4051,219,130,19,3,336.54,0.0,1009.62,660.08,349.54
4052,230,74,39,3,344.79,0.0,1034.36,765.35,269.01
4053,339,59,27,6,150.03,0.0,900.21,497.43,402.78
4054,224,24,36,3,438.03,0.0,1314.1,908.77,405.33
4055,163,49,24,2,85.06,0.0,170.13,124.74,45.38
4056,276,147,34,7,345.16,241.62,2174.54,1638.55,535.99
4057,216,108,35,1,33.36,0.0,33.36,22.41,10.95
4058,308,109,35,2,31.21,6.24,56.18,42.2,13.98
4059,192,135,17,3,243.29,0.0,729.88,420.32,309.56
4060,318,41,16,1,220.07,22.01,198.07,121.41,76.65
4061,17,100,40,7,111.41,38.99,740.88,436.41,304.47
4062,14,56,31,3,503.36,151.01,1359.09,872.2,486.88
4063,37,128,37,6,526.64,315.99,2843.88,1828.42,1015.46
4064,204,64,24,1,82.28,4.11,78.17,50.88,27.28
4065,259,129,38,4,134.63,0.0,538.54,363.93,174.61
4066,79,113,29,1,371.21,0.0,371.21,247.9,123.31
4067,57,116,30,2,220.7,0.0,441.41,301.23,140.18
4068,315,139,8,3,29.08,8.72,78.52,59.14,19.38
4069,274,119,23,7,39.16,27.41,246.69,145.14,101.55
4070,237,49,30,3,226.62,0.0,679.87,438.3,241.56
4071,179,79,31,6,497.43,149.23,2835.37,1559.56,1275.81
4072,154,71,39,1,309.57,0.0,309.57,172.62,136.95
4073,8,10,14,2,386.89,38.69,735.08,524.65,210.43
4074,69,89,13,5,180.41,45.1,856.93,673.99,182.94
4075,328,66,39,4,300.55,0.0,1202.2,760.51,441.69
4076,124,60,40,4,108.71,43.48,391.34,257.7,133.64
4077,258,17,8,5,29.04,0.0,145.21,88.09,57.11
4078,257,76,16,1,240.52,24.05,216.47,127.4,89.06
4079,113,87,38,5,143.5,35.88,681.64,537.62,144.03
4080,75,16,8,7,24.47,0.0,171.27,120.65,50.61
4081,253,96,32,6,331.73,0.0,1990.39,1473.52,516.87
4082,35,26,5,2,56.44,0.0,112.87,88.95,23.92
4083,181,22,8,3,26.46,3.97,75.4,53.45,21.95
4084,325,61,32,7,322.19,225.53,2029.79,1215.19,814.6
4085,260,59,25,6,425.2,0.0,2551.2,1894.51,656.69
4086,279,138,23,7,38.64,0.0,270.47,203.37,67.1
4087,31,11,35,7,37.31,0.0,261.2,172.85,88.35
4088,73,53,13,4,171.32,0.0,685.28,491.03,194.25
4089,101,111,21,1,268.65,0.0,268.65,182.9,85.74
4090,107,38,25,2,464.3,46.43,882.17,564.51,317.66
4091,71,148,30,3,215.57,0.0,646.71,473.1,173.61
4092,355,112,14,6,369.89,221.93,1997.38,1232.01,765.37
4093,61,142,26,2,91.4,0.0,182.81,116.71,66.1
4094,259,143,18,3,109.64,16.45,312.46,206.08,106.38
4095,215,17,22,6,107.15,0.0,642.89,460.28,182.61
4096,223,69,35,2,33.42,0.0,66.85,52.15,14.7
4097,79,112,16,5,259.81,0.0,1299.03,930.14,368.89
4098,113,2,27,4,137.58,27.52,522.81,390.04,132.77
4099,222,68,38,7,147.73,155.11,878.98,552.89,326.09
4100,110,104,31,4,458.62,0.0,1834.49,1299.92,534.57
4101,254,119,40,4,106.19,0.0,424.76,245.53,179.23
4102,15,63,24,6,82.32,24.7,469.22,316.76,152.46
4103,27,130,12,7,17.56,0.0,122.91,90.5,32.42
4104,266,102,40,6,112.71,67.63,608.63,364.28,244.35
4105,226,7,26,5,107.35,0.0,536.74,425.94,110.8
4106,16,42,10,7,490.5,343.35,3090.16,2047.67,1042.49
4107,329,141,13,7,165.74,58.01,1102.16,805.91,296.25
4108,2,1,11,6,390.78,0.0,2344.68,1587.05,757.63
4109,349,17,34,3,304.92,45.74,869.03,649.78,219.25
4110,267,52,4,5,207.84,0.0,1039.21,735.52,303.7
4111,361,150,30,2,227.19,22.72,431.67,251.7,179.97
4112,347,106,23,4,38.19,15.28,137.48,109.94,27.54
4113,115,23,3,4,273.69,54.74,1040.03,757.37,282.66
4114,277,59,25,7,442.56,0.0,3097.94,2098.73,999.21
4115,77,141,31,4,510.12,0.0,2040.49,1495.03,545.46
4116,173,33,30,7,220.76,0.0,1545.35,958.8,586.55
4117,88,87,22,6,103.6,31.08,590.54,447.4,143.13
4118,178,70,14,6,389.68,116.9,2221.16,1468.26,752.91
4119,319,115,7,2,383.0,0.0,766.01,587.8,178.2
4120,160,113,1,6,257.78,154.67,1392.02,868.61,523.41
4121,34,125,15,2,209.01,41.8,376.22,287.2,89.02
4122,119,18,26,5,98.19,24.55,466.41,370.71,95.7
4123,288,69,2,4,372.0,0.0,1488.0,1212.46,275.55
4124,191,104,40,2,112.4,0.0,224.81,170.79,54.02
4125,205,63,24,7,78.62,0.0,550.37,407.32,143.05
4126,158,101,12,7,17.93,12.55,112.95,77.98,34.97
4127,107,96,39,5,330.17,165.09,1485.77,859.59,626.18
4128,219,56,8,1,29.38,2.94,26.45,18.54,7.9
4129,232,16,39,2,321.6,0.0,643.21,451.58,191.63
4130,328,146,12,2,17.57,1.76,33.38,18.94,14.44
4131,226,124,16,7,241.37,168.96,1520.6,1119.87,400.73
4132,364,135,18,3,117.12,0.0,351.37,207.38,143.98
4133,302,45,40,1,111.49,0.0,111.49,79.28,32.21
4134,29,48,11,5,330.62,0.0,1653.11,1120.17,532.94
4135,144,49,39,7,350.84,122.8,2333.11,1834.44,498.67
4136,141,5,14,4,402.19,0.0,1608.75,985.69,623.06
4137,2,26,12,4,17.41,0.0,69.65,41.53,28.12
4138,66,47,26,2,100.06,0.0,200.12,139.84,60.27
4139,279,149,28,7,85.44,59.81,538.29,362.95,175.34
4140,129,31,14,1,356.46,35.65,320.81,190.42,130.39
4141,54,77,6,7,73.49,51.44,462.96,331.34,131.62
4142,105,83,16,2,224.17,44.83,403.51,320.62,82.89
4143,101,54,22,1,90.14,4.51,85.63,64.21,21.42
4144,64,138,2,3,319.55,95.86,862.78,523.34,339.43
4145,37,14,4,1,228.71,0.0,228.71,140.51,88.2
4146,279,131,37,1,452.75,45.28,407.48,285.45,122.02
4147,301,112,2,2,376.84,75.37,678.31,497.16,181.16
4148,182,46,17,5,256.73,64.18,1219.47,993.05,226.42
4149,225,116,31,6,441.33,0.0,2647.99,1531.34,1116.65
4150,336,65,14,2,401.3,0.0,802.6,559.83,242.78
4151,308,146,20,5,64.44,0.0,322.21,263.12,59.1
4152,12,6,4,3,235.81,0.0,707.42,410.26,297.16
4153,348,5,32,4,336.15,0.0,1344.59,1092.6,251.98
4154,25,82,26,3,98.0,0.0,294.0,198.38,95.61
4155,10,140,35,7,33.18,0.0,232.29,172.75,59.54
4156,148,10,35,4,37.4,14.96,134.64,89.51,45.13
4157,273,117,15,4,205.62,41.12,781.37,607.19,174.18
4158,30,141,2,7,376.54,263.58,2372.19,1886.6,485.59
4159,107,73,14,5,361.65,0.0,1808.25,1075.91,732.34
4160,96,131,6,2,78.32,0.0,156.64,117.75,38.88
4161,146,114,22,2,96.48,0.0,192.95,107.2,85.75
4162,360,33,6,3,70.11,21.03,189.31,118.27,71.04
4163,121,129,37,1,443.04,0.0,443.04,309.75,133.3
4164,77,105,25,5,417.55,104.39,1983.35,1413.86,569.49
4165,45,2,11,4,375.45,0.0,1501.79,974.09,527.7
4166,73,86,37,1,500.79,0.0,500.79,312.0,188.79
4167,49,99,31,3,444.79,0.0,1334.36,795.74,538.62
4168,210,121,18,6,112.5,0.0,674.98,414.93,260.06
4169,154,116,6,7,70.0,0.0,489.98,286.72,203.26
4170,182,72,14,7,401.85,281.29,2531.63,1570.92,960.72
4171,304,45,24,7,89.43,0.0,626.0,483.11,142.89
4172,212,29,31,5,509.86,0.0,2549.31,1600.03,949.29
4173,57,14,11,7,383.94,0.0,2687.56,2136.82,550.75
4174,138,96,30,7,223.55,234.73,1330.13,819.64,510.49
4175,115,144,12,5,16.21,4.05,76.98,52.56,24.42
4176,302,13,10,3,489.74,73.46,1395.77,830.82,564.95
4177,113,106,18,7,105.03,0.0,735.23,407.77,327.46
4178,51,88,7,3,349.91,104.97,944.77,679.19,265.58
4179,269,26,17,2,228.69,0.0,457.39,293.27,164.11
4180,157,32,15,1,228.86,22.89,205.98,132.48,73.5
4181,35,43,12,4,17.71,7.08,63.74,42.07,21.67
4182,252,103,32,1,370.04,0.0,370.04,281.23,88.81
4183,77,45,14,1,374.39,0.0,374.39,246.32,128.07
4184,317,125,28,2,78.3,0.0,156.6,89.78,66.82
4185,304,56,29,4,362.68,0.0,1450.74,907.09,543.64
4186,135,17,27,4,158.48,0.0,633.91,447.26,186.65
4187,203,15,11,4,336.07,0.0,1344.29,1099.95,244.34
4188,208,61,34,4,363.33,0.0,1453.31,855.49,597.82
4189,239,62,10,7,454.89,159.21,3025.03,1927.95,1097.08
4190,26,111,12,2,18.01,0.0,36.02,24.53,11.49
4191,119,72,35,4,36.87,7.37,140.11,112.8,27.31
4192,63,25,14,5,383.58,0.0,1917.89,1110.98,806.9
4193,255,32,28,2,85.93,0.0,171.87,131.36,40.5
4194,26,85,2,2,343.81,0.0,687.63,512.42,175.21
4195,189,51,25,1,463.78,46.38,417.4,264.11,153.3
4196,266,101,35,3,36.85,0.0,110.54,83.89,26.65
4197,347,139,29,2,376.66,37.67,715.66,504.69,210.96
4198,106,54,24,2,79.71,15.94,143.48,85.55,57.93
4199,3,83,34,2,364.83,36.48,693.17,434.72,258.45
4200,265,125,12,5,18.57,0.0,92.83,59.29,33.55
4201,1,32,16,6,248.18,0.0,1489.05,948.85,540.2
4202,25,77,3,4,297.45,59.49,1130.3,849.44,280.86
4203,362,46,28,1,82.02,4.1,77.92,56.75,21.17
4204,315,95,29,6,362.48,217.49,1957.4,1509.86,447.54
4205,259,112,31,2,468.93,46.89,890.97,612.91,278.06
4206,305,22,30,1,210.06,0.0,210.06,135.41,74.65
4207,28,29,6,4,76.88,30.75,276.78,157.29,119.49
4208,33,4,27,3,155.0,23.25,441.74,337.7,104.04
4209,110,2,31,3,435.75,196.09,1111.16,633.57,477.59
4210,9,8,9,7,38.39,26.88,241.89,152.73,89.16
4211,325,107,20,1,67.83,0.0,67.83,49.56,18.27
4212,21,136,37,1,506.99,25.35,481.64,364.27,117.36
4213,199,62,17,5,260.6,65.15,1237.84,703.71,534.13
4214,312,133,31,3,449.33,0.0,1348.0,962.55,385.45
4215,269,110,22,6,104.08,0.0,624.49,366.59,257.9
4216,86,122,27,1,140.17,0.0,140.17,105.75,34.42
4217,172,111,26,3,93.02,0.0,279.05,208.47,70.58
4218,201,30,27,2,156.89,15.69,298.08,224.15,73.93
4219,281,79,32,1,333.55,0.0,333.55,189.19,144.35
4220,156,79,37,4,507.02,202.81,1825.27,1279.59,545.67
4221,105,97,12,6,16.3,0.0,97.81,60.16,37.65
4222,291,120,38,2,140.39,28.08,252.69,172.81,79.88
4223,324,17,26,6,101.41,30.42,578.05,472.35,105.7
4224,179,102,24,4,77.97,31.19,280.71,161.25,119.46
4225,11,125,14,4,368.16,0.0,1472.66,1046.17,426.49
4226,183,18,17,7,221.66,232.75,1318.89,784.15,534.75
4227,325,63,27,3,144.61,0.0,433.83,298.35,135.48
4228,362,135,15,2,229.09,45.82,412.36,284.79,127.57
4229,147,4,12,6,15.75,0.0,94.5,63.62,30.89
4230,55,25,33,1,278.83,0.0,278.83,201.51,77.32
4231,209,121,17,7,241.54,84.54,1606.27,1305.95,300.32
4232,304,26,26,6,101.2,0.0,607.19,465.96,141.23
4233,345,106,2,7,352.26,0.0,2465.84,1994.38,471.47
4234,19,136,4,4,224.71,0.0,898.82,540.33,358.49
4235,107,75,34,5,356.93,0.0,1784.65,1460.15,324.5
4236,175,73,6,7,70.99,74.54,422.38,267.11,155.27
4237,36,65,32,1,358.38,17.92,340.46,190.4,150.07
4238,324,56,37,3,436.87,0.0,1310.61,875.2,435.41
4239,41,58,20,4,64.73,25.89,233.01,143.65,89.37
4240,243,84,36,5,477.16,119.29,2266.52,1712.97,553.55
4241,336,135,18,5,106.2,26.55,504.44,289.28,215.16
4242,251,148,39,7,293.49,102.72,1951.68,1362.19,589.48
4243,279,130,10,4,415.18,0.0,1660.7,1043.15,617.55
4244,97,18,18,2,102.57,0.0,205.15,124.28,80.87
4245,303,47,16,2,245.93,49.19,442.68,348.13,94.55
4246,153,114,32,6,313.96,188.38,1695.4,1168.45,526.95
4247,23,82,2,4,375.19,150.08,1350.7,861.57,489.13
4248,134,51,34,5,360.07,0.0,1800.37,1352.89,447.48
4249,128,47,1,4,257.41,102.96,926.66,723.13,203.53
4250,191,18,13,6,155.18,0.0,931.07,623.22,307.85
4251,97,50,24,2,82.95,8.29,157.6,94.43,63.17
4252,169,64,6,2,81.94,0.0,163.89,134.14,29.75
4253,157,63,20,6,63.66,38.19,343.75,222.38,121.37
4254,120,83,40,4,104.08,62.45,353.88,214.27,139.61
4255,255,41,33,6,299.16,0.0,1794.96,1037.3,757.66
4256,112,31,2,1,353.35,35.34,318.02,185.54,132.47
4257,280,134,24,2,81.81,8.18,155.44,125.07,30.37
4258,92,61,24,7,91.12,0.0,637.86,513.86,124.0
4259,316,39,3,6,294.38,0.0,1766.3,1213.7,552.6
4260,134,96,27,1,149.91,7.5,142.42,104.94,37.47
4261,15,82,21,6,250.93,0.0,1505.56,1166.53,339.03
4262,55,87,28,1,81.69,0.0,81.69,57.23,24.47
4263,295,34,12,1,16.09,1.61,14.48,10.57,3.91
4264,319,109,11,7,354.89,124.21,2360.0,1914.16,445.84
4265,78,29,30,1,218.54,21.85,196.69,117.34,79.35
4266,220,126,29,3,380.82,57.12,1085.35,637.61,447.74
4267,210,64,7,1,403.68,0.0,403.68,304.1,99.58
4268,49,62,9,5,44.16,22.08,198.71,147.03,51.68
4269,165,59,24,1,90.26,0.0,90.26,54.18,36.09
4270,254,64,34,3,305.86,0.0,917.59,579.6,337.99
4271,354,100,9,3,38.04,5.71,108.41,79.68,28.73
4272,310,75,9,5,40.62,20.31,182.81,124.94,57.86
4273,36,20,33,4,259.5,0.0,1038.01,821.31,216.7
4274,87,85,28,2,74.01,22.2,125.82,97.64,28.18
4275,160,41,37,4,503.27,201.31,1811.77,1234.76,577.01
4276,55,17,32,4,327.61,0.0,1310.42,956.68,353.74
4277,209,126,39,3,291.98,0.0,875.93,633.94,241.99
4278,4,47,8,4,27.01,0.0,108.04,62.11,45.93
4279,42,90,11,3,390.46,58.57,1112.8,739.91,372.89
4280,18,26,10,3,469.95,0.0,1409.86,942.87,466.99
4281,108,51,3,6,252.69,0.0,1516.15,1201.23,314.92
4282,279,58,32,2,338.16,0.0,676.32,533.64,142.69
4283,65,21,27,3,162.06,72.93,413.26,233.72,179.53
4284,361,147,4,1,198.18,0.0,198.18,154.22,43.96
4285,99,47,8,5,27.71,0.0,138.53,99.07,39.46
4286,17,88,8,5,28.16,0.0,140.78,78.04,62.73
4287,123,85,17,5,247.21,0.0,1236.04,807.19,428.85
4288,274,65,19,2,339.35,0.0,678.69,536.02,142.67
4289,39,88,12,4,18.43,7.37,66.35,42.91,23.44
4290,27,85,38,3,143.63,21.55,409.36,299.91,109.45
4291,311,13,9,6,36.75,0.0,220.49,154.95,65.55
4292,217,101,23,3,34.44,10.33,92.98,65.95,27.03
4293,126,18,18,3,112.08,0.0,336.23,228.57,107.65
4294,276,66,16,4,220.07,88.03,792.25,538.91,253.33
4295,309,55,34,6,352.11,0.0,2112.66,1676.85,435.81
4296,132,68,40,5,121.19,60.6,545.36,360.88,184.48
4297,205,11,1,6,242.42,145.45,1309.06,787.63,521.42
4298,4,106,19,3,387.5,116.25,1046.24,694.0,352.24
4299,112,63,5,6,61.86,0.0,371.15,277.58,93.57
4300,218,10,18,7,102.42,0.0,716.93,486.3,230.62
4301,72,1,25,4,456.27,182.51,1642.58,1228.1,414.48
4302,362,82,17,5,261.23,0.0,1306.13,802.93,503.2
4303,355,100,13,7,176.23,0.0,1233.58,872.57,361.01
4304,95,83,13,6,166.52,0.0,999.12,782.68,216.44
4305,145,109,12,2,18.35,0.0,36.71,25.44,11.27
4306,70,114,14,6,401.23,0.0,2407.37,1737.98,669.39
4307,184,131,15,4,208.51,0.0,834.03,611.57,222.45
4308,46,148,28,2,77.46,7.75,147.17,110.33,36.83
4309,143,133,4,3,218.12,0.0,654.36,421.79,232.58
4310,203,120,2,7,344.4,0.0,2410.8,1733.97,676.84
4311,224,65,21,7,252.11,0.0,1764.8,1168.94,595.86
4312,218,76,28,6,76.7,46.02,414.16,271.5,142.65
4313,81,93,11,7,381.05,133.37,2534.0,1718.83,815.18
4314,290,26,9,5,42.02,10.51,199.61,131.76,67.85
4315,253,102,25,6,421.9,253.14,2278.25,1268.95,1009.3
4316,275,89,16,2,229.65,22.97,436.34,327.4,108.94
4317,171,79,30,3,213.86,0.0,641.58,454.09,187.49
4318,326,126,6,2,70.23,7.02,133.44,78.35,55.09
4319,143,104,5,7,57.84,0.0,404.91,251.27,153.64
4320,295,140,23,5,34.63,8.66,164.49,117.61,46.88
4321,75,147,16,7,264.68,0.0,1852.73,1278.13,574.6
4322,91,124,30,3,220.84,66.25,596.26,444.41,151.85
4323,193,45,21,3,236.26,0.0,708.79,483.46,225.33
4324,203,29,15,5,233.0,0.0,1164.98,906.41,258.57
4325,273,45,7,4,373.57,74.71,1419.57,810.45,609.12
4326,109,107,7,3,371.68,0.0,1115.05,797.88,317.16
4327,319,130,31,3,436.61,0.0,1309.83,851.81,458.02
4328,121,133,10,4,468.31,187.32,1685.92,1066.93,618.99
4329,195,103,21,1,253.65,25.36,228.28,183.72,44.56
4330,341,103,33,2,290.34,29.03,551.65,432.07,119.58
4331,197,143,36,1,488.51,0.0,488.51,292.91,195.6
4332,249,103,11,2,383.52,0.0,767.04,433.77,333.27
4333,332,22,5,2,57.81,0.0,115.62,90.67,24.96
4334,356,76,31,1,499.06,24.95,474.11,282.43,191.68
4335,183,54,28,1,85.2,4.26,80.94,64.8,16.14
4336,153,96,14,6,382.33,0.0,2293.97,1433.44,860.52
4337,72,96,24,2,87.66,0.0,175.32,115.91,59.41
4338,197,45,8,4,27.84,0.0,111.38,62.61,48.77
4339,336,45,29,1,335.06,0.0,335.06,232.91,102.15
4340,178,14,30,7,240.22,0.0,1681.55,1010.54,671.01
4341,128,44,12,2,16.23,0.0,32.46,21.63,10.83
4342,40,125,19,6,367.93,0.0,2207.56,1762.16,445.4
4343,143,99,14,5,355.27,0.0,1776.33,1098.12,678.21
4344,87,142,2,6,319.67,0.0,1918.0,1383.7,534.3
4345,357,139,6,5,68.75,0.0,343.75,207.81,135.94
4346,193,129,39,4,297.87,119.15,1072.32,766.34,305.98
4347,51,27,19,6,329.84,0.0,1979.03,1242.98,736.06
4348,25,51,6,6,70.54,0.0,423.22,310.65,112.57
4349,311,9,2,3,357.56,0.0,1072.68,813.16,259.51
4350,340,15,15,7,213.2,0.0,1492.38,1175.67,316.71
4351,279,35,40,7,123.79,0.0,866.51,691.49,175.02
4352,46,43,16,6,257.33,0.0,1543.98,949.78,594.2
4353,36,3,40,7,104.95,0.0,734.66,429.65,305.01
4354,73,127,20,1,63.88,6.39,57.49,32.37,25.12
4355,275,80,31,4,466.14,186.45,1678.09,1249.34,428.76
4356,280,99,32,5,327.9,0.0,1639.49,984.45,655.04
4357,306,99,2,7,353.06,0.0,2471.45,1893.25,578.21
4358,36,146,1,1,277.68,41.65,236.03,191.3,44.73
4359,56,23,37,6,492.36,0.0,2954.17,1742.81,1211.36
4360,329,52,38,1,144.67,21.7,122.97,77.04,45.93
4361,339,47,6,3,79.26,23.78,213.99,147.97,66.02
4362,265,83,26,5,96.2,0.0,481.02,320.48,160.54
4363,39,79,37,3,511.0,0.0,1532.99,1019.45,513.55
4364,26,119,39,6,349.42,0.0,2096.5,1275.97,820.53
4365,21,85,12,7,16.34,11.44,102.96,81.35,21.61
4366,253,36,33,2,288.25,0.0,576.5,423.17,153.33
4367,309,85,26,2,106.73,10.67,202.78,119.95,82.83
4368,231,145,38,1,148.65,0.0,148.65,81.94,66.72
4369,96,87,6,5,69.86,34.93,314.36,237.63,76.73
4370,277,89,25,7,461.62,323.13,2908.2,1611.96,1296.24
4371,22,27,1,5,263.59,0.0,1317.93,1038.15,279.78
4372,303,2,15,1,204.84,0.0,204.84,141.94,62.9
4373,326,32,1,2,275.36,0.0,550.72,441.19,109.52
4374,263,4,18,1,111.61,11.16,100.45,76.18,24.27
4375,321,68,33,4,250.23,50.05,950.87,752.58,198.28
4376,214,133,27,6,164.52,0.0,987.12,741.16,245.96
4377,171,68,13,2,157.85,31.57,284.12,200.5,83.62
4378,118,97,18,6,113.28,0.0,679.7,405.59,274.1
4379,337,129,15,2,224.81,0.0,449.63,335.63,114.0
4380,255,115,30,4,213.26,85.3,767.72,545.02,222.7
4381,70,98,11,5,373.51,0.0,1867.53,1256.39,611.13
4382,350,118,4,4,224.03,89.61,806.5,565.21,241.29
4383,22,43,21,4,260.69,0.0,1042.76,638.91,403.85
4384,215,64,34,3,335.36,50.3,955.76,630.03,325.73
4385,70,60,20,4,70.87,0.0,283.47,165.41,118.05
4386,243,120,9,2,43.69,0.0,87.37,57.72,29.65
4387,151,62,2,3,325.95,0.0,977.86,661.1,316.76
4388,160,141,38,6,145.02,43.51,826.61,646.07,180.53
4389,246,28,31,7,474.25,0.0,3319.74,2298.38,1021.36
4390,276,26,7,6,415.97,0.0,2495.79,1985.14,510.65
4391,139,108,3,3,288.37,0.0,865.11,701.9,163.21
4392,365,115,6,3,74.41,0.0,223.22,125.72,97.5
4393,182,102,16,1,261.09,13.05,248.03,176.41,71.62
4394,59,47,33,2,266.08,26.61,505.55,318.9,186.65
4395,3,2,7,5,366.17,91.54,1739.32,1356.43,382.9
4396,74,49,33,2,278.72,0.0,557.44,380.95,176.48
4397,253,70,1,6,260.82,0.0,1564.89,893.68,671.21
4398,197,62,30,1,236.7,0.0,236.7,143.93,92.77
4399,124,139,12,3,16.74,0.0,50.21,36.75,13.46
4400,176,130,39,2,338.64,67.73,609.55,348.35,261.19
4401,306,117,20,4,70.86,0.0,283.44,184.9,98.54
4402,209,4,11,1,340.06,34.01,306.06,240.36,65.7
4403,22,20,10,3,454.66,0.0,1363.98,760.94,603.04
4404,18,66,34,6,348.43,104.53,1986.07,1465.67,520.4
4405,176,94,17,6,221.3,66.39,1261.39,923.82,337.57
4406,148,103,15,2,230.41,23.04,437.78,278.69,159.09
4407,311,45,30,4,234.88,46.98,892.53,518.06,374.48
4408,213,17,22,5,90.6,0.0,453.02,261.69,191.33
4409,277,50,27,4,161.06,32.21,612.02,496.77,115.25
4410,214,119,18,4,111.38,0.0,445.51,326.46,119.06
4411,127,148,3,3,253.66,0.0,760.98,495.79,265.19
4412,240,142,1,6,252.19,0.0,1513.17,1172.79,340.38
4413,227,89,2,5,373.55,0.0,1867.77,1079.39,788.39
4414,263,14,23,7,40.84,28.59,257.31,150.34,106.97
4415,70,146,21,6,254.66,0.0,1527.97,921.89,606.08
4416,235,23,30,3,211.58,0.0,634.74,479.97,154.77
4417,105,41,36,3,438.06,0.0,1314.19,867.89,446.3
4418,289,147,7,1,395.59,19.78,375.81,271.9,103.91
4419,292,76,39,5,311.46,77.86,1479.43,906.54,572.89
4420,229,30,38,6,146.73,88.04,792.33,602.07,190.26
4421,346,76,25,3,422.4,63.36,1203.83,922.68,281.16
4422,197,12,22,1,96.76,0.0,96.76,64.01,32.74
4423,10,48,8,6,27.74,0.0,166.42,100.93,65.48
4424,222,143,8,2,27.18,0.0,54.37,39.15,15.22
4425,284,45,1,5,250.52,62.63,1189.98,736.78,453.19
4426,37,134,26,1,100.26,15.04,85.22,50.28,34.94
4427,39,82,18,1,112.14,0.0,112.14,80.33,31.82
4428,100,99,8,7,27.21,0.0,190.46,131.13,59.33
4429,309,106,6,5,70.21,17.55,333.48,253.95,79.52
4430,193,83,3,1,252.41,12.62,239.79,150.81,88.98
4431,357,6,26,1,101.04,5.05,95.99,58.63,37.36
4432,319,138,28,4,78.29,0.0,313.18,226.41,86.77
4433,203,72,26,5,103.02,0.0,515.12,380.82,134.3
4434,248,99,5,3,54.99,0.0,164.98,109.15,55.83
4435,121,84,2,7,333.64,0.0,2335.48,1563.45,772.02
4436,33,99,5,5,58.19,14.55,276.42,161.25,115.17
4437,146,54,31,5,462.63,0.0,2313.17,1565.42,747.75
4438,217,127,30,3,215.22,0.0,645.66,522.7,122.96
4439,67,34,12,5,18.1,13.57,76.91,44.66,32.25
4440,81,98,3,7,267.5,0.0,1872.49,1317.02,555.47
4441,6,87,13,1,180.15,0.0,180.15,99.98,80.17
4442,268,76,33,6,256.0,153.6,1382.4,881.77,500.64
4443,329,4,6,7,81.86,0.0,573.05,432.95,140.11
4444,303,59,32,4,358.5,143.4,1290.61,907.47,383.14
4445,139,8,19,6,335.97,0.0,2015.82,1152.86,862.96
4446,217,76,6,3,76.62,22.98,206.86,139.01,67.85
4447,351,104,38,2,153.51,0.0,307.01,175.41,131.6
4448,216,79,21,6,260.78,0.0,1564.69,1018.38,546.31
4449,108,114,27,3,146.72,66.02,374.13,283.45,90.68
4450,124,55,4,6,236.89,71.07,1350.27,836.8,513.47
4451,266,46,15,3,226.27,0.0,678.82,456.45,222.37
4452,163,68,26,3,109.79,0.0,329.37,225.65,103.72
4453,306,35,26,5,107.39,0.0,536.93,419.01,117.92
4454,316,121,3,3,288.4,0.0,865.21,504.25,360.96
4455,14,122,25,6,456.33,0.0,2737.99,1912.79,825.19
4456,265,63,38,1,153.28,0.0,153.28,85.58,67.7
4457,136,119,32,1,363.29,36.33,326.96,188.07,138.89
4458,190,4,9,1,41.28,4.13,37.16,22.65,14.51
4459,97,24,37,2,438.19,87.64,788.75,587.08,201.66
4460,135,43,28,1,83.33,0.0,83.33,46.76,36.57
4461,121,59,3,3,249.66,0.0,748.98,603.05,145.92
4462,19,35,6,1,82.98,4.15,78.83,52.46,26.37
4463,286,77,37,6,492.92,0.0,2957.49,2296.3,661.19
4464,53,120,9,2,40.82,0.0,81.63,49.79,31.85
4465,138,69,4,7,204.43,143.1,1287.88,825.8,462.08
4466,71,68,19,6,366.03,109.81,2086.35,1557.03,529.32
4467,59,9,22,5,94.36,0.0,471.8,307.8,164.01
4468,137,43,23,6,38.89,0.0,233.32,160.29,73.02
4469,336,122,27,6,153.14,0.0,918.85,706.13,212.72
4470,345,122,40,6,112.91,33.87,643.61,467.13,176.48
4471,140,16,31,4,449.29,0.0,1797.16,1394.03,403.13
4472,185,3,2,5,355.2,177.6,1598.38,916.43,681.95
4473,360,125,4,4,215.91,0.0,863.63,616.79,246.84
4474,86,27,1,5,287.42,0.0,1437.11,1023.69,413.42
4475,345,87,16,3,261.48,39.22,745.22,532.03,213.2
4476,39,125,15,1,228.82,22.88,205.93,146.0,59.93
4477,83,119,38,7,143.56,100.49,904.4,674.17,230.23
4478,124,83,15,5,197.44,0.0,987.2,767.93,219.27
4479,14,57,2,5,383.44,0.0,1917.19,1173.3,743.89
4480,298,117,36,2,522.92,52.29,993.54,574.5,419.04
4481,313,105,11,6,329.85,197.91,1781.19,1015.23,765.96
4482,140,126,37,4,496.65,297.99,1688.59,1000.96,687.64
4483,306,78,31,1,465.59,0.0,465.59,338.53,127.06
4484,282,142,36,7,442.6,154.91,2943.32,1949.82,993.5
4485,293,116,33,7,299.89,0.0,2099.25,1352.68,746.57
4486,293,10,6,7,82.73,0.0,579.12,460.79,118.32
4487,210,45,26,4,110.13,0.0,440.5,349.34,91.16
4488,41,120,17,2,220.6,0.0,441.2,306.86,134.35
4489,338,18,26,1,100.27,0.0,100.27,67.56,32.71
4490,223,107,30,6,249.33,0.0,1495.99,932.03,563.96
4491,329,52,21,7,270.16,94.56,1796.57,1211.2,585.37
4492,351,32,13,1,164.17,8.21,155.96,103.08,52.88
4493,69,81,37,5,480.47,0.0,2402.34,1325.79,1076.54
4494,147,140,27,1,136.17,6.81,129.36,97.64,31.72
4495,71,135,36,6,486.69,0.0,2920.13,1951.86,968.27
4496,19,61,10,1,486.4,0.0,486.4,296.78,189.61
4497,353,1,34,7,300.31,315.32,1786.82,1304.18,482.64
4498,338,134,13,2,155.03,0.0,310.06,208.01,102.05
4499,341,135,19,3,366.19,0.0,1098.56,697.27,401.3
4500,323,91,35,5,35.03,8.76,166.38,101.88,64.5
4501,237,95,15,6,210.72,0.0,1264.33,715.57,548.76
4502,191,80,11,3,322.79,0.0,968.36,664.12,304.24
4503,362,2,37,7,502.2,175.77,3339.62,2175.33,1164.29
4504,202,24,39,1,303.28,15.16,288.12,161.6,126.52
4505,235,22,13,4,171.15,0.0,684.6,526.7,157.9
4506,78,138,13,7,168.31,117.82,1060.35,814.6,245.75
4507,273,8,10,2,447.48,0.0,894.95,610.63,284.32
4508,300,84,1,4,273.4,0.0,1093.62,849.2,244.42
4509,248,55,23,4,39.03,0.0,156.14,106.15,49.98
4510,182,1,11,3,361.59,0.0,1084.77,646.09,438.68
4511,73,138,34,6,337.3,303.57,1720.24,1186.54,533.7
4512,13,3,7,4,378.83,75.77,1439.55,913.24,526.31
4513,229,129,26,5,99.03,0.0,495.13,332.8,162.33
4514,250,117,21,4,260.55,0.0,1042.18,846.34,195.85
4515,283,120,25,7,432.44,0.0,3027.1,1955.49,1071.61
4516,347,25,5,4,55.74,11.15,211.81,128.84,82.97
4517,182,133,19,6,343.74,0.0,2062.43,1205.92,856.51
4518,303,90,26,5,104.95,52.47,472.27,372.46,99.81
4519,262,61,14,6,356.93,0.0,2141.59,1186.51,955.08
4520,102,103,35,7,37.44,0.0,262.05,208.33,53.72
4521,309,52,22,2,99.86,19.97,179.75,101.86,77.89
4522,20,42,15,3,197.91,59.37,534.36,402.49,131.87
4523,219,44,2,3,364.61,0.0,1093.84,688.34,405.5
4524,344,86,7,4,373.11,0.0,1492.42,921.53,570.89
4525,241,91,20,4,70.54,28.22,253.95,152.01,101.94
4526,343,37,17,1,258.23,12.91,245.32,143.84,101.48
4527,21,37,35,7,37.0,12.95,246.05,139.73,106.32
4528,195,142,32,7,341.77,119.62,2272.79,1345.18,927.61
4529,285,78,7,5,415.9,207.95,1871.57,1326.73,544.83
4530,235,130,24,3,87.0,0.0,261.01,183.7,77.31
4531,322,50,19,6,392.25,0.0,2353.5,1473.03,880.47
4532,169,44,5,2,52.59,0.0,105.18,77.16,28.02
4533,250,43,27,3,162.14,24.32,462.09,350.17,111.92
4534,154,80,22,7,100.58,0.0,704.04,573.55,130.5
4535,319,117,4,7,209.01,0.0,1463.1,978.43,484.67
4536,44,76,19,5,401.2,100.3,1905.71,1240.88,664.83
4537,93,45,30,2,239.68,0.0,479.36,389.6,89.76
4538,36,145,14,1,416.67,62.5,354.17,284.89,69.28
4539,257,86,15,7,196.03,0.0,1372.18,1098.12,274.06
4540,85,60,5,2,57.02,5.7,108.34,77.39,30.94
4541,116,2,9,5,42.08,10.52,199.9,143.28,56.61
4542,306,85,40,3,101.95,0.0,305.84,244.84,61.0
4543,132,94,25,4,459.56,0.0,1838.22,1249.17,589.06
4544,54,140,8,7,27.78,0.0,194.45,118.16,76.3
4545,8,35,20,5,62.03,31.02,279.14,227.79,51.36
4546,83,25,8,4,27.98,5.6,106.33,82.65,23.67
4547,334,150,18,3,104.69,0.0,314.07,177.49,136.58
4548,201,83,6,2,81.07,0.0,162.14,94.1,68.04
4549,364,5,25,4,468.61,281.16,1593.27,1255.77,337.5
4550,79,16,23,4,37.46,0.0,149.84,94.59,55.25
4551,129,72,26,1,100.58,10.06,90.52,66.81,23.71
4552,60,93,18,3,110.82,0.0,332.46,193.43,139.03
4553,146,37,12,5,16.52,0.0,82.58,49.22,33.36
4554,206,55,10,1,487.59,0.0,487.59,366.57,121.03
4555,295,111,9,7,38.79,0.0,271.55,221.15,50.4
4556,135,146,18,7,110.84,77.59,698.29,478.74,219.55
4557,282,74,19,5,350.27,87.57,1663.8,934.37,729.43
4558,229,63,27,1,154.71,7.74,146.98,90.13,56.84
4559,107,55,3,4,288.24,57.65,1095.33,665.33,429.99
4560,333,21,12,7,15.9,5.56,105.73,84.85,20.88
4561,159,8,35,1,32.91,1.65,31.26,20.73,10.53
4562,56,126,37,6,440.95,132.29,2513.43,2025.5,487.93
4563,352,6,38,6,138.81,83.28,749.55,586.22,163.34
4564,334,124,13,1,163.24,8.16,155.08,104.17,50.91
4565,19,38,6,2,80.33,0.0,160.67,89.45,71.22
4566,330,105,8,6,27.19,0.0,163.12,132.57,30.55
4567,346,143,6,7,69.33,0.0,485.32,268.25,217.08
4568,303,113,39,6,327.72,0.0,1966.33,1536.01,430.32
4569,94,110,36,4,504.19,0.0,2016.75,1334.23,682.52
4570,231,40,33,5,266.91,0.0,1334.56,842.58,491.98
4571,197,90,30,4,219.26,0.0,877.04,579.06,297.98
4572,227,97,14,5,405.54,202.77,1824.95,1179.58,645.36
4573,226,64,20,6,58.77,35.26,317.37,233.61,83.77
4574,234,6,34,1,354.51,0.0,354.51,249.8,104.71
4575,188,137,33,2,289.32,57.86,520.78,322.55,198.23
4576,253,30,21,1,281.27,28.13,253.14,175.28,77.86
4577,193,147,34,6,306.09,183.65,1652.87,1089.8,563.07
4578,7,140,14,6,354.99,0.0,2129.94,1700.92,429.02
4579,13,3,17,1,255.22,0.0,255.22,201.87,53.36
4580,350,111,34,1,331.82,0.0,331.82,237.81,94.01
4581,332,96,16,2,237.15,23.71,450.58,365.26,85.32
4582,214,35,31,2,479.59,47.96,911.22,593.47,317.76
4583,64,122,19,4,332.66,66.53,1264.12,725.29,538.83
4584,286,17,12,4,17.53,7.01,63.12,35.53,27.59
4585,53,38,9,3,43.96,13.19,118.7,91.99,26.7
4586,138,143,25,2,451.97,45.2,858.75,561.23,297.52
4587,121,112,20,5,64.5,32.25,290.24,227.05,63.19
4588,5,17,15,6,237.59,142.55,1282.98,864.54,418.43
4589,295,22,30,5,239.75,0.0,1198.77,662.94,535.83
4590,187,39,1,6,244.76,146.86,1321.7,915.59,406.11
4591,116,11,4,7,224.97,0.0,1574.82,1118.96,455.87
4592,186,28,39,6,291.57,0.0,1749.41,1175.44,573.97
4593,1,86,27,5,144.23,108.17,612.96,475.82,137.14
4594,160,2,22,1,99.68,0.0,99.68,72.16,27.52
4595,190,44,1,3,253.28,0.0,759.84,492.74,267.1
4596,124,48,24,3,76.67,34.5,195.51,145.49,50.03
4597,304,146,18,5,115.7,0.0,578.51,368.1,210.41
4598,92,147,24,6,80.86,0.0,485.13,376.66,108.47
4599,51,127,2,5,355.71,0.0,1778.53,1112.7,665.83
4600,193,52,23,3,35.77,0.0,107.32,78.34,28.98
4601,324,80,24,6,87.62,0.0,525.74,348.08,177.66
4602,137,76,12,5,18.39,0.0,91.96,53.09,38.87
4603,18,130,3,6,248.78,149.27,1343.39,967.27,376.12
4604,355,112,39,5,338.03,0.0,1690.16,1104.39,585.77
4605,163,136,29,5,346.17,86.54,1644.31,1185.96,458.35
4606,64,83,25,3,421.73,0.0,1265.19,880.29,384.9
4607,225,138,31,3,459.18,0.0,1377.54,773.12,604.42
4608,117,112,27,2,141.2,14.12,268.28,162.4,105.88
4609,343,111,6,2,69.67,0.0,139.33,102.98,36.35
4610,108,100,19,5,384.47,0.0,1922.34,1300.01,622.32
4611,201,51,36,3,504.03,0.0,1512.08,1022.09,490.0
4612,199,92,12,1,18.74,0.0,18.74,10.32,8.42
4613,89,54,39,1,347.51,0.0,347.51,219.54,127.97
4614,183,98,3,7,267.66,0.0,1873.59,1369.14,504.45
4615,40,39,14,4,356.96,0.0,1427.86,1127.28,300.58
4616,235,120,15,5,196.25,0.0,981.24,691.76,289.48
4617,277,86,25,7,439.38,0.0,3075.66,2140.58,935.08
4618,347,107,8,1,28.91,2.89,26.02,17.61,8.4
4619,119,34,10,7,432.69,0.0,3028.83,2220.7,808.12
4620,105,119,27,5,140.98,35.24,669.64,512.61,157.03
4621,201,121,12,5,16.84,4.21,79.97,48.75,31.22
4622,253,22,36,4,513.54,0.0,2054.16,1525.78,528.38
4623,363,53,35,5,34.27,0.0,171.36,105.53,65.83
4624,10,102,13,2,173.75,0.0,347.5,194.11,153.39
4625,87,132,23,3,37.29,0.0,111.86,63.78,48.08
4626,96,111,14,7,375.42,0.0,2627.95,1478.4,1149.56
4627,94,71,14,2,380.66,0.0,761.31,476.31,285.0
4628,170,45,27,6,158.06,94.84,853.53,498.75,354.78
4629,319,137,12,7,17.91,6.27,119.1,68.25,50.86
4630,12,132,6,5,75.09,0.0,375.47,221.47,154.0
4631,298,135,11,3,339.87,101.96,917.66,514.18,403.48
4632,226,46,38,6,138.18,0.0,829.07,532.89,296.18
4633,225,66,11,6,320.89,0.0,1925.35,1486.68,438.67
4634,248,37,15,4,200.71,0.0,802.84,561.6,241.24
4635,43,144,26,1,93.7,9.37,84.33,47.86,36.47
4636,273,131,5,4,58.57,0.0,234.29,152.57,81.71
4637,91,26,11,4,379.1,151.64,1364.77,909.01,455.76
4638,189,38,7,2,401.92,40.19,763.64,455.55,308.09
4639,248,83,37,3,500.25,0.0,1500.74,976.55,524.19
4640,221,63,38,2,163.65,0.0,327.3,209.78,117.53
4641,118,69,31,5,516.39,0.0,2581.97,1764.33,817.64
4642,145,56,10,4,432.77,86.55,1644.54,1214.12,430.43
4643,174,102,25,6,405.64,0.0,2433.81,1653.26,780.56
4644,16,135,27,4,139.61,0.0,558.43,318.29,240.14
4645,266,138,35,5,37.34,0.0,186.72,105.48,81.24
4646,37,69,7,6,353.22,211.93,1907.36,1506.34,401.02
4647,168,125,30,2,223.66,22.37,424.95,313.43,111.51
4648,240,105,8,4,27.13,0.0,108.5,78.93,29.57
4649,30,30,23,6,38.42,0.0,230.53,183.63,46.9
4650,364,120,36,5,485.19,0.0,2425.93,1688.95,736.98
4651,138,53,3,2,286.74,0.0,573.47,326.82,246.65
4652,6,95,6,6,77.23,0.0,463.35,344.22,119.14
4653,241,109,33,2,291.87,29.19,554.56,329.3,225.25
4654,204,142,1,7,246.25,0.0,1723.72,1258.09,465.62
4655,234,143,28,5,87.86,0.0,439.31,289.15,150.16
4656,275,121,21,3,265.72,0.0,797.15,444.51,352.64
4657,174,76,14,2,363.86,0.0,727.73,411.16,316.57
4658,302,61,35,7,37.91,13.27,252.12,165.39,86.73
4659,136,67,34,4,362.79,72.56,1378.61,979.54,399.07
4660,199,143,14,6,411.84,0.0,2471.07,1473.11,997.96
4661,58,31,1,6,290.66,0.0,1743.97,1009.45,734.52
4662,227,79,6,1,74.34,3.72,70.62,46.02,24.61
4663,96,102,5,5,53.36,13.34,253.44,194.42,59.02
4664,255,4,40,3,105.77,31.73,285.57,217.51,68.06
4665,293,96,24,7,90.79,63.55,571.96,420.23,151.73
4666,314,40,28,2,87.33,17.47,157.2,104.51,52.68
4667,340,43,10,1,497.4,49.74,447.66,299.63,148.03
4668,45,94,35,5,37.02,18.51,166.57,101.78,64.8
4669,51,2,29,4,381.58,76.32,1450.01,851.19,598.81
4670,339,24,31,4,438.85,87.77,1667.62,924.32,743.3
4671,140,69,19,2,340.42,34.04,646.79,505.95,140.85
4672,10,88,28,4,81.54,0.0,326.18,223.1,103.08
4673,105,17,22,7,102.65,0.0,718.53,395.78,322.75
4674,306,55,16,6,226.53,135.92,1223.26,847.57,375.69
4675,130,47,24,7,91.49,0.0,640.45,396.92,243.53
4676,29,81,13,3,172.46,0.0,517.37,344.25,173.12
4677,264,46,39,7,307.72,0.0,2154.05,1575.8,578.25
4678,72,1,29,3,400.42,0.0,1201.26,923.33,277.93
4679,129,80,30,7,235.6,0.0,1649.2,1218.98,430.23
4680,2,128,29,7,389.07,0.0,2723.52,2157.03,566.49
4681,220,88,18,2,110.45,0.0,220.89,135.49,85.4
4682,163,55,39,7,312.92,0.0,2190.42,1595.88,594.54
4683,317,73,9,5,36.43,0.0,182.17,143.96,38.21
4684,123,22,23,6,37.85,0.0,227.12,143.83,83.29
4685,75,36,3,5,285.35,0.0,1426.73,1092.67,334.07
4686,61,66,12,2,18.64,0.0,37.28,29.97,7.31
4687,74,89,23,7,40.52,14.18,269.43,195.02,74.4
4688,165,73,20,1,59.59,0.0,59.59,35.42,24.17
4689,32,145,38,6,163.24,97.94,881.5,546.91,334.59
4690,147,96,25,2,406.02,40.6,771.43,565.92,205.51
4691,312,4,17,6,215.72,0.0,1294.31,1014.57,279.74
4692,281,79,18,3,118.66,0.0,355.99,198.08,157.91
4693,233,88,25,2,472.07,0.0,944.14,602.47,341.68
4694,326,7,32,2,367.53,0.0,735.06,450.64,284.42
4695,285,58,12,3,18.15,5.45,49.01,32.54,16.47
4696,239,131,24,7,79.49,27.82,528.59,400.4,128.19
4697,316,54,23,6,34.97,20.98,188.83,129.49,59.34
4698,46,69,1,5,244.87,61.22,1163.12,802.48,360.64
4699,299,34,37,5,486.72,243.36,2190.23,1564.78,625.45
4700,108,12,23,3,37.47,11.24,101.18,69.73,31.44
4701,268,48,10,7,418.29,0.0,2928.06,2154.56,773.5
4702,334,116,26,2,99.73,0.0,199.45,115.46,83.99
4703,182,148,28,7,83.08,0.0,581.56,323.44,258.12
4704,33,100,37,3,500.22,0.0,1500.66,1160.36,340.3
4705,136,125,2,3,347.31,0.0,1041.94,707.79,334.14
4706,149,98,17,4,228.89,0.0,915.55,577.34,338.22
4707,342,99,8,6,27.86,16.71,150.42,101.18,49.24
4708,345,65,23,5,38.95,0.0,194.76,141.31,53.46
4709,208,10,21,6,249.03,149.42,1344.77,783.82,560.96
4710,347,62,19,1,329.83,0.0,329.83,228.04,101.79
4711,160,130,40,2,123.0,0.0,245.99,142.65,103.34
4712,151,81,22,6,102.4,61.44,552.98,432.47,120.5
4713,306,115,17,7,223.32,0.0,1563.23,1097.14,466.09
4714,244,8,3,1,274.76,13.74,261.02,200.71,60.31
4715,191,31,12,7,17.37,12.16,109.41,81.48,27.94
4716,167,45,36,2,440.46,0.0,880.92,678.41,202.51
4717,258,54,19,7,342.37,0.0,2396.61,1539.32,857.3
4718,276,149,37,7,522.61,0.0,3658.26,2149.8,1508.47
4719,180,70,22,5,97.58,0.0,487.92,385.82,102.11
4720,12,100,22,2,91.42,18.28,164.55,129.8,34.74
4721,38,97,18,6,119.76,71.86,646.72,509.93,136.79
4722,53,63,23,1,37.35,0.0,37.35,30.52,6.83
4723,169,145,3,3,278.71,41.81,794.32,564.73,229.59
4724,225,34,3,5,260.22,130.11,1170.98,806.07,364.91
4725,294,6,20,1,59.21,0.0,59.21,45.32,13.9
4726,85,112,24,3,78.81,0.0,236.44,137.07,99.37
4727,288,99,23,6,41.12,24.67,222.06,169.08,52.98
4728,244,40,18,1,115.83,5.79,110.04,84.65,25.39
4729,19,131,12,3,18.17,0.0,54.52,38.48,16.04
4730,129,25,29,1,336.17,0.0,336.17,220.1,116.07
4731,111,38,25,5,459.81,0.0,2299.05,1671.82,627.22
4732,324,24,2,1,352.31,17.62,334.7,266.77,67.93
4733,337,28,19,2,376.94,37.69,716.18,424.45,291.74
4734,300,110,29,4,361.2,0.0,1444.79,915.99,528.8
4735,193,106,32,2,345.35,69.07,621.63,454.59,167.04
4736,180,97,12,2,15.46,0.0,30.92,23.96,6.96
4737,114,130,37,6,435.35,130.6,2481.48,1801.7,679.78
4738,283,11,27,6,158.97,47.69,906.16,642.94,263.21
4739,32,94,18,1,104.55,0.0,104.55,59.92,44.63
4740,99,18,26,7,90.67,0.0,634.69,423.4,211.28
4741,50,144,35,4,37.46,0.0,149.84,118.43,31.42
4742,181,96,10,2,432.47,43.25,821.7,532.17,289.53
4743,110,114,7,7,390.06,136.52,2593.87,1693.47,900.41
4744,73,86,18,3,120.7,0.0,362.09,234.11,127.98
4745,138,58,4,3,228.28,102.72,582.1,377.17,204.93
4746,315,103,34,2,303.23,60.65,545.81,359.85,185.97
4747,204,126,39,7,323.62,0.0,2265.34,1718.96,546.38
4748,301,27,25,3,440.28,0.0,1320.83,888.74,432.09
4749,334,131,40,5,109.54,0.0,547.71,391.02,156.69
4750,330,109,3,2,284.95,0.0,569.91,381.53,188.38
4751,129,13,26,7,109.75,115.24,653.02,513.23,139.79
4752,321,141,18,6,105.06,31.52,598.84,358.26,240.58
4753,332,28,12,4,15.83,0.0,63.34,36.94,26.4
4754,351,91,13,3,174.15,0.0,522.45,344.86,177.59
4755,129,20,22,5,96.54,0.0,482.7,392.46,90.24
4756,84,30,26,4,106.36,0.0,425.45,314.38,111.06
4757,214,97,7,7,356.19,0.0,2493.31,1786.19,707.12
4758,341,102,25,5,396.45,198.22,1784.0,1169.22,614.78
4759,329,104,38,1,154.82,7.74,147.08,92.62,54.47
4760,209,52,1,6,295.13,177.08,1593.68,1288.14,305.55
4761,55,124,36,2,437.49,0.0,874.98,582.1,292.88
4762,155,8,25,3,468.44,0.0,1405.33,1042.75,362.59
4763,261,129,14,4,376.37,150.55,1354.94,1041.7,313.24
4764,205,46,30,2,208.71,0.0,417.43,303.69,113.74
4765,127,94,25,7,437.5,0.0,3062.52,1876.72,1185.8
4766,126,136,31,7,451.76,474.35,2687.96,1687.38,1000.58
4767,22,39,4,2,225.99,45.2,406.78,226.26,180.53
4768,106,62,3,3,259.69,77.91,701.17,569.16,132.01
4769,245,125,26,3,100.06,0.0,300.19,232.76,67.44
4770,89,130,13,5,156.38,39.09,742.8,489.57,253.23
4771,363,36,10,5,483.53,0.0,2417.64,1912.24,505.4
4772,31,77,17,5,257.73,0.0,1288.64,762.22,526.42
4773,215,50,30,1,226.58,0.0,226.58,127.19,99.39
4774,182,78,8,4,26.69,10.67,96.07,56.35,39.72
4775,305,57,39,2,350.59,0.0,701.18,552.89,148.28
4776,325,1,17,2,220.52,22.05,418.98,248.6,170.39
4777,199,139,7,6,407.42,244.45,2200.06,1250.5,949.56
4778,231,96,3,1,274.85,27.48,247.36,148.44,98.92
4779,256,70,35,1,37.24,0.0,37.24,24.66,12.59
4780,191,17,5,4,54.09,10.82,205.53,140.59,64.94
4781,68,11,17,6,227.83,0.0,1367.01,838.93,528.08
4782,157,72,27,4,144.78,0.0,579.13,444.51,134.62
4783,89,98,21,2,235.78,0.0,471.57,381.57,89.99
4784,170,40,11,6,332.91,99.87,1897.56,1192.67,704.9
4785,225,112,5,3,62.01,18.6,167.43,134.17,33.25
4786,77,59,29,5,353.07,176.54,1588.83,1224.73,364.1
4787,92,2,20,2,58.72,0.0,117.44,92.69,24.75
4788,301,81,2,7,337.72,0.0,2364.07,1338.35,1025.73
4789,138,28,8,2,26.47,0.0,52.94,41.04,11.9
4790,73,3,23,7,37.93,39.82,225.67,159.82,65.85
4791,261,20,7,3,350.62,105.19,946.68,530.45,416.23
4792,262,43,16,6,256.45,230.8,1307.87,985.46,322.41
4793,302,78,5,4,60.1,0.0,240.41,147.91,92.49
4794,278,149,32,1,317.85,0.0,317.85,243.22,74.63
4795,363,33,26,1,106.43,5.32,101.1,72.7,28.41
4796,210,9,32,3,327.85,0.0,983.56,671.7,311.86
4797,105,29,3,2,267.03,0.0,534.06,297.11,236.96
4798,315,48,16,5,263.52,0.0,1317.6,1041.18,276.42
4799,97,31,11,1,384.38,0.0,384.38,226.72,157.65
4800,107,49,25,5,425.72,0.0,2128.61,1647.58,481.03
4801,303,146,33,2,272.08,54.42,489.74,360.35,129.39
4802,322,57,10,2,434.38,43.44,825.32,469.43,355.89
4803,124,96,31,3,474.12,142.24,1280.13,891.48,388.65
4804,267,103,24,5,87.55,0.0,437.73,354.42,83.31
4805,337,20,33,3,250.51,37.58,713.94,570.55,143.39
4806,292,38,4,3,235.84,0.0,707.53,417.09,290.44
4807,2,63,40,3,117.87,0.0,353.62,211.02,142.59
4808,243,70,18,3,103.92,0.0,311.76,184.4,127.36
4809,63,2,12,3,18.3,0.0,54.9,41.41,13.5
4810,309,97,8,6,28.28,16.97,152.69,90.61,62.08
4811,25,46,40,5,108.71,54.35,489.19,277.58,211.6
4812,363,49,36,3,478.11,0.0,1434.33,940.05,494.29
4813,65,91,6,6,81.62,24.49,465.22,377.32,87.9
4814,154,143,18,4,123.62,0.0,494.47,313.11,181.36
4815,86,130,30,7,220.93,0.0,1546.49,1152.97,393.51
4816,298,147,24,4,87.02,17.4,330.66,194.72,135.95
4817,144,63,8,2,28.9,5.78,52.03,37.34,14.69
4818,272,18,15,4,238.78,95.51,859.59,607.66,251.93
4819,25,33,15,6,198.86,0.0,1193.16,947.52,245.64
4820,166,52,12,2,17.06,0.0,34.11,25.36,8.75
4821,333,46,39,2,343.62,0.0,687.23,400.39,286.84
4822,339,32,9,5,36.36,0.0,181.78,119.85,61.93
4823,77,23,29,7,367.07,0.0,2569.51,1413.62,1155.89
4824,144,29,37,3,486.93,0.0,1460.8,898.49,562.31
4825,150,99,32,4,338.98,0.0,1355.94,1101.37,254.57
4826,207,74,32,5,352.9,0.0,1764.48,1187.58,576.9
4827,197,6,7,5,350.39,87.6,1664.35,1305.26,359.09
4828,39,85,6,2,80.48,0.0,160.96,89.56,71.4
4829,279,127,32,3,322.57,0.0,967.72,762.19,205.53
4830,83,64,30,7,246.03,172.22,1549.96,1224.68,325.28
4831,115,48,30,7,227.32,159.13,1432.13,1040.34,391.79
4832,307,41,17,6,215.8,0.0,1294.83,752.8,542.03
4833,252,57,21,1,285.23,0.0,285.23,224.34,60.89
4834,145,42,1,3,283.62,0.0,850.87,674.71,176.16
4835,334,139,12,1,16.52,2.48,14.05,8.49,5.56
4836,144,149,22,3,92.95,0.0,278.84,224.15,54.7
4837,207,52,6,7,77.49,0.0,542.42,427.36,115.06
4838,90,139,6,3,83.55,12.53,238.13,144.14,93.99
4839,67,129,2,2,338.55,33.85,643.24,422.18,221.06
4840,180,12,9,6,43.99,0.0,263.92,169.15,94.77
4841,206,74,40,6,109.1,0.0,654.59,448.08,206.51
4842,295,99,28,5,85.32,0.0,426.61,337.04,89.58
4843,143,64,38,6,145.41,0.0,872.43,685.8,186.64
4844,327,69,11,5,326.86,0.0,1634.29,976.38,657.91
4845,222,75,24,5,91.84,45.92,413.29,288.81,124.48
4846,26,104,36,7,444.07,310.85,2797.65,1942.1,855.55
4847,270,45,15,3,236.88,35.53,675.12,453.41,221.7
4848,210,90,27,4,138.11,27.62,524.81,389.92,134.89
4849,143,37,28,4,78.16,0.0,312.62,226.47,86.15
4850,171,134,34,5,361.54,0.0,1807.69,1128.51,679.19
4851,111,13,39,4,329.86,65.97,1253.47,807.24,446.23
4852,225,11,25,4,409.51,0.0,1638.05,1293.83,344.22
4853,207,6,24,2,86.03,0.0,172.06,109.77,62.29
4854,164,53,35,5,32.39,0.0,161.97,108.5,53.47
4855,105,91,28,1,88.12,4.41,83.71,68.03,15.68
4856,146,148,15,4,197.95,39.59,752.21,587.83,164.38
4857,182,69,26,3,101.03,0.0,303.09,223.9,79.19
4858,173,28,22,6,88.92,0.0,533.54,337.24,196.3
4859,113,56,10,4,471.45,188.58,1697.22,1221.6,475.63
4860,213,20,21,1,283.77,0.0,283.77,205.26,78.51
4861,83,71,25,4,465.54,0.0,1862.15,1231.11,631.04
4862,183,110,37,2,466.58,93.32,839.85,470.11,369.74
4863,45,6,24,3,80.03,12.0,228.08,148.02,80.06
4864,173,117,7,3,354.65,0.0,1063.95,731.14,332.81
4865,287,35,40,2,121.37,0.0,242.73,195.78,46.96
4866,299,101,24,7,77.4,54.18,487.6,363.95,123.64
4867,254,123,12,2,17.48,0.0,34.96,20.25,14.72
4868,273,117,31,4,460.12,184.05,1656.42,1045.83,610.58
4869,25,101,16,6,266.4,159.84,1438.55,993.83,444.72
4870,125,105,15,3,217.92,65.38,588.38,395.28,193.11
4871,239,29,34,7,336.72,0.0,2357.04,1299.63,1057.41
4872,293,21,35,3,37.5,0.0,112.5,90.28,22.22
4873,213,58,21,7,285.53,0.0,1998.73,1587.18,411.56
4874,312,92,15,4,221.18,0.0,884.7,707.24,177.46
4875,100,93,35,1,36.66,0.0,36.66,24.4,12.25
4876,57,117,7,7,394.08,0.0,2758.54,2137.9,620.64
4877,32,47,30,7,227.69,0.0,1593.82,1181.5,412.31
4878,213,130,24,7,76.99,26.95,512.01,352.35,159.66
4879,243,68,35,1,36.11,0.0,36.11,20.61,15.5
4880,105,37,17,6,247.03,0.0,1482.18,882.37,599.81
4881,287,111,34,3,307.9,0.0,923.71,567.45,356.25
4882,270,20,1,6,254.06,76.22,1448.12,1146.76,301.36
4883,132,61,31,7,494.61,0.0,3462.25,2526.23,936.02
4884,88,118,3,2,252.2,25.22,479.18,390.73,88.45
4885,271,116,26,3,104.27,0.0,312.8,219.88,92.92
4886,246,39,8,2,28.14,2.81,53.46,30.63,22.83
4887,63,25,39,3,310.35,93.1,837.93,568.95,268.98
4888,94,5,31,5,449.8,0.0,2249.02,1304.84,944.18
4889,178,14,5,3,55.0,8.25,156.74,124.35,32.39
4890,187,124,36,5,462.66,231.33,2081.99,1301.61,780.38
4891,61,118,11,5,364.07,0.0,1820.34,1098.14,722.2
4892,347,76,22,2,102.18,0.0,204.36,140.63,63.73
4893,142,86,4,1,233.32,23.33,209.99,161.25,48.73
4894,140,49,5,6,51.12,30.67,276.07,189.88,86.19
4895,23,29,10,2,474.31,47.43,901.19,504.95,396.24
4896,320,2,22,2,93.81,0.0,187.62,140.82,46.79
4897,86,101,22,5,104.03,0.0,520.14,290.86,229.28
4898,361,6,35,2,31.67,6.33,57.01,40.66,16.35
4899,182,16,7,2,387.66,38.77,736.56,527.8,208.76
4900,320,119,30,3,233.29,0.0,699.88,424.33,275.54
4901,66,88,1,4,259.24,0.0,1036.95,695.35,341.6
4902,61,74,12,6,18.65,11.19,100.69,55.55,45.14
4903,293,33,8,7,24.84,8.69,165.2,103.51,61.69
4904,300,23,5,6,52.32,47.09,266.86,191.4,75.46
4905,199,70,24,7,86.91,0.0,608.37,381.28,227.09
4906,12,54,37,4,480.24,0.0,1920.95,1081.23,839.72
4907,345,81,27,3,142.94,0.0,428.83,313.92,114.9
4908,144,25,35,6,33.25,0.0,199.51,149.72,49.79
4909,342,35,24,3,78.68,0.0,236.04,184.82,51.22
4910,318,17,3,6,291.15,0.0,1746.89,1373.75,373.14
4911,311,64,14,7,390.57,0.0,2733.96,1870.04,863.92
4912,252,42,33,3,258.81,0.0,776.42,512.43,263.99
4913,246,34,2,5,345.84,172.92,1556.3,1102.15,454.15
4914,195,83,4,6,235.27,0.0,1411.63,1078.52,333.12
4915,10,75,34,6,359.27,0.0,2155.59,1462.23,693.37
4916,142,32,3,2,247.83,24.78,470.88,385.5,85.37
4917,267,105,39,7,329.58,0.0,2307.04,1665.98,641.06
4918,297,52,31,4,439.86,0.0,1759.43,1114.05,645.38
4919,205,52,27,1,141.34,14.13,127.2,97.22,29.98
4920,259,72,22,1,104.53,5.23,99.3,58.66,40.64
4921,8,21,4,6,234.77,0.0,1408.63,1130.66,277.98
4922,171,64,17,3,217.69,65.31,587.77,377.29,210.48
4923,186,88,33,1,293.12,29.31,263.81,193.89,69.92
4924,326,20,37,4,500.75,200.3,1802.71,1295.85,506.86
4925,114,85,18,5,119.27,0.0,596.34,343.42,252.92
4926,84,6,34,1,352.93,17.65,335.28,249.73,85.55
4927,129,91,32,3,337.69,0.0,1013.06,642.47,370.58
4928,63,6,3,4,295.44,0.0,1181.76,771.6,410.17
4929,204,27,25,6,410.46,0.0,2462.77,1418.71,1044.06
4930,235,53,25,5,437.06,218.53,1966.77,1511.9,454.87
4931,293,93,22,1,93.89,0.0,93.89,73.45,20.44
4932,355,108,31,5,503.14,251.57,2264.14,1327.36,936.78
4933,27,71,36,7,436.34,458.15,2596.21,1997.54,598.67
4934,91,20,23,1,37.07,0.0,37.07,29.38,7.69
4935,110,59,13,7,175.44,0.0,1228.07,707.7,520.37
4936,92,119,40,1,108.69,16.3,92.39,75.69,16.69
4937,302,14,39,5,303.13,0.0,1515.64,835.46,680.18
4938,51,108,28,3,78.08,23.42,210.82,163.9,46.92
4939,11,58,26,6,104.72,0.0,628.33,440.3,188.04
4940,315,1,5,6,54.02,0.0,324.13,262.05,62.08
4941,351,105,17,6,232.89,0.0,1397.37,896.11,501.25
4942,83,5,8,7,27.21,0.0,190.46,123.31,67.15
4943,122,56,21,6,284.03,170.42,1533.74,1191.57,342.17
4944,184,30,34,3,353.1,0.0,1059.29,785.87,273.42
4945,192,88,9,4,37.83,0.0,151.31,107.75,43.56
4946,362,9,40,6,121.58,36.47,693.01,501.73,191.28
4947,148,14,6,2,81.38,24.42,138.35,101.59,36.76
4948,5,80,4,5,228.25,0.0,1141.23,642.42,498.81
4949,155,150,39,4,320.8,128.32,1154.9,671.92,482.98
4950,204,6,5,7,51.57,0.0,361.01,216.22,144.79
4951,189,70,30,1,240.82,24.08,216.73,129.55,87.19
4952,187,121,31,1,474.4,23.72,450.68,350.44,100.24
4953,337,44,14,1,370.55,37.06,333.5,218.95,114.55
4954,295,74,3,4,244.62,48.92,929.55,634.09,295.46
4955,92,126,13,4,157.39,62.96,566.62,325.32,241.3
4956,130,110,3,5,276.93,0.0,1384.67,1087.05,297.62
4957,244,44,27,2,138.38,13.84,262.92,145.33,117.58
4958,150,113,36,3,490.87,73.63,1398.97,800.9,598.08
4959,157,102,40,3,120.15,0.0,360.45,277.28,83.17
4960,62,77,33,1,262.81,26.28,236.53,138.43,98.1
4961,93,67,31,6,433.15,259.89,2338.99,1787.47,551.52
4962,271,139,36,1,441.76,44.18,397.59,256.29,141.3
4963,308,132,31,5,459.23,0.0,2296.15,1744.04,552.12
4964,287,149,27,4,159.41,63.77,573.89,323.44,250.45
4965,113,102,40,7,115.96,0.0,811.73,521.25,290.49
4966,50,54,13,5,178.58,133.93,758.96,516.05,242.91
4967,59,17,17,4,261.0,0.0,1044.02,750.59,293.43
4968,144,19,37,5,450.38,112.6,2139.31,1659.64,479.68
4969,189,143,13,1,172.82,0.0,172.82,106.46,66.36
4970,326,55,12,2,16.93,1.69,32.17,23.41,8.75
4971,329,17,7,4,383.23,0.0,1532.93,905.93,627.0
4972,1,34,12,7,16.45,11.51,103.63,79.24,24.38
4973,259,4,24,6,81.81,49.09,441.79,354.3,87.49
4974,110,80,36,3,492.85,0.0,1478.56,832.08,646.48
4975,73,89,6,2,77.97,15.59,140.35,80.22,60.13
4976,203,57,28,7,79.0,27.65,525.35,400.65,124.7
4977,13,112,31,4,436.61,0.0,1746.43,1375.59,370.83
4978,122,73,36,1,483.52,0.0,483.52,350.56,132.96
4979,202,144,31,2,495.29,0.0,990.59,668.17,322.42
4980,100,115,7,6,388.23,0.0,2329.4,1764.86,564.53
4981,217,12,20,7,58.51,0.0,409.57,258.41,151.16
4982,168,42,39,7,305.8,0.0,2140.62,1750.55,390.08
4983,292,114,37,1,505.55,0.0,505.55,393.8,111.75
4984,67,81,25,6,457.81,412.03,2334.82,1843.4,491.42
4985,21,113,39,1,288.42,0.0,288.42,225.2,63.22
4986,194,51,27,6,149.12,89.47,805.24,645.7,159.53
4987,94,6,3,7,267.8,187.46,1687.15,957.31,729.84
4988,258,118,37,3,493.45,148.04,1332.32,1059.64,272.69
4989,35,118,7,2,354.95,0.0,709.9,438.1,271.81
4990,210,96,16,5,248.25,0.0,1241.26,803.07,438.19
4991,362,61,10,1,494.31,49.43,444.88,289.2,155.68
4992,34,2,29,5,362.2,90.55,1720.47,1054.23,666.24
4993,111,110,2,3,341.88,102.56,923.08,616.96,306.12
4994,309,100,26,3,90.96,0.0,272.87,187.32,85.55
4995,195,101,35,6,31.54,9.46,179.79,106.1,73.69
4996,64,26,32,7,366.3,0.0,2564.12,1659.16,904.95
4997,78,110,13,3,182.16,27.32,519.16,334.34,184.82
4998,280,109,36,3,429.0,128.7,1158.3,848.06,310.24
4999,315,129,15,6,234.97,0.0,1409.81,996.47,413.34
5000,132,86,28,3,76.63,0.0,229.89,170.89,59.0
5001,173,110,21,2,264.22,0.0,528.44,402.49,125.95
5002,286,61,3,7,280.86,0.0,1966.04,1435.39,530.65
5003,65,105,1,7,260.98,0.0,1826.89,1123.79,703.11
5004,76,105,8,3,27.12,0.0,81.36,55.77,25.58
5005,283,117,38,2,152.73,0.0,305.45,206.48,98.97
5006,69,129,39,2,300.15,30.02,570.29,325.06,245.23
5007,282,1,17,5,261.0,130.5,1174.48,929.62,244.87
5008,182,117,39,3,300.79,0.0,902.36,518.58,383.79
5009,362,119,2,5,318.77,0.0,1593.85,1296.82,297.03
5010,13,82,39,6,348.13,208.88,1879.92,1050.07,829.85
5011,346,78,10,1,447.32,0.0,447.32,334.15,113.17
5012,83,109,2,7,346.21,0.0,2423.48,1521.09,902.39
5013,13,69,31,1,451.46,0.0,451.46,358.58,92.88
5014,265,63,16,1,219.38,32.91,186.48,144.05,42.43
5015,195,121,12,6,16.24,0.0,97.44,54.25,43.19
5016,306,119,31,5,462.58,346.93,1965.95,1092.92,873.03
5017,40,32,14,7,386.78,0.0,2707.43,1930.02,777.41
5018,30,125,31,4,468.66,0.0,1874.64,1106.77,767.87
5019,208,49,8,3,29.01,0.0,87.02,48.19,38.83
5020,322,21,4,5,235.47,117.74,1059.63,859.68,199.96
5021,149,132,13,6,160.26,0.0,961.55,693.15,268.39
5022,292,36,25,5,476.76,119.19,2264.6,1252.15,1012.45
5023,331,31,9,3,43.31,19.49,110.45,75.38,35.07
5024,318,41,6,7,82.65,0.0,578.52,342.79,235.73
5025,186,74,30,3,240.58,0.0,721.73,553.86,167.88
5026,255,25,20,3,61.04,9.16,173.96,97.02,76.93
5027,192,24,18,2,106.15,0.0,212.29,138.02,74.27
5028,247,59,10,3,490.84,73.63,1398.89,859.29,539.6
5029,207,33,1,2,268.93,53.79,484.08,394.45,89.63
5030,192,29,3,5,292.38,0.0,1461.9,834.88,627.02
5031,160,137,28,6,85.59,0.0,513.55,382.27,131.28
5032,239,90,4,4,205.07,41.01,779.25,529.16,250.09
5033,275,3,10,7,443.29,0.0,3103.06,2390.76,712.3
5034,336,16,37,4,523.67,0.0,2094.69,1273.25,821.44
5035,224,123,14,4,348.2,0.0,1392.79,1087.67,305.12
5036,37,41,30,1,240.96,0.0,240.96,194.36,46.6
5037,215,23,14,7,422.1,0.0,2954.67,1795.08,1159.59
5038,116,100,38,2,137.14,13.71,260.56,160.39,100.17
5039,10,126,33,2,260.29,0.0,520.57,421.76,98.81
5040,27,60,19,7,368.31,0.0,2578.14,1720.17,857.97
5041,216,112,28,4,87.61,52.57,297.88,231.01,66.87
5042,345,64,17,1,237.83,0.0,237.83,184.9,52.93
5043,185,17,38,4,135.81,0.0,543.24,344.38,198.86
5044,163,120,15,5,201.32,100.66,905.92,541.99,363.93
5045,33,138,34,1,325.19,0.0,325.19,211.04,114.15
5046,247,148,25,6,421.13,252.68,2274.11,1614.19,659.91
5047,21,16,26,5,94.8,23.7,450.3,308.1,142.2
5048,308,85,15,1,232.33,0.0,232.33,174.0,58.33
5049,298,94,34,5,301.91,0.0,1509.56,1053.94,455.62
5050,362,12,30,2,246.26,0.0,492.52,378.01,114.52
5051,104,143,33,6,295.72,177.43,1596.91,923.12,673.8
5052,60,16,33,3,279.82,0.0,839.46,561.23,278.24
5053,110,41,7,2,393.35,78.67,708.04,392.49,315.55
5054,292,146,36,4,442.65,177.06,1593.55,928.43,665.12
5055,80,84,34,4,338.02,67.6,1284.48,821.44,463.05
5056,324,102,10,3,442.42,0.0,1327.27,1053.07,274.2
5057,57,75,40,7,106.81,37.38,710.28,463.56,246.72
5058,18,113,22,5,99.05,24.76,470.5,293.51,176.98
5059,81,13,13,4,149.75,0.0,598.99,437.93,161.06
5060,276,102,9,2,38.56,7.71,69.41,51.36,18.05
5061,220,10,15,4,224.33,0.0,897.3,610.13,287.17
5062,130,27,2,1,350.2,52.53,297.67,186.91,110.76
5063,240,76,28,7,76.17,0.0,533.16,336.69,196.48
5064,237,68,29,1,334.66,0.0,334.66,200.83,133.83
5065,203,23,27,5,143.12,35.78,679.83,440.46,239.37
5066,188,120,22,3,98.38,0.0,295.15,175.74,119.41
5067,38,46,15,6,219.04,0.0,1314.24,950.97,363.27
5068,95,130,29,3,344.31,0.0,1032.93,817.63,215.3
5069,193,3,35,1,35.39,3.54,31.85,19.71,12.15
5070,50,36,4,7,239.29,0.0,1675.0,1030.79,644.21
5071,174,45,16,6,246.48,73.94,1404.94,1113.42,291.52
5072,43,90,40,1,113.55,5.68,107.88,75.88,32.0
5073,288,61,35,1,35.46,0.0,35.46,26.49,8.97
5074,38,24,40,4,121.5,0.0,486.02,383.99,102.03
5075,34,86,8,7,29.37,0.0,205.57,149.97,55.6
5076,233,144,19,5,331.38,248.54,1408.37,1056.93,351.44
5077,81,21,6,1,71.64,7.16,64.48,42.2,22.28
5078,129,38,35,5,31.95,15.97,143.76,115.48,28.28
5079,115,72,21,3,275.23,41.29,784.42,580.51,203.91
5080,80,109,10,5,412.51,206.26,1856.3,1056.9,799.4
5081,279,21,4,3,235.1,105.79,599.49,426.07,173.43
5082,253,35,30,1,208.89,0.0,208.89,120.23,88.66
5083,88,36,33,1,278.32,27.83,250.49,173.08,77.41
5084,251,93,36,5,454.7,0.0,2273.51,1304.75,968.76
5085,261,13,39,5,317.84,0.0,1589.21,1143.2,446.0
5086,197,99,33,3,269.55,0.0,808.66,544.41,264.26
5087,212,64,32,1,353.98,0.0,353.98,247.55,106.43
5088,342,50,33,6,272.54,0.0,1635.24,1185.91,449.34
5089,166,130,40,2,111.15,0.0,222.3,137.29,85.01
5090,141,123,19,2,381.68,0.0,763.36,485.7,277.66
5091,197,121,31,4,512.92,205.17,1846.5,1255.91,590.59
5092,306,133,33,6,288.76,0.0,1732.53,1217.81,514.73
5093,259,36,5,7,59.1,0.0,413.7,330.7,82.99
5094,28,129,28,5,81.77,20.44,388.43,250.54,137.89
5095,168,27,14,7,416.04,145.61,2766.68,1963.7,802.98
5096,271,50,6,5,75.93,37.96,341.67,273.02,68.64
5097,82,84,7,6,416.76,0.0,2500.54,1859.93,640.61
5098,361,112,5,2,59.85,0.0,119.69,76.44,43.25
5099,295,87,36,1,442.77,44.28,398.49,263.79,134.7
5100,310,84,31,5,429.84,0.0,2149.19,1692.0,457.19
5101,30,57,5,7,59.15,20.7,393.32,262.81,130.51
5102,212,89,26,6,104.16,0.0,624.99,386.27,238.71
5103,193,72,27,3,153.07,0.0,459.22,317.42,141.79
5104,229,72,21,4,285.88,114.35,1029.16,617.72,411.44
5105,311,88,25,1,440.59,0.0,440.59,311.57,129.03
5106,129,91,37,3,464.3,0.0,1392.9,1138.98,253.92
5107,195,50,21,5,264.41,132.2,1189.84,965.8,224.04
5108,249,21,27,2,135.86,0.0,271.72,194.48,77.24
5109,275,45,23,4,38.16,0.0,152.66,120.49,32.17
5110,282,62,16,3,261.87,0.0,785.62,605.0,180.62
5111,123,25,36,4,428.88,0.0,1715.5,1383.86,331.64
5112,365,27,17,6,253.92,76.18,1447.35,1137.23,310.11
5113,4,143,32,7,357.56,0.0,2502.92,1984.7,518.22
5114,180,43,25,3,402.23,0.0,1206.69,738.47,468.22
5115,223,111,28,6,87.66,0.0,525.97,311.73,214.25
5116,23,20,31,5,497.58,248.79,2239.09,1258.09,981.01
5117,165,146,30,7,230.63,0.0,1614.4,1175.31,439.1
5118,218,32,23,6,35.65,21.39,192.53,154.42,38.11
5119,222,60,25,4,418.12,0.0,1672.49,1368.67,303.83
5120,44,118,21,5,266.88,0.0,1334.39,1041.0,293.39
5121,102,31,14,3,365.66,54.85,1042.14,807.01,235.14
5122,90,83,30,5,222.97,0.0,1114.86,769.37,345.5
5123,234,118,36,5,517.09,129.27,2456.19,1650.63,805.56
5124,121,4,29,5,388.79,194.39,1749.55,1264.73,484.83
5125,209,4,31,1,494.98,49.5,445.48,247.75,197.74
5126,267,119,34,4,363.87,0.0,1455.5,1112.68,342.82
5127,292,40,15,5,196.03,49.01,931.17,677.44,253.72
5128,68,137,3,2,257.34,0.0,514.68,306.71,207.98
5129,330,140,14,6,397.38,238.43,2145.85,1548.53,597.32
5130,61,133,31,6,466.83,0.0,2800.97,1993.89,807.08
5131,8,150,33,4,251.6,0.0,1006.42,767.65,238.76
5132,17,124,21,7,275.7,0.0,1929.89,1497.82,432.07
5133,74,58,32,7,306.65,0.0,2146.57,1327.49,819.08
5134,319,149,3,4,273.58,54.72,1039.6,800.4,239.2
5135,76,52,26,7,101.69,0.0,711.8,426.49,285.32
5136,254,88,28,7,84.21,0.0,589.44,386.93,202.51
5137,153,1,21,1,251.39,12.57,238.82,163.12,75.7
5138,15,145,29,7,336.32,0.0,2354.24,1806.48,547.76
5139,163,89,20,1,70.01,10.5,59.51,47.21,12.3
5140,11,143,21,4,283.42,0.0,1133.69,628.8,504.89
5141,174,53,25,7,435.05,0.0,3045.38,2281.16,764.22
5142,204,47,32,6,304.87,0.0,1829.22,1439.47,389.75
5143,191,79,10,2,461.09,0.0,922.18,744.81,177.37
5144,104,130,13,5,160.22,0.0,801.09,498.54,302.55
5145,280,83,17,2,222.43,44.49,400.38,238.91,161.47
5146,218,119,9,2,37.7,0.0,75.39,51.62,23.77
5147,93,33,14,7,360.5,252.35,2271.14,1801.63,469.51
5148,159,117,15,1,210.18,0.0,210.18,133.51,76.67
5149,40,110,13,7,159.04,55.66,1057.63,725.92,331.71
5150,338,135,17,4,253.5,0.0,1014.0,830.26,183.74
5151,275,9,21,1,260.77,0.0,260.77,175.53,85.24
5152,106,58,28,6,80.79,0.0,484.74,348.83,135.91
5153,247,14,13,1,154.56,0.0,154.56,126.55,28.0
5154,248,61,34,3,358.54,53.78,1021.83,663.33,358.5
5155,223,114,20,2,59.17,0.0,118.35,73.81,44.54
5156,20,97,29,6,352.37,0.0,2114.24,1324.24,790.01
5157,321,113,5,3,57.8,26.01,147.39,105.62,41.77
5158,349,111,7,5,399.26,0.0,1996.3,1185.66,810.64
5159,356,149,19,1,386.85,0.0,386.85,229.95,156.9
5160,358,132,15,5,213.63,0.0,1068.17,662.52,405.65
5161,340,88,20,5,62.97,0.0,314.83,219.14,95.69
5162,270,132,7,3,367.51,0.0,1102.52,857.68,244.84
5163,21,8,19,7,369.84,129.45,2459.46,1704.17,755.29
5164,170,109,28,4,79.49,15.9,302.08,229.98,72.1
5165,90,79,30,5,223.1,55.77,1059.72,856.83,202.89
5166,81,144,10,2,409.91,0.0,819.82,614.7,205.12
5167,304,76,14,7,419.75,0.0,2938.24,2125.97,812.27
5168,297,27,22,2,88.87,17.77,159.96,88.33,71.63
5169,191,109,21,5,249.06,0.0,1245.28,835.67,409.61
5170,269,143,32,1,365.62,0.0,365.62,227.55,138.07
5171,48,3,16,1,253.78,0.0,253.78,174.69,79.09
5172,82,10,27,1,152.35,7.62,144.74,116.77,27.96
5173,315,100,36,7,491.38,0.0,3439.67,2189.42,1250.25
5174,165,84,12,2,15.67,3.13,28.21,16.74,11.47
5175,200,83,33,7,289.56,0.0,2026.91,1566.79,460.13
5176,169,14,14,5,365.96,274.47,1555.32,1271.41,283.91
5177,74,86,14,1,420.36,0.0,420.36,319.73,100.63
5178,302,86,27,4,141.95,28.39,539.41,316.83,222.58
5179,277,128,25,4,447.57,0.0,1790.3,1250.86,539.44
5180,250,59,22,2,98.31,19.66,176.96,116.69,60.27
5181,129,53,10,5,421.36,0.0,2106.82,1519.07,587.75
5182,235,13,4,7,211.61,148.13,1333.15,973.9,359.25
5183,348,86,37,7,505.81,354.07,3186.6,2447.03,739.56
5184,238,98,35,4,32.62,6.52,123.94,76.2,47.74
5185,181,43,36,7,520.14,0.0,3640.99,2950.88,690.1
5186,99,110,21,7,250.34,0.0,1752.38,1065.39,686.99
5187,191,141,36,1,488.14,73.22,414.92,242.11,172.81
5188,136,27,19,5,373.55,186.77,1680.97,1300.73,380.24
5189,224,86,4,6,216.3,0.0,1297.82,876.13,421.69
5190,17,105,8,1,27.8,0.0,27.8,18.97,8.83
5191,70,3,11,5,373.8,0.0,1869.01,1188.8,680.21
5192,288,27,16,7,248.14,0.0,1736.95,977.09,759.86
5193,139,60,38,2,150.71,0.0,301.43,181.54,119.89
5194,159,21,14,7,393.42,275.4,2478.57,1872.91,605.66
5195,199,54,25,7,428.07,0.0,2996.46,1829.61,1166.85
5196,160,23,11,5,325.85,162.92,1466.31,1199.47,266.84
5197,277,135,26,5,93.6,70.2,397.78,303.22,94.56
5198,90,90,23,4,38.37,0.0,153.48,119.58,33.9
5199,277,50,7,3,416.52,0.0,1249.55,981.88,267.67
5200,77,117,19,4,330.27,0.0,1321.06,983.01,338.05
5201,136,3,5,4,56.93,0.0,227.7,153.9,73.8
5202,215,90,36,4,452.46,90.49,1719.36,1371.35,348.01
5203,324,103,29,6,376.33,112.9,2145.08,1426.83,718.25
5204,85,122,38,6,156.36,0.0,938.18,540.27,397.91
5205,215,34,36,3,498.49,149.55,1345.92,957.0,388.92
5206,24,89,9,4,42.18,0.0,168.73,97.61,71.12
5207,28,116,29,2,392.48,0.0,784.95,570.63,214.33
5208,281,120,5,2,51.6,15.48,87.73,71.88,15.85
5209,263,27,39,3,320.34,0.0,961.01,703.75,257.26
5210,138,147,32,1,321.13,0.0,321.13,194.88,126.25
5211,228,42,28,6,88.88,0.0,533.3,313.16,220.13
5212,139,59,40,1,119.32,0.0,119.32,77.11,42.21
5213,102,29,34,3,307.29,0.0,921.88,543.31,378.56
5214,158,23,35,2,32.83,3.28,62.38,43.9,18.47
5215,114,39,5,2,55.92,0.0,111.85,85.16,26.68
5216,298,21,1,3,293.42,44.01,836.24,608.53,227.71
5217,151,110,39,6,294.76,0.0,1768.58,1267.44,501.14
5218,118,90,11,7,361.28,0.0,2528.99,1688.39,840.6
5219,196,59,18,2,109.45,21.89,197.0,117.54,79.46
5220,277,83,2,2,363.72,72.74,654.69,472.82,181.87
5221,100,91,25,4,449.61,89.92,1708.53,1133.14,575.39
5222,343,28,33,3,258.57,0.0,775.72,490.63,285.1
5223,170,45,34,6,352.53,0.0,2115.17,1539.86,575.31
5224,242,133,24,2,77.57,15.51,139.62,91.06,48.56
5225,350,2,27,3,159.55,47.87,430.8,256.52,174.28
5226,158,144,21,4,245.98,49.2,934.73,636.13,298.6
5227,73,145,18,3,115.06,0.0,345.18,216.8,128.38
5228,273,38,23,5,36.42,0.0,182.11,136.22,45.88
5229,3,49,38,6,152.2,0.0,913.19,513.86,399.33
5230,168,32,11,4,339.86,0.0,1359.43,1060.72,298.71
5231,358,85,19,4,369.91,0.0,1479.63,998.1,481.53
5232,152,33,25,7,393.68,0.0,2755.76,1527.53,1228.23
5233,250,119,23,7,36.63,0.0,256.38,150.24,106.14
5234,192,59,2,7,376.44,131.76,2503.35,2015.87,487.48
5235,79,146,12,1,16.92,0.85,16.07,11.17,4.9
5236,116,128,26,6,100.42,30.13,572.38,433.58,138.8
5237,192,61,28,7,83.97,0.0,587.78,463.38,124.4
5238,39,90,30,6,228.0,0.0,1368.02,870.72,497.3
5239,152,4,40,6,121.22,109.1,618.22,431.31,186.91
5240,152,11,27,3,147.11,0.0,441.33,320.22,121.11
5241,305,76,24,6,91.95,55.17,496.53,385.92,110.61
5242,46,71,14,5,414.25,0.0,2071.25,1374.12,697.13
5243,308,60,15,6,214.1,64.23,1220.39,984.82,235.57
5244,150,14,34,3,324.52,0.0,973.55,695.04,278.51
5245,238,126,19,6,377.76,113.33,2153.26,1692.34,460.91
5246,204,61,29,6,390.72,234.43,2109.89,1207.93,901.97
5247,110,71,5,6,52.88,0.0,317.3,214.21,103.09
5248,340,61,6,2,72.19,14.44,129.94,77.76,52.19
5249,82,75,9,7,37.51,26.26,236.33,188.16,48.16
5250,14,98,8,2,28.37,5.67,51.06,31.32,19.74
5251,274,115,25,7,455.35,0.0,3187.45,2366.7,820.75
5252,227,83,26,1,94.19,0.0,94.19,53.4,40.78
5253,326,25,23,2,37.85,7.57,68.12,41.16,26.96
5254,168,132,12,5,17.94,4.49,85.23,54.24,30.99
5255,7,43,24,4,92.03,55.22,312.89,238.14,74.75
5256,8,3,5,5,52.8,0.0,264.0,163.1,100.9
5257,159,6,19,3,350.6,105.18,946.61,729.42,217.19
5258,92,117,7,1,372.09,37.21,334.88,255.49,79.39
5259,337,59,4,5,223.01,111.51,1003.56,820.81,182.75
5260,44,4,7,4,355.83,71.17,1352.15,990.9,361.26
5261,322,122,5,4,52.97,0.0,211.87,153.0,58.88
5262,80,46,20,3,68.6,10.29,195.51,139.29,56.23
5263,44,147,22,7,98.25,34.39,653.35,378.68,274.67
5264,101,132,25,6,406.97,0.0,2441.82,1681.37,760.46
5265,53,8,18,2,110.51,0.0,221.03,172.38,48.65
5266,147,104,8,1,24.99,2.5,22.49,12.5,9.99
5267,121,91,1,2,261.18,0.0,522.36,305.16,217.2
5268,194,26,29,1,364.32,0.0,364.32,259.45,104.87
5269,197,52,40,5,104.17,26.04,494.8,385.3,109.5
5270,1,74,12,5,15.54,11.66,66.06,41.81,24.24
5271,46,22,9,4,43.45,8.69,165.11,129.66,35.45
5272,60,109,13,5,179.24,0.0,896.19,574.57,321.61
5273,72,42,9,6,36.35,0.0,218.11,147.37,70.74
5274,35,141,9,6,41.51,0.0,249.05,201.06,47.99
5275,115,121,20,4,59.68,0.0,238.72,158.21,80.51
5276,201,96,32,5,358.11,179.06,1611.51,1147.17,464.34
5277,113,18,29,5,399.96,0.0,1999.8,1604.99,394.81
5278,121,4,39,7,327.18,0.0,2290.26,1423.13,867.13
5279,172,22,15,6,222.46,133.48,1201.28,690.52,510.76
5280,201,75,20,3,63.29,0.0,189.87,153.54,36.33
5281,121,118,16,7,230.22,0.0,1611.56,1129.95,481.61
5282,81,23,2,3,353.33,0.0,1059.98,859.4,200.57
5283,150,107,16,6,224.61,0.0,1347.67,1056.6,291.07
5284,9,8,11,7,368.72,0.0,2581.01,1833.94,747.08
5285,180,40,20,6,64.57,58.11,329.3,223.03,106.28
5286,344,90,7,1,358.99,35.9,323.09,219.59,103.5
5287,146,125,30,2,235.12,47.02,423.22,251.74,171.48
5288,40,117,34,6,353.16,105.95,2013.03,1353.68,659.34
5289,259,80,39,1,325.4,0.0,325.4,251.17,74.23
5290,47,6,4,1,218.87,21.89,196.98,160.93,36.05
5291,71,45,5,2,60.35,0.0,120.7,97.69,23.02
5292,54,118,39,4,288.44,0.0,1153.75,934.3,219.46
5293,323,13,34,1,341.25,0.0,341.25,189.44,151.81
5294,359,106,24,2,82.95,0.0,165.9,114.34,51.55
5295,208,106,13,3,156.15,0.0,468.44,282.95,185.49
5296,226,113,21,5,286.05,0.0,1430.26,1024.25,406.01
5297,236,33,22,4,95.55,0.0,382.22,307.83,74.39
5298,223,37,34,6,322.48,0.0,1934.87,1522.16,412.72
5299,199,30,22,7,90.98,0.0,636.85,499.28,137.57
5300,361,60,2,1,388.56,19.43,369.13,239.47,129.66
5301,268,79,28,5,87.81,0.0,439.07,300.9,138.17
5302,33,18,32,2,308.2,30.82,585.57,366.64,218.93
5303,144,86,12,3,17.27,0.0,51.8,36.24,15.56
5304,356,36,5,3,52.45,0.0,157.35,99.43,57.92
5305,148,85,6,5,79.42,19.85,377.24,289.86,87.39
5306,75,46,34,2,332.4,33.24,631.57,426.56,205.01
5307,317,144,18,7,104.23,0.0,729.59,539.25,190.34
5308,228,48,22,3,98.54,0.0,295.62,232.25,63.37
5309,206,131,39,6,345.98,207.59,1868.31,1178.78,689.53
5310,154,27,3,7,262.59,0.0,1838.11,1319.7,518.41
5311,46,13,9,4,36.74,0.0,146.97,114.39,32.57
5312,141,29,34,1,363.16,0.0,363.16,292.96,70.2
5313,160,63,22,5,90.45,45.22,407.02,241.78,165.24
5314,340,136,2,3,351.61,0.0,1054.84,774.24,280.6
5315,113,27,29,3,375.06,112.52,1012.66,675.96,336.7
5316,55,118,6,4,72.13,14.43,274.1,171.88,102.21
5317,157,105,32,3,315.44,47.32,899.01,532.74,366.27
5318,364,52,32,2,311.11,0.0,622.22,440.56,181.65
5319,177,51,33,7,249.27,87.24,1657.63,1061.22,596.41
5320,139,143,19,2,365.47,0.0,730.94,533.84,197.1
5321,244,108,11,4,380.82,0.0,1523.28,953.38,569.91
5322,237,36,36,6,440.53,0.0,2643.19,1454.18,1189.02
5323,110,137,23,2,39.08,3.91,74.24,56.21,18.03
5324,354,62,26,5,98.68,49.34,444.04,263.57,180.48
5325,217,12,6,7,69.06,48.34,435.06,268.94,166.12
5326,22,123,25,6,439.77,0.0,2638.61,1618.91,1019.7
5327,149,131,24,1,80.28,8.03,72.26,46.42,25.84
5328,337,67,12,3,17.4,5.22,46.99,32.0,14.99
5329,144,106,31,1,458.42,45.84,412.58,317.42,95.16
5330,208,36,6,5,78.67,19.67,373.68,271.12,102.55
5331,224,128,29,3,402.85,0.0,1208.56,712.35,496.21
5332,258,56,39,7,303.39,212.37,1911.35,1146.03,765.32
5333,319,41,23,2,40.87,4.09,77.66,60.47,17.19
5334,55,76,5,6,53.09,15.93,302.62,186.86,115.76
5335,189,41,23,3,34.34,0.0,103.03,62.75,40.28
5336,195,94,22,7,91.44,0.0,640.08,352.66,287.42
5337,56,113,23,2,39.93,0.0,79.87,60.62,19.25
5338,246,61,11,2,369.1,0.0,738.19,553.19,185.0
5339,44,118,26,3,109.89,0.0,329.67,212.26,117.41
5340,167,65,11,7,371.4,259.98,2339.8,1291.51,1048.29
5341,121,146,23,6,36.91,0.0,221.47,168.78,52.69
5342,57,40,24,6,91.1,0.0,546.62,315.31,231.31
5343,301,106,26,4,109.63,0.0,438.53,295.72,142.82
5344,90,81,32,6,356.87,0.0,2141.2,1663.37,477.83
5345,94,142,36,5,481.46,0.0,2407.32,1482.8,924.51
5346,312,33,32,5,359.17,89.79,1706.04,1113.21,592.83
5347,321,30,32,6,315.55,284.0,1609.32,1172.28,437.04
5348,13,131,35,7,37.38,0.0,261.64,191.46,70.18
5349,102,136,10,5,499.09,0.0,2495.44,1684.25,811.19
5350,259,113,12,4,17.61,7.04,63.38,42.28,21.1
5351,285,72,22,5,91.5,0.0,457.51,303.45,154.06
5352,365,62,19,6,338.93,101.68,1931.89,1316.06,615.83
5353,203,100,29,7,405.9,142.06,2699.21,1737.19,962.01
5354,3,113,1,5,288.5,144.25,1298.25,803.92,494.33
5355,319,42,6,7,79.92,0.0,559.44,355.43,204.01
5356,59,2,30,6,251.8,226.62,1284.16,871.94,412.22
5357,45,12,33,7,272.91,286.55,1623.81,1060.64,563.17
5358,247,52,13,6,179.24,0.0,1075.44,761.52,313.93
5359,221,103,13,7,155.12,0.0,1085.87,782.27,303.6
5360,22,67,23,2,35.19,0.0,70.37,57.63,12.74
5361,62,93,20,7,65.12,0.0,455.83,326.42,129.41
5362,216,71,7,3,370.88,166.9,945.74,707.75,238.0
5363,94,38,21,6,257.49,0.0,1544.96,890.62,654.34
5364,250,113,33,3,288.99,0.0,866.97,654.84,212.13
5365,151,109,30,4,210.41,0.0,841.63,578.54,263.09
5366,215,145,33,6,284.77,85.43,1623.19,1272.53,350.66
5367,174,124,26,4,92.16,36.86,331.78,269.45,62.33
5368,134,57,36,6,509.16,152.75,2902.2,1776.72,1125.48
5369,125,106,10,1,426.7,21.33,405.36,324.59,80.77
5370,255,53,2,6,369.98,0.0,2219.89,1623.5,596.39
5371,188,131,5,3,57.47,8.62,163.78,122.76,41.02
5372,217,92,40,6,110.35,0.0,662.07,448.58,213.49
5373,211,126,26,2,95.76,0.0,191.52,123.69,67.84
5374,76,43,10,5,413.59,103.4,1964.56,1504.87,459.69
5375,334,3,35,5,33.59,25.19,142.76,79.37,63.4
5376,206,22,13,1,156.38,7.82,148.56,103.39,45.17
5377,263,80,24,4,78.32,15.66,297.62,169.63,128.0
5378,322,145,10,5,475.4,0.0,2376.98,1470.76,906.22
5379,338,95,4,6,205.07,0.0,1230.39,917.63,312.76
5380,244,122,11,7,336.7,0.0,2356.92,1776.6,580.32
5381,288,71,10,3,439.28,65.89,1251.94,989.08,262.85
5382,173,144,23,5,37.29,9.32,177.12,131.63,45.49
5383,270,142,1,2,269.29,26.93,511.65,374.62,137.03
5384,118,33,10,7,468.68,0.0,3280.79,2641.63,639.16
5385,260,130,23,7,38.23,0.0,267.63,186.03,81.6
5386,32,3,16,7,241.48,0.0,1690.35,1228.12,462.23
5387,334,89,26,4,98.3,19.66,373.54,293.0,80.54
5388,90,66,27,3,142.98,64.34,364.6,275.71,88.89
5389,240,46,39,6,333.15,0.0,1998.89,1514.92,483.97
5390,5,141,34,6,321.29,96.39,1831.38,1272.67,558.71
5391,57,100,10,2,485.48,48.55,922.41,638.78,283.62
5392,361,21,28,4,83.39,0.0,333.55,241.88,91.68
5393,305,21,26,5,103.12,0.0,515.61,381.11,134.5
5394,82,18,24,4,84.62,0.0,338.49,236.08,102.41
5395,48,46,32,3,366.1,109.83,988.47,593.16,395.31
5396,298,11,6,2,74.94,0.0,149.88,92.49,57.39
5397,362,40,16,3,238.83,0.0,716.48,489.45,227.03
5398,62,115,33,2,294.16,0.0,588.32,355.99,232.33
5399,243,132,36,3,486.06,72.91,1385.27,920.29,464.98
5400,104,118,2,2,349.78,0.0,699.57,412.55,287.01
5401,272,75,19,3,347.52,156.38,886.17,522.38,363.79
5402,153,105,11,5,338.26,0.0,1691.32,1315.28,376.03
5403,46,142,7,3,406.87,122.06,1098.54,765.03,333.51
5404,119,8,3,1,259.24,12.96,246.28,187.35,58.93
5405,197,136,22,6,87.8,0.0,526.79,291.37,235.41
5406,292,109,27,4,135.59,27.12,515.25,323.12,192.13
5407,8,58,22,5,106.75,26.69,507.07,281.31,225.76
5408,350,68,15,4,220.14,0.0,880.56,485.11,395.45
5409,238,66,31,4,471.63,94.33,1792.18,1001.19,790.99
5410,320,24,27,4,162.55,32.51,617.68,426.7,190.98
5411,340,35,37,6,464.66,139.4,2648.58,1521.67,1126.91
5412,57,45,14,6,407.94,122.38,2325.24,1780.11,545.13
5413,35,1,10,7,473.88,165.86,3151.31,2172.42,978.89
5414,284,76,19,4,363.2,0.0,1452.81,895.29,557.52
5415,69,72,21,3,275.35,0.0,826.06,641.38,184.68
5416,55,50,19,1,398.87,0.0,398.87,274.26,124.6
5417,172,27,34,4,313.5,62.7,1191.29,768.05,423.25
5418,334,146,2,7,319.28,0.0,2234.94,1571.93,663.0
5419,291,102,22,2,103.69,0.0,207.38,151.72,55.66
5420,190,72,18,6,110.86,66.51,598.62,419.56,179.06
5421,72,109,9,6,40.73,0.0,244.36,195.94,48.42
5422,123,56,26,5,94.86,0.0,474.28,306.19,168.1
5423,252,33,33,4,291.37,116.55,1048.92,693.01,355.91
5424,58,101,22,6,101.74,30.52,579.91,453.43,126.48
5425,192,116,4,1,237.3,23.73,213.57,154.23,59.35
5426,5,98,4,1,216.5,0.0,216.5,175.56,40.94
5427,119,85,17,2,260.16,26.02,494.3,377.59,116.71
5428,91,1,27,6,150.33,90.2,811.81,558.92,252.89
5429,249,96,13,4,170.38,0.0,681.52,491.63,189.89
5430,334,93,13,2,172.13,0.0,344.27,227.09,117.17
5431,54,62,35,1,34.54,0.0,34.54,20.18,14.35
5432,292,37,1,4,271.93,108.77,978.94,646.02,332.92
5433,240,147,4,3,205.53,0.0,616.6,386.0,230.61
5434,354,57,7,2,373.17,0.0,746.34,547.13,199.21
5435,333,41,40,1,117.49,0.0,117.49,85.85,31.64
5436,37,106,20,6,58.97,53.07,300.74,241.52,59.22
5437,272,73,7,6,399.11,0.0,2394.69,1368.45,1026.24
5438,217,84,13,2,159.81,0.0,319.63,216.15,103.48
5439,42,98,39,4,305.13,183.08,1037.45,682.26,355.19
5440,94,56,28,2,85.15,0.0,170.3,117.91,52.38
5441,339,23,9,3,38.07,5.71,108.49,63.17,45.32
5442,199,26,10,1,495.65,0.0,495.65,338.37,157.28
5443,124,141,3,7,297.82,0.0,2084.71,1516.4,568.31
5444,117,76,31,6,468.7,0.0,2812.21,1784.97,1027.24
5445,306,63,6,7,74.63,0.0,522.43,379.09,143.34
5446,104,48,12,3,15.61,0.0,46.82,29.11,17.71
5447,58,109,14,7,406.64,284.65,2561.86,1664.47,897.39
5448,210,137,25,4,407.17,0.0,1628.7,1294.76,333.94
5449,363,116,25,2,474.44,0.0,948.89,528.31,420.58
5450,67,81,32,3,370.28,55.54,1055.31,658.15,397.15
5451,94,72,12,6,15.76,9.45,85.08,68.29,16.79
5452,172,130,16,6,251.24,0.0,1507.43,888.93,618.5
5453,73,129,16,6,240.72,0.0,1444.31,949.35,494.97
5454,238,59,2,2,356.28,0.0,712.57,479.28,233.29
5455,93,145,30,5,216.24,108.12,973.06,706.65,266.41
5456,47,125,22,7,101.78,71.25,641.24,458.6,182.64
5457,96,127,20,1,60.63,0.0,60.63,43.6,17.02
5458,340,9,40,3,121.63,0.0,364.89,293.34,71.55
5459,342,20,8,1,26.71,0.0,26.71,17.53,9.19
5460,185,45,39,1,328.35,16.42,311.93,212.81,99.12
5461,147,115,28,7,88.89,0.0,622.24,504.18,118.06
5462,300,12,9,2,42.29,0.0,84.58,49.44,35.13
5463,71,13,28,2,82.65,0.0,165.29,133.23,32.06
5464,239,5,31,1,463.46,23.17,440.29,354.89,85.4
5465,249,29,15,7,215.89,226.68,1284.54,1037.19,247.35
5466,260,138,14,4,373.01,0.0,1492.05,847.63,644.42
5467,80,109,34,6,363.22,217.93,1961.41,1384.64,576.77
5468,262,108,7,2,364.77,0.0,729.53,566.34,163.19
5469,224,44,1,5,263.69,65.92,1252.51,794.97,457.54
5470,320,94,27,7,158.36,110.85,997.64,707.78,289.86
5471,64,117,37,5,465.88,116.47,2212.91,1370.32,842.59
5472,224,80,21,4,281.2,0.0,1124.8,658.0,466.8
5473,303,129,6,2,72.22,0.0,144.44,112.68,31.76
5474,102,86,22,2,88.3,17.66,158.93,129.52,29.41
5475,272,49,11,5,365.62,91.4,1736.68,987.88,748.8
5476,37,96,34,4,334.02,0.0,1336.07,778.6,557.46
5477,263,142,25,1,474.44,23.72,450.72,319.53,131.19
5478,222,124,14,2,379.29,0.0,758.57,434.89,323.68
5479,71,75,25,4,404.81,0.0,1619.22,1166.51,452.71
5480,25,90,27,2,144.9,28.98,260.82,194.12,66.7
5481,273,147,28,4,80.23,0.0,320.9,212.42,108.48
5482,89,113,15,3,221.15,0.0,663.46,500.37,163.09
5483,182,76,23,3,35.87,0.0,107.62,62.49,45.13
5484,23,43,2,1,356.93,35.69,321.24,202.81,118.43
5485,352,136,17,4,256.9,0.0,1027.6,789.26,238.34
5486,201,147,16,2,238.67,0.0,477.34,273.92,203.42
5487,341,11,22,5,100.38,0.0,501.91,314.68,187.23
5488,59,5,39,7,302.39,0.0,2116.71,1519.2,597.52
5489,76,18,39,7,338.99,0.0,2372.94,1463.62,909.32
5490,223,58,20,5,61.97,0.0,309.83,210.63,99.2
5491,221,24,26,6,102.03,0.0,612.21,475.1,137.11
5492,289,133,5,7,54.17,18.96,360.26,224.37,135.89
5493,339,138,20,5,59.34,0.0,296.69,198.09,98.6
5494,300,28,28,2,79.02,0.0,158.04,87.7,70.34
5495,52,125,28,4,77.25,15.45,293.57,217.61,75.96
5496,113,22,39,6,344.83,0.0,2069.0,1336.29,732.7
5497,334,119,19,5,347.81,0.0,1739.05,1360.31,378.74
5498,201,55,37,3,524.31,235.94,1336.98,767.31,569.67
5499,317,7,40,2,112.76,11.28,214.24,163.08,51.16
5500,206,65,23,2,35.47,3.55,67.4,51.88,15.52
5501,19,124,4,3,212.85,0.0,638.54,485.0,153.54
5502,173,141,16,6,227.02,204.32,1157.81,866.37,291.44
5503,302,19,31,4,504.21,0.0,2016.83,1238.74,778.09
5504,240,126,24,1,78.05,0.0,78.05,51.71,26.34
5505,49,44,38,7,160.05,112.04,1008.34,659.66,348.68
5506,77,70,33,3,247.96,0.0,743.87,457.54,286.33
5507,312,17,3,3,260.33,39.05,741.94,506.57,235.38
5508,358,146,35,6,32.11,0.0,192.68,142.26,50.42
5509,275,119,15,3,225.6,0.0,676.79,459.71,217.08
5510,36,97,33,5,273.4,68.35,1298.63,1055.92,242.71
5511,227,110,21,7,283.95,0.0,1987.66,1473.58,514.08
5512,303,132,19,4,355.11,71.02,1349.42,903.47,445.94
5513,234,22,3,5,246.29,0.0,1231.45,811.61,419.84
5514,217,37,5,3,59.38,0.0,178.14,126.05,52.09
5515,171,6,24,7,85.82,30.04,570.68,380.4,190.28
5516,90,74,23,1,40.03,0.0,40.03,24.41,15.61
5517,103,75,23,2,37.01,3.7,70.33,48.57,21.75
5518,273,5,7,7,402.01,0.0,2814.09,2058.88,755.21
5519,26,100,21,4,243.85,0.0,975.38,630.86,344.52
5520,31,2,3,2,298.3,0.0,596.59,373.76,222.83
5521,145,119,6,3,71.16,21.35,192.14,116.96,75.19
5522,283,106,20,2,69.24,0.0,138.49,89.73,48.75
5523,240,123,25,4,411.52,0.0,1646.06,1013.94,632.12
5524,216,18,27,2,158.48,47.55,269.42,203.69,65.73
5525,195,131,40,3,121.09,0.0,363.26,262.44,100.82
5526,41,83,35,7,37.21,26.05,234.44,147.11,87.34
5527,122,130,16,1,241.19,0.0,241.19,197.24,43.95
5528,30,105,32,6,332.4,0.0,1994.38,1444.59,549.79
5529,277,99,4,1,232.1,0.0,232.1,136.58,95.52
5530,275,5,35,4,35.16,0.0,140.63,108.83,31.79
5531,95,104,16,5,248.25,62.06,1179.17,888.5,290.67
5532,107,68,31,7,447.71,0.0,3133.99,2146.81,987.18
5533,116,128,39,2,316.28,0.0,632.56,387.78,244.78
5534,325,103,29,1,362.03,36.2,325.83,250.54,75.29
5535,179,12,37,6,494.7,148.41,2819.8,1645.69,1174.11
5536,279,134,1,7,252.25,0.0,1765.77,1170.47,595.29
5537,164,10,7,4,376.5,0.0,1506.0,1160.64,345.36
5538,255,45,26,1,107.44,0.0,107.44,82.34,25.1
5539,193,33,22,4,98.33,39.33,354.0,254.91,99.1
5540,102,147,5,3,60.9,9.13,173.56,95.82,77.74
5541,320,23,29,4,351.85,70.37,1337.04,855.63,481.41
5542,259,127,3,1,267.94,0.0,267.94,209.09,58.85
5543,281,34,40,3,112.94,0.0,338.81,252.34,86.48
5544,347,98,7,7,376.1,0.0,2632.72,2024.19,608.52
5545,91,14,18,1,117.21,0.0,117.21,66.46,50.75
5546,34,59,33,7,253.56,0.0,1774.94,1427.07,347.88
5547,213,94,21,4,262.03,0.0,1048.12,641.28,406.83
5548,120,107,30,5,214.35,0.0,1071.76,685.62,386.13
5549,160,131,29,7,381.34,0.0,2669.41,2074.02,595.39
5550,86,123,38,2,158.76,0.0,317.53,209.47,108.06
5551,146,78,19,7,329.85,0.0,2308.93,1670.81,638.12
5552,144,46,40,2,111.96,22.39,201.52,140.89,60.63
5553,128,40,21,3,260.64,39.1,742.81,582.25,160.57
5554,271,149,36,4,497.04,0.0,1988.17,1177.3,810.87
5555,217,92,30,5,211.39,105.7,951.26,548.31,402.95
5556,174,137,6,3,74.7,0.0,224.11,161.52,62.59
5557,42,66,26,6,106.17,0.0,637.0,495.62,141.38
5558,209,73,36,1,479.13,47.91,431.22,344.65,86.57
5559,64,124,6,5,79.94,0.0,399.69,262.99,136.7
5560,115,109,34,5,324.4,81.1,1540.88,1153.21,387.67
5561,152,31,5,4,61.17,0.0,244.68,160.39,84.29
5562,52,79,35,5,31.68,0.0,158.41,100.76,57.64
5563,143,33,32,6,309.63,0.0,1857.75,1033.91,823.84
5564,98,115,7,7,385.92,0.0,2701.44,1668.22,1033.22
5565,311,5,30,2,229.69,0.0,459.39,273.77,185.62
5566,314,125,5,4,57.99,0.0,231.96,144.4,87.56
5567,2,140,23,4,35.53,0.0,142.13,89.25,52.88
5568,220,4,37,3,452.63,0.0,1357.89,1061.74,296.15
5569,234,95,9,7,42.38,0.0,296.65,179.45,117.2
5570,138,12,7,4,367.75,0.0,1471.01,1134.46,336.55
5571,172,55,17,5,248.31,0.0,1241.57,970.94,270.64
5572,289,51,15,2,223.66,0.0,447.32,302.04,145.28
5573,138,78,2,3,323.93,48.59,923.2,688.35,234.84
5574,24,138,19,5,380.28,285.21,1616.2,1027.94,588.26
5575,136,70,11,3,383.49,0.0,1150.48,638.28,512.2
5576,93,60,5,6,60.0,0.0,360.01,266.99,93.02
5577,140,14,12,1,15.37,1.54,13.83,9.87,3.96
5578,84,134,1,2,270.69,27.07,514.31,346.94,167.37
5579,55,48,37,3,518.46,233.3,1322.06,1047.93,274.13
5580,360,70,40,3,115.16,17.27,328.2,244.96,83.25
5581,48,14,15,6,208.41,62.52,1187.96,789.88,398.08
5582,258,44,36,7,446.99,0.0,3128.91,1765.99,1362.91
5583,262,84,19,4,378.37,0.0,1513.49,1190.42,323.06
5584,226,136,37,4,504.85,100.97,1918.42,1565.15,353.27
5585,333,50,7,3,415.4,0.0,1246.19,898.91,347.29
5586,2,85,12,4,18.43,7.37,66.33,50.24,16.09
5587,111,132,30,5,223.62,167.71,950.37,652.55,297.82
5588,68,55,9,6,41.21,0.0,247.24,151.78,95.46
5589,211,45,33,7,250.99,0.0,1756.92,1398.96,357.96
5590,232,7,18,5,103.87,51.93,467.4,343.94,123.46
5591,328,137,17,3,217.16,65.15,586.33,409.33,177.01
5592,139,17,19,1,396.05,39.6,356.44,261.69,94.76
5593,87,33,32,5,313.76,78.44,1490.35,1025.66,464.69
5594,338,21,1,6,267.61,240.85,1364.79,772.15,592.64
5595,246,107,31,4,466.34,0.0,1865.34,1358.57,506.78
5596,280,55,32,7,325.38,0.0,2277.66,1255.92,1021.74
5597,163,106,33,3,274.78,0.0,824.35,502.43,321.91
5598,164,92,40,1,101.7,0.0,101.7,60.22,41.48
5599,143,3,32,5,329.11,164.56,1481.02,950.57,530.45
5600,274,47,22,1,97.03,0.0,97.03,77.16,19.87
5601,77,1,19,1,387.01,19.35,367.66,210.12,157.53
5602,357,10,16,5,252.11,0.0,1260.54,814.94,445.6
5603,65,71,34,4,356.79,71.36,1355.81,1023.75,332.06
5604,169,40,16,5,236.37,0.0,1181.85,925.43,256.42
5605,115,14,23,6,34.87,0.0,209.22,156.66,52.57
5606,235,62,4,3,213.27,0.0,639.81,518.63,121.18
5607,249,68,13,5,181.75,0.0,908.73,670.55,238.18
5608,336,149,11,4,336.07,0.0,1344.29,1009.69,334.6
5609,289,100,18,5,105.68,26.42,501.99,333.3,168.69
5610,91,59,21,5,284.21,0.0,1421.06,897.48,523.58
5611,76,71,29,3,405.19,182.34,1033.24,697.13,336.1
5612,324,14,18,4,105.11,42.04,378.38,286.56,91.82
5613,179,58,7,5,404.41,0.0,2022.07,1467.15,554.91
5614,36,88,22,1,96.06,0.0,96.06,72.85,23.21
5615,302,4,3,2,270.78,0.0,541.56,389.62,151.93
5616,237,138,34,1,333.38,0.0,333.38,249.35,84.03
5617,10,78,31,2,516.94,0.0,1033.88,612.09,421.79
5618,286,119,10,4,425.13,170.05,1530.49,975.51,554.97
5619,222,42,11,7,375.9,263.13,2368.2,1661.34,706.86
5620,225,126,2,7,318.44,0.0,2229.08,1235.95,993.13
5621,316,56,15,6,223.13,133.88,1204.91,959.5,245.42
5622,181,140,2,4,364.17,145.67,1311.0,805.82,505.18
5623,169,79,38,2,156.48,0.0,312.97,179.61,133.36
5624,226,96,6,3,82.62,24.79,223.07,162.7,60.38
5625,73,31,27,6,157.62,141.86,803.89,484.19,319.7
5626,56,150,23,7,39.31,41.28,233.91,164.14,69.77
5627,308,29,10,7,431.41,150.99,2868.86,1770.73,1098.13
5628,79,5,33,3,299.61,0.0,898.82,534.62,364.2
5629,185,66,5,4,56.07,0.0,224.29,167.87,56.42
5630,99,126,36,4,468.21,280.93,1591.92,1042.48,549.43
5631,85,139,30,1,231.13,0.0,231.13,162.97,68.16
5632,219,129,26,1,98.3,0.0,98.3,59.8,38.5
5633,293,83,36,1,484.99,0.0,484.99,339.08,145.91
5634,162,138,17,6,230.37,0.0,1382.25,917.44,464.8
5635,51,74,12,2,16.16,0.0,32.31,18.22,14.09
5636,90,72,7,5,416.58,208.29,1874.61,1398.85,475.76
5637,61,28,37,3,519.84,0.0,1559.53,1090.33,469.2
5638,323,119,17,6,237.34,0.0,1424.04,1139.77,284.26
5639,117,48,34,1,364.29,0.0,364.29,279.83,84.46
5640,137,30,14,3,378.72,56.81,1079.34,760.07,319.27
5641,26,56,39,2,312.52,62.5,562.54,315.94,246.6
5642,163,91,35,4,37.49,15.0,134.97,101.64,33.34
5643,334,41,13,4,170.76,68.31,614.75,429.24,185.5
5644,150,54,20,2,68.37,0.0,136.74,106.03,30.7
5645,238,50,32,5,331.31,165.66,1490.91,1052.57,438.34
5646,67,90,10,7,445.31,0.0,3117.19,1716.16,1401.03
5647,53,108,1,1,246.17,12.31,233.87,180.08,53.78
5648,268,102,12,1,18.63,0.93,17.7,13.56,4.15
5649,24,22,24,7,79.88,0.0,559.14,322.53,236.61
5650,164,53,6,5,76.05,0.0,380.23,279.33,100.9
5651,116,98,14,7,355.52,124.43,2364.2,1636.14,728.06
5652,6,33,37,5,492.94,0.0,2464.71,1748.17,716.55
5653,194,11,4,6,212.83,63.85,1213.11,958.51,254.6
5654,352,49,3,2,285.72,0.0,571.44,352.8,218.64
5655,26,102,17,4,238.87,47.77,907.69,502.45,405.24
5656,298,100,1,3,248.65,74.6,671.37,407.06,264.31
5657,197,20,2,6,318.8,0.0,1912.79,1524.65,388.14
5658,265,102,8,1,25.41,0.0,25.41,15.43,9.98
5659,36,30,5,1,58.96,2.95,56.01,41.01,15.0
5660,318,112,33,4,290.64,0.0,1162.57,887.29,275.28
5661,5,85,5,7,54.64,0.0,382.46,294.33,88.13
5662,331,19,21,7,262.89,92.01,1748.23,966.45,781.78
5663,241,53,29,5,352.41,0.0,1762.05,973.6,788.45
5664,124,123,26,4,108.07,21.61,410.68,335.54,75.14
5665,3,65,27,2,163.97,0.0,327.93,227.06,100.87
5666,223,104,15,7,228.54,0.0,1599.79,907.4,692.39
5667,32,113,36,2,436.93,0.0,873.85,486.94,386.91
5668,223,5,3,1,267.79,40.17,227.62,175.02,52.6
5669,283,140,5,4,61.96,0.0,247.86,196.88,50.97
5670,98,51,35,3,32.73,0.0,98.2,67.92,30.28
5671,88,120,3,4,280.45,0.0,1121.79,729.57,392.22
5672,82,71,8,7,29.33,10.26,195.02,144.25,50.78
5673,83,87,7,2,404.7,40.47,768.93,427.56,341.37
5674,42,55,2,7,361.07,0.0,2527.49,2003.56,523.93
5675,92,128,5,2,56.5,0.0,113.01,69.97,43.04
5676,241,18,23,3,40.79,0.0,122.37,73.61,48.76
5677,111,135,27,1,146.85,7.34,139.51,88.44,51.07
5678,286,32,4,5,235.04,117.52,1057.66,599.91,457.75
5679,300,133,38,7,146.87,51.41,976.71,639.92,336.79
5680,278,4,4,7,228.74,80.06,1521.11,1130.16,390.95
5681,197,3,28,2,88.79,0.0,177.58,121.56,56.02
5682,116,14,33,6,275.49,82.65,1570.27,1146.85,423.42
5683,340,83,21,1,251.09,12.55,238.54,144.96,93.57
5684,75,40,20,5,59.12,0.0,295.62,194.35,101.27
5685,170,90,5,5,59.92,29.96,269.63,186.12,83.52
5686,166,123,10,2,464.82,0.0,929.65,655.02,274.63
5687,273,5,35,1,32.97,1.65,31.32,18.8,12.52
5688,200,79,14,1,414.29,20.71,393.57,302.29,91.28
5689,292,111,2,5,383.08,191.54,1723.87,990.12,733.75
5690,336,64,30,5,248.93,0.0,1244.67,717.6,527.07
5691,143,139,28,1,83.64,8.36,75.28,46.48,28.8
5692,320,100,3,4,297.05,0.0,1188.2,863.41,324.79
5693,62,6,3,6,291.53,0.0,1749.18,998.46,750.72
5694,335,82,5,2,51.96,10.39,93.53,51.64,41.89
5695,65,58,3,5,297.3,0.0,1486.48,1007.07,479.41
5696,311,20,25,3,440.89,66.13,1256.54,808.7,447.83
5697,143,143,6,2,82.53,0.0,165.06,97.77,67.29
5698,353,34,25,3,459.36,137.81,1240.28,901.8,338.47
5699,48,13,8,3,27.76,8.33,74.95,54.2,20.75
5700,170,34,39,4,308.64,0.0,1234.56,719.64,514.92
5701,330,124,30,2,209.19,41.84,376.54,230.46,146.08
5702,18,90,15,3,207.82,0.0,623.47,404.35,219.12
5703,97,123,18,5,117.24,29.31,556.87,455.14,101.73
5704,31,70,3,3,290.9,87.27,785.42,594.97,190.45
5705,118,18,3,5,244.21,61.05,1159.99,743.59,416.4
5706,143,59,22,1,91.74,4.59,87.15,70.65,16.5
5707,226,30,1,1,277.85,27.79,250.07,168.25,81.81
5708,95,84,26,7,96.09,33.63,638.97,417.05,221.92
5709,58,41,16,4,225.0,90.0,810.0,652.01,157.98
5710,63,146,6,5,69.77,0.0,348.84,261.2,87.64
5711,343,57,22,6,100.12,0.0,600.69,419.23,181.46
5712,348,48,23,2,38.28,7.66,68.91,49.07,19.83
5713,81,148,30,7,247.61,0.0,1733.3,1408.58,324.72
5714,72,79,8,3,25.96,0.0,77.89,46.06,31.84
5715,20,26,22,7,90.35,63.24,569.2,366.41,202.79
5716,351,73,34,3,353.42,0.0,1060.25,703.66,356.59
5717,258,39,11,3,391.24,0.0,1173.72,957.6,216.12
5718,278,108,34,5,324.15,0.0,1620.77,928.27,692.5
5719,107,87,29,2,398.9,0.0,797.8,462.84,334.96
5720,234,110,18,5,118.97,0.0,594.85,397.09,197.76
5721,22,142,36,7,515.26,0.0,3606.81,2148.56,1458.25
5722,247,110,39,5,314.89,157.44,1416.99,1041.35,375.64
5723,212,52,10,1,417.57,0.0,417.57,270.33,147.24
5724,121,31,40,5,104.31,52.15,469.39,365.41,103.98
5725,260,80,1,1,282.69,42.4,240.29,180.73,59.56
5726,236,68,6,1,81.67,0.0,81.67,55.3,26.37
5727,161,47,2,2,350.34,105.1,595.58,463.44,132.13
5728,69,122,15,3,198.37,0.0,595.12,343.52,251.61
5729,9,137,38,1,136.02,6.8,129.22,91.35,37.88
5730,343,58,25,1,445.24,66.79,378.45,269.98,108.47
5731,103,103,25,6,473.18,283.91,2555.19,1575.09,980.11
5732,111,148,4,4,213.21,0.0,852.82,480.48,372.34
5733,249,2,21,2,268.88,0.0,537.76,373.48,164.28
5734,94,55,16,4,244.4,0.0,977.61,673.27,304.34
5735,138,111,20,5,70.02,35.01,315.1,228.91,86.19
5736,260,75,11,6,380.13,0.0,2280.8,1385.57,895.24
5737,218,119,9,3,37.94,0.0,113.82,68.12,45.7
5738,240,72,39,2,331.08,0.0,662.15,539.02,123.14
5739,2,10,23,7,40.18,0.0,281.26,163.32,117.93
5740,165,66,17,5,257.96,0.0,1289.78,1057.41,232.37
5741,174,61,3,7,276.08,0.0,1932.55,1438.58,493.97
5742,231,127,31,3,442.03,66.3,1259.77,906.93,352.84
5743,56,23,19,1,369.12,0.0,369.12,236.88,132.24
5744,59,24,16,3,250.4,0.0,751.21,589.18,162.03
5745,279,22,27,3,143.18,0.0,429.55,341.8,87.75
5746,246,86,6,6,83.34,0.0,500.02,372.47,127.55
5747,297,150,22,6,92.15,55.29,497.63,369.08,128.55
5748,99,93,35,1,37.45,0.0,37.45,25.59,11.87
5749,365,123,19,5,359.41,0.0,1797.07,1026.16,770.92
5750,100,128,1,3,241.73,0.0,725.19,594.46,130.72
5751,238,91,10,5,457.68,0.0,2288.4,1268.23,1020.17
5752,60,92,3,3,278.16,83.45,751.03,513.52,237.51
5753,336,37,21,4,280.3,112.12,1009.08,655.02,354.06
5754,122,145,15,6,219.3,0.0,1315.81,999.43,316.38
5755,293,119,6,3,69.95,0.0,209.86,157.12,52.75
5756,121,131,28,2,88.97,0.0,177.95,128.05,49.9
5757,289,148,8,5,27.31,6.83,129.74,73.98,55.77
5758,166,53,14,7,367.61,0.0,2573.25,1579.85,993.41
5759,23,22,40,4,121.94,73.16,414.59,238.56,176.02
5760,70,129,3,7,250.64,0.0,1754.47,1428.71,325.76
5761,250,71,10,2,417.22,125.17,709.28,414.58,294.7
5762,71,144,13,6,167.51,0.0,1005.03,815.23,189.81
5763,101,105,21,7,267.54,0.0,1872.75,1087.01,785.75
5764,198,39,10,3,454.75,0.0,1364.24,1067.93,296.31
5765,93,54,39,2,347.16,0.0,694.31,489.59,204.72
5766,48,92,1,5,255.82,191.86,1087.22,842.12,245.1
5767,228,60,38,7,163.53,0.0,1144.71,825.55,319.16
5768,252,43,22,1,88.06,0.0,88.06,66.72,21.35
5769,268,32,2,5,326.42,244.81,1387.27,1036.73,350.54
5770,345,98,5,7,52.88,0.0,370.17,229.6,140.57
5771,46,6,5,1,51.68,0.0,51.68,41.47,10.21
5772,156,15,12,4,16.83,0.0,67.33,48.73,18.6
5773,86,7,14,1,413.36,0.0,413.36,249.9,163.46
5774,329,111,26,2,106.87,21.37,192.37,121.7,70.67
5775,198,5,13,4,174.48,0.0,697.93,484.31,213.62
5776,36,63,30,3,208.28,31.24,593.6,467.81,125.79
5777,253,19,12,1,18.29,0.0,18.29,13.99,4.3
5778,16,89,11,6,349.06,0.0,2094.36,1322.7,771.66
5779,101,6,12,2,17.83,1.78,33.88,24.93,8.95
5780,264,4,14,7,402.69,140.94,2677.9,1474.04,1203.86
5781,185,62,34,2,311.96,31.2,592.72,379.23,213.49
5782,278,105,10,4,455.15,0.0,1820.6,1414.04,406.56
5783,209,17,11,6,386.82,0.0,2320.92,1371.26,949.66
5784,308,75,39,4,304.57,60.91,1157.37,746.99,410.38
5785,206,122,27,3,156.46,23.47,445.91,245.38,200.53
5786,21,94,8,6,29.43,0.0,176.59,98.23,78.36
5787,27,113,35,1,33.64,0.0,33.64,19.83,13.81
5788,284,48,8,6,26.36,15.81,142.32,82.19,60.13
5789,15,142,7,5,380.09,0.0,1900.46,1296.55,603.92
5790,138,22,18,6,120.02,36.01,684.12,542.51,141.61
5791,6,91,28,3,80.98,12.15,230.79,132.21,98.58
5792,111,66,8,3,26.89,0.0,80.66,63.31,17.35
5793,218,5,31,5,446.41,0.0,2232.06,1630.31,601.76
5794,64,142,7,5,421.21,0.0,2106.06,1254.37,851.69
5795,171,106,32,7,363.66,127.28,2418.32,1519.26,899.06
5796,364,35,4,7,221.94,155.36,1398.21,842.32,555.89
5797,26,8,19,1,398.48,0.0,398.48,304.09,94.4
5798,24,102,26,2,104.19,0.0,208.38,155.4,52.97
5799,100,82,11,7,389.17,0.0,2724.17,1722.19,1001.98
5800,302,8,25,3,407.07,61.06,1160.15,655.1,505.05
5801,149,148,28,5,77.47,0.0,387.37,230.7,156.67
5802,234,108,27,1,161.57,16.16,145.41,104.7,40.7
5803,13,70,16,1,238.48,0.0,238.48,136.98,101.5
5804,269,36,31,3,460.48,0.0,1381.45,959.89,421.56
5805,25,41,30,6,242.8,0.0,1456.77,1042.31,414.46
5806,260,68,14,6,395.25,237.15,2134.35,1570.23,564.12
5807,54,9,30,7,223.84,78.34,1488.52,869.07,619.45
5808,314,56,37,2,469.09,0.0,938.17,632.44,305.73
5809,109,33,33,2,267.73,0.0,535.45,361.49,173.96
5810,68,17,30,4,213.78,85.51,769.59,596.84,172.75
5811,123,19,31,4,447.1,178.84,1609.55,1088.95,520.6
5812,1,52,33,1,274.77,0.0,274.77,181.3,93.47
5813,61,58,12,4,18.0,7.2,64.81,37.81,27.01
5814,219,53,29,7,365.72,256.0,2304.04,1699.24,604.8
5815,110,104,8,2,26.33,0.0,52.67,37.78,14.89
5816,130,79,15,6,224.08,0.0,1344.51,999.75,344.76
5817,295,29,38,4,138.72,0.0,554.88,403.5,151.37
5818,46,146,12,4,16.64,0.0,66.55,52.33,14.22
5819,145,110,34,5,314.0,157.0,1413.0,1111.87,301.13
5820,68,71,17,5,244.72,0.0,1223.61,774.63,448.97
5821,177,8,9,5,37.24,0.0,186.19,111.58,74.62
5822,122,138,4,1,215.3,0.0,215.3,172.28,43.03
5823,17,112,22,3,99.3,14.9,283.01,210.14,72.87
5824,26,70,19,6,389.22,0.0,2335.35,1896.69,438.66
5825,312,25,21,1,272.74,0.0,272.74,186.6,86.14
5826,21,17,2,6,384.68,0.0,2308.06,1869.08,438.98
5827,286,44,11,4,369.26,147.7,1329.34,775.18,554.16
5828,335,35,1,1,260.45,0.0,260.45,184.77,75.69
5829,171,32,13,1,157.42,0.0,157.42,107.69,49.72
5830,114,62,38,7,135.72,95.0,855.04,470.88,384.16
5831,284,7,7,1,366.66,0.0,366.66,220.76,145.9
5832,359,49,28,1,76.02,3.8,72.22,42.71,29.51
5833,44,131,1,1,261.53,0.0,261.53,148.14,113.39
5834,352,130,23,5,39.09,19.55,175.91,141.78,34.13
5835,345,2,37,7,497.26,0.0,3480.82,2821.72,659.1
5836,53,102,14,2,371.2,0.0,742.4,587.07,155.33
5837,20,149,8,6,27.01,0.0,162.05,132.39,29.66
5838,261,87,23,6,35.44,21.26,191.38,148.18,43.2
5839,29,59,12,2,17.05,3.41,30.7,24.61,6.09
5840,220,74,36,1,477.03,0.0,477.03,287.82,189.21
5841,24,32,34,4,320.21,0.0,1280.86,793.31,487.55
5842,253,60,27,1,142.79,0.0,142.79,111.77,31.02
5843,85,141,26,1,110.06,0.0,110.06,74.78,35.28
5844,36,92,25,4,439.87,0.0,1759.48,1308.32,451.16
5845,25,65,30,6,233.91,140.35,1263.12,886.35,376.77
5846,69,19,19,7,328.96,0.0,2302.69,1456.51,846.19
5847,198,136,39,5,299.38,149.69,1347.2,844.57,502.63
5848,28,25,14,2,374.16,0.0,748.33,562.75,185.58
5849,293,109,1,3,293.58,88.07,792.67,549.85,242.82
5850,221,46,28,5,76.65,0.0,383.26,247.98,135.28
5851,109,42,27,2,144.11,0.0,288.21,206.53,81.68
5852,361,26,40,4,124.0,49.6,446.4,296.13,150.27
5853,241,57,16,6,241.45,0.0,1448.71,982.61,466.09
5854,246,102,17,6,228.89,137.33,1236.01,906.04,329.97
5855,64,63,23,1,38.58,3.86,34.72,23.39,11.33
5856,260,4,16,3,242.19,108.98,617.58,498.07,119.51
5857,205,40,32,2,368.05,73.61,662.49,451.15,211.33
5858,360,25,18,4,103.61,0.0,414.45,335.58,78.87
5859,175,61,32,2,356.79,0.0,713.58,555.79,157.79
5860,248,136,18,7,108.04,37.81,718.47,567.99,150.48
5861,125,145,10,7,481.58,0.0,3371.08,2548.82,822.26
5862,15,150,40,3,120.78,0.0,362.35,258.43,103.91
5863,47,17,22,3,104.23,0.0,312.7,216.96,95.74
5864,317,74,29,4,399.0,79.8,1516.21,1059.75,456.46
5865,270,7,24,1,88.16,0.0,88.16,53.28,34.88
5866,134,75,15,7,201.98,0.0,1413.85,859.46,554.39
5867,255,87,39,6,291.07,261.96,1484.46,830.14,654.31
5868,2,117,15,3,210.61,63.18,568.64,427.22,141.42
5869,14,51,40,4,112.82,0.0,451.27,263.41,187.86
5870,186,6,18,3,108.57,0.0,325.72,230.34,95.38
5871,229,69,1,2,281.56,28.16,534.97,314.16,220.82
5872,343,65,2,3,369.1,0.0,1107.29,628.91,478.39
5873,278,94,39,1,349.9,17.5,332.41,230.71,101.69
5874,94,15,22,6,95.49,57.29,515.65,405.17,110.49
5875,298,92,16,5,256.22,0.0,1281.09,827.74,453.35
5876,180,61,33,7,285.88,0.0,2001.16,1597.31,403.85
5877,302,111,25,1,479.31,0.0,479.31,264.95,214.35
5878,64,148,27,5,158.22,0.0,791.09,534.58,256.51
5879,10,35,28,4,78.43,15.69,298.03,175.72,122.3
5880,22,114,8,5,24.35,0.0,121.74,77.34,44.4
5881,362,20,4,7,237.95,249.84,1415.79,787.76,628.03
5882,30,148,30,3,241.03,36.15,686.93,384.37,302.56
5883,343,73,1,1,285.35,0.0,285.35,211.86,73.49
5884,266,112,29,1,393.54,0.0,393.54,286.0,107.54
5885,54,117,6,4,79.72,0.0,318.9,193.33,125.57
5886,316,92,11,2,374.37,0.0,748.73,593.98,154.76
5887,53,58,29,1,403.67,20.18,383.49,282.15,101.33
5888,53,114,25,2,472.79,0.0,945.58,605.9,339.68
5889,211,72,32,2,329.05,0.0,658.11,434.39,223.71
5890,106,99,25,1,395.67,0.0,395.67,248.87,146.8
5891,107,92,2,4,320.77,0.0,1283.09,993.45,289.64
5892,72,70,34,5,329.91,82.48,1567.06,1070.88,496.18
5893,222,18,9,3,43.07,19.38,109.83,64.42,45.41
5894,10,44,6,1,81.43,4.07,77.36,46.76,30.6
5895,90,141,36,5,466.97,350.23,1984.61,1250.46,734.15
5896,203,79,8,1,25.89,1.29,24.6,16.21,8.39
5897,178,96,22,6,97.56,0.0,585.34,415.6,169.74
5898,256,39,20,3,69.28,20.78,187.05,151.57,35.48
5899,79,106,31,3,485.57,0.0,1456.7,904.2,552.5
5900,237,74,2,2,327.92,0.0,655.84,418.86,236.98
5901,278,33,5,2,54.87,10.97,98.77,54.96,43.81
5902,142,22,17,2,240.15,24.02,456.29,296.85,159.43
5903,94,60,19,4,367.67,147.07,1323.6,969.23,354.37
5904,203,85,32,2,359.5,0.0,718.99,582.4,136.59
5905,212,43,25,5,474.37,237.18,2134.65,1600.67,533.98
5906,35,37,6,2,70.05,0.0,140.1,81.52,58.58
5907,207,41,40,4,106.7,0.0,426.82,337.32,89.5
5908,57,45,19,4,357.01,142.8,1285.22,997.9,287.32
5909,208,111,39,5,306.7,0.0,1533.52,921.7,611.82
5910,341,75,40,6,110.86,33.26,631.89,506.95,124.94
5911,197,71,3,4,246.29,98.52,886.64,658.6,228.04
5912,278,25,21,6,238.36,143.02,1287.15,979.99,307.16
5913,114,82,17,2,253.59,0.0,507.18,341.82,165.36
5914,337,145,20,6,59.79,0.0,358.77,216.76,142.01
5915,297,112,13,3,177.12,53.14,478.23,366.21,112.02
5916,335,68,23,5,36.11,9.03,171.54,116.46,55.08
5917,271,47,20,4,62.48,0.0,249.92,202.74,47.18
5918,238,53,8,7,24.81,0.0,173.66,102.7,70.96
5919,192,5,12,2,15.38,0.0,30.77,19.87,10.89
5920,339,5,6,4,73.93,44.36,251.36,188.17,63.19
5921,310,117,34,2,355.83,0.0,711.66,501.38,210.29
5922,153,127,28,5,88.86,44.43,399.88,266.71,133.16
5923,32,146,16,1,221.12,0.0,221.12,163.5,57.61
5924,2,94,16,3,219.63,0.0,658.89,492.85,166.04
5925,86,140,4,1,202.73,10.14,192.59,135.94,56.65
5926,23,63,12,3,17.95,5.39,48.47,30.83,17.63
5927,78,39,37,4,450.6,0.0,1802.42,1292.45,509.97
5928,40,37,2,3,334.35,0.0,1003.05,699.35,303.71
5929,359,36,6,3,82.06,12.31,233.86,178.99,54.87
5930,35,112,34,2,358.47,0.0,716.95,520.81,196.13
5931,229,2,21,6,269.91,0.0,1619.44,1107.9,511.53
5932,129,142,2,6,329.63,98.89,1878.9,1042.88,836.01
5933,64,117,20,4,63.41,0.0,253.66,150.94,102.71
5934,256,58,30,1,218.85,10.94,207.91,133.25,74.66
5935,355,106,14,1,398.45,0.0,398.45,283.84,114.6
5936,289,21,16,5,255.94,63.98,1215.7,928.72,286.98
5937,356,65,26,7,93.24,65.27,587.43,475.34,112.09
5938,216,17,24,7,91.2,63.84,574.54,409.04,165.5
5939,246,17,37,3,475.31,71.3,1354.63,1011.62,343.01
5940,54,1,10,4,480.52,96.1,1825.99,1310.68,515.31
5941,312,120,12,2,15.51,0.0,31.03,20.67,10.36
5942,273,112,7,1,373.03,0.0,373.03,266.57,106.46
5943,93,134,27,6,135.45,0.0,812.71,534.91,277.8
5944,130,148,22,3,101.69,15.25,289.8,194.89,94.92
5945,223,145,14,4,352.81,0.0,1411.24,1123.3,287.93
5946,5,149,28,3,79.32,0.0,237.97,167.12,70.86
5947,299,3,16,3,256.02,0.0,768.07,443.26,324.81
5948,103,118,8,7,28.3,9.91,188.23,130.14,58.08
5949,28,109,22,6,100.16,0.0,600.97,485.21,115.76
5950,121,25,18,5,117.42,0.0,587.11,338.77,248.34
5951,306,21,17,3,244.7,36.71,697.4,566.44,130.96
5952,101,147,18,6,116.23,69.74,627.64,512.57,115.07
5953,197,133,37,3,464.47,69.67,1323.74,928.46,395.28
5954,297,50,9,4,36.56,0.0,146.23,93.55,52.68
5955,13,12,12,2,16.84,3.37,30.32,16.75,13.57
5956,278,51,23,5,34.15,0.0,170.77,94.64,76.13
5957,106,1,2,1,351.18,0.0,351.18,229.95,121.23
5958,254,104,6,6,75.59,0.0,453.52,345.33,108.2
5959,69,58,23,5,35.15,0.0,175.77,141.4,34.37
5960,51,8,21,1,275.86,13.79,262.06,155.09,106.98
5961,288,147,27,4,156.14,0.0,624.54,425.75,198.8
5962,295,124,5,2,57.1,11.42,102.78,70.45,32.33
5963,359,136,35,4,37.55,7.51,142.71,93.14,49.56
5964,248,150,20,1,62.19,0.0,62.19,43.27,18.92
5965,171,3,7,6,365.47,0.0,2192.82,1753.72,439.1
5966,72,117,13,4,155.81,31.16,592.08,395.75,196.33
5967,108,119,10,3,457.79,0.0,1373.36,806.43,566.92
5968,237,118,19,7,343.37,0.0,2403.61,1753.85,649.77
5969,127,40,19,5,391.79,0.0,1958.97,1094.03,864.94
5970,177,59,18,5,108.61,0.0,543.06,436.53,106.53
5971,62,140,19,2,364.21,0.0,728.43,585.49,142.94
5972,161,10,37,4,481.69,192.68,1734.1,996.9,737.2
5973,87,97,39,5,307.42,0.0,1537.12,1074.04,463.07
5974,41,119,20,7,68.06,0.0,476.39,364.58,111.81
5975,49,120,39,5,332.01,83.0,1577.03,1065.18,511.85
5976,190,90,33,2,286.95,57.39,516.51,350.85,165.66
5977,134,116,33,5,278.5,69.63,1322.88,1074.12,248.76
5978,37,137,10,1,450.14,0.0,450.14,275.59,174.55
5979,188,115,18,3,111.88,50.35,285.29,197.45,87.84
5980,60,18,15,7,226.96,0.0,1588.7,923.1,665.6
5981,6,37,4,6,212.22,0.0,1273.35,804.32,469.03
5982,49,46,4,7,214.85,75.2,1428.72,1114.04,314.68
5983,164,52,25,3,407.26,0.0,1221.77,908.32,313.46
5984,349,55,17,5,246.05,61.51,1168.74,835.93,332.81
5985,89,33,34,5,305.25,228.94,1297.31,753.41,543.9
5986,104,103,27,2,164.73,0.0,329.45,256.87,72.58
5987,89,17,4,7,202.07,0.0,1414.51,891.83,522.68
5988,130,119,34,7,325.66,0.0,2279.63,1583.08,696.55
5989,262,99,20,1,61.55,0.0,61.55,37.73,23.82
5990,118,145,23,6,36.0,10.8,205.17,141.69,63.48
5991,241,1,39,4,308.37,185.02,1048.46,735.78,312.67
5992,328,45,26,5,104.82,26.2,497.88,319.6,178.28
5993,346,135,1,4,251.19,150.72,854.06,586.39,267.66
5994,206,75,8,2,25.69,0.0,51.38,33.89,17.49
5995,261,85,18,1,104.02,0.0,104.02,76.8,27.22
5996,336,5,2,4,341.47,0.0,1365.86,951.8,414.06
5997,288,115,7,6,417.6,250.56,2255.03,1774.89,480.14
5998,110,38,32,6,329.11,0.0,1974.67,1112.54,862.14
5999,49,145,6,2,80.36,0.0,160.71,89.55,71.17
6000,42,57,7,7,380.79,0.0,2665.56,1601.76,1063.8
