sales_key,order_id,order_line_id,date_key,product_key,customer_key,quantity,unit_price,discount_amount,gross_sales,net_sales,unit_cost,total_cost,profit,profit_margin_pct,shipping_cost,delivery_days,promised_delivery_days,delivery_delay_days,stock_level_at_sale,promotion_name,sales_channel
1,ORD000001,1,20260108,1,2,1,4999.0,0.0,4999.0,4999.0,1800.0,1800.0,3199.0,63.99,80,3,3,0,25,No Promotion,Mobile App
2,ORD000002,1,20260115,1,3,1,4999.0,0.0,4999.0,4999.0,1800.0,1800.0,3199.0,63.99,80,3,3,0,25,No Promotion,Marketplace
3,ORD000003,1,20260122,1,4,1,4999.0,499.9,4999.0,4499.1,1800.0,1800.0,2699.1,59.99,80,3,3,0,25,Welcome Offer 10%,Marketplace
4,ORD000004,1,20260129,5,5,1,1999.0,0.0,1999.0,1999.0,700.0,700.0,1299.0,64.98,80,3,3,0,25,No Promotion,Online
5,ORD000005,1,20260205,6,6,2,2999.0,0.0,5998.0,5998.0,1100.0,2200.0,3798.0,63.32,80,3,3,0,25,No Promotion,Mobile App
6,ORD000006,1,20260212,7,7,1,2499.0,249.9,2499.0,2249.1,900.0,900.0,1349.1,59.98,80,3,3,0,25,Welcome Offer 10%,Marketplace
7,ORD000007,1,20260219,8,8,1,27999.0,4199.85,27999.0,23799.15,15000.0,15000.0,8799.15,36.97,80,6,3,3,25,Festive Offer 15%,Marketplace
8,ORD000008,1,20260226,9,9,1,15999.0,0.0,15999.0,15999.0,8500.0,8500.0,7499.0,46.87,80,3,3,0,25,No Promotion,Online
9,ORD000009,1,20260305,10,10,1,9999.0,999.9,9999.0,8999.1,4200.0,4200.0,4799.1,53.33,180,3,3,0,25,Welcome Offer 10%,Mobile App
10,ORD000010,1,20260312,11,11,2,7999.0,0.0,15998.0,15998.0,4800.0,9600.0,6398.0,39.99,80,3,3,0,25,No Promotion,Marketplace
11,ORD000011,1,20260320,12,12,1,3499.0,874.75,3499.0,2624.25,1600.0,1600.0,1024.25,39.03,80,3,3,0,8,Mega Sale 25%,Marketplace
12,ORD000012,1,20260327,1,13,1,4999.0,499.9,4999.0,4499.1,1800.0,1800.0,2699.1,59.99,80,3,3,0,25,Welcome Offer 10%,Online
13,ORD000013,1,20260403,1,14,1,4999.0,0.0,4999.0,4999.0,1800.0,1800.0,3199.0,63.99,80,8,3,5,25,No Promotion,Mobile App
14,ORD000014,1,20260410,1,15,1,4999.0,749.85,4999.0,4249.15,1800.0,1800.0,2449.15,57.64,80,6,3,3,25,Festive Offer 15%,Marketplace
15,ORD000015,1,20260417,1,1,2,4999.0,499.9,9998.0,9498.1,1800.0,3600.0,5898.1,62.1,80,3,3,0,25,Welcome Offer 10%,Marketplace
16,ORD000016,1,20260424,5,2,1,1999.0,0.0,1999.0,1999.0,700.0,700.0,1299.0,64.98,80,3,3,0,25,No Promotion,Online
17,ORD000017,1,20260501,6,3,3,2999.0,0.0,8997.0,8997.0,1100.0,3300.0,5697.0,63.32,80,3,3,0,25,No Promotion,Mobile App
18,ORD000018,1,20260508,7,4,1,2499.0,249.9,2499.0,2249.1,900.0,900.0,1349.1,59.98,180,3,3,0,25,Welcome Offer 10%,Marketplace
19,ORD000019,1,20260515,8,5,1,27999.0,0.0,27999.0,27999.0,15000.0,15000.0,12999.0,46.43,80,3,3,0,2,No Promotion,Marketplace
20,ORD000020,1,20260522,9,6,2,15999.0,0.0,31998.0,31998.0,8500.0,17000.0,14998.0,46.87,80,3,3,0,25,No Promotion,Online
21,ORD000021,1,20260529,10,7,1,9999.0,1499.85,9999.0,8499.15,4200.0,4200.0,4299.15,50.58,80,6,3,3,25,Festive Offer 15%,Mobile App
22,ORD000022,1,20260606,11,8,1,7999.0,1999.75,7999.0,5999.25,4800.0,4800.0,1199.25,19.99,80,3,3,0,8,Mega Sale 25%,Marketplace
23,ORD000023,1,20260613,12,9,1,3499.0,0.0,3499.0,3499.0,1600.0,1600.0,1899.0,54.27,80,3,3,0,25,No Promotion,Marketplace
24,ORD000024,1,20260620,1,10,1,4999.0,499.9,4999.0,4499.1,1800.0,1800.0,2699.1,59.99,80,3,3,0,25,Welcome Offer 10%,Online
25,ORD000025,1,20260627,1,11,2,4999.0,0.0,9998.0,9998.0,1800.0,3600.0,6398.0,63.99,80,3,3,0,25,No Promotion,Mobile App
26,ORD000026,1,20260704,1,12,1,4999.0,0.0,4999.0,4999.0,1800.0,1800.0,3199.0,63.99,80,8,3,5,25,No Promotion,Marketplace
27,ORD000027,1,20260711,1,13,1,4999.0,499.9,4999.0,4499.1,1800.0,1800.0,2699.1,59.99,180,3,3,0,25,Welcome Offer 10%,Marketplace
28,ORD000028,1,20260718,5,14,1,1999.0,299.85,1999.0,1699.15,700.0,700.0,999.15,58.8,80,6,3,3,25,Festive Offer 15%,Online
29,ORD000029,1,20260725,6,15,1,2999.0,0.0,2999.0,2999.0,1100.0,1100.0,1899.0,63.32,80,3,3,0,25,No Promotion,Mobile App
30,ORD000030,1,20260801,7,1,2,2499.0,249.9,4998.0,4748.1,900.0,1800.0,2948.1,62.09,80,3,3,0,25,Welcome Offer 10%,Marketplace
31,ORD000031,1,20260808,8,2,1,27999.0,0.0,27999.0,27999.0,15000.0,15000.0,12999.0,46.43,80,3,3,0,25,No Promotion,Marketplace
32,ORD000032,1,20260815,9,3,1,15999.0,0.0,15999.0,15999.0,8500.0,8500.0,7499.0,46.87,80,3,3,0,25,No Promotion,Online
33,ORD000033,1,20260823,10,4,1,9999.0,2499.75,9999.0,7499.25,4200.0,4200.0,3299.25,43.99,80,3,3,0,8,Mega Sale 25%,Mobile App
34,ORD000034,1,20260830,11,5,3,7999.0,0.0,23997.0,23997.0,4800.0,14400.0,9597.0,39.99,80,3,3,0,25,No Promotion,Marketplace
35,ORD000035,1,20260906,12,6,2,3499.0,524.85,6998.0,6473.15,1600.0,3200.0,3273.15,50.57,80,6,3,3,25,Festive Offer 15%,Marketplace
36,ORD000036,1,20260913,1,7,1,4999.0,499.9,4999.0,4499.1,1800.0,1800.0,2699.1,59.99,180,3,3,0,25,Welcome Offer 10%,Online
37,ORD000037,1,20260920,1,8,1,4999.0,0.0,4999.0,4999.0,1800.0,1800.0,3199.0,63.99,80,3,3,0,25,No Promotion,Mobile App
38,ORD000038,1,20260927,1,9,1,4999.0,0.0,4999.0,4999.0,1800.0,1800.0,3199.0,63.99,80,3,3,0,2,No Promotion,Marketplace
39,ORD000039,1,20261004,1,10,1,4999.0,499.9,4999.0,4499.1,1800.0,1800.0,2699.1,59.99,80,8,3,5,25,Welcome Offer 10%,Marketplace
40,ORD000040,1,20261011,5,11,2,1999.0,0.0,3998.0,3998.0,700.0,1400.0,2598.0,64.98,80,3,3,0,25,No Promotion,Online
41,ORD000041,1,20261018,6,12,1,2999.0,0.0,2999.0,2999.0,1100.0,1100.0,1899.0,63.32,80,3,3,0,25,No Promotion,Mobile App
42,ORD000042,1,20261025,7,13,1,2499.0,374.85,2499.0,2124.15,900.0,900.0,1224.15,57.63,80,6,3,3,25,Festive Offer 15%,Marketplace
43,ORD000043,1,20261101,8,14,1,27999.0,0.0,27999.0,27999.0,15000.0,15000.0,12999.0,46.43,80,3,3,0,25,No Promotion,Marketplace
44,ORD000044,1,20261109,9,15,1,15999.0,3999.75,15999.0,11999.25,8500.0,8500.0,3499.25,29.16,80,3,3,0,8,Mega Sale 25%,Online
45,ORD000045,1,20261116,10,1,2,9999.0,999.9,19998.0,18998.1,4200.0,8400.0,10598.1,55.79,180,3,3,0,25,Welcome Offer 10%,Mobile App
46,ORD000046,1,20261123,11,2,1,7999.0,0.0,7999.0,7999.0,4800.0,4800.0,3199.0,39.99,80,3,3,0,25,No Promotion,Marketplace
47,ORD000047,1,20261130,12,3,1,3499.0,0.0,3499.0,3499.0,1600.0,1600.0,1899.0,54.27,80,3,3,0,25,No Promotion,Marketplace
48,ORD000048,1,20261207,1,4,1,4999.0,499.9,4999.0,4499.1,1800.0,1800.0,2699.1,59.99,80,3,3,0,25,Welcome Offer 10%,Online
49,ORD000049,1,20261214,1,5,1,4999.0,749.85,4999.0,4249.15,1800.0,1800.0,2449.15,57.64,80,6,3,3,25,Festive Offer 15%,Mobile App
50,ORD000050,1,20261221,1,6,2,4999.0,0.0,9998.0,9998.0,1800.0,3600.0,6398.0,63.99,80,3,3,0,25,No Promotion,Marketplace
51,ORD000051,1,20261228,1,7,3,4999.0,499.9,14997.0,14497.1,1800.0,5400.0,9097.1,62.75,80,3,3,0,25,Welcome Offer 10%,Marketplace
52,ORD000052,1,20260104,5,8,1,1999.0,0.0,1999.0,1999.0,700.0,700.0,1299.0,64.98,80,8,3,5,25,No Promotion,Online
53,ORD000053,1,20260111,6,9,1,2999.0,0.0,2999.0,2999.0,1100.0,1100.0,1899.0,63.32,80,3,3,0,25,No Promotion,Mobile App
54,ORD000054,1,20260118,7,10,1,2499.0,249.9,2499.0,2249.1,900.0,900.0,1349.1,59.98,180,3,3,0,25,Welcome Offer 10%,Marketplace
55,ORD000055,1,20260126,8,11,2,27999.0,6999.75,55998.0,48998.25,15000.0,30000.0,18998.25,38.77,80,3,3,0,8,Mega Sale 25%,Marketplace
56,ORD000056,1,20260202,9,12,1,15999.0,2399.85,15999.0,13599.15,8500.0,8500.0,5099.15,37.5,80,6,3,3,25,Festive Offer 15%,Online
57,ORD000057,1,20260209,10,13,1,9999.0,999.9,9999.0,8999.1,4200.0,4200.0,4799.1,53.33,80,3,3,0,2,Welcome Offer 10%,Mobile App
58,ORD000058,1,20260216,11,14,1,7999.0,0.0,7999.0,7999.0,4800.0,4800.0,3199.0,39.99,80,3,3,0,25,No Promotion,Marketplace
59,ORD000059,1,20260223,12,15,1,3499.0,0.0,3499.0,3499.0,1600.0,1600.0,1899.0,54.27,80,3,3,0,25,No Promotion,Marketplace
60,ORD000060,1,20260302,1,1,2,4999.0,499.9,9998.0,9498.1,1800.0,3600.0,5898.1,62.1,80,3,3,0,25,Welcome Offer 10%,Online
61,ORD000061,1,20260309,1,2,1,4999.0,0.0,4999.0,4999.0,1800.0,1800.0,3199.0,63.99,80,3,3,0,25,No Promotion,Mobile App
62,ORD000062,1,20260316,1,3,1,4999.0,0.0,4999.0,4999.0,1800.0,1800.0,3199.0,63.99,80,3,3,0,25,No Promotion,Marketplace
63,ORD000063,1,20260323,1,4,1,4999.0,749.85,4999.0,4249.15,1800.0,1800.0,2449.15,57.64,180,6,3,3,25,Festive Offer 15%,Marketplace
64,ORD000064,1,20260330,5,5,1,1999.0,0.0,1999.0,1999.0,700.0,700.0,1299.0,64.98,80,3,3,0,25,No Promotion,Online
65,ORD000065,1,20260406,6,6,2,2999.0,0.0,5998.0,5998.0,1100.0,2200.0,3798.0,63.32,80,8,3,5,25,No Promotion,Mobile App
66,ORD000066,1,20260414,7,7,1,2499.0,624.75,2499.0,1874.25,900.0,900.0,974.25,51.98,80,3,3,0,8,Mega Sale 25%,Marketplace
67,ORD000067,1,20260421,8,8,1,27999.0,0.0,27999.0,27999.0,15000.0,15000.0,12999.0,46.43,80,3,3,0,25,No Promotion,Marketplace
68,ORD000068,1,20260428,9,9,3,15999.0,0.0,47997.0,47997.0,8500.0,25500.0,22497.0,46.87,80,3,3,0,25,No Promotion,Online
69,ORD000069,1,20260505,10,10,1,9999.0,999.9,9999.0,8999.1,4200.0,4200.0,4799.1,53.33,80,3,3,0,25,Welcome Offer 10%,Mobile App
70,ORD000070,1,20260512,11,11,2,7999.0,1199.85,15998.0,14798.15,4800.0,9600.0,5198.15,35.13,80,6,3,3,25,Festive Offer 15%,Marketplace
71,ORD000071,1,20260519,12,12,1,3499.0,0.0,3499.0,3499.0,1600.0,1600.0,1899.0,54.27,80,3,3,0,25,No Promotion,Marketplace
72,ORD000072,1,20260526,1,13,1,4999.0,499.9,4999.0,4499.1,1800.0,1800.0,2699.1,59.99,180,3,3,0,25,Welcome Offer 10%,Online
73,ORD000073,1,20260602,1,14,1,4999.0,0.0,4999.0,4999.0,1800.0,1800.0,3199.0,63.99,80,3,3,0,25,No Promotion,Mobile App
74,ORD000074,1,20260609,1,15,1,4999.0,0.0,4999.0,4999.0,1800.0,1800.0,3199.0,63.99,80,3,3,0,25,No Promotion,Marketplace
75,ORD000075,1,20260616,1,1,2,4999.0,499.9,9998.0,9498.1,1800.0,3600.0,5898.1,62.1,80,3,3,0,25,Welcome Offer 10%,Marketplace
76,ORD000076,1,20260623,5,2,1,1999.0,0.0,1999.0,1999.0,700.0,700.0,1299.0,64.98,80,3,3,0,2,No Promotion,Online
77,ORD000077,1,20260701,6,3,1,2999.0,749.75,2999.0,2249.25,1100.0,1100.0,1149.25,51.09,80,6,3,3,8,Mega Sale 25%,Mobile App
78,ORD000078,1,20260708,7,4,1,2499.0,249.9,2499.0,2249.1,900.0,900.0,1349.1,59.98,80,8,3,5,25,Welcome Offer 10%,Marketplace
79,ORD000079,1,20260715,8,5,1,27999.0,0.0,27999.0,27999.0,15000.0,15000.0,12999.0,46.43,80,3,3,0,25,No Promotion,Marketplace
80,ORD000080,1,20260722,9,6,2,15999.0,0.0,31998.0,31998.0,8500.0,17000.0,14998.0,46.87,80,3,3,0,25,No Promotion,Online
81,ORD000081,1,20260729,10,7,1,9999.0,999.9,9999.0,8999.1,4200.0,4200.0,4799.1,53.33,180,3,3,0,25,Welcome Offer 10%,Mobile App
82,ORD000082,1,20260805,11,8,1,7999.0,0.0,7999.0,7999.0,4800.0,4800.0,3199.0,39.99,80,3,3,0,25,No Promotion,Marketplace
83,ORD000083,1,20260812,12,9,1,3499.0,0.0,3499.0,3499.0,1600.0,1600.0,1899.0,54.27,80,3,3,0,25,No Promotion,Marketplace
84,ORD000084,1,20260819,1,10,1,4999.0,749.85,4999.0,4249.15,1800.0,1800.0,2449.15,57.64,80,6,3,3,25,Festive Offer 15%,Online
85,ORD000085,1,20260826,1,11,3,4999.0,0.0,14997.0,14997.0,1800.0,5400.0,9597.0,63.99,80,3,3,0,25,No Promotion,Mobile App
86,ORD000086,1,20260902,1,12,1,4999.0,0.0,4999.0,4999.0,1800.0,1800.0,3199.0,63.99,80,3,3,0,25,No Promotion,Marketplace
87,ORD000087,1,20260909,1,13,1,4999.0,499.9,4999.0,4499.1,1800.0,1800.0,2699.1,59.99,80,3,3,0,25,Welcome Offer 10%,Marketplace
88,ORD000088,1,20260917,5,14,1,1999.0,499.75,1999.0,1499.25,700.0,700.0,799.25,53.31,80,3,3,0,8,Mega Sale 25%,Online
89,ORD000089,1,20260924,6,15,1,2999.0,0.0,2999.0,2999.0,1100.0,1100.0,1899.0,63.32,80,3,3,0,25,No Promotion,Mobile App
90,ORD000090,1,20261001,7,1,2,2499.0,249.9,4998.0,4748.1,900.0,1800.0,2948.1,62.09,180,3,3,0,25,Welcome Offer 10%,Marketplace
91,ORD000091,1,20261008,8,2,1,27999.0,4199.85,27999.0,23799.15,15000.0,15000.0,8799.15,36.97,80,8,3,5,25,Festive Offer 15%,Marketplace
92,ORD000092,1,20261015,9,3,1,15999.0,0.0,15999.0,15999.0,8500.0,8500.0,7499.0,46.87,80,3,3,0,25,No Promotion,Online
93,ORD000093,1,20261022,10,4,1,9999.0,999.9,9999.0,8999.1,4200.0,4200.0,4799.1,53.33,80,3,3,0,25,Welcome Offer 10%,Mobile App
94,ORD000094,1,20261029,11,5,1,7999.0,0.0,7999.0,7999.0,4800.0,4800.0,3199.0,39.99,80,3,3,0,25,No Promotion,Marketplace
95,ORD000095,1,20261105,12,6,2,3499.0,0.0,6998.0,6998.0,1600.0,3200.0,3798.0,54.27,80,3,3,0,2,No Promotion,Marketplace
96,ORD000096,1,20261112,1,7,1,4999.0,499.9,4999.0,4499.1,1800.0,1800.0,2699.1,59.99,80,3,3,0,25,Welcome Offer 10%,Online
97,ORD000097,1,20261119,1,8,1,4999.0,0.0,4999.0,4999.0,1800.0,1800.0,3199.0,63.99,80,3,3,0,25,No Promotion,Mobile App
98,ORD000098,1,20261126,1,9,1,4999.0,749.85,4999.0,4249.15,1800.0,1800.0,2449.15,57.64,80,6,3,3,25,Festive Offer 15%,Marketplace
99,ORD000099,1,20261204,1,10,1,4999.0,1249.75,4999.0,3749.25,1800.0,1800.0,1949.25,51.99,180,3,3,0,8,Mega Sale 25%,Marketplace
100,ORD000100,1,20261211,5,11,2,1999.0,0.0,3998.0,3998.0,700.0,1400.0,2598.0,64.98,80,3,3,0,25,No Promotion,Online
101,ORD000101,1,20261218,6,12,1,2999.0,0.0,2999.0,2999.0,1100.0,1100.0,1899.0,63.32,80,3,3,0,25,No Promotion,Mobile App
102,ORD000102,1,20261225,7,13,3,2499.0,249.9,7497.0,7247.1,900.0,2700.0,4547.1,62.74,80,3,3,0,25,Welcome Offer 10%,Marketplace
103,ORD000103,1,20260101,8,14,1,27999.0,0.0,27999.0,27999.0,15000.0,15000.0,12999.0,46.43,80,3,3,0,25,No Promotion,Marketplace
104,ORD000104,1,20260108,9,15,1,15999.0,0.0,15999.0,15999.0,8500.0,8500.0,7499.0,46.87,80,8,3,5,25,No Promotion,Online
105,ORD000105,1,20260115,10,1,2,9999.0,1499.85,19998.0,18498.15,4200.0,8400.0,10098.15,54.59,80,6,3,3,25,Festive Offer 15%,Mobile App
106,ORD000106,1,20260122,11,2,1,7999.0,0.0,7999.0,7999.0,4800.0,4800.0,3199.0,39.99,80,3,3,0,25,No Promotion,Marketplace
107,ORD000107,1,20260129,12,3,1,3499.0,0.0,3499.0,3499.0,1600.0,1600.0,1899.0,54.27,80,3,3,0,25,No Promotion,Marketplace
108,ORD000108,1,20260205,1,4,1,4999.0,499.9,4999.0,4499.1,1800.0,1800.0,2699.1,59.99,180,3,3,0,25,Welcome Offer 10%,Online
109,ORD000109,1,20260212,1,5,1,4999.0,0.0,4999.0,4999.0,1800.0,1800.0,3199.0,63.99,80,3,3,0,25,No Promotion,Mobile App
110,ORD000110,1,20260220,1,6,2,4999.0,1249.75,9998.0,8748.25,1800.0,3600.0,5148.25,58.85,80,3,3,0,8,Mega Sale 25%,Marketplace
111,ORD000111,1,20260227,1,7,1,4999.0,499.9,4999.0,4499.1,1800.0,1800.0,2699.1,59.99,80,3,3,0,25,Welcome Offer 10%,Marketplace
112,ORD000112,1,20260306,5,8,1,1999.0,299.85,1999.0,1699.15,700.0,700.0,999.15,58.8,80,6,3,3,25,Festive Offer 15%,Online
113,ORD000113,1,20260313,6,9,1,2999.0,0.0,2999.0,2999.0,1100.0,1100.0,1899.0,63.32,80,3,3,0,25,No Promotion,Mobile App
114,ORD000114,1,20260320,7,10,1,2499.0,249.9,2499.0,2249.1,900.0,900.0,1349.1,59.98,80,3,3,0,2,Welcome Offer 10%,Marketplace
115,ORD000115,1,20260327,8,11,2,27999.0,0.0,55998.0,55998.0,15000.0,30000.0,25998.0,46.43,80,3,3,0,25,No Promotion,Marketplace
116,ORD000116,1,20260403,9,12,1,15999.0,0.0,15999.0,15999.0,8500.0,8500.0,7499.0,46.87,80,3,3,0,25,No Promotion,Online
117,ORD000117,1,20260410,10,13,1,9999.0,999.9,9999.0,8999.1,4200.0,4200.0,4799.1,53.33,180,8,3,5,25,Welcome Offer 10%,Mobile App
118,ORD000118,1,20260417,11,14,1,7999.0,0.0,7999.0,7999.0,4800.0,4800.0,3199.0,39.99,80,3,3,0,25,No Promotion,Marketplace
119,ORD000119,1,20260424,12,15,3,3499.0,524.85,10497.0,9972.15,1600.0,4800.0,5172.15,51.87,80,6,3,3,25,Festive Offer 15%,Marketplace
120,ORD000120,1,20260501,1,1,2,4999.0,499.9,9998.0,9498.1,1800.0,3600.0,5898.1,62.1,80,3,3,0,25,Welcome Offer 10%,Online
121,ORD000121,1,20260509,1,2,1,4999.0,1249.75,4999.0,3749.25,1800.0,1800.0,1949.25,51.99,80,3,3,0,8,Mega Sale 25%,Mobile App
122,ORD000122,1,20260516,1,3,1,4999.0,0.0,4999.0,4999.0,1800.0,1800.0,3199.0,63.99,80,3,3,0,25,No Promotion,Marketplace
123,ORD000123,1,20260523,1,4,1,4999.0,499.9,4999.0,4499.1,1800.0,1800.0,2699.1,59.99,80,3,3,0,25,Welcome Offer 10%,Marketplace
124,ORD000124,1,20260530,5,5,1,1999.0,0.0,1999.0,1999.0,700.0,700.0,1299.0,64.98,80,3,3,0,25,No Promotion,Online
125,ORD000125,1,20260606,6,6,2,2999.0,0.0,5998.0,5998.0,1100.0,2200.0,3798.0,63.32,80,3,3,0,25,No Promotion,Mobile App
126,ORD000126,1,20260613,7,7,1,2499.0,374.85,2499.0,2124.15,900.0,900.0,1224.15,57.63,180,6,3,3,25,Festive Offer 15%,Marketplace
127,ORD000127,1,20260620,8,8,1,27999.0,0.0,27999.0,27999.0,15000.0,15000.0,12999.0,46.43,80,3,3,0,25,No Promotion,Marketplace
128,ORD000128,1,20260627,9,9,1,15999.0,0.0,15999.0,15999.0,8500.0,8500.0,7499.0,46.87,80,3,3,0,25,No Promotion,Online
129,ORD000129,1,20260704,10,10,1,9999.0,999.9,9999.0,8999.1,4200.0,4200.0,4799.1,53.33,80,3,3,0,25,Welcome Offer 10%,Mobile App
130,ORD000130,1,20260711,11,11,2,7999.0,0.0,15998.0,15998.0,4800.0,9600.0,6398.0,39.99,80,8,3,5,25,No Promotion,Marketplace
131,ORD000131,1,20260718,12,12,1,3499.0,0.0,3499.0,3499.0,1600.0,1600.0,1899.0,54.27,80,3,3,0,25,No Promotion,Marketplace
132,ORD000132,1,20260726,1,13,1,4999.0,1249.75,4999.0,3749.25,1800.0,1800.0,1949.25,51.99,80,3,3,0,8,Mega Sale 25%,Online
133,ORD000133,1,20260802,1,14,1,4999.0,749.85,4999.0,4249.15,1800.0,1800.0,2449.15,57.64,80,6,3,3,2,Festive Offer 15%,Mobile App
134,ORD000134,1,20260809,1,15,1,4999.0,0.0,4999.0,4999.0,1800.0,1800.0,3199.0,63.99,80,3,3,0,25,No Promotion,Marketplace
135,ORD000135,1,20260816,1,1,2,4999.0,499.9,9998.0,9498.1,1800.0,3600.0,5898.1,62.1,180,3,3,0,25,Welcome Offer 10%,Marketplace
136,ORD000136,1,20260823,5,2,3,1999.0,0.0,5997.0,5997.0,700.0,2100.0,3897.0,64.98,80,3,3,0,25,No Promotion,Online
137,ORD000137,1,20260830,6,3,1,2999.0,0.0,2999.0,2999.0,1100.0,1100.0,1899.0,63.32,80,3,3,0,25,No Promotion,Mobile App
138,ORD000138,1,20260906,7,4,1,2499.0,249.9,2499.0,2249.1,900.0,900.0,1349.1,59.98,80,3,3,0,25,Welcome Offer 10%,Marketplace
139,ORD000139,1,20260913,8,5,1,27999.0,0.0,27999.0,27999.0,15000.0,15000.0,12999.0,46.43,80,3,3,0,25,No Promotion,Marketplace
140,ORD000140,1,20260920,9,6,2,15999.0,2399.85,31998.0,29598.15,8500.0,17000.0,12598.15,42.56,80,6,3,3,25,Festive Offer 15%,Online
141,ORD000141,1,20260927,10,7,1,9999.0,999.9,9999.0,8999.1,4200.0,4200.0,4799.1,53.33,80,3,3,0,25,Welcome Offer 10%,Mobile App
142,ORD000142,1,20261004,11,8,1,7999.0,0.0,7999.0,7999.0,4800.0,4800.0,3199.0,39.99,80,3,3,0,25,No Promotion,Marketplace
143,ORD000143,1,20261012,12,9,1,3499.0,874.75,3499.0,2624.25,1600.0,1600.0,1024.25,39.03,80,8,3,5,8,Mega Sale 25%,Marketplace
144,ORD000144,1,20261019,1,10,1,4999.0,499.9,4999.0,4499.1,1800.0,1800.0,2699.1,59.99,180,3,3,0,25,Welcome Offer 10%,Online
145,ORD000145,1,20261026,1,11,2,4999.0,0.0,9998.0,9998.0,1800.0,3600.0,6398.0,63.99,80,3,3,0,25,No Promotion,Mobile App
146,ORD000146,1,20261102,1,12,1,4999.0,0.0,4999.0,4999.0,1800.0,1800.0,3199.0,63.99,80,3,3,0,25,No Promotion,Marketplace
147,ORD000147,1,20261109,1,13,1,4999.0,749.85,4999.0,4249.15,1800.0,1800.0,2449.15,57.64,80,6,3,3,25,Festive Offer 15%,Marketplace
148,ORD000148,1,20261116,5,14,1,1999.0,0.0,1999.0,1999.0,700.0,700.0,1299.0,64.98,80,3,3,0,25,No Promotion,Online
149,ORD000149,1,20261123,6,15,1,2999.0,0.0,2999.0,2999.0,1100.0,1100.0,1899.0,63.32,80,3,3,0,25,No Promotion,Mobile App
150,ORD000150,1,20261130,7,1,2,2499.0,249.9,4998.0,4748.1,900.0,1800.0,2948.1,62.09,80,3,3,0,25,Welcome Offer 10%,Marketplace
151,ORD000151,1,20261207,8,2,1,27999.0,0.0,27999.0,27999.0,15000.0,15000.0,12999.0,46.43,80,3,3,0,25,No Promotion,Marketplace
152,ORD000152,1,20261214,9,3,1,15999.0,0.0,15999.0,15999.0,8500.0,8500.0,7499.0,46.87,80,3,3,0,2,No Promotion,Online
153,ORD000153,1,20261221,10,4,3,9999.0,999.9,29997.0,28997.1,4200.0,12600.0,16397.1,56.55,180,3,3,0,25,Welcome Offer 10%,Mobile App
154,ORD000154,1,20261229,11,5,1,7999.0,1999.75,7999.0,5999.25,4800.0,4800.0,1199.25,19.99,80,6,3,3,8,Mega Sale 25%,Marketplace
155,ORD000155,1,20260105,12,6,2,3499.0,0.0,6998.0,6998.0,1600.0,3200.0,3798.0,54.27,80,3,3,0,25,No Promotion,Marketplace
156,ORD000156,1,20260112,1,7,1,4999.0,499.9,4999.0,4499.1,1800.0,1800.0,2699.1,59.99,80,8,3,5,25,Welcome Offer 10%,Online
157,ORD000157,1,20260119,1,8,1,4999.0,0.0,4999.0,4999.0,1800.0,1800.0,3199.0,63.99,80,3,3,0,25,No Promotion,Mobile App
158,ORD000158,1,20260126,1,9,1,4999.0,0.0,4999.0,4999.0,1800.0,1800.0,3199.0,63.99,80,3,3,0,25,No Promotion,Marketplace
159,ORD000159,1,20260202,1,10,1,4999.0,499.9,4999.0,4499.1,1800.0,1800.0,2699.1,59.99,80,3,3,0,25,Welcome Offer 10%,Marketplace
160,ORD000160,1,20260209,5,11,2,1999.0,0.0,3998.0,3998.0,700.0,1400.0,2598.0,64.98,80,3,3,0,25,No Promotion,Online
161,ORD000161,1,20260216,6,12,1,2999.0,449.85,2999.0,2549.15,1100.0,1100.0,1449.15,56.85,80,6,3,3,25,Festive Offer 15%,Mobile App
162,ORD000162,1,20260223,7,13,1,2499.0,249.9,2499.0,2249.1,900.0,900.0,1349.1,59.98,180,3,3,0,25,Welcome Offer 10%,Marketplace
163,ORD000163,1,20260302,8,14,1,27999.0,0.0,27999.0,27999.0,15000.0,15000.0,12999.0,46.43,80,3,3,0,25,No Promotion,Marketplace
164,ORD000164,1,20260309,9,15,1,15999.0,0.0,15999.0,15999.0,8500.0,8500.0,7499.0,46.87,80,3,3,0,25,No Promotion,Online
165,ORD000165,1,20260317,10,1,2,9999.0,2499.75,19998.0,17498.25,4200.0,8400.0,9098.25,52.0,80,3,3,0,8,Mega Sale 25%,Mobile App
166,ORD000166,1,20260324,11,2,1,7999.0,0.0,7999.0,7999.0,4800.0,4800.0,3199.0,39.99,80,3,3,0,25,No Promotion,Marketplace
167,ORD000167,1,20260331,12,3,1,3499.0,0.0,3499.0,3499.0,1600.0,1600.0,1899.0,54.27,80,3,3,0,25,No Promotion,Marketplace
168,ORD000168,1,20260407,1,4,1,4999.0,749.85,4999.0,4249.15,1800.0,1800.0,2449.15,57.64,80,6,3,3,25,Festive Offer 15%,Online
169,ORD000169,1,20260414,1,5,1,4999.0,0.0,4999.0,4999.0,1800.0,1800.0,3199.0,63.99,80,8,3,5,25,No Promotion,Mobile App
170,ORD000170,1,20260421,1,6,3,4999.0,0.0,14997.0,14997.0,1800.0,5400.0,9597.0,63.99,80,3,3,0,25,No Promotion,Marketplace
171,ORD000171,1,20260428,1,7,1,4999.0,499.9,4999.0,4499.1,1800.0,1800.0,2699.1,59.99,180,3,3,0,2,Welcome Offer 10%,Marketplace
172,ORD000172,1,20260505,5,8,1,1999.0,0.0,1999.0,1999.0,700.0,700.0,1299.0,64.98,80,3,3,0,25,No Promotion,Online
173,ORD000173,1,20260512,6,9,1,2999.0,0.0,2999.0,2999.0,1100.0,1100.0,1899.0,63.32,80,3,3,0,25,No Promotion,Mobile App
174,ORD000174,1,20260519,7,10,1,2499.0,249.9,2499.0,2249.1,900.0,900.0,1349.1,59.98,80,3,3,0,25,Welcome Offer 10%,Marketplace
175,ORD000175,1,20260526,8,11,2,27999.0,4199.85,55998.0,51798.15,15000.0,30000.0,21798.15,42.08,80,6,3,3,25,Festive Offer 15%,Marketplace
176,ORD000176,1,20260603,9,12,1,15999.0,3999.75,15999.0,11999.25,8500.0,8500.0,3499.25,29.16,80,3,3,0,8,Mega Sale 25%,Online
177,ORD000177,1,20260610,10,13,1,9999.0,999.9,9999.0,8999.1,4200.0,4200.0,4799.1,53.33,80,3,3,0,25,Welcome Offer 10%,Mobile App
178,ORD000178,1,20260617,11,14,1,7999.0,0.0,7999.0,7999.0,4800.0,4800.0,3199.0,39.99,80,3,3,0,25,No Promotion,Marketplace
179,ORD000179,1,20260624,12,15,1,3499.0,0.0,3499.0,3499.0,1600.0,1600.0,1899.0,54.27,80,3,3,0,25,No Promotion,Marketplace
180,ORD000180,1,20260701,1,1,2,4999.0,499.9,9998.0,9498.1,1800.0,3600.0,5898.1,62.1,180,3,3,0,25,Welcome Offer 10%,Online
181,ORD000181,1,20260708,1,2,1,4999.0,0.0,4999.0,4999.0,1800.0,1800.0,3199.0,63.99,80,3,3,0,25,No Promotion,Mobile App
182,ORD000182,1,20260715,1,3,1,4999.0,749.85,4999.0,4249.15,1800.0,1800.0,2449.15,57.64,80,8,3,5,25,Festive Offer 15%,Marketplace
183,ORD000183,1,20260722,1,4,1,4999.0,499.9,4999.0,4499.1,1800.0,1800.0,2699.1,59.99,80,3,3,0,25,Welcome Offer 10%,Marketplace
184,ORD000184,1,20260729,5,5,1,1999.0,0.0,1999.0,1999.0,700.0,700.0,1299.0,64.98,80,3,3,0,25,No Promotion,Online
185,ORD000185,1,20260805,6,6,2,2999.0,0.0,5998.0,5998.0,1100.0,2200.0,3798.0,63.32,80,3,3,0,25,No Promotion,Mobile App
186,ORD000186,1,20260812,7,7,1,2499.0,249.9,2499.0,2249.1,900.0,900.0,1349.1,59.98,80,3,3,0,25,Welcome Offer 10%,Marketplace
187,ORD000187,1,20260820,8,8,3,27999.0,6999.75,83997.0,76997.25,15000.0,45000.0,31997.25,41.56,80,3,3,0,8,Mega Sale 25%,Marketplace
188,ORD000188,1,20260827,9,9,1,15999.0,0.0,15999.0,15999.0,8500.0,8500.0,7499.0,46.87,80,3,3,0,25,No Promotion,Online
189,ORD000189,1,20260903,10,10,1,9999.0,1499.85,9999.0,8499.15,4200.0,4200.0,4299.15,50.58,180,6,3,3,25,Festive Offer 15%,Mobile App
190,ORD000190,1,20260910,11,11,2,7999.0,0.0,15998.0,15998.0,4800.0,9600.0,6398.0,39.99,80,3,3,0,2,No Promotion,Marketplace
191,ORD000191,1,20260917,12,12,1,3499.0,0.0,3499.0,3499.0,1600.0,1600.0,1899.0,54.27,80,3,3,0,25,No Promotion,Marketplace
192,ORD000192,1,20260924,1,13,1,4999.0,499.9,4999.0,4499.1,1800.0,1800.0,2699.1,59.99,80,3,3,0,25,Welcome Offer 10%,Online
193,ORD000193,1,20261001,1,14,1,4999.0,0.0,4999.0,4999.0,1800.0,1800.0,3199.0,63.99,80,3,3,0,25,No Promotion,Mobile App
194,ORD000194,1,20261008,1,15,1,4999.0,0.0,4999.0,4999.0,1800.0,1800.0,3199.0,63.99,80,3,3,0,25,No Promotion,Marketplace
195,ORD000195,1,20261015,1,1,2,4999.0,499.9,9998.0,9498.1,1800.0,3600.0,5898.1,62.1,80,8,3,5,25,Welcome Offer 10%,Marketplace
196,ORD000196,1,20261022,5,2,1,1999.0,299.85,1999.0,1699.15,700.0,700.0,999.15,58.8,80,6,3,3,25,Festive Offer 15%,Online
197,ORD000197,1,20261029,6,3,1,2999.0,0.0,2999.0,2999.0,1100.0,1100.0,1899.0,63.32,80,3,3,0,25,No Promotion,Mobile App
198,ORD000198,1,20261106,7,4,1,2499.0,624.75,2499.0,1874.25,900.0,900.0,974.25,51.98,180,3,3,0,8,Mega Sale 25%,Marketplace
199,ORD000199,1,20261113,8,5,1,27999.0,0.0,27999.0,27999.0,15000.0,15000.0,12999.0,46.43,80,3,3,0,25,No Promotion,Marketplace
200,ORD000200,1,20261120,9,6,2,15999.0,0.0,31998.0,31998.0,8500.0,17000.0,14998.0,46.87,80,3,3,0,25,No Promotion,Online
201,ORD000201,1,20261127,10,7,1,9999.0,999.9,9999.0,8999.1,4200.0,4200.0,4799.1,53.33,80,3,3,0,25,Welcome Offer 10%,Mobile App
202,ORD000202,1,20261204,11,8,1,7999.0,0.0,7999.0,7999.0,4800.0,4800.0,3199.0,39.99,80,3,3,0,25,No Promotion,Marketplace
203,ORD000203,1,20261211,12,9,1,3499.0,524.85,3499.0,2974.15,1600.0,1600.0,1374.15,46.2,80,6,3,3,25,Festive Offer 15%,Marketplace
204,ORD000204,1,20261218,1,10,3,4999.0,499.9,14997.0,14497.1,1800.0,5400.0,9097.1,62.75,80,3,3,0,25,Welcome Offer 10%,Online
205,ORD000205,1,20261225,1,11,2,4999.0,0.0,9998.0,9998.0,1800.0,3600.0,6398.0,63.99,80,3,3,0,25,No Promotion,Mobile App
206,ORD000206,1,20260101,1,12,1,4999.0,0.0,4999.0,4999.0,1800.0,1800.0,3199.0,63.99,80,3,3,0,25,No Promotion,Marketplace
207,ORD000207,1,20260108,1,13,1,4999.0,499.9,4999.0,4499.1,1800.0,1800.0,2699.1,59.99,180,3,3,0,25,Welcome Offer 10%,Marketplace
208,ORD000208,1,20260115,5,14,1,1999.0,0.0,1999.0,1999.0,700.0,700.0,1299.0,64.98,80,8,3,5,25,No Promotion,Online
209,ORD000209,1,20260123,6,15,1,2999.0,749.75,2999.0,2249.25,1100.0,1100.0,1149.25,51.09,80,3,3,0,2,Mega Sale 25%,Mobile App
210,ORD000210,1,20260130,7,1,2,2499.0,374.85,4998.0,4623.15,900.0,1800.0,2823.15,61.07,80,6,3,3,25,Festive Offer 15%,Marketplace
211,ORD000211,1,20260206,8,2,1,27999.0,0.0,27999.0,27999.0,15000.0,15000.0,12999.0,46.43,80,3,3,0,25,No Promotion,Marketplace
212,ORD000212,1,20260213,9,3,1,15999.0,0.0,15999.0,15999.0,8500.0,8500.0,7499.0,46.87,80,3,3,0,25,No Promotion,Online
213,ORD000213,1,20260220,10,4,1,9999.0,999.9,9999.0,8999.1,4200.0,4200.0,4799.1,53.33,80,3,3,0,25,Welcome Offer 10%,Mobile App
214,ORD000214,1,20260227,11,5,1,7999.0,0.0,7999.0,7999.0,4800.0,4800.0,3199.0,39.99,80,3,3,0,25,No Promotion,Marketplace
215,ORD000215,1,20260306,12,6,2,3499.0,0.0,6998.0,6998.0,1600.0,3200.0,3798.0,54.27,80,3,3,0,25,No Promotion,Marketplace
216,ORD000216,1,20260313,1,7,1,4999.0,499.9,4999.0,4499.1,1800.0,1800.0,2699.1,59.99,180,3,3,0,25,Welcome Offer 10%,Online
217,ORD000217,1,20260320,1,8,1,4999.0,749.85,4999.0,4249.15,1800.0,1800.0,2449.15,57.64,80,6,3,3,25,Festive Offer 15%,Mobile App
218,ORD000218,1,20260327,1,9,1,4999.0,0.0,4999.0,4999.0,1800.0,1800.0,3199.0,63.99,80,3,3,0,25,No Promotion,Marketplace
219,ORD000219,1,20260403,1,10,1,4999.0,499.9,4999.0,4499.1,1800.0,1800.0,2699.1,59.99,80,3,3,0,25,Welcome Offer 10%,Marketplace
220,ORD000220,1,20260411,5,11,2,1999.0,499.75,3998.0,3498.25,700.0,1400.0,2098.25,59.98,80,3,3,0,8,Mega Sale 25%,Online
221,ORD000221,1,20260418,6,12,3,2999.0,0.0,8997.0,8997.0,1100.0,3300.0,5697.0,63.32,80,8,3,5,25,No Promotion,Mobile App
222,ORD000222,1,20260425,7,13,1,2499.0,249.9,2499.0,2249.1,900.0,900.0,1349.1,59.98,80,3,3,0,25,Welcome Offer 10%,Marketplace
223,ORD000223,1,20260502,8,14,1,27999.0,0.0,27999.0,27999.0,15000.0,15000.0,12999.0,46.43,80,3,3,0,25,No Promotion,Marketplace
224,ORD000224,1,20260509,9,15,1,15999.0,2399.85,15999.0,13599.15,8500.0,8500.0,5099.15,37.5,80,6,3,3,25,Festive Offer 15%,Online
225,ORD000225,1,20260516,10,1,2,9999.0,999.9,19998.0,18998.1,4200.0,8400.0,10598.1,55.79,180,3,3,0,25,Welcome Offer 10%,Mobile App
226,ORD000226,1,20260523,11,2,1,7999.0,0.0,7999.0,7999.0,4800.0,4800.0,3199.0,39.99,80,3,3,0,25,No Promotion,Marketplace
227,ORD000227,1,20260530,12,3,1,3499.0,0.0,3499.0,3499.0,1600.0,1600.0,1899.0,54.27,80,3,3,0,25,No Promotion,Marketplace
228,ORD000228,1,20260606,1,4,1,4999.0,499.9,4999.0,4499.1,1800.0,1800.0,2699.1,59.99,80,3,3,0,2,Welcome Offer 10%,Online
229,ORD000229,1,20260613,1,5,1,4999.0,0.0,4999.0,4999.0,1800.0,1800.0,3199.0,63.99,80,3,3,0,25,No Promotion,Mobile App
230,ORD000230,1,20260620,1,6,2,4999.0,0.0,9998.0,9998.0,1800.0,3600.0,6398.0,63.99,80,3,3,0,25,No Promotion,Marketplace
231,ORD000231,1,20260628,1,7,1,4999.0,1249.75,4999.0,3749.25,1800.0,1800.0,1949.25,51.99,80,6,3,3,8,Mega Sale 25%,Marketplace
232,ORD000232,1,20260705,5,8,1,1999.0,0.0,1999.0,1999.0,700.0,700.0,1299.0,64.98,80,3,3,0,25,No Promotion,Online
233,ORD000233,1,20260712,6,9,1,2999.0,0.0,2999.0,2999.0,1100.0,1100.0,1899.0,63.32,80,3,3,0,25,No Promotion,Mobile App
234,ORD000234,1,20260719,7,10,1,2499.0,249.9,2499.0,2249.1,900.0,900.0,1349.1,59.98,180,8,3,5,25,Welcome Offer 10%,Marketplace
235,ORD000235,1,20260726,8,11,2,27999.0,0.0,55998.0,55998.0,15000.0,30000.0,25998.0,46.43,80,3,3,0,25,No Promotion,Marketplace
236,ORD000236,1,20260802,9,12,1,15999.0,0.0,15999.0,15999.0,8500.0,8500.0,7499.0,46.87,80,3,3,0,25,No Promotion,Online
237,ORD000237,1,20260809,10,13,1,9999.0,999.9,9999.0,8999.1,4200.0,4200.0,4799.1,53.33,80,3,3,0,25,Welcome Offer 10%,Mobile App
238,ORD000238,1,20260816,11,14,3,7999.0,1199.85,23997.0,22797.15,4800.0,14400.0,8397.15,36.83,80,6,3,3,25,Festive Offer 15%,Marketplace
239,ORD000239,1,20260823,12,15,1,3499.0,0.0,3499.0,3499.0,1600.0,1600.0,1899.0,54.27,80,3,3,0,25,No Promotion,Marketplace
240,ORD000240,1,20260830,1,1,2,4999.0,499.9,9998.0,9498.1,1800.0,3600.0,5898.1,62.1,80,3,3,0,25,Welcome Offer 10%,Online
241,ORD000241,1,20260906,1,2,1,4999.0,0.0,4999.0,4999.0,1800.0,1800.0,3199.0,63.99,80,3,3,0,25,No Promotion,Mobile App
242,ORD000242,1,20260914,1,3,1,4999.0,1249.75,4999.0,3749.25,1800.0,1800.0,1949.25,51.99,80,3,3,0,8,Mega Sale 25%,Marketplace
243,ORD000243,1,20260921,1,4,1,4999.0,499.9,4999.0,4499.1,1800.0,1800.0,2699.1,59.99,180,3,3,0,25,Welcome Offer 10%,Marketplace
244,ORD000244,1,20260928,5,5,1,1999.0,0.0,1999.0,1999.0,700.0,700.0,1299.0,64.98,80,3,3,0,25,No Promotion,Online
245,ORD000245,1,20261005,6,6,2,2999.0,449.85,5998.0,5548.15,1100.0,2200.0,3348.15,60.35,80,6,3,3,25,Festive Offer 15%,Mobile App
246,ORD000246,1,20261012,7,7,1,2499.0,249.9,2499.0,2249.1,900.0,900.0,1349.1,59.98,80,3,3,0,25,Welcome Offer 10%,Marketplace
247,ORD000247,1,20261019,8,8,1,27999.0,0.0,27999.0,27999.0,15000.0,15000.0,12999.0,46.43,80,8,3,5,2,No Promotion,Marketplace
248,ORD000248,1,20261026,9,9,1,15999.0,0.0,15999.0,15999.0,8500.0,8500.0,7499.0,46.87,80,3,3,0,25,No Promotion,Online
249,ORD000249,1,20261102,10,10,1,9999.0,999.9,9999.0,8999.1,4200.0,4200.0,4799.1,53.33,80,3,3,0,25,Welcome Offer 10%,Mobile App
250,ORD000250,1,20261109,11,11,2,7999.0,0.0,15998.0,15998.0,4800.0,9600.0,6398.0,39.99,80,3,3,0,25,No Promotion,Marketplace
251,ORD000251,1,20261116,12,12,1,3499.0,0.0,3499.0,3499.0,1600.0,1600.0,1899.0,54.27,80,3,3,0,25,No Promotion,Marketplace
252,ORD000252,1,20261123,1,13,1,4999.0,749.85,4999.0,4249.15,1800.0,1800.0,2449.15,57.64,180,6,3,3,25,Festive Offer 15%,Online
253,ORD000253,1,20261201,1,14,1,4999.0,1249.75,4999.0,3749.25,1800.0,1800.0,1949.25,51.99,80,3,3,0,8,Mega Sale 25%,Mobile App
254,ORD000254,1,20261208,1,15,1,4999.0,0.0,4999.0,4999.0,1800.0,1800.0,3199.0,63.99,80,3,3,0,25,No Promotion,Marketplace
255,ORD000255,1,20261215,1,1,3,4999.0,499.9,14997.0,14497.1,1800.0,5400.0,9097.1,62.75,80,3,3,0,25,Welcome Offer 10%,Marketplace
256,ORD000256,1,20261222,5,2,1,1999.0,0.0,1999.0,1999.0,700.0,700.0,1299.0,64.98,80,3,3,0,25,No Promotion,Online
257,ORD000257,1,20261229,6,3,1,2999.0,0.0,2999.0,2999.0,1100.0,1100.0,1899.0,63.32,80,3,3,0,25,No Promotion,Mobile App
258,ORD000258,1,20260105,7,4,1,2499.0,249.9,2499.0,2249.1,900.0,900.0,1349.1,59.98,80,3,3,0,25,Welcome Offer 10%,Marketplace
259,ORD000259,1,20260112,8,5,1,27999.0,4199.85,27999.0,23799.15,15000.0,15000.0,8799.15,36.97,80,6,3,3,25,Festive Offer 15%,Marketplace
260,ORD000260,1,20260119,9,6,2,15999.0,0.0,31998.0,31998.0,8500.0,17000.0,14998.0,46.87,80,8,3,5,25,No Promotion,Online
261,ORD000261,1,20260126,10,7,1,9999.0,999.9,9999.0,8999.1,4200.0,4200.0,4799.1,53.33,180,3,3,0,25,Welcome Offer 10%,Mobile App
262,ORD000262,1,20260202,11,8,1,7999.0,0.0,7999.0,7999.0,4800.0,4800.0,3199.0,39.99,80,3,3,0,25,No Promotion,Marketplace
263,ORD000263,1,20260209,12,9,1,3499.0,0.0,3499.0,3499.0,1600.0,1600.0,1899.0,54.27,80,3,3,0,25,No Promotion,Marketplace
264,ORD000264,1,20260217,1,10,1,4999.0,1249.75,4999.0,3749.25,1800.0,1800.0,1949.25,51.99,80,3,3,0,8,Mega Sale 25%,Online
265,ORD000265,1,20260224,1,11,2,4999.0,0.0,9998.0,9998.0,1800.0,3600.0,6398.0,63.99,80,3,3,0,25,No Promotion,Mobile App
266,ORD000266,1,20260303,1,12,1,4999.0,749.85,4999.0,4249.15,1800.0,1800.0,2449.15,57.64,80,6,3,3,2,Festive Offer 15%,Marketplace
267,ORD000267,1,20260310,1,13,1,4999.0,499.9,4999.0,4499.1,1800.0,1800.0,2699.1,59.99,80,3,3,0,25,Welcome Offer 10%,Marketplace
268,ORD000268,1,20260317,5,14,1,1999.0,0.0,1999.0,1999.0,700.0,700.0,1299.0,64.98,80,3,3,0,25,No Promotion,Online
269,ORD000269,1,20260324,6,15,1,2999.0,0.0,2999.0,2999.0,1100.0,1100.0,1899.0,63.32,80,3,3,0,25,No Promotion,Mobile App
270,ORD000270,1,20260331,7,1,2,2499.0,249.9,4998.0,4748.1,900.0,1800.0,2948.1,62.09,180,3,3,0,25,Welcome Offer 10%,Marketplace
271,ORD000271,1,20260407,8,2,1,27999.0,0.0,27999.0,27999.0,15000.0,15000.0,12999.0,46.43,80,3,3,0,25,No Promotion,Marketplace
272,ORD000272,1,20260414,9,3,3,15999.0,0.0,47997.0,47997.0,8500.0,25500.0,22497.0,46.87,80,3,3,0,25,No Promotion,Online
273,ORD000273,1,20260421,10,4,1,9999.0,1499.85,9999.0,8499.15,4200.0,4200.0,4299.15,50.58,80,8,3,5,25,Festive Offer 15%,Mobile App
274,ORD000274,1,20260428,11,5,1,7999.0,0.0,7999.0,7999.0,4800.0,4800.0,3199.0,39.99,80,3,3,0,25,No Promotion,Marketplace
275,ORD000275,1,20260506,12,6,2,3499.0,874.75,6998.0,6123.25,1600.0,3200.0,2923.25,47.74,80,3,3,0,8,Mega Sale 25%,Marketplace
276,ORD000276,1,20260513,1,7,1,4999.0,499.9,4999.0,4499.1,1800.0,1800.0,2699.1,59.99,80,3,3,0,25,Welcome Offer 10%,Online
277,ORD000277,1,20260520,1,8,1,4999.0,0.0,4999.0,4999.0,1800.0,1800.0,3199.0,63.99,80,3,3,0,25,No Promotion,Mobile App
278,ORD000278,1,20260527,1,9,1,4999.0,0.0,4999.0,4999.0,1800.0,1800.0,3199.0,63.99,80,3,3,0,25,No Promotion,Marketplace
279,ORD000279,1,20260603,1,10,1,4999.0,499.9,4999.0,4499.1,1800.0,1800.0,2699.1,59.99,180,3,3,0,25,Welcome Offer 10%,Marketplace
280,ORD000280,1,20260610,5,11,2,1999.0,299.85,3998.0,3698.15,700.0,1400.0,2298.15,62.14,80,6,3,3,25,Festive Offer 15%,Online
281,ORD000281,1,20260617,6,12,1,2999.0,0.0,2999.0,2999.0,1100.0,1100.0,1899.0,63.32,80,3,3,0,25,No Promotion,Mobile App
282,ORD000282,1,20260624,7,13,1,2499.0,249.9,2499.0,2249.1,900.0,900.0,1349.1,59.98,80,3,3,0,25,Welcome Offer 10%,Marketplace
283,ORD000283,1,20260701,8,14,1,27999.0,0.0,27999.0,27999.0,15000.0,15000.0,12999.0,46.43,80,3,3,0,25,No Promotion,Marketplace
284,ORD000284,1,20260708,9,15,1,15999.0,0.0,15999.0,15999.0,8500.0,8500.0,7499.0,46.87,80,3,3,0,25,No Promotion,Online
285,ORD000285,1,20260715,10,1,2,9999.0,999.9,19998.0,18998.1,4200.0,8400.0,10598.1,55.79,80,3,3,0,2,Welcome Offer 10%,Mobile App
286,ORD000286,1,20260723,11,2,1,7999.0,1999.75,7999.0,5999.25,4800.0,4800.0,1199.25,19.99,80,8,3,5,8,Mega Sale 25%,Marketplace
287,ORD000287,1,20260730,12,3,1,3499.0,524.85,3499.0,2974.15,1600.0,1600.0,1374.15,46.2,80,6,3,3,25,Festive Offer 15%,Marketplace
288,ORD000288,1,20260806,1,4,1,4999.0,499.9,4999.0,4499.1,1800.0,1800.0,2699.1,59.99,180,3,3,0,25,Welcome Offer 10%,Online
289,ORD000289,1,20260813,1,5,3,4999.0,0.0,14997.0,14997.0,1800.0,5400.0,9597.0,63.99,80,3,3,0,25,No Promotion,Mobile App
290,ORD000290,1,20260820,1,6,2,4999.0,0.0,9998.0,9998.0,1800.0,3600.0,6398.0,63.99,80,3,3,0,25,No Promotion,Marketplace
291,ORD000291,1,20260827,1,7,1,4999.0,499.9,4999.0,4499.1,1800.0,1800.0,2699.1,59.99,80,3,3,0,25,Welcome Offer 10%,Marketplace
292,ORD000292,1,20260903,5,8,1,1999.0,0.0,1999.0,1999.0,700.0,700.0,1299.0,64.98,80,3,3,0,25,No Promotion,Online
293,ORD000293,1,20260910,6,9,1,2999.0,0.0,2999.0,2999.0,1100.0,1100.0,1899.0,63.32,80,3,3,0,25,No Promotion,Mobile App
294,ORD000294,1,20260917,7,10,1,2499.0,374.85,2499.0,2124.15,900.0,900.0,1224.15,57.63,80,6,3,3,25,Festive Offer 15%,Marketplace
295,ORD000295,1,20260924,8,11,2,27999.0,0.0,55998.0,55998.0,15000.0,30000.0,25998.0,46.43,80,3,3,0,25,No Promotion,Marketplace
296,ORD000296,1,20261001,9,12,1,15999.0,0.0,15999.0,15999.0,8500.0,8500.0,7499.0,46.87,80,3,3,0,25,No Promotion,Online
297,ORD000297,1,20261009,10,13,1,9999.0,2499.75,9999.0,7499.25,4200.0,4200.0,3299.25,43.99,180,3,3,0,8,Mega Sale 25%,Mobile App
298,ORD000298,1,20261016,11,14,1,7999.0,0.0,7999.0,7999.0,4800.0,4800.0,3199.0,39.99,80,3,3,0,25,No Promotion,Marketplace
299,ORD000299,1,20261023,12,15,1,3499.0,0.0,3499.0,3499.0,1600.0,1600.0,1899.0,54.27,80,8,3,5,25,No Promotion,Marketplace
300,ORD000300,1,20261030,1,1,2,4999.0,499.9,9998.0,9498.1,1800.0,3600.0,5898.1,62.1,80,3,3,0,25,Welcome Offer 10%,Online
301,ORD000301,1,20261106,1,2,1,4999.0,749.85,4999.0,4249.15,1800.0,1800.0,2449.15,57.64,80,6,3,3,25,Festive Offer 15%,Mobile App
302,ORD000302,1,20261113,1,3,1,4999.0,0.0,4999.0,4999.0,1800.0,1800.0,3199.0,63.99,80,3,3,0,25,No Promotion,Marketplace
303,ORD000303,1,20261120,1,4,1,4999.0,499.9,4999.0,4499.1,1800.0,1800.0,2699.1,59.99,80,3,3,0,25,Welcome Offer 10%,Marketplace
304,ORD000304,1,20261127,5,5,1,1999.0,0.0,1999.0,1999.0,700.0,700.0,1299.0,64.98,80,3,3,0,2,No Promotion,Online
305,ORD000305,1,20261204,6,6,2,2999.0,0.0,5998.0,5998.0,1100.0,2200.0,3798.0,63.32,80,3,3,0,25,No Promotion,Mobile App
306,ORD000306,1,20261211,7,7,3,2499.0,249.9,7497.0,7247.1,900.0,2700.0,4547.1,62.74,180,3,3,0,25,Welcome Offer 10%,Marketplace
307,ORD000307,1,20261218,8,8,1,27999.0,0.0,27999.0,27999.0,15000.0,15000.0,12999.0,46.43,80,3,3,0,25,No Promotion,Marketplace
308,ORD000308,1,20261226,9,9,1,15999.0,3999.75,15999.0,11999.25,8500.0,8500.0,3499.25,29.16,80,6,3,3,8,Mega Sale 25%,Online
309,ORD000309,1,20260102,10,10,1,9999.0,999.9,9999.0,8999.1,4200.0,4200.0,4799.1,53.33,80,3,3,0,25,Welcome Offer 10%,Mobile App
310,ORD000310,1,20260109,11,11,2,7999.0,0.0,15998.0,15998.0,4800.0,9600.0,6398.0,39.99,80,3,3,0,25,No Promotion,Marketplace
311,ORD000311,1,20260116,12,12,1,3499.0,0.0,3499.0,3499.0,1600.0,1600.0,1899.0,54.27,80,3,3,0,25,No Promotion,Marketplace
312,ORD000312,1,20260123,1,13,1,4999.0,499.9,4999.0,4499.1,1800.0,1800.0,2699.1,59.99,80,8,3,5,25,Welcome Offer 10%,Online
313,ORD000313,1,20260130,1,14,1,4999.0,0.0,4999.0,4999.0,1800.0,1800.0,3199.0,63.99,80,3,3,0,25,No Promotion,Mobile App
314,ORD000314,1,20260206,1,15,1,4999.0,0.0,4999.0,4999.0,1800.0,1800.0,3199.0,63.99,80,3,3,0,25,No Promotion,Marketplace
315,ORD000315,1,20260213,1,1,2,4999.0,749.85,9998.0,9248.15,1800.0,3600.0,5648.15,61.07,180,6,3,3,25,Festive Offer 15%,Marketplace
316,ORD000316,1,20260220,5,2,1,1999.0,0.0,1999.0,1999.0,700.0,700.0,1299.0,64.98,80,3,3,0,25,No Promotion,Online
317,ORD000317,1,20260227,6,3,1,2999.0,0.0,2999.0,2999.0,1100.0,1100.0,1899.0,63.32,80,3,3,0,25,No Promotion,Mobile App
318,ORD000318,1,20260306,7,4,1,2499.0,249.9,2499.0,2249.1,900.0,900.0,1349.1,59.98,80,3,3,0,25,Welcome Offer 10%,Marketplace
319,ORD000319,1,20260314,8,5,1,27999.0,6999.75,27999.0,20999.25,15000.0,15000.0,5999.25,28.57,80,3,3,0,8,Mega Sale 25%,Marketplace
320,ORD000320,1,20260321,9,6,2,15999.0,0.0,31998.0,31998.0,8500.0,17000.0,14998.0,46.87,80,3,3,0,25,No Promotion,Online
321,ORD000321,1,20260328,10,7,1,9999.0,999.9,9999.0,8999.1,4200.0,4200.0,4799.1,53.33,80,3,3,0,25,Welcome Offer 10%,Mobile App
322,ORD000322,1,20260404,11,8,1,7999.0,1199.85,7999.0,6799.15,4800.0,4800.0,1999.15,29.4,80,6,3,3,25,Festive Offer 15%,Marketplace
323,ORD000323,1,20260411,12,9,3,3499.0,0.0,10497.0,10497.0,1600.0,4800.0,5697.0,54.27,80,3,3,0,2,No Promotion,Marketplace
324,ORD000324,1,20260418,1,10,1,4999.0,499.9,4999.0,4499.1,1800.0,1800.0,2699.1,59.99,180,3,3,0,25,Welcome Offer 10%,Online
325,ORD000325,1,20260425,1,11,2,4999.0,0.0,9998.0,9998.0,1800.0,3600.0,6398.0,63.99,80,8,3,5,25,No Promotion,Mobile App
326,ORD000326,1,20260502,1,12,1,4999.0,0.0,4999.0,4999.0,1800.0,1800.0,3199.0,63.99,80,3,3,0,25,No Promotion,Marketplace
327,ORD000327,1,20260509,1,13,1,4999.0,499.9,4999.0,4499.1,1800.0,1800.0,2699.1,59.99,80,3,3,0,25,Welcome Offer 10%,Marketplace
328,ORD000328,1,20260516,5,14,1,1999.0,0.0,1999.0,1999.0,700.0,700.0,1299.0,64.98,80,3,3,0,25,No Promotion,Online
329,ORD000329,1,20260523,6,15,1,2999.0,449.85,2999.0,2549.15,1100.0,1100.0,1449.15,56.85,80,6,3,3,25,Festive Offer 15%,Mobile App
330,ORD000330,1,20260531,7,1,2,2499.0,624.75,4998.0,4373.25,900.0,1800.0,2573.25,58.84,80,3,3,0,8,Mega Sale 25%,Marketplace
331,ORD000331,1,20260607,8,2,1,27999.0,0.0,27999.0,27999.0,15000.0,15000.0,12999.0,46.43,80,3,3,0,25,No Promotion,Marketplace
332,ORD000332,1,20260614,9,3,1,15999.0,0.0,15999.0,15999.0,8500.0,8500.0,7499.0,46.87,80,3,3,0,25,No Promotion,Online
333,ORD000333,1,20260621,10,4,1,9999.0,999.9,9999.0,8999.1,4200.0,4200.0,4799.1,53.33,180,3,3,0,25,Welcome Offer 10%,Mobile App
334,ORD000334,1,20260628,11,5,1,7999.0,0.0,7999.0,7999.0,4800.0,4800.0,3199.0,39.99,80,3,3,0,25,No Promotion,Marketplace
335,ORD000335,1,20260705,12,6,2,3499.0,0.0,6998.0,6998.0,1600.0,3200.0,3798.0,54.27,80,3,3,0,25,No Promotion,Marketplace
336,ORD000336,1,20260712,1,7,1,4999.0,749.85,4999.0,4249.15,1800.0,1800.0,2449.15,57.64,80,6,3,3,25,Festive Offer 15%,Online
337,ORD000337,1,20260719,1,8,1,4999.0,0.0,4999.0,4999.0,1800.0,1800.0,3199.0,63.99,80,3,3,0,25,No Promotion,Mobile App
338,ORD000338,1,20260726,1,9,1,4999.0,0.0,4999.0,4999.0,1800.0,1800.0,3199.0,63.99,80,8,3,5,25,No Promotion,Marketplace
339,ORD000339,1,20260802,1,10,1,4999.0,499.9,4999.0,4499.1,1800.0,1800.0,2699.1,59.99,80,3,3,0,25,Welcome Offer 10%,Marketplace
340,ORD000340,1,20260809,5,11,3,1999.0,0.0,5997.0,5997.0,700.0,2100.0,3897.0,64.98,80,3,3,0,25,No Promotion,Online
341,ORD000341,1,20260817,6,12,1,2999.0,749.75,2999.0,2249.25,1100.0,1100.0,1149.25,51.09,80,3,3,0,8,Mega Sale 25%,Mobile App
342,ORD000342,1,20260824,7,13,1,2499.0,249.9,2499.0,2249.1,900.0,900.0,1349.1,59.98,180,3,3,0,2,Welcome Offer 10%,Marketplace
343,ORD000343,1,20260831,8,14,1,27999.0,4199.85,27999.0,23799.15,15000.0,15000.0,8799.15,36.97,80,6,3,3,25,Festive Offer 15%,Marketplace
344,ORD000344,1,20260907,9,15,1,15999.0,0.0,15999.0,15999.0,8500.0,8500.0,7499.0,46.87,80,3,3,0,25,No Promotion,Online
345,ORD000345,1,20260914,10,1,2,9999.0,999.9,19998.0,18998.1,4200.0,8400.0,10598.1,55.79,80,3,3,0,25,Welcome Offer 10%,Mobile App
346,ORD000346,1,20260921,11,2,1,7999.0,0.0,7999.0,7999.0,4800.0,4800.0,3199.0,39.99,80,3,3,0,25,No Promotion,Marketplace
347,ORD000347,1,20260928,12,3,1,3499.0,0.0,3499.0,3499.0,1600.0,1600.0,1899.0,54.27,80,3,3,0,25,No Promotion,Marketplace
348,ORD000348,1,20261005,1,4,1,4999.0,499.9,4999.0,4499.1,1800.0,1800.0,2699.1,59.99,80,3,3,0,25,Welcome Offer 10%,Online
349,ORD000349,1,20261012,1,5,1,4999.0,0.0,4999.0,4999.0,1800.0,1800.0,3199.0,63.99,80,3,3,0,25,No Promotion,Mobile App
350,ORD000350,1,20261019,1,6,2,4999.0,749.85,9998.0,9248.15,1800.0,3600.0,5648.15,61.07,80,6,3,3,25,Festive Offer 15%,Marketplace
351,ORD000351,1,20261026,1,7,1,4999.0,499.9,4999.0,4499.1,1800.0,1800.0,2699.1,59.99,180,8,3,5,25,Welcome Offer 10%,Marketplace
352,ORD000352,1,20261103,5,8,1,1999.0,499.75,1999.0,1499.25,700.0,700.0,799.25,53.31,80,3,3,0,8,Mega Sale 25%,Online
353,ORD000353,1,20261110,6,9,1,2999.0,0.0,2999.0,2999.0,1100.0,1100.0,1899.0,63.32,80,3,3,0,25,No Promotion,Mobile App
354,ORD000354,1,20261117,7,10,1,2499.0,249.9,2499.0,2249.1,900.0,900.0,1349.1,59.98,80,3,3,0,25,Welcome Offer 10%,Marketplace
355,ORD000355,1,20261124,8,11,2,27999.0,0.0,55998.0,55998.0,15000.0,30000.0,25998.0,46.43,80,3,3,0,25,No Promotion,Marketplace
356,ORD000356,1,20261201,9,12,1,15999.0,0.0,15999.0,15999.0,8500.0,8500.0,7499.0,46.87,80,3,3,0,25,No Promotion,Online
357,ORD000357,1,20261208,10,13,3,9999.0,1499.85,29997.0,28497.15,4200.0,12600.0,15897.15,55.79,80,6,3,3,25,Festive Offer 15%,Mobile App
358,ORD000358,1,20261215,11,14,1,7999.0,0.0,7999.0,7999.0,4800.0,4800.0,3199.0,39.99,80,3,3,0,25,No Promotion,Marketplace
359,ORD000359,1,20261222,12,15,1,3499.0,0.0,3499.0,3499.0,1600.0,1600.0,1899.0,54.27,80,3,3,0,25,No Promotion,Marketplace
360,ORD000360,1,20261229,1,1,2,4999.0,499.9,9998.0,9498.1,1800.0,3600.0,5898.1,62.1,180,3,3,0,25,Welcome Offer 10%,Online
361,ORD000361,1,20260105,1,2,1,4999.0,0.0,4999.0,4999.0,1800.0,1800.0,3199.0,63.99,80,3,3,0,2,No Promotion,Mobile App
362,ORD000362,1,20260112,1,3,1,4999.0,0.0,4999.0,4999.0,1800.0,1800.0,3199.0,63.99,80,3,3,0,25,No Promotion,Marketplace
363,ORD000363,1,20260120,1,4,1,4999.0,1249.75,4999.0,3749.25,1800.0,1800.0,1949.25,51.99,80,3,3,0,8,Mega Sale 25%,Marketplace
364,ORD000364,1,20260127,5,5,1,1999.0,299.85,1999.0,1699.15,700.0,700.0,999.15,58.8,80,8,3,5,25,Festive Offer 15%,Online
365,ORD000365,1,20260203,6,6,2,2999.0,0.0,5998.0,5998.0,1100.0,2200.0,3798.0,63.32,80,3,3,0,25,No Promotion,Mobile App
366,ORD000366,1,20260210,7,7,1,2499.0,249.9,2499.0,2249.1,900.0,900.0,1349.1,59.98,80,3,3,0,25,Welcome Offer 10%,Marketplace
367,ORD000367,1,20260217,8,8,1,27999.0,0.0,27999.0,27999.0,15000.0,15000.0,12999.0,46.43,80,3,3,0,25,No Promotion,Marketplace
368,ORD000368,1,20260224,9,9,1,15999.0,0.0,15999.0,15999.0,8500.0,8500.0,7499.0,46.87,80,3,3,0,25,No Promotion,Online
369,ORD000369,1,20260303,10,10,1,9999.0,999.9,9999.0,8999.1,4200.0,4200.0,4799.1,53.33,180,3,3,0,25,Welcome Offer 10%,Mobile App
370,ORD000370,1,20260310,11,11,2,7999.0,0.0,15998.0,15998.0,4800.0,9600.0,6398.0,39.99,80,3,3,0,25,No Promotion,Marketplace
371,ORD000371,1,20260317,12,12,1,3499.0,524.85,3499.0,2974.15,1600.0,1600.0,1374.15,46.2,80,6,3,3,25,Festive Offer 15%,Marketplace
372,ORD000372,1,20260324,1,13,1,4999.0,499.9,4999.0,4499.1,1800.0,1800.0,2699.1,59.99,80,3,3,0,25,Welcome Offer 10%,Online
373,ORD000373,1,20260331,1,14,1,4999.0,0.0,4999.0,4999.0,1800.0,1800.0,3199.0,63.99,80,3,3,0,25,No Promotion,Mobile App
374,ORD000374,1,20260408,1,15,3,4999.0,1249.75,14997.0,13747.25,1800.0,5400.0,8347.25,60.72,80,3,3,0,8,Mega Sale 25%,Marketplace
375,ORD000375,1,20260415,1,1,2,4999.0,499.9,9998.0,9498.1,1800.0,3600.0,5898.1,62.1,80,3,3,0,25,Welcome Offer 10%,Marketplace
376,ORD000376,1,20260422,5,2,1,1999.0,0.0,1999.0,1999.0,700.0,700.0,1299.0,64.98,80,3,3,0,25,No Promotion,Online
377,ORD000377,1,20260429,6,3,1,2999.0,0.0,2999.0,2999.0,1100.0,1100.0,1899.0,63.32,80,8,3,5,25,No Promotion,Mobile App
378,ORD000378,1,20260506,7,4,1,2499.0,374.85,2499.0,2124.15,900.0,900.0,1224.15,57.63,180,6,3,3,25,Festive Offer 15%,Marketplace
379,ORD000379,1,20260513,8,5,1,27999.0,0.0,27999.0,27999.0,15000.0,15000.0,12999.0,46.43,80,3,3,0,25,No Promotion,Marketplace
380,ORD000380,1,20260520,9,6,2,15999.0,0.0,31998.0,31998.0,8500.0,17000.0,14998.0,46.87,80,3,3,0,2,No Promotion,Online
381,ORD000381,1,20260527,10,7,1,9999.0,999.9,9999.0,8999.1,4200.0,4200.0,4799.1,53.33,80,3,3,0,25,Welcome Offer 10%,Mobile App
382,ORD000382,1,20260603,11,8,1,7999.0,0.0,7999.0,7999.0,4800.0,4800.0,3199.0,39.99,80,3,3,0,25,No Promotion,Marketplace
383,ORD000383,1,20260610,12,9,1,3499.0,0.0,3499.0,3499.0,1600.0,1600.0,1899.0,54.27,80,3,3,0,25,No Promotion,Marketplace
384,ORD000384,1,20260617,1,10,1,4999.0,499.9,4999.0,4499.1,1800.0,1800.0,2699.1,59.99,80,3,3,0,25,Welcome Offer 10%,Online
385,ORD000385,1,20260625,1,11,2,4999.0,1249.75,9998.0,8748.25,1800.0,3600.0,5148.25,58.85,80,6,3,3,8,Mega Sale 25%,Mobile App
386,ORD000386,1,20260702,1,12,1,4999.0,0.0,4999.0,4999.0,1800.0,1800.0,3199.0,63.99,80,3,3,0,25,No Promotion,Marketplace
387,ORD000387,1,20260709,1,13,1,4999.0,499.9,4999.0,4499.1,1800.0,1800.0,2699.1,59.99,180,3,3,0,25,Welcome Offer 10%,Marketplace
388,ORD000388,1,20260716,5,14,1,1999.0,0.0,1999.0,1999.0,700.0,700.0,1299.0,64.98,80,3,3,0,25,No Promotion,Online
389,ORD000389,1,20260723,6,15,1,2999.0,0.0,2999.0,2999.0,1100.0,1100.0,1899.0,63.32,80,3,3,0,25,No Promotion,Mobile App
390,ORD000390,1,20260730,7,1,2,2499.0,249.9,4998.0,4748.1,900.0,1800.0,2948.1,62.09,80,8,3,5,25,Welcome Offer 10%,Marketplace
391,ORD000391,1,20260806,8,2,3,27999.0,0.0,83997.0,83997.0,15000.0,45000.0,38997.0,46.43,80,3,3,0,25,No Promotion,Marketplace
392,ORD000392,1,20260813,9,3,1,15999.0,2399.85,15999.0,13599.15,8500.0,8500.0,5099.15,37.5,80,6,3,3,25,Festive Offer 15%,Online
393,ORD000393,1,20260820,10,4,1,9999.0,999.9,9999.0,8999.1,4200.0,4200.0,4799.1,53.33,80,3,3,0,25,Welcome Offer 10%,Mobile App
394,ORD000394,1,20260827,11,5,1,7999.0,0.0,7999.0,7999.0,4800.0,4800.0,3199.0,39.99,80,3,3,0,25,No Promotion,Marketplace
395,ORD000395,1,20260903,12,6,2,3499.0,0.0,6998.0,6998.0,1600.0,3200.0,3798.0,54.27,80,3,3,0,25,No Promotion,Marketplace
396,ORD000396,1,20260911,1,7,1,4999.0,1249.75,4999.0,3749.25,1800.0,1800.0,1949.25,51.99,180,3,3,0,8,Mega Sale 25%,Online
397,ORD000397,1,20260918,1,8,1,4999.0,0.0,4999.0,4999.0,1800.0,1800.0,3199.0,63.99,80,3,3,0,25,No Promotion,Mobile App
398,ORD000398,1,20260925,1,9,1,4999.0,0.0,4999.0,4999.0,1800.0,1800.0,3199.0,63.99,80,3,3,0,25,No Promotion,Marketplace
399,ORD000399,1,20261002,1,10,1,4999.0,749.85,4999.0,4249.15,1800.0,1800.0,2449.15,57.64,80,6,3,3,2,Festive Offer 15%,Marketplace
400,ORD000400,1,20261009,5,11,2,1999.0,0.0,3998.0,3998.0,700.0,1400.0,2598.0,64.98,80,3,3,0,25,No Promotion,Online
401,ORD000401,1,20261016,6,12,1,2999.0,0.0,2999.0,2999.0,1100.0,1100.0,1899.0,63.32,80,3,3,0,25,No Promotion,Mobile App
402,ORD000402,1,20261023,7,13,1,2499.0,249.9,2499.0,2249.1,900.0,900.0,1349.1,59.98,80,3,3,0,25,Welcome Offer 10%,Marketplace
403,ORD000403,1,20261030,8,14,1,27999.0,0.0,27999.0,27999.0,15000.0,15000.0,12999.0,46.43,80,8,3,5,25,No Promotion,Marketplace
404,ORD000404,1,20261106,9,15,1,15999.0,0.0,15999.0,15999.0,8500.0,8500.0,7499.0,46.87,80,3,3,0,25,No Promotion,Online
405,ORD000405,1,20261113,10,1,2,9999.0,999.9,19998.0,18998.1,4200.0,8400.0,10598.1,55.79,180,3,3,0,25,Welcome Offer 10%,Mobile App
406,ORD000406,1,20261120,11,2,1,7999.0,1199.85,7999.0,6799.15,4800.0,4800.0,1999.15,29.4,80,6,3,3,25,Festive Offer 15%,Marketplace
407,ORD000407,1,20261128,12,3,1,3499.0,874.75,3499.0,2624.25,1600.0,1600.0,1024.25,39.03,80,3,3,0,8,Mega Sale 25%,Marketplace
408,ORD000408,1,20261205,1,4,3,4999.0,499.9,14997.0,14497.1,1800.0,5400.0,9097.1,62.75,80,3,3,0,25,Welcome Offer 10%,Online
409,ORD000409,1,20261212,1,5,1,4999.0,0.0,4999.0,4999.0,1800.0,1800.0,3199.0,63.99,80,3,3,0,25,No Promotion,Mobile App
410,ORD000410,1,20261219,1,6,2,4999.0,0.0,9998.0,9998.0,1800.0,3600.0,6398.0,63.99,80,3,3,0,25,No Promotion,Marketplace
411,ORD000411,1,20261226,1,7,1,4999.0,499.9,4999.0,4499.1,1800.0,1800.0,2699.1,59.99,80,3,3,0,25,Welcome Offer 10%,Marketplace
412,ORD000412,1,20260102,5,8,1,1999.0,0.0,1999.0,1999.0,700.0,700.0,1299.0,64.98,80,3,3,0,25,No Promotion,Online
413,ORD000413,1,20260109,6,9,1,2999.0,449.85,2999.0,2549.15,1100.0,1100.0,1449.15,56.85,80,6,3,3,25,Festive Offer 15%,Mobile App
414,ORD000414,1,20260116,7,10,1,2499.0,249.9,2499.0,2249.1,900.0,900.0,1349.1,59.98,180,3,3,0,25,Welcome Offer 10%,Marketplace
415,ORD000415,1,20260123,8,11,2,27999.0,0.0,55998.0,55998.0,15000.0,30000.0,25998.0,46.43,80,3,3,0,25,No Promotion,Marketplace
416,ORD000416,1,20260130,9,12,1,15999.0,0.0,15999.0,15999.0,8500.0,8500.0,7499.0,46.87,80,8,3,5,25,No Promotion,Online
417,ORD000417,1,20260206,10,13,1,9999.0,999.9,9999.0,8999.1,4200.0,4200.0,4799.1,53.33,80,3,3,0,25,Welcome Offer 10%,Mobile App
418,ORD000418,1,20260214,11,14,1,7999.0,1999.75,7999.0,5999.25,4800.0,4800.0,1199.25,19.99,80,3,3,0,2,Mega Sale 25%,Marketplace
419,ORD000419,1,20260221,12,15,1,3499.0,0.0,3499.0,3499.0,1600.0,1600.0,1899.0,54.27,80,3,3,0,25,No Promotion,Marketplace
420,ORD000420,1,20260228,1,1,2,4999.0,749.85,9998.0,9248.15,1800.0,3600.0,5648.15,61.07,80,6,3,3,25,Festive Offer 15%,Online
421,ORD000421,1,20260307,1,2,1,4999.0,0.0,4999.0,4999.0,1800.0,1800.0,3199.0,63.99,80,3,3,0,25,No Promotion,Mobile App
422,ORD000422,1,20260314,1,3,1,4999.0,0.0,4999.0,4999.0,1800.0,1800.0,3199.0,63.99,80,3,3,0,25,No Promotion,Marketplace
423,ORD000423,1,20260321,1,4,1,4999.0,499.9,4999.0,4499.1,1800.0,1800.0,2699.1,59.99,180,3,3,0,25,Welcome Offer 10%,Marketplace
424,ORD000424,1,20260328,5,5,1,1999.0,0.0,1999.0,1999.0,700.0,700.0,1299.0,64.98,80,3,3,0,25,No Promotion,Online
425,ORD000425,1,20260404,6,6,3,2999.0,0.0,8997.0,8997.0,1100.0,3300.0,5697.0,63.32,80,3,3,0,25,No Promotion,Mobile App
426,ORD000426,1,20260411,7,7,1,2499.0,249.9,2499.0,2249.1,900.0,900.0,1349.1,59.98,80,3,3,0,25,Welcome Offer 10%,Marketplace
427,ORD000427,1,20260418,8,8,1,27999.0,4199.85,27999.0,23799.15,15000.0,15000.0,8799.15,36.97,80,6,3,3,25,Festive Offer 15%,Marketplace
428,ORD000428,1,20260425,9,9,1,15999.0,0.0,15999.0,15999.0,8500.0,8500.0,7499.0,46.87,80,3,3,0,25,No Promotion,Online
429,ORD000429,1,20260503,10,10,1,9999.0,2499.75,9999.0,7499.25,4200.0,4200.0,3299.25,43.99,80,8,3,5,8,Mega Sale 25%,Mobile App
430,ORD000430,1,20260510,11,11,2,7999.0,0.0,15998.0,15998.0,4800.0,9600.0,6398.0,39.99,80,3,3,0,25,No Promotion,Marketplace
431,ORD000431,1,20260517,12,12,1,3499.0,0.0,3499.0,3499.0,1600.0,1600.0,1899.0,54.27,80,3,3,0,25,No Promotion,Marketplace
432,ORD000432,1,20260524,1,13,1,4999.0,499.9,4999.0,4499.1,1800.0,1800.0,2699.1,59.99,180,3,3,0,25,Welcome Offer 10%,Online
433,ORD000433,1,20260531,1,14,1,4999.0,0.0,4999.0,4999.0,1800.0,1800.0,3199.0,63.99,80,3,3,0,25,No Promotion,Mobile App
434,ORD000434,1,20260607,1,15,1,4999.0,749.85,4999.0,4249.15,1800.0,1800.0,2449.15,57.64,80,6,3,3,25,Festive Offer 15%,Marketplace
435,ORD000435,1,20260614,1,1,2,4999.0,499.9,9998.0,9498.1,1800.0,3600.0,5898.1,62.1,80,3,3,0,25,Welcome Offer 10%,Marketplace
436,ORD000436,1,20260621,5,2,1,1999.0,0.0,1999.0,1999.0,700.0,700.0,1299.0,64.98,80,3,3,0,25,No Promotion,Online
437,ORD000437,1,20260628,6,3,1,2999.0,0.0,2999.0,2999.0,1100.0,1100.0,1899.0,63.32,80,3,3,0,2,No Promotion,Mobile App
438,ORD000438,1,20260705,7,4,1,2499.0,249.9,2499.0,2249.1,900.0,900.0,1349.1,59.98,80,3,3,0,25,Welcome Offer 10%,Marketplace
439,ORD000439,1,20260712,8,5,1,27999.0,0.0,27999.0,27999.0,15000.0,15000.0,12999.0,46.43,80,3,3,0,25,No Promotion,Marketplace
440,ORD000440,1,20260720,9,6,2,15999.0,3999.75,31998.0,27998.25,8500.0,17000.0,10998.25,39.28,80,3,3,0,8,Mega Sale 25%,Online
441,ORD000441,1,20260727,10,7,1,9999.0,1499.85,9999.0,8499.15,4200.0,4200.0,4299.15,50.58,180,6,3,3,25,Festive Offer 15%,Mobile App
442,ORD000442,1,20260803,11,8,3,7999.0,0.0,23997.0,23997.0,4800.0,14400.0,9597.0,39.99,80,8,3,5,25,No Promotion,Marketplace
443,ORD000443,1,20260810,12,9,1,3499.0,0.0,3499.0,3499.0,1600.0,1600.0,1899.0,54.27,80,3,3,0,25,No Promotion,Marketplace
444,ORD000444,1,20260817,1,10,1,4999.0,499.9,4999.0,4499.1,1800.0,1800.0,2699.1,59.99,80,3,3,0,25,Welcome Offer 10%,Online
445,ORD000445,1,20260824,1,11,2,4999.0,0.0,9998.0,9998.0,1800.0,3600.0,6398.0,63.99,80,3,3,0,25,No Promotion,Mobile App
446,ORD000446,1,20260831,1,12,1,4999.0,0.0,4999.0,4999.0,1800.0,1800.0,3199.0,63.99,80,3,3,0,25,No Promotion,Marketplace
447,ORD000447,1,20260907,1,13,1,4999.0,499.9,4999.0,4499.1,1800.0,1800.0,2699.1,59.99,80,3,3,0,25,Welcome Offer 10%,Marketplace
448,ORD000448,1,20260914,5,14,1,1999.0,299.85,1999.0,1699.15,700.0,700.0,999.15,58.8,80,6,3,3,25,Festive Offer 15%,Online
449,ORD000449,1,20260921,6,15,1,2999.0,0.0,2999.0,2999.0,1100.0,1100.0,1899.0,63.32,80,3,3,0,25,No Promotion,Mobile App
450,ORD000450,1,20260928,7,1,2,2499.0,249.9,4998.0,4748.1,900.0,1800.0,2948.1,62.09,180,3,3,0,25,Welcome Offer 10%,Marketplace
451,ORD000451,1,20261006,8,2,1,27999.0,6999.75,27999.0,20999.25,15000.0,15000.0,5999.25,28.57,80,3,3,0,8,Mega Sale 25%,Marketplace
452,ORD000452,1,20261013,9,3,1,15999.0,0.0,15999.0,15999.0,8500.0,8500.0,7499.0,46.87,80,3,3,0,25,No Promotion,Online
453,ORD000453,1,20261020,10,4,1,9999.0,999.9,9999.0,8999.1,4200.0,4200.0,4799.1,53.33,80,3,3,0,25,Welcome Offer 10%,Mobile App
454,ORD000454,1,20261027,11,5,1,7999.0,0.0,7999.0,7999.0,4800.0,4800.0,3199.0,39.99,80,3,3,0,25,No Promotion,Marketplace
455,ORD000455,1,20261103,12,6,2,3499.0,524.85,6998.0,6473.15,1600.0,3200.0,3273.15,50.57,80,8,3,5,25,Festive Offer 15%,Marketplace
456,ORD000456,1,20261110,1,7,1,4999.0,499.9,4999.0,4499.1,1800.0,1800.0,2699.1,59.99,80,3,3,0,2,Welcome Offer 10%,Online
457,ORD000457,1,20261117,1,8,1,4999.0,0.0,4999.0,4999.0,1800.0,1800.0,3199.0,63.99,80,3,3,0,25,No Promotion,Mobile App
458,ORD000458,1,20261124,1,9,1,4999.0,0.0,4999.0,4999.0,1800.0,1800.0,3199.0,63.99,80,3,3,0,25,No Promotion,Marketplace
459,ORD000459,1,20261201,1,10,3,4999.0,499.9,14997.0,14497.1,1800.0,5400.0,9097.1,62.75,180,3,3,0,25,Welcome Offer 10%,Marketplace
460,ORD000460,1,20261208,5,11,2,1999.0,0.0,3998.0,3998.0,700.0,1400.0,2598.0,64.98,80,3,3,0,25,No Promotion,Online
461,ORD000461,1,20261215,6,12,1,2999.0,0.0,2999.0,2999.0,1100.0,1100.0,1899.0,63.32,80,3,3,0,25,No Promotion,Mobile App
462,ORD000462,1,20261223,7,13,1,2499.0,624.75,2499.0,1874.25,900.0,900.0,974.25,51.98,80,6,3,3,8,Mega Sale 25%,Marketplace
463,ORD000463,1,20261230,8,14,1,27999.0,0.0,27999.0,27999.0,15000.0,15000.0,12999.0,46.43,80,3,3,0,25,No Promotion,Marketplace
464,ORD000464,1,20260106,9,15,1,15999.0,0.0,15999.0,15999.0,8500.0,8500.0,7499.0,46.87,80,3,3,0,25,No Promotion,Online
465,ORD000465,1,20260113,10,1,2,9999.0,999.9,19998.0,18998.1,4200.0,8400.0,10598.1,55.79,80,3,3,0,25,Welcome Offer 10%,Mobile App
466,ORD000466,1,20260120,11,2,1,7999.0,0.0,7999.0,7999.0,4800.0,4800.0,3199.0,39.99,80,3,3,0,25,No Promotion,Marketplace
467,ORD000467,1,20260127,12,3,1,3499.0,0.0,3499.0,3499.0,1600.0,1600.0,1899.0,54.27,80,3,3,0,25,No Promotion,Marketplace
468,ORD000468,1,20260203,1,4,1,4999.0,499.9,4999.0,4499.1,1800.0,1800.0,2699.1,59.99,180,8,3,5,25,Welcome Offer 10%,Online
469,ORD000469,1,20260210,1,5,1,4999.0,749.85,4999.0,4249.15,1800.0,1800.0,2449.15,57.64,80,6,3,3,25,Festive Offer 15%,Mobile App
470,ORD000470,1,20260217,1,6,2,4999.0,0.0,9998.0,9998.0,1800.0,3600.0,6398.0,63.99,80,3,3,0,25,No Promotion,Marketplace
471,ORD000471,1,20260224,1,7,1,4999.0,499.9,4999.0,4499.1,1800.0,1800.0,2699.1,59.99,80,3,3,0,25,Welcome Offer 10%,Marketplace
472,ORD000472,1,20260303,5,8,1,1999.0,0.0,1999.0,1999.0,700.0,700.0,1299.0,64.98,80,3,3,0,25,No Promotion,Online
473,ORD000473,1,20260311,6,9,1,2999.0,749.75,2999.0,2249.25,1100.0,1100.0,1149.25,51.09,80,3,3,0,8,Mega Sale 25%,Mobile App
474,ORD000474,1,20260318,7,10,1,2499.0,249.9,2499.0,2249.1,900.0,900.0,1349.1,59.98,80,3,3,0,25,Welcome Offer 10%,Marketplace
475,ORD000475,1,20260325,8,11,2,27999.0,0.0,55998.0,55998.0,15000.0,30000.0,25998.0,46.43,80,3,3,0,2,No Promotion,Marketplace
476,ORD000476,1,20260401,9,12,3,15999.0,2399.85,47997.0,45597.15,8500.0,25500.0,20097.15,44.08,80,6,3,3,25,Festive Offer 15%,Online
477,ORD000477,1,20260408,10,13,1,9999.0,999.9,9999.0,8999.1,4200.0,4200.0,4799.1,53.33,180,3,3,0,25,Welcome Offer 10%,Mobile App
478,ORD000478,1,20260415,11,14,1,7999.0,0.0,7999.0,7999.0,4800.0,4800.0,3199.0,39.99,80,3,3,0,25,No Promotion,Marketplace
479,ORD000479,1,20260422,12,15,1,3499.0,0.0,3499.0,3499.0,1600.0,1600.0,1899.0,54.27,80,3,3,0,25,No Promotion,Marketplace
480,ORD000480,1,20260429,1,1,2,4999.0,499.9,9998.0,9498.1,1800.0,3600.0,5898.1,62.1,80,3,3,0,25,Welcome Offer 10%,Online
481,ORD000481,1,20260506,1,2,1,4999.0,0.0,4999.0,4999.0,1800.0,1800.0,3199.0,63.99,80,8,3,5,25,No Promotion,Mobile App
482,ORD000482,1,20260513,1,3,1,4999.0,0.0,4999.0,4999.0,1800.0,1800.0,3199.0,63.99,80,3,3,0,25,No Promotion,Marketplace
483,ORD000483,1,20260520,1,4,1,4999.0,749.85,4999.0,4249.15,1800.0,1800.0,2449.15,57.64,80,6,3,3,25,Festive Offer 15%,Marketplace
484,ORD000484,1,20260528,5,5,1,1999.0,499.75,1999.0,1499.25,700.0,700.0,799.25,53.31,80,3,3,0,8,Mega Sale 25%,Online
485,ORD000485,1,20260604,6,6,2,2999.0,0.0,5998.0,5998.0,1100.0,2200.0,3798.0,63.32,80,3,3,0,25,No Promotion,Mobile App
486,ORD000486,1,20260611,7,7,1,2499.0,249.9,2499.0,2249.1,900.0,900.0,1349.1,59.98,180,3,3,0,25,Welcome Offer 10%,Marketplace
487,ORD000487,1,20260618,8,8,1,27999.0,0.0,27999.0,27999.0,15000.0,15000.0,12999.0,46.43,80,3,3,0,25,No Promotion,Marketplace
488,ORD000488,1,20260625,9,9,1,15999.0,0.0,15999.0,15999.0,8500.0,8500.0,7499.0,46.87,80,3,3,0,25,No Promotion,Online
489,ORD000489,1,20260702,10,10,1,9999.0,999.9,9999.0,8999.1,4200.0,4200.0,4799.1,53.33,80,3,3,0,25,Welcome Offer 10%,Mobile App
490,ORD000490,1,20260709,11,11,2,7999.0,1199.85,15998.0,14798.15,4800.0,9600.0,5198.15,35.13,80,6,3,3,25,Festive Offer 15%,Marketplace
491,ORD000491,1,20260716,12,12,1,3499.0,0.0,3499.0,3499.0,1600.0,1600.0,1899.0,54.27,80,3,3,0,25,No Promotion,Marketplace
492,ORD000492,1,20260723,1,13,1,4999.0,499.9,4999.0,4499.1,1800.0,1800.0,2699.1,59.99,80,3,3,0,25,Welcome Offer 10%,Online
493,ORD000493,1,20260730,1,14,3,4999.0,0.0,14997.0,14997.0,1800.0,5400.0,9597.0,63.99,80,3,3,0,25,No Promotion,Mobile App
494,ORD000494,1,20260806,1,15,1,4999.0,0.0,4999.0,4999.0,1800.0,1800.0,3199.0,63.99,80,8,3,5,2,No Promotion,Marketplace
495,ORD000495,1,20260814,1,1,2,4999.0,1249.75,9998.0,8748.25,1800.0,3600.0,5148.25,58.85,180,3,3,0,8,Mega Sale 25%,Marketplace
496,ORD000496,1,20260821,5,2,1,1999.0,0.0,1999.0,1999.0,700.0,700.0,1299.0,64.98,80,3,3,0,25,No Promotion,Online
497,ORD000497,1,20260828,6,3,1,2999.0,449.85,2999.0,2549.15,1100.0,1100.0,1449.15,56.85,80,6,3,3,25,Festive Offer 15%,Mobile App
498,ORD000498,1,20260904,7,4,1,2499.0,249.9,2499.0,2249.1,900.0,900.0,1349.1,59.98,80,3,3,0,25,Welcome Offer 10%,Marketplace
499,ORD000499,1,20260911,8,5,1,27999.0,0.0,27999.0,27999.0,15000.0,15000.0,12999.0,46.43,80,3,3,0,25,No Promotion,Marketplace
500,ORD000500,1,20260918,9,6,2,15999.0,0.0,31998.0,31998.0,8500.0,17000.0,14998.0,46.87,80,3,3,0,25,No Promotion,Online
501,ORD000501,1,20260925,10,7,1,9999.0,999.9,9999.0,8999.1,4200.0,4200.0,4799.1,53.33,80,3,3,0,25,Welcome Offer 10%,Mobile App
502,ORD000502,1,20261002,11,8,1,7999.0,0.0,7999.0,7999.0,4800.0,4800.0,3199.0,39.99,80,3,3,0,25,No Promotion,Marketplace
503,ORD000503,1,20261009,12,9,1,3499.0,0.0,3499.0,3499.0,1600.0,1600.0,1899.0,54.27,80,3,3,0,25,No Promotion,Marketplace
504,ORD000504,1,20261016,1,10,1,4999.0,749.85,4999.0,4249.15,1800.0,1800.0,2449.15,57.64,180,6,3,3,25,Festive Offer 15%,Online
505,ORD000505,1,20261023,1,11,2,4999.0,0.0,9998.0,9998.0,1800.0,3600.0,6398.0,63.99,80,3,3,0,25,No Promotion,Mobile App
506,ORD000506,1,20261031,1,12,1,4999.0,1249.75,4999.0,3749.25,1800.0,1800.0,1949.25,51.99,80,3,3,0,8,Mega Sale 25%,Marketplace
507,ORD000507,1,20261107,1,13,1,4999.0,499.9,4999.0,4499.1,1800.0,1800.0,2699.1,59.99,80,8,3,5,25,Welcome Offer 10%,Marketplace
508,ORD000508,1,20261114,5,14,1,1999.0,0.0,1999.0,1999.0,700.0,700.0,1299.0,64.98,80,3,3,0,25,No Promotion,Online
509,ORD000509,1,20261121,6,15,1,2999.0,0.0,2999.0,2999.0,1100.0,1100.0,1899.0,63.32,80,3,3,0,25,No Promotion,Mobile App
510,ORD000510,1,20261128,7,1,3,2499.0,249.9,7497.0,7247.1,900.0,2700.0,4547.1,62.74,80,3,3,0,25,Welcome Offer 10%,Marketplace
511,ORD000511,1,20261205,8,2,1,27999.0,4199.85,27999.0,23799.15,15000.0,15000.0,8799.15,36.97,80,6,3,3,25,Festive Offer 15%,Marketplace
512,ORD000512,1,20261212,9,3,1,15999.0,0.0,15999.0,15999.0,8500.0,8500.0,7499.0,46.87,80,3,3,0,25,No Promotion,Online
513,ORD000513,1,20261219,10,4,1,9999.0,999.9,9999.0,8999.1,4200.0,4200.0,4799.1,53.33,180,3,3,0,2,Welcome Offer 10%,Mobile App
514,ORD000514,1,20261226,11,5,1,7999.0,0.0,7999.0,7999.0,4800.0,4800.0,3199.0,39.99,80,3,3,0,25,No Promotion,Marketplace
515,ORD000515,1,20260102,12,6,2,3499.0,0.0,6998.0,6998.0,1600.0,3200.0,3798.0,54.27,80,3,3,0,25,No Promotion,Marketplace
516,ORD000516,1,20260109,1,7,1,4999.0,499.9,4999.0,4499.1,1800.0,1800.0,2699.1,59.99,80,3,3,0,25,Welcome Offer 10%,Online
517,ORD000517,1,20260117,1,8,1,4999.0,1249.75,4999.0,3749.25,1800.0,1800.0,1949.25,51.99,80,3,3,0,8,Mega Sale 25%,Mobile App
518,ORD000518,1,20260124,1,9,1,4999.0,749.85,4999.0,4249.15,1800.0,1800.0,2449.15,57.64,80,6,3,3,25,Festive Offer 15%,Marketplace
519,ORD000519,1,20260131,1,10,1,4999.0,499.9,4999.0,4499.1,1800.0,1800.0,2699.1,59.99,80,3,3,0,25,Welcome Offer 10%,Marketplace
520,ORD000520,1,20260207,5,11,2,1999.0,0.0,3998.0,3998.0,700.0,1400.0,2598.0,64.98,80,8,3,5,25,No Promotion,Online
521,ORD000521,1,20260214,6,12,1,2999.0,0.0,2999.0,2999.0,1100.0,1100.0,1899.0,63.32,80,3,3,0,25,No Promotion,Mobile App
522,ORD000522,1,20260221,7,13,1,2499.0,249.9,2499.0,2249.1,900.0,900.0,1349.1,59.98,180,3,3,0,25,Welcome Offer 10%,Marketplace
523,ORD000523,1,20260228,8,14,1,27999.0,0.0,27999.0,27999.0,15000.0,15000.0,12999.0,46.43,80,3,3,0,25,No Promotion,Marketplace
524,ORD000524,1,20260307,9,15,1,15999.0,0.0,15999.0,15999.0,8500.0,8500.0,7499.0,46.87,80,3,3,0,25,No Promotion,Online
525,ORD000525,1,20260314,10,1,2,9999.0,1499.85,19998.0,18498.15,4200.0,8400.0,10098.15,54.59,80,6,3,3,25,Festive Offer 15%,Mobile App
526,ORD000526,1,20260321,11,2,1,7999.0,0.0,7999.0,7999.0,4800.0,4800.0,3199.0,39.99,80,3,3,0,25,No Promotion,Marketplace
527,ORD000527,1,20260328,12,3,3,3499.0,0.0,10497.0,10497.0,1600.0,4800.0,5697.0,54.27,80,3,3,0,25,No Promotion,Marketplace
528,ORD000528,1,20260405,1,4,1,4999.0,1249.75,4999.0,3749.25,1800.0,1800.0,1949.25,51.99,80,3,3,0,8,Mega Sale 25%,Online
529,ORD000529,1,20260412,1,5,1,4999.0,0.0,4999.0,4999.0,1800.0,1800.0,3199.0,63.99,80,3,3,0,25,No Promotion,Mobile App
530,ORD000530,1,20260419,1,6,2,4999.0,0.0,9998.0,9998.0,1800.0,3600.0,6398.0,63.99,80,3,3,0,25,No Promotion,Marketplace
531,ORD000531,1,20260426,1,7,1,4999.0,499.9,4999.0,4499.1,1800.0,1800.0,2699.1,59.99,180,3,3,0,25,Welcome Offer 10%,Marketplace
532,ORD000532,1,20260503,5,8,1,1999.0,299.85,1999.0,1699.15,700.0,700.0,999.15,58.8,80,6,3,3,2,Festive Offer 15%,Online
533,ORD000533,1,20260510,6,9,1,2999.0,0.0,2999.0,2999.0,1100.0,1100.0,1899.0,63.32,80,8,3,5,25,No Promotion,Mobile App
534,ORD000534,1,20260517,7,10,1,2499.0,249.9,2499.0,2249.1,900.0,900.0,1349.1,59.98,80,3,3,0,25,Welcome Offer 10%,Marketplace
535,ORD000535,1,20260524,8,11,2,27999.0,0.0,55998.0,55998.0,15000.0,30000.0,25998.0,46.43,80,3,3,0,25,No Promotion,Marketplace
536,ORD000536,1,20260531,9,12,1,15999.0,0.0,15999.0,15999.0,8500.0,8500.0,7499.0,46.87,80,3,3,0,25,No Promotion,Online
537,ORD000537,1,20260607,10,13,1,9999.0,999.9,9999.0,8999.1,4200.0,4200.0,4799.1,53.33,80,3,3,0,25,Welcome Offer 10%,Mobile App
538,ORD000538,1,20260614,11,14,1,7999.0,0.0,7999.0,7999.0,4800.0,4800.0,3199.0,39.99,80,3,3,0,25,No Promotion,Marketplace
539,ORD000539,1,20260622,12,15,1,3499.0,874.75,3499.0,2624.25,1600.0,1600.0,1024.25,39.03,80,6,3,3,8,Mega Sale 25%,Marketplace
540,ORD000540,1,20260629,1,1,2,4999.0,499.9,9998.0,9498.1,1800.0,3600.0,5898.1,62.1,180,3,3,0,25,Welcome Offer 10%,Online
541,ORD000541,1,20260706,1,2,1,4999.0,0.0,4999.0,4999.0,1800.0,1800.0,3199.0,63.99,80,3,3,0,25,No Promotion,Mobile App
542,ORD000542,1,20260713,1,3,1,4999.0,0.0,4999.0,4999.0,1800.0,1800.0,3199.0,63.99,80,3,3,0,25,No Promotion,Marketplace
543,ORD000543,1,20260720,1,4,1,4999.0,499.9,4999.0,4499.1,1800.0,1800.0,2699.1,59.99,80,3,3,0,25,Welcome Offer 10%,Marketplace
544,ORD000544,1,20260727,5,5,3,1999.0,0.0,5997.0,5997.0,700.0,2100.0,3897.0,64.98,80,3,3,0,25,No Promotion,Online
545,ORD000545,1,20260803,6,6,2,2999.0,0.0,5998.0,5998.0,1100.0,2200.0,3798.0,63.32,80,3,3,0,25,No Promotion,Mobile App
546,ORD000546,1,20260810,7,7,1,2499.0,374.85,2499.0,2124.15,900.0,900.0,1224.15,57.63,80,8,3,5,25,Festive Offer 15%,Marketplace
547,ORD000547,1,20260817,8,8,1,27999.0,0.0,27999.0,27999.0,15000.0,15000.0,12999.0,46.43,80,3,3,0,25,No Promotion,Marketplace
548,ORD000548,1,20260824,9,9,1,15999.0,0.0,15999.0,15999.0,8500.0,8500.0,7499.0,46.87,80,3,3,0,25,No Promotion,Online
549,ORD000549,1,20260831,10,10,1,9999.0,999.9,9999.0,8999.1,4200.0,4200.0,4799.1,53.33,180,3,3,0,25,Welcome Offer 10%,Mobile App
550,ORD000550,1,20260908,11,11,2,7999.0,1999.75,15998.0,13998.25,4800.0,9600.0,4398.25,31.42,80,3,3,0,8,Mega Sale 25%,Marketplace
551,ORD000551,1,20260915,12,12,1,3499.0,0.0,3499.0,3499.0,1600.0,1600.0,1899.0,54.27,80,3,3,0,2,No Promotion,Marketplace
552,ORD000552,1,20260922,1,13,1,4999.0,499.9,4999.0,4499.1,1800.0,1800.0,2699.1,59.99,80,3,3,0,25,Welcome Offer 10%,Online
553,ORD000553,1,20260929,1,14,1,4999.0,749.85,4999.0,4249.15,1800.0,1800.0,2449.15,57.64,80,6,3,3,25,Festive Offer 15%,Mobile App
554,ORD000554,1,20261006,1,15,1,4999.0,0.0,4999.0,4999.0,1800.0,1800.0,3199.0,63.99,80,3,3,0,25,No Promotion,Marketplace
555,ORD000555,1,20261013,1,1,2,4999.0,499.9,9998.0,9498.1,1800.0,3600.0,5898.1,62.1,80,3,3,0,25,Welcome Offer 10%,Marketplace
556,ORD000556,1,20261020,5,2,1,1999.0,0.0,1999.0,1999.0,700.0,700.0,1299.0,64.98,80,3,3,0,25,No Promotion,Online
557,ORD000557,1,20261027,6,3,1,2999.0,0.0,2999.0,2999.0,1100.0,1100.0,1899.0,63.32,80,3,3,0,25,No Promotion,Mobile App
558,ORD000558,1,20261103,7,4,1,2499.0,249.9,2499.0,2249.1,900.0,900.0,1349.1,59.98,180,3,3,0,25,Welcome Offer 10%,Marketplace
559,ORD000559,1,20261110,8,5,1,27999.0,0.0,27999.0,27999.0,15000.0,15000.0,12999.0,46.43,80,8,3,5,25,No Promotion,Marketplace
560,ORD000560,1,20261117,9,6,2,15999.0,2399.85,31998.0,29598.15,8500.0,17000.0,12598.15,42.56,80,6,3,3,25,Festive Offer 15%,Online
561,ORD000561,1,20261125,10,7,3,9999.0,2499.75,29997.0,27497.25,4200.0,12600.0,14897.25,54.18,80,3,3,0,8,Mega Sale 25%,Mobile App
562,ORD000562,1,20261202,11,8,1,7999.0,0.0,7999.0,7999.0,4800.0,4800.0,3199.0,39.99,80,3,3,0,25,No Promotion,Marketplace
563,ORD000563,1,20261209,12,9,1,3499.0,0.0,3499.0,3499.0,1600.0,1600.0,1899.0,54.27,80,3,3,0,25,No Promotion,Marketplace
564,ORD000564,1,20261216,1,10,1,4999.0,499.9,4999.0,4499.1,1800.0,1800.0,2699.1,59.99,80,3,3,0,25,Welcome Offer 10%,Online
565,ORD000565,1,20261223,1,11,2,4999.0,0.0,9998.0,9998.0,1800.0,3600.0,6398.0,63.99,80,3,3,0,25,No Promotion,Mobile App
566,ORD000566,1,20261230,1,12,1,4999.0,0.0,4999.0,4999.0,1800.0,1800.0,3199.0,63.99,80,3,3,0,25,No Promotion,Marketplace
567,ORD000567,1,20260106,1,13,1,4999.0,749.85,4999.0,4249.15,1800.0,1800.0,2449.15,57.64,180,6,3,3,25,Festive Offer 15%,Marketplace
568,ORD000568,1,20260113,5,14,1,1999.0,0.0,1999.0,1999.0,700.0,700.0,1299.0,64.98,80,3,3,0,25,No Promotion,Online
569,ORD000569,1,20260120,6,15,1,2999.0,0.0,2999.0,2999.0,1100.0,1100.0,1899.0,63.32,80,3,3,0,25,No Promotion,Mobile App
570,ORD000570,1,20260127,7,1,2,2499.0,249.9,4998.0,4748.1,900.0,1800.0,2948.1,62.09,80,3,3,0,2,Welcome Offer 10%,Marketplace
571,ORD000571,1,20260203,8,2,1,27999.0,0.0,27999.0,27999.0,15000.0,15000.0,12999.0,46.43,80,3,3,0,25,No Promotion,Marketplace
572,ORD000572,1,20260211,9,3,1,15999.0,3999.75,15999.0,11999.25,8500.0,8500.0,3499.25,29.16,80,8,3,5,8,Mega Sale 25%,Online
573,ORD000573,1,20260218,10,4,1,9999.0,999.9,9999.0,8999.1,4200.0,4200.0,4799.1,53.33,80,3,3,0,25,Welcome Offer 10%,Mobile App
574,ORD000574,1,20260225,11,5,1,7999.0,1199.85,7999.0,6799.15,4800.0,4800.0,1999.15,29.4,80,6,3,3,25,Festive Offer 15%,Marketplace
575,ORD000575,1,20260304,12,6,2,3499.0,0.0,6998.0,6998.0,1600.0,3200.0,3798.0,54.27,80,3,3,0,25,No Promotion,Marketplace
576,ORD000576,1,20260311,1,7,1,4999.0,499.9,4999.0,4499.1,1800.0,1800.0,2699.1,59.99,180,3,3,0,25,Welcome Offer 10%,Online
577,ORD000577,1,20260318,1,8,1,4999.0,0.0,4999.0,4999.0,1800.0,1800.0,3199.0,63.99,80,3,3,0,25,No Promotion,Mobile App
578,ORD000578,1,20260325,1,9,3,4999.0,0.0,14997.0,14997.0,1800.0,5400.0,9597.0,63.99,80,3,3,0,25,No Promotion,Marketplace
579,ORD000579,1,20260401,1,10,1,4999.0,499.9,4999.0,4499.1,1800.0,1800.0,2699.1,59.99,80,3,3,0,25,Welcome Offer 10%,Marketplace
580,ORD000580,1,20260408,5,11,2,1999.0,0.0,3998.0,3998.0,700.0,1400.0,2598.0,64.98,80,3,3,0,25,No Promotion,Online
581,ORD000581,1,20260415,6,12,1,2999.0,449.85,2999.0,2549.15,1100.0,1100.0,1449.15,56.85,80,6,3,3,25,Festive Offer 15%,Mobile App
582,ORD000582,1,20260422,7,13,1,2499.0,249.9,2499.0,2249.1,900.0,900.0,1349.1,59.98,80,3,3,0,25,Welcome Offer 10%,Marketplace
583,ORD000583,1,20260430,8,14,1,27999.0,6999.75,27999.0,20999.25,15000.0,15000.0,5999.25,28.57,80,3,3,0,8,Mega Sale 25%,Marketplace
584,ORD000584,1,20260507,9,15,1,15999.0,0.0,15999.0,15999.0,8500.0,8500.0,7499.0,46.87,80,3,3,0,25,No Promotion,Online
585,ORD000585,1,20260514,10,1,2,9999.0,999.9,19998.0,18998.1,4200.0,8400.0,10598.1,55.79,180,8,3,5,25,Welcome Offer 10%,Mobile App
586,ORD000586,1,20260521,11,2,1,7999.0,0.0,7999.0,7999.0,4800.0,4800.0,3199.0,39.99,80,3,3,0,25,No Promotion,Marketplace
587,ORD000587,1,20260528,12,3,1,3499.0,0.0,3499.0,3499.0,1600.0,1600.0,1899.0,54.27,80,3,3,0,25,No Promotion,Marketplace
588,ORD000588,1,20260604,1,4,1,4999.0,749.85,4999.0,4249.15,1800.0,1800.0,2449.15,57.64,80,6,3,3,25,Festive Offer 15%,Online
589,ORD000589,1,20260611,1,5,1,4999.0,0.0,4999.0,4999.0,1800.0,1800.0,3199.0,63.99,80,3,3,0,2,No Promotion,Mobile App
590,ORD000590,1,20260618,1,6,2,4999.0,0.0,9998.0,9998.0,1800.0,3600.0,6398.0,63.99,80,3,3,0,25,No Promotion,Marketplace
591,ORD000591,1,20260625,1,7,1,4999.0,499.9,4999.0,4499.1,1800.0,1800.0,2699.1,59.99,80,3,3,0,25,Welcome Offer 10%,Marketplace
592,ORD000592,1,20260702,5,8,1,1999.0,0.0,1999.0,1999.0,700.0,700.0,1299.0,64.98,80,3,3,0,25,No Promotion,Online
593,ORD000593,1,20260709,6,9,1,2999.0,0.0,2999.0,2999.0,1100.0,1100.0,1899.0,63.32,80,3,3,0,25,No Promotion,Mobile App
594,ORD000594,1,20260717,7,10,1,2499.0,624.75,2499.0,1874.25,900.0,900.0,974.25,51.98,180,3,3,0,8,Mega Sale 25%,Marketplace
595,ORD000595,1,20260724,8,11,3,27999.0,4199.85,83997.0,79797.15,15000.0,45000.0,34797.15,43.61,80,6,3,3,25,Festive Offer 15%,Marketplace
596,ORD000596,1,20260731,9,12,1,15999.0,0.0,15999.0,15999.0,8500.0,8500.0,7499.0,46.87,80,3,3,0,25,No Promotion,Online
597,ORD000597,1,20260807,10,13,1,9999.0,999.9,9999.0,8999.1,4200.0,4200.0,4799.1,53.33,80,3,3,0,25,Welcome Offer 10%,Mobile App
598,ORD000598,1,20260814,11,14,1,7999.0,0.0,7999.0,7999.0,4800.0,4800.0,3199.0,39.99,80,8,3,5,25,No Promotion,Marketplace
599,ORD000599,1,20260821,12,15,1,3499.0,0.0,3499.0,3499.0,1600.0,1600.0,1899.0,54.27,80,3,3,0,25,No Promotion,Marketplace
600,ORD000600,1,20260828,1,1,2,4999.0,499.9,9998.0,9498.1,1800.0,3600.0,5898.1,62.1,80,3,3,0,25,Welcome Offer 10%,Online
601,ORD000601,1,20260904,1,2,1,4999.0,0.0,4999.0,4999.0,1800.0,1800.0,3199.0,63.99,80,3,3,0,25,No Promotion,Mobile App
602,ORD000602,1,20260911,1,3,1,4999.0,749.85,4999.0,4249.15,1800.0,1800.0,2449.15,57.64,80,6,3,3,25,Festive Offer 15%,Marketplace
603,ORD000603,1,20260918,1,4,1,4999.0,499.9,4999.0,4499.1,1800.0,1800.0,2699.1,59.99,180,3,3,0,25,Welcome Offer 10%,Marketplace
604,ORD000604,1,20260925,5,5,1,1999.0,0.0,1999.0,1999.0,700.0,700.0,1299.0,64.98,80,3,3,0,25,No Promotion,Online
605,ORD000605,1,20261003,6,6,2,2999.0,749.75,5998.0,5248.25,1100.0,2200.0,3048.25,58.08,80,3,3,0,8,Mega Sale 25%,Mobile App
606,ORD000606,1,20261010,7,7,1,2499.0,249.9,2499.0,2249.1,900.0,900.0,1349.1,59.98,80,3,3,0,25,Welcome Offer 10%,Marketplace
607,ORD000607,1,20261017,8,8,1,27999.0,0.0,27999.0,27999.0,15000.0,15000.0,12999.0,46.43,80,3,3,0,25,No Promotion,Marketplace
608,ORD000608,1,20261024,9,9,1,15999.0,0.0,15999.0,15999.0,8500.0,8500.0,7499.0,46.87,80,3,3,0,2,No Promotion,Online
609,ORD000609,1,20261031,10,10,1,9999.0,1499.85,9999.0,8499.15,4200.0,4200.0,4299.15,50.58,80,6,3,3,25,Festive Offer 15%,Mobile App
610,ORD000610,1,20261107,11,11,2,7999.0,0.0,15998.0,15998.0,4800.0,9600.0,6398.0,39.99,80,3,3,0,25,No Promotion,Marketplace
611,ORD000611,1,20261114,12,12,1,3499.0,0.0,3499.0,3499.0,1600.0,1600.0,1899.0,54.27,80,8,3,5,25,No Promotion,Marketplace
612,ORD000612,1,20261121,1,13,3,4999.0,499.9,14997.0,14497.1,1800.0,5400.0,9097.1,62.75,180,3,3,0,25,Welcome Offer 10%,Online
613,ORD000613,1,20261128,1,14,1,4999.0,0.0,4999.0,4999.0,1800.0,1800.0,3199.0,63.99,80,3,3,0,25,No Promotion,Mobile App
614,ORD000614,1,20261205,1,15,1,4999.0,0.0,4999.0,4999.0,1800.0,1800.0,3199.0,63.99,80,3,3,0,25,No Promotion,Marketplace
615,ORD000615,1,20261212,1,1,2,4999.0,499.9,9998.0,9498.1,1800.0,3600.0,5898.1,62.1,80,3,3,0,25,Welcome Offer 10%,Marketplace
616,ORD000616,1,20261220,5,2,1,1999.0,499.75,1999.0,1499.25,700.0,700.0,799.25,53.31,80,6,3,3,8,Mega Sale 25%,Online
617,ORD000617,1,20261227,6,3,1,2999.0,0.0,2999.0,2999.0,1100.0,1100.0,1899.0,63.32,80,3,3,0,25,No Promotion,Mobile App
618,ORD000618,1,20260103,7,4,1,2499.0,249.9,2499.0,2249.1,900.0,900.0,1349.1,59.98,80,3,3,0,25,Welcome Offer 10%,Marketplace
619,ORD000619,1,20260110,8,5,1,27999.0,0.0,27999.0,27999.0,15000.0,15000.0,12999.0,46.43,80,3,3,0,25,No Promotion,Marketplace
620,ORD000620,1,20260117,9,6,2,15999.0,0.0,31998.0,31998.0,8500.0,17000.0,14998.0,46.87,80,3,3,0,25,No Promotion,Online
621,ORD000621,1,20260124,10,7,1,9999.0,999.9,9999.0,8999.1,4200.0,4200.0,4799.1,53.33,180,3,3,0,25,Welcome Offer 10%,Mobile App
622,ORD000622,1,20260131,11,8,1,7999.0,0.0,7999.0,7999.0,4800.0,4800.0,3199.0,39.99,80,3,3,0,25,No Promotion,Marketplace
623,ORD000623,1,20260207,12,9,1,3499.0,524.85,3499.0,2974.15,1600.0,1600.0,1374.15,46.2,80,6,3,3,25,Festive Offer 15%,Marketplace
624,ORD000624,1,20260214,1,10,1,4999.0,499.9,4999.0,4499.1,1800.0,1800.0,2699.1,59.99,80,8,3,5,25,Welcome Offer 10%,Online
625,ORD000625,1,20260221,1,11,2,4999.0,0.0,9998.0,9998.0,1800.0,3600.0,6398.0,63.99,80,3,3,0,25,No Promotion,Mobile App
626,ORD000626,1,20260228,1,12,1,4999.0,0.0,4999.0,4999.0,1800.0,1800.0,3199.0,63.99,80,3,3,0,25,No Promotion,Marketplace
627,ORD000627,1,20260308,1,13,1,4999.0,1249.75,4999.0,3749.25,1800.0,1800.0,1949.25,51.99,80,3,3,0,2,Mega Sale 25%,Marketplace
628,ORD000628,1,20260315,5,14,1,1999.0,0.0,1999.0,1999.0,700.0,700.0,1299.0,64.98,80,3,3,0,25,No Promotion,Online
629,ORD000629,1,20260322,6,15,3,2999.0,0.0,8997.0,8997.0,1100.0,3300.0,5697.0,63.32,80,3,3,0,25,No Promotion,Mobile App
630,ORD000630,1,20260329,7,1,2,2499.0,374.85,4998.0,4623.15,900.0,1800.0,2823.15,61.07,180,6,3,3,25,Festive Offer 15%,Marketplace
631,ORD000631,1,20260405,8,2,1,27999.0,0.0,27999.0,27999.0,15000.0,15000.0,12999.0,46.43,80,3,3,0,25,No Promotion,Marketplace
632,ORD000632,1,20260412,9,3,1,15999.0,0.0,15999.0,15999.0,8500.0,8500.0,7499.0,46.87,80,3,3,0,25,No Promotion,Online
633,ORD000633,1,20260419,10,4,1,9999.0,999.9,9999.0,8999.1,4200.0,4200.0,4799.1,53.33,80,3,3,0,25,Welcome Offer 10%,Mobile App
634,ORD000634,1,20260426,11,5,1,7999.0,0.0,7999.0,7999.0,4800.0,4800.0,3199.0,39.99,80,3,3,0,25,No Promotion,Marketplace
635,ORD000635,1,20260503,12,6,2,3499.0,0.0,6998.0,6998.0,1600.0,3200.0,3798.0,54.27,80,3,3,0,25,No Promotion,Marketplace
636,ORD000636,1,20260510,1,7,1,4999.0,499.9,4999.0,4499.1,1800.0,1800.0,2699.1,59.99,80,3,3,0,25,Welcome Offer 10%,Online
637,ORD000637,1,20260517,1,8,1,4999.0,749.85,4999.0,4249.15,1800.0,1800.0,2449.15,57.64,80,8,3,5,25,Festive Offer 15%,Mobile App
638,ORD000638,1,20260525,1,9,1,4999.0,1249.75,4999.0,3749.25,1800.0,1800.0,1949.25,51.99,80,3,3,0,8,Mega Sale 25%,Marketplace
639,ORD000639,1,20260601,1,10,1,4999.0,499.9,4999.0,4499.1,1800.0,1800.0,2699.1,59.99,180,3,3,0,25,Welcome Offer 10%,Marketplace
640,ORD000640,1,20260608,5,11,2,1999.0,0.0,3998.0,3998.0,700.0,1400.0,2598.0,64.98,80,3,3,0,25,No Promotion,Online
641,ORD000641,1,20260615,6,12,1,2999.0,0.0,2999.0,2999.0,1100.0,1100.0,1899.0,63.32,80,3,3,0,25,No Promotion,Mobile App
642,ORD000642,1,20260622,7,13,1,2499.0,249.9,2499.0,2249.1,900.0,900.0,1349.1,59.98,80,3,3,0,25,Welcome Offer 10%,Marketplace
643,ORD000643,1,20260629,8,14,1,27999.0,0.0,27999.0,27999.0,15000.0,15000.0,12999.0,46.43,80,3,3,0,25,No Promotion,Marketplace
644,ORD000644,1,20260706,9,15,1,15999.0,2399.85,15999.0,13599.15,8500.0,8500.0,5099.15,37.5,80,6,3,3,25,Festive Offer 15%,Online
645,ORD000645,1,20260713,10,1,2,9999.0,999.9,19998.0,18998.1,4200.0,8400.0,10598.1,55.79,80,3,3,0,25,Welcome Offer 10%,Mobile App
646,ORD000646,1,20260720,11,2,3,7999.0,0.0,23997.0,23997.0,4800.0,14400.0,9597.0,39.99,80,3,3,0,2,No Promotion,Marketplace
647,ORD000647,1,20260727,12,3,1,3499.0,0.0,3499.0,3499.0,1600.0,1600.0,1899.0,54.27,80,3,3,0,25,No Promotion,Marketplace
648,ORD000648,1,20260803,1,4,1,4999.0,499.9,4999.0,4499.1,1800.0,1800.0,2699.1,59.99,180,3,3,0,25,Welcome Offer 10%,Online
649,ORD000649,1,20260811,1,5,1,4999.0,1249.75,4999.0,3749.25,1800.0,1800.0,1949.25,51.99,80,3,3,0,8,Mega Sale 25%,Mobile App
650,ORD000650,1,20260818,1,6,2,4999.0,0.0,9998.0,9998.0,1800.0,3600.0,6398.0,63.99,80,8,3,5,25,No Promotion,Marketplace
651,ORD000651,1,20260825,1,7,1,4999.0,749.85,4999.0,4249.15,1800.0,1800.0,2449.15,57.64,80,6,3,3,25,Festive Offer 15%,Marketplace
652,ORD000652,1,20260901,5,8,1,1999.0,0.0,1999.0,1999.0,700.0,700.0,1299.0,64.98,80,3,3,0,25,No Promotion,Online
653,ORD000653,1,20260908,6,9,1,2999.0,0.0,2999.0,2999.0,1100.0,1100.0,1899.0,63.32,80,3,3,0,25,No Promotion,Mobile App
654,ORD000654,1,20260915,7,10,1,2499.0,249.9,2499.0,2249.1,900.0,900.0,1349.1,59.98,80,3,3,0,25,Welcome Offer 10%,Marketplace
655,ORD000655,1,20260922,8,11,2,27999.0,0.0,55998.0,55998.0,15000.0,30000.0,25998.0,46.43,80,3,3,0,25,No Promotion,Marketplace
656,ORD000656,1,20260929,9,12,1,15999.0,0.0,15999.0,15999.0,8500.0,8500.0,7499.0,46.87,80,3,3,0,25,No Promotion,Online
657,ORD000657,1,20261006,10,13,1,9999.0,999.9,9999.0,8999.1,4200.0,4200.0,4799.1,53.33,180,3,3,0,25,Welcome Offer 10%,Mobile App
658,ORD000658,1,20261013,11,14,1,7999.0,1199.85,7999.0,6799.15,4800.0,4800.0,1999.15,29.4,80,6,3,3,25,Festive Offer 15%,Marketplace
659,ORD000659,1,20261020,12,15,1,3499.0,0.0,3499.0,3499.0,1600.0,1600.0,1899.0,54.27,80,3,3,0,25,No Promotion,Marketplace
660,ORD000660,1,20261028,1,1,2,4999.0,1249.75,9998.0,8748.25,1800.0,3600.0,5148.25,58.85,80,3,3,0,8,Mega Sale 25%,Online
661,ORD000661,1,20261104,1,2,1,4999.0,0.0,4999.0,4999.0,1800.0,1800.0,3199.0,63.99,80,3,3,0,25,No Promotion,Mobile App
662,ORD000662,1,20261111,1,3,1,4999.0,0.0,4999.0,4999.0,1800.0,1800.0,3199.0,63.99,80,3,3,0,25,No Promotion,Marketplace
663,ORD000663,1,20261118,1,4,3,4999.0,499.9,14997.0,14497.1,1800.0,5400.0,9097.1,62.75,80,8,3,5,25,Welcome Offer 10%,Marketplace
664,ORD000664,1,20261125,5,5,1,1999.0,0.0,1999.0,1999.0,700.0,700.0,1299.0,64.98,80,3,3,0,25,No Promotion,Online
665,ORD000665,1,20261202,6,6,2,2999.0,449.85,5998.0,5548.15,1100.0,2200.0,3348.15,60.35,80,6,3,3,2,Festive Offer 15%,Mobile App
666,ORD000666,1,20261209,7,7,1,2499.0,249.9,2499.0,2249.1,900.0,900.0,1349.1,59.98,180,3,3,0,25,Welcome Offer 10%,Marketplace
667,ORD000667,1,20261216,8,8,1,27999.0,0.0,27999.0,27999.0,15000.0,15000.0,12999.0,46.43,80,3,3,0,25,No Promotion,Marketplace
668,ORD000668,1,20261223,9,9,1,15999.0,0.0,15999.0,15999.0,8500.0,8500.0,7499.0,46.87,80,3,3,0,25,No Promotion,Online
669,ORD000669,1,20261230,10,10,1,9999.0,999.9,9999.0,8999.1,4200.0,4200.0,4799.1,53.33,80,3,3,0,25,Welcome Offer 10%,Mobile App
670,ORD000670,1,20260106,11,11,2,7999.0,0.0,15998.0,15998.0,4800.0,9600.0,6398.0,39.99,80,3,3,0,25,No Promotion,Marketplace
671,ORD000671,1,20260114,12,12,1,3499.0,874.75,3499.0,2624.25,1600.0,1600.0,1024.25,39.03,80,3,3,0,8,Mega Sale 25%,Marketplace
672,ORD000672,1,20260121,1,13,1,4999.0,749.85,4999.0,4249.15,1800.0,1800.0,2449.15,57.64,80,6,3,3,25,Festive Offer 15%,Online
673,ORD000673,1,20260128,1,14,1,4999.0,0.0,4999.0,4999.0,1800.0,1800.0,3199.0,63.99,80,3,3,0,25,No Promotion,Mobile App
674,ORD000674,1,20260204,1,15,1,4999.0,0.0,4999.0,4999.0,1800.0,1800.0,3199.0,63.99,80,3,3,0,25,No Promotion,Marketplace
675,ORD000675,1,20260211,1,1,2,4999.0,499.9,9998.0,9498.1,1800.0,3600.0,5898.1,62.1,180,3,3,0,25,Welcome Offer 10%,Marketplace
676,ORD000676,1,20260218,5,2,1,1999.0,0.0,1999.0,1999.0,700.0,700.0,1299.0,64.98,80,8,3,5,25,No Promotion,Online
677,ORD000677,1,20260225,6,3,1,2999.0,0.0,2999.0,2999.0,1100.0,1100.0,1899.0,63.32,80,3,3,0,25,No Promotion,Mobile App
678,ORD000678,1,20260304,7,4,1,2499.0,249.9,2499.0,2249.1,900.0,900.0,1349.1,59.98,80,3,3,0,25,Welcome Offer 10%,Marketplace
679,ORD000679,1,20260311,8,5,1,27999.0,4199.85,27999.0,23799.15,15000.0,15000.0,8799.15,36.97,80,6,3,3,25,Festive Offer 15%,Marketplace
680,ORD000680,1,20260318,9,6,3,15999.0,0.0,47997.0,47997.0,8500.0,25500.0,22497.0,46.87,80,3,3,0,25,No Promotion,Online
681,ORD000681,1,20260325,10,7,1,9999.0,999.9,9999.0,8999.1,4200.0,4200.0,4799.1,53.33,80,3,3,0,25,Welcome Offer 10%,Mobile App
682,ORD000682,1,20260402,11,8,1,7999.0,1999.75,7999.0,5999.25,4800.0,4800.0,1199.25,19.99,80,3,3,0,8,Mega Sale 25%,Marketplace
683,ORD000683,1,20260409,12,9,1,3499.0,0.0,3499.0,3499.0,1600.0,1600.0,1899.0,54.27,80,3,3,0,25,No Promotion,Marketplace
684,ORD000684,1,20260416,1,10,1,4999.0,499.9,4999.0,4499.1,1800.0,1800.0,2699.1,59.99,180,3,3,0,2,Welcome Offer 10%,Online
685,ORD000685,1,20260423,1,11,2,4999.0,0.0,9998.0,9998.0,1800.0,3600.0,6398.0,63.99,80,3,3,0,25,No Promotion,Mobile App
686,ORD000686,1,20260430,1,12,1,4999.0,749.85,4999.0,4249.15,1800.0,1800.0,2449.15,57.64,80,6,3,3,25,Festive Offer 15%,Marketplace
687,ORD000687,1,20260507,1,13,1,4999.0,499.9,4999.0,4499.1,1800.0,1800.0,2699.1,59.99,80,3,3,0,25,Welcome Offer 10%,Marketplace
688,ORD000688,1,20260514,5,14,1,1999.0,0.0,1999.0,1999.0,700.0,700.0,1299.0,64.98,80,3,3,0,25,No Promotion,Online
689,ORD000689,1,20260521,6,15,1,2999.0,0.0,2999.0,2999.0,1100.0,1100.0,1899.0,63.32,80,8,3,5,25,No Promotion,Mobile App
690,ORD000690,1,20260528,7,1,2,2499.0,249.9,4998.0,4748.1,900.0,1800.0,2948.1,62.09,80,3,3,0,25,Welcome Offer 10%,Marketplace
691,ORD000691,1,20260604,8,2,1,27999.0,0.0,27999.0,27999.0,15000.0,15000.0,12999.0,46.43,80,3,3,0,25,No Promotion,Marketplace
692,ORD000692,1,20260611,9,3,1,15999.0,0.0,15999.0,15999.0,8500.0,8500.0,7499.0,46.87,80,3,3,0,25,No Promotion,Online
693,ORD000693,1,20260619,10,4,1,9999.0,2499.75,9999.0,7499.25,4200.0,4200.0,3299.25,43.99,180,6,3,3,8,Mega Sale 25%,Mobile App
694,ORD000694,1,20260626,11,5,1,7999.0,0.0,7999.0,7999.0,4800.0,4800.0,3199.0,39.99,80,3,3,0,25,No Promotion,Marketplace
695,ORD000695,1,20260703,12,6,2,3499.0,0.0,6998.0,6998.0,1600.0,3200.0,3798.0,54.27,80,3,3,0,25,No Promotion,Marketplace
696,ORD000696,1,20260710,1,7,1,4999.0,499.9,4999.0,4499.1,1800.0,1800.0,2699.1,59.99,80,3,3,0,25,Welcome Offer 10%,Online
697,ORD000697,1,20260717,1,8,3,4999.0,0.0,14997.0,14997.0,1800.0,5400.0,9597.0,63.99,80,3,3,0,25,No Promotion,Mobile App
698,ORD000698,1,20260724,1,9,1,4999.0,0.0,4999.0,4999.0,1800.0,1800.0,3199.0,63.99,80,3,3,0,25,No Promotion,Marketplace
699,ORD000699,1,20260731,1,10,1,4999.0,499.9,4999.0,4499.1,1800.0,1800.0,2699.1,59.99,80,3,3,0,25,Welcome Offer 10%,Marketplace
700,ORD000700,1,20260807,5,11,2,1999.0,299.85,3998.0,3698.15,700.0,1400.0,2298.15,62.14,80,6,3,3,25,Festive Offer 15%,Online
701,ORD000701,1,20260814,6,12,1,2999.0,0.0,2999.0,2999.0,1100.0,1100.0,1899.0,63.32,80,3,3,0,25,No Promotion,Mobile App
702,ORD000702,1,20260821,7,13,1,2499.0,249.9,2499.0,2249.1,900.0,900.0,1349.1,59.98,180,8,3,5,25,Welcome Offer 10%,Marketplace
703,ORD000703,1,20260828,8,14,1,27999.0,0.0,27999.0,27999.0,15000.0,15000.0,12999.0,46.43,80,3,3,0,2,No Promotion,Marketplace
704,ORD000704,1,20260905,9,15,1,15999.0,3999.75,15999.0,11999.25,8500.0,8500.0,3499.25,29.16,80,3,3,0,8,Mega Sale 25%,Online
705,ORD000705,1,20260912,10,1,2,9999.0,999.9,19998.0,18998.1,4200.0,8400.0,10598.1,55.79,80,3,3,0,25,Welcome Offer 10%,Mobile App
706,ORD000706,1,20260919,11,2,1,7999.0,0.0,7999.0,7999.0,4800.0,4800.0,3199.0,39.99,80,3,3,0,25,No Promotion,Marketplace
707,ORD000707,1,20260926,12,3,1,3499.0,524.85,3499.0,2974.15,1600.0,1600.0,1374.15,46.2,80,6,3,3,25,Festive Offer 15%,Marketplace
708,ORD000708,1,20261003,1,4,1,4999.0,499.9,4999.0,4499.1,1800.0,1800.0,2699.1,59.99,80,3,3,0,25,Welcome Offer 10%,Online
709,ORD000709,1,20261010,1,5,1,4999.0,0.0,4999.0,4999.0,1800.0,1800.0,3199.0,63.99,80,3,3,0,25,No Promotion,Mobile App
710,ORD000710,1,20261017,1,6,2,4999.0,0.0,9998.0,9998.0,1800.0,3600.0,6398.0,63.99,80,3,3,0,25,No Promotion,Marketplace
711,ORD000711,1,20261024,1,7,1,4999.0,499.9,4999.0,4499.1,1800.0,1800.0,2699.1,59.99,180,3,3,0,25,Welcome Offer 10%,Marketplace
712,ORD000712,1,20261031,5,8,1,1999.0,0.0,1999.0,1999.0,700.0,700.0,1299.0,64.98,80,3,3,0,25,No Promotion,Online
713,ORD000713,1,20261107,6,9,1,2999.0,0.0,2999.0,2999.0,1100.0,1100.0,1899.0,63.32,80,3,3,0,25,No Promotion,Mobile App
714,ORD000714,1,20261114,7,10,3,2499.0,374.85,7497.0,7122.15,900.0,2700.0,4422.15,62.09,80,6,3,3,25,Festive Offer 15%,Marketplace
715,ORD000715,1,20261122,8,11,2,27999.0,6999.75,55998.0,48998.25,15000.0,30000.0,18998.25,38.77,80,8,3,5,8,Mega Sale 25%,Marketplace
716,ORD000716,1,20261129,9,12,1,15999.0,0.0,15999.0,15999.0,8500.0,8500.0,7499.0,46.87,80,3,3,0,25,No Promotion,Online
717,ORD000717,1,20261206,10,13,1,9999.0,999.9,9999.0,8999.1,4200.0,4200.0,4799.1,53.33,80,3,3,0,25,Welcome Offer 10%,Mobile App
718,ORD000718,1,20261213,11,14,1,7999.0,0.0,7999.0,7999.0,4800.0,4800.0,3199.0,39.99,80,3,3,0,25,No Promotion,Marketplace
719,ORD000719,1,20261220,12,15,1,3499.0,0.0,3499.0,3499.0,1600.0,1600.0,1899.0,54.27,80,3,3,0,25,No Promotion,Marketplace
720,ORD000720,1,20261227,1,1,2,4999.0,499.9,9998.0,9498.1,1800.0,3600.0,5898.1,62.1,180,3,3,0,25,Welcome Offer 10%,Online
721,ORD000721,1,20260103,1,2,1,4999.0,749.85,4999.0,4249.15,1800.0,1800.0,2449.15,57.64,80,6,3,3,25,Festive Offer 15%,Mobile App
722,ORD000722,1,20260110,1,3,1,4999.0,0.0,4999.0,4999.0,1800.0,1800.0,3199.0,63.99,80,3,3,0,2,No Promotion,Marketplace
723,ORD000723,1,20260117,1,4,1,4999.0,499.9,4999.0,4499.1,1800.0,1800.0,2699.1,59.99,80,3,3,0,25,Welcome Offer 10%,Marketplace
724,ORD000724,1,20260124,5,5,1,1999.0,0.0,1999.0,1999.0,700.0,700.0,1299.0,64.98,80,3,3,0,25,No Promotion,Online
725,ORD000725,1,20260131,6,6,2,2999.0,0.0,5998.0,5998.0,1100.0,2200.0,3798.0,63.32,80,3,3,0,25,No Promotion,Mobile App
726,ORD000726,1,20260208,7,7,1,2499.0,624.75,2499.0,1874.25,900.0,900.0,974.25,51.98,80,3,3,0,8,Mega Sale 25%,Marketplace
727,ORD000727,1,20260215,8,8,1,27999.0,0.0,27999.0,27999.0,15000.0,15000.0,12999.0,46.43,80,3,3,0,25,No Promotion,Marketplace
728,ORD000728,1,20260222,9,9,1,15999.0,2399.85,15999.0,13599.15,8500.0,8500.0,5099.15,37.5,80,8,3,5,25,Festive Offer 15%,Online
729,ORD000729,1,20260301,10,10,1,9999.0,999.9,9999.0,8999.1,4200.0,4200.0,4799.1,53.33,180,3,3,0,25,Welcome Offer 10%,Mobile App
730,ORD000730,1,20260308,11,11,2,7999.0,0.0,15998.0,15998.0,4800.0,9600.0,6398.0,39.99,80,3,3,0,25,No Promotion,Marketplace
731,ORD000731,1,20260315,12,12,3,3499.0,0.0,10497.0,10497.0,1600.0,4800.0,5697.0,54.27,80,3,3,0,25,No Promotion,Marketplace
732,ORD000732,1,20260322,1,13,1,4999.0,499.9,4999.0,4499.1,1800.0,1800.0,2699.1,59.99,80,3,3,0,25,Welcome Offer 10%,Online
733,ORD000733,1,20260329,1,14,1,4999.0,0.0,4999.0,4999.0,1800.0,1800.0,3199.0,63.99,80,3,3,0,25,No Promotion,Mobile App
734,ORD000734,1,20260405,1,15,1,4999.0,0.0,4999.0,4999.0,1800.0,1800.0,3199.0,63.99,80,3,3,0,25,No Promotion,Marketplace
735,ORD000735,1,20260412,1,1,2,4999.0,749.85,9998.0,9248.15,1800.0,3600.0,5648.15,61.07,80,6,3,3,25,Festive Offer 15%,Marketplace
736,ORD000736,1,20260419,5,2,1,1999.0,0.0,1999.0,1999.0,700.0,700.0,1299.0,64.98,80,3,3,0,25,No Promotion,Online
737,ORD000737,1,20260427,6,3,1,2999.0,749.75,2999.0,2249.25,1100.0,1100.0,1149.25,51.09,80,3,3,0,8,Mega Sale 25%,Mobile App
738,ORD000738,1,20260504,7,4,1,2499.0,249.9,2499.0,2249.1,900.0,900.0,1349.1,59.98,180,3,3,0,25,Welcome Offer 10%,Marketplace
739,ORD000739,1,20260511,8,5,1,27999.0,0.0,27999.0,27999.0,15000.0,15000.0,12999.0,46.43,80,3,3,0,25,No Promotion,Marketplace
740,ORD000740,1,20260518,9,6,2,15999.0,0.0,31998.0,31998.0,8500.0,17000.0,14998.0,46.87,80,3,3,0,25,No Promotion,Online
741,ORD000741,1,20260525,10,7,1,9999.0,999.9,9999.0,8999.1,4200.0,4200.0,4799.1,53.33,80,8,3,5,2,Welcome Offer 10%,Mobile App
742,ORD000742,1,20260601,11,8,1,7999.0,1199.85,7999.0,6799.15,4800.0,4800.0,1999.15,29.4,80,6,3,3,25,Festive Offer 15%,Marketplace
743,ORD000743,1,20260608,12,9,1,3499.0,0.0,3499.0,3499.0,1600.0,1600.0,1899.0,54.27,80,3,3,0,25,No Promotion,Marketplace
744,ORD000744,1,20260615,1,10,1,4999.0,499.9,4999.0,4499.1,1800.0,1800.0,2699.1,59.99,80,3,3,0,25,Welcome Offer 10%,Online
745,ORD000745,1,20260622,1,11,2,4999.0,0.0,9998.0,9998.0,1800.0,3600.0,6398.0,63.99,80,3,3,0,25,No Promotion,Mobile App
746,ORD000746,1,20260629,1,12,1,4999.0,0.0,4999.0,4999.0,1800.0,1800.0,3199.0,63.99,80,3,3,0,25,No Promotion,Marketplace
747,ORD000747,1,20260706,1,13,1,4999.0,499.9,4999.0,4499.1,1800.0,1800.0,2699.1,59.99,180,3,3,0,25,Welcome Offer 10%,Marketplace
748,ORD000748,1,20260714,5,14,3,1999.0,499.75,5997.0,5497.25,700.0,2100.0,3397.25,61.8,80,3,3,0,8,Mega Sale 25%,Online
749,ORD000749,1,20260721,6,15,1,2999.0,449.85,2999.0,2549.15,1100.0,1100.0,1449.15,56.85,80,6,3,3,25,Festive Offer 15%,Mobile App
750,ORD000750,1,20260728,7,1,2,2499.0,249.9,4998.0,4748.1,900.0,1800.0,2948.1,62.09,80,3,3,0,25,Welcome Offer 10%,Marketplace
751,ORD000751,1,20260804,8,2,1,27999.0,0.0,27999.0,27999.0,15000.0,15000.0,12999.0,46.43,80,3,3,0,25,No Promotion,Marketplace
752,ORD000752,1,20260811,9,3,1,15999.0,0.0,15999.0,15999.0,8500.0,8500.0,7499.0,46.87,80,3,3,0,25,No Promotion,Online
753,ORD000753,1,20260818,10,4,1,9999.0,999.9,9999.0,8999.1,4200.0,4200.0,4799.1,53.33,80,3,3,0,25,Welcome Offer 10%,Mobile App
754,ORD000754,1,20260825,11,5,1,7999.0,0.0,7999.0,7999.0,4800.0,4800.0,3199.0,39.99,80,8,3,5,25,No Promotion,Marketplace
755,ORD000755,1,20260901,12,6,2,3499.0,0.0,6998.0,6998.0,1600.0,3200.0,3798.0,54.27,80,3,3,0,25,No Promotion,Marketplace
756,ORD000756,1,20260908,1,7,1,4999.0,749.85,4999.0,4249.15,1800.0,1800.0,2449.15,57.64,180,6,3,3,25,Festive Offer 15%,Online
757,ORD000757,1,20260915,1,8,1,4999.0,0.0,4999.0,4999.0,1800.0,1800.0,3199.0,63.99,80,3,3,0,25,No Promotion,Mobile App
758,ORD000758,1,20260922,1,9,1,4999.0,0.0,4999.0,4999.0,1800.0,1800.0,3199.0,63.99,80,3,3,0,25,No Promotion,Marketplace
759,ORD000759,1,20260930,1,10,1,4999.0,1249.75,4999.0,3749.25,1800.0,1800.0,1949.25,51.99,80,3,3,0,8,Mega Sale 25%,Marketplace
760,ORD000760,1,20261007,5,11,2,1999.0,0.0,3998.0,3998.0,700.0,1400.0,2598.0,64.98,80,3,3,0,2,No Promotion,Online
761,ORD000761,1,20261014,6,12,1,2999.0,0.0,2999.0,2999.0,1100.0,1100.0,1899.0,63.32,80,3,3,0,25,No Promotion,Mobile App
762,ORD000762,1,20261021,7,13,1,2499.0,249.9,2499.0,2249.1,900.0,900.0,1349.1,59.98,80,3,3,0,25,Welcome Offer 10%,Marketplace
763,ORD000763,1,20261028,8,14,1,27999.0,4199.85,27999.0,23799.15,15000.0,15000.0,8799.15,36.97,80,6,3,3,25,Festive Offer 15%,Marketplace
764,ORD000764,1,20261104,9,15,1,15999.0,0.0,15999.0,15999.0,8500.0,8500.0,7499.0,46.87,80,3,3,0,25,No Promotion,Online
765,ORD000765,1,20261111,10,1,3,9999.0,999.9,29997.0,28997.1,4200.0,12600.0,16397.1,56.55,180,3,3,0,25,Welcome Offer 10%,Mobile App
766,ORD000766,1,20261118,11,2,1,7999.0,0.0,7999.0,7999.0,4800.0,4800.0,3199.0,39.99,80,3,3,0,25,No Promotion,Marketplace
767,ORD000767,1,20261125,12,3,1,3499.0,0.0,3499.0,3499.0,1600.0,1600.0,1899.0,54.27,80,8,3,5,25,No Promotion,Marketplace
768,ORD000768,1,20261202,1,4,1,4999.0,499.9,4999.0,4499.1,1800.0,1800.0,2699.1,59.99,80,3,3,0,25,Welcome Offer 10%,Online
769,ORD000769,1,20261209,1,5,1,4999.0,0.0,4999.0,4999.0,1800.0,1800.0,3199.0,63.99,80,3,3,0,25,No Promotion,Mobile App
770,ORD000770,1,20261217,1,6,2,4999.0,1249.75,9998.0,8748.25,1800.0,3600.0,5148.25,58.85,80,6,3,3,8,Mega Sale 25%,Marketplace
771,ORD000771,1,20261224,1,7,1,4999.0,499.9,4999.0,4499.1,1800.0,1800.0,2699.1,59.99,80,3,3,0,25,Welcome Offer 10%,Marketplace
772,ORD000772,1,20261231,5,8,1,1999.0,0.0,1999.0,1999.0,700.0,700.0,1299.0,64.98,80,3,3,0,25,No Promotion,Online
773,ORD000773,1,20260107,6,9,1,2999.0,0.0,2999.0,2999.0,1100.0,1100.0,1899.0,63.32,80,3,3,0,25,No Promotion,Mobile App
774,ORD000774,1,20260114,7,10,1,2499.0,249.9,2499.0,2249.1,900.0,900.0,1349.1,59.98,180,3,3,0,25,Welcome Offer 10%,Marketplace
775,ORD000775,1,20260121,8,11,2,27999.0,0.0,55998.0,55998.0,15000.0,30000.0,25998.0,46.43,80,3,3,0,25,No Promotion,Marketplace
776,ORD000776,1,20260128,9,12,1,15999.0,0.0,15999.0,15999.0,8500.0,8500.0,7499.0,46.87,80,3,3,0,25,No Promotion,Online
777,ORD000777,1,20260204,10,13,1,9999.0,1499.85,9999.0,8499.15,4200.0,4200.0,4299.15,50.58,80,6,3,3,25,Festive Offer 15%,Mobile App
778,ORD000778,1,20260211,11,14,1,7999.0,0.0,7999.0,7999.0,4800.0,4800.0,3199.0,39.99,80,3,3,0,25,No Promotion,Marketplace
779,ORD000779,1,20260218,12,15,1,3499.0,0.0,3499.0,3499.0,1600.0,1600.0,1899.0,54.27,80,3,3,0,2,No Promotion,Marketplace
780,ORD000780,1,20260225,1,1,2,4999.0,499.9,9998.0,9498.1,1800.0,3600.0,5898.1,62.1,80,8,3,5,25,Welcome Offer 10%,Online
781,ORD000781,1,20260305,1,2,1,4999.0,1249.75,4999.0,3749.25,1800.0,1800.0,1949.25,51.99,80,3,3,0,8,Mega Sale 25%,Mobile App
782,ORD000782,1,20260312,1,3,3,4999.0,0.0,14997.0,14997.0,1800.0,5400.0,9597.0,63.99,80,3,3,0,25,No Promotion,Marketplace
783,ORD000783,1,20260319,1,4,1,4999.0,499.9,4999.0,4499.1,1800.0,1800.0,2699.1,59.99,180,3,3,0,25,Welcome Offer 10%,Marketplace
784,ORD000784,1,20260326,5,5,1,1999.0,299.85,1999.0,1699.15,700.0,700.0,999.15,58.8,80,6,3,3,25,Festive Offer 15%,Online
785,ORD000785,1,20260402,6,6,2,2999.0,0.0,5998.0,5998.0,1100.0,2200.0,3798.0,63.32,80,3,3,0,25,No Promotion,Mobile App
786,ORD000786,1,20260409,7,7,1,2499.0,249.9,2499.0,2249.1,900.0,900.0,1349.1,59.98,80,3,3,0,25,Welcome Offer 10%,Marketplace
787,ORD000787,1,20260416,8,8,1,27999.0,0.0,27999.0,27999.0,15000.0,15000.0,12999.0,46.43,80,3,3,0,25,No Promotion,Marketplace
788,ORD000788,1,20260423,9,9,1,15999.0,0.0,15999.0,15999.0,8500.0,8500.0,7499.0,46.87,80,3,3,0,25,No Promotion,Online
789,ORD000789,1,20260430,10,10,1,9999.0,999.9,9999.0,8999.1,4200.0,4200.0,4799.1,53.33,80,3,3,0,25,Welcome Offer 10%,Mobile App
790,ORD000790,1,20260507,11,11,2,7999.0,0.0,15998.0,15998.0,4800.0,9600.0,6398.0,39.99,80,3,3,0,25,No Promotion,Marketplace
791,ORD000791,1,20260514,12,12,1,3499.0,524.85,3499.0,2974.15,1600.0,1600.0,1374.15,46.2,80,6,3,3,25,Festive Offer 15%,Marketplace
792,ORD000792,1,20260522,1,13,1,4999.0,1249.75,4999.0,3749.25,1800.0,1800.0,1949.25,51.99,180,3,3,0,8,Mega Sale 25%,Online
793,ORD000793,1,20260529,1,14,1,4999.0,0.0,4999.0,4999.0,1800.0,1800.0,3199.0,63.99,80,8,3,5,25,No Promotion,Mobile App
794,ORD000794,1,20260605,1,15,1,4999.0,0.0,4999.0,4999.0,1800.0,1800.0,3199.0,63.99,80,3,3,0,25,No Promotion,Marketplace
795,ORD000795,1,20260612,1,1,2,4999.0,499.9,9998.0,9498.1,1800.0,3600.0,5898.1,62.1,80,3,3,0,25,Welcome Offer 10%,Marketplace
796,ORD000796,1,20260619,5,2,1,1999.0,0.0,1999.0,1999.0,700.0,700.0,1299.0,64.98,80,3,3,0,25,No Promotion,Online
797,ORD000797,1,20260626,6,3,1,2999.0,0.0,2999.0,2999.0,1100.0,1100.0,1899.0,63.32,80,3,3,0,25,No Promotion,Mobile App
798,ORD000798,1,20260703,7,4,1,2499.0,374.85,2499.0,2124.15,900.0,900.0,1224.15,57.63,80,6,3,3,2,Festive Offer 15%,Marketplace
799,ORD000799,1,20260710,8,5,3,27999.0,0.0,83997.0,83997.0,15000.0,45000.0,38997.0,46.43,80,3,3,0,25,No Promotion,Marketplace
800,ORD000800,1,20260717,9,6,2,15999.0,0.0,31998.0,31998.0,8500.0,17000.0,14998.0,46.87,80,3,3,0,25,No Promotion,Online
801,ORD000801,1,20260724,10,7,1,9999.0,999.9,9999.0,8999.1,4200.0,4200.0,4799.1,53.33,180,3,3,0,25,Welcome Offer 10%,Mobile App
802,ORD000802,1,20260731,11,8,1,7999.0,0.0,7999.0,7999.0,4800.0,4800.0,3199.0,39.99,80,3,3,0,25,No Promotion,Marketplace
803,ORD000803,1,20260808,12,9,1,3499.0,874.75,3499.0,2624.25,1600.0,1600.0,1024.25,39.03,80,3,3,0,8,Mega Sale 25%,Marketplace
804,ORD000804,1,20260815,1,10,1,4999.0,499.9,4999.0,4499.1,1800.0,1800.0,2699.1,59.99,80,3,3,0,25,Welcome Offer 10%,Online
805,ORD000805,1,20260822,1,11,2,4999.0,749.85,9998.0,9248.15,1800.0,3600.0,5648.15,61.07,80,6,3,3,25,Festive Offer 15%,Mobile App
806,ORD000806,1,20260829,1,12,1,4999.0,0.0,4999.0,4999.0,1800.0,1800.0,3199.0,63.99,80,8,3,5,25,No Promotion,Marketplace
807,ORD000807,1,20260905,1,13,1,4999.0,499.9,4999.0,4499.1,1800.0,1800.0,2699.1,59.99,80,3,3,0,25,Welcome Offer 10%,Marketplace
808,ORD000808,1,20260912,5,14,1,1999.0,0.0,1999.0,1999.0,700.0,700.0,1299.0,64.98,80,3,3,0,25,No Promotion,Online
809,ORD000809,1,20260919,6,15,1,2999.0,0.0,2999.0,2999.0,1100.0,1100.0,1899.0,63.32,80,3,3,0,25,No Promotion,Mobile App
810,ORD000810,1,20260926,7,1,2,2499.0,249.9,4998.0,4748.1,900.0,1800.0,2948.1,62.09,180,3,3,0,25,Welcome Offer 10%,Marketplace
811,ORD000811,1,20261003,8,2,1,27999.0,0.0,27999.0,27999.0,15000.0,15000.0,12999.0,46.43,80,3,3,0,25,No Promotion,Marketplace
812,ORD000812,1,20261010,9,3,1,15999.0,2399.85,15999.0,13599.15,8500.0,8500.0,5099.15,37.5,80,6,3,3,25,Festive Offer 15%,Online
813,ORD000813,1,20261017,10,4,1,9999.0,999.9,9999.0,8999.1,4200.0,4200.0,4799.1,53.33,80,3,3,0,25,Welcome Offer 10%,Mobile App
814,ORD000814,1,20261025,11,5,1,7999.0,1999.75,7999.0,5999.25,4800.0,4800.0,1199.25,19.99,80,3,3,0,8,Mega Sale 25%,Marketplace
815,ORD000815,1,20261101,12,6,2,3499.0,0.0,6998.0,6998.0,1600.0,3200.0,3798.0,54.27,80,3,3,0,25,No Promotion,Marketplace
816,ORD000816,1,20261108,1,7,3,4999.0,499.9,14997.0,14497.1,1800.0,5400.0,9097.1,62.75,80,3,3,0,25,Welcome Offer 10%,Online
817,ORD000817,1,20261115,1,8,1,4999.0,0.0,4999.0,4999.0,1800.0,1800.0,3199.0,63.99,80,3,3,0,2,No Promotion,Mobile App
818,ORD000818,1,20261122,1,9,1,4999.0,0.0,4999.0,4999.0,1800.0,1800.0,3199.0,63.99,80,3,3,0,25,No Promotion,Marketplace
819,ORD000819,1,20261129,1,10,1,4999.0,749.85,4999.0,4249.15,1800.0,1800.0,2449.15,57.64,180,8,3,5,25,Festive Offer 15%,Marketplace
820,ORD000820,1,20261206,5,11,2,1999.0,0.0,3998.0,3998.0,700.0,1400.0,2598.0,64.98,80,3,3,0,25,No Promotion,Online
821,ORD000821,1,20261213,6,12,1,2999.0,0.0,2999.0,2999.0,1100.0,1100.0,1899.0,63.32,80,3,3,0,25,No Promotion,Mobile App
822,ORD000822,1,20261220,7,13,1,2499.0,249.9,2499.0,2249.1,900.0,900.0,1349.1,59.98,80,3,3,0,25,Welcome Offer 10%,Marketplace
823,ORD000823,1,20261227,8,14,1,27999.0,0.0,27999.0,27999.0,15000.0,15000.0,12999.0,46.43,80,3,3,0,25,No Promotion,Marketplace
824,ORD000824,1,20260103,9,15,1,15999.0,0.0,15999.0,15999.0,8500.0,8500.0,7499.0,46.87,80,3,3,0,25,No Promotion,Online
825,ORD000825,1,20260111,10,1,2,9999.0,2499.75,19998.0,17498.25,4200.0,8400.0,9098.25,52.0,80,3,3,0,8,Mega Sale 25%,Mobile App
826,ORD000826,1,20260118,11,2,1,7999.0,1199.85,7999.0,6799.15,4800.0,4800.0,1999.15,29.4,80,6,3,3,25,Festive Offer 15%,Marketplace
827,ORD000827,1,20260125,12,3,1,3499.0,0.0,3499.0,3499.0,1600.0,1600.0,1899.0,54.27,80,3,3,0,25,No Promotion,Marketplace
828,ORD000828,1,20260201,1,4,1,4999.0,499.9,4999.0,4499.1,1800.0,1800.0,2699.1,59.99,180,3,3,0,25,Welcome Offer 10%,Online
829,ORD000829,1,20260208,1,5,1,4999.0,0.0,4999.0,4999.0,1800.0,1800.0,3199.0,63.99,80,3,3,0,25,No Promotion,Mobile App
830,ORD000830,1,20260215,1,6,2,4999.0,0.0,9998.0,9998.0,1800.0,3600.0,6398.0,63.99,80,3,3,0,25,No Promotion,Marketplace
831,ORD000831,1,20260222,1,7,1,4999.0,499.9,4999.0,4499.1,1800.0,1800.0,2699.1,59.99,80,3,3,0,25,Welcome Offer 10%,Marketplace
832,ORD000832,1,20260301,5,8,1,1999.0,0.0,1999.0,1999.0,700.0,700.0,1299.0,64.98,80,8,3,5,25,No Promotion,Online
833,ORD000833,1,20260308,6,9,3,2999.0,449.85,8997.0,8547.15,1100.0,3300.0,5247.15,61.39,80,6,3,3,25,Festive Offer 15%,Mobile App
834,ORD000834,1,20260315,7,10,1,2499.0,249.9,2499.0,2249.1,900.0,900.0,1349.1,59.98,80,3,3,0,25,Welcome Offer 10%,Marketplace
835,ORD000835,1,20260322,8,11,2,27999.0,0.0,55998.0,55998.0,15000.0,30000.0,25998.0,46.43,80,3,3,0,25,No Promotion,Marketplace
836,ORD000836,1,20260330,9,12,1,15999.0,3999.75,15999.0,11999.25,8500.0,8500.0,3499.25,29.16,80,3,3,0,2,Mega Sale 25%,Online
837,ORD000837,1,20260406,10,13,1,9999.0,999.9,9999.0,8999.1,4200.0,4200.0,4799.1,53.33,180,3,3,0,25,Welcome Offer 10%,Mobile App
838,ORD000838,1,20260413,11,14,1,7999.0,0.0,7999.0,7999.0,4800.0,4800.0,3199.0,39.99,80,3,3,0,25,No Promotion,Marketplace
839,ORD000839,1,20260420,12,15,1,3499.0,0.0,3499.0,3499.0,1600.0,1600.0,1899.0,54.27,80,3,3,0,25,No Promotion,Marketplace
840,ORD000840,1,20260427,1,1,2,4999.0,749.85,9998.0,9248.15,1800.0,3600.0,5648.15,61.07,80,6,3,3,25,Festive Offer 15%,Online
841,ORD000841,1,20260504,1,2,1,4999.0,0.0,4999.0,4999.0,1800.0,1800.0,3199.0,63.99,80,3,3,0,25,No Promotion,Mobile App
842,ORD000842,1,20260511,1,3,1,4999.0,0.0,4999.0,4999.0,1800.0,1800.0,3199.0,63.99,80,3,3,0,25,No Promotion,Marketplace
843,ORD000843,1,20260518,1,4,1,4999.0,499.9,4999.0,4499.1,1800.0,1800.0,2699.1,59.99,80,3,3,0,25,Welcome Offer 10%,Marketplace
844,ORD000844,1,20260525,5,5,1,1999.0,0.0,1999.0,1999.0,700.0,700.0,1299.0,64.98,80,3,3,0,25,No Promotion,Online
845,ORD000845,1,20260601,6,6,2,2999.0,0.0,5998.0,5998.0,1100.0,2200.0,3798.0,63.32,80,8,3,5,25,No Promotion,Mobile App
846,ORD000846,1,20260608,7,7,1,2499.0,249.9,2499.0,2249.1,900.0,900.0,1349.1,59.98,180,3,3,0,25,Welcome Offer 10%,Marketplace
847,ORD000847,1,20260616,8,8,1,27999.0,6999.75,27999.0,20999.25,15000.0,15000.0,5999.25,28.57,80,6,3,3,8,Mega Sale 25%,Marketplace
848,ORD000848,1,20260623,9,9,1,15999.0,0.0,15999.0,15999.0,8500.0,8500.0,7499.0,46.87,80,3,3,0,25,No Promotion,Online
849,ORD000849,1,20260630,10,10,1,9999.0,999.9,9999.0,8999.1,4200.0,4200.0,4799.1,53.33,80,3,3,0,25,Welcome Offer 10%,Mobile App
850,ORD000850,1,20260707,11,11,3,7999.0,0.0,23997.0,23997.0,4800.0,14400.0,9597.0,39.99,80,3,3,0,25,No Promotion,Marketplace
851,ORD000851,1,20260714,12,12,1,3499.0,0.0,3499.0,3499.0,1600.0,1600.0,1899.0,54.27,80,3,3,0,25,No Promotion,Marketplace
852,ORD000852,1,20260721,1,13,1,4999.0,499.9,4999.0,4499.1,1800.0,1800.0,2699.1,59.99,80,3,3,0,25,Welcome Offer 10%,Online
853,ORD000853,1,20260728,1,14,1,4999.0,0.0,4999.0,4999.0,1800.0,1800.0,3199.0,63.99,80,3,3,0,25,No Promotion,Mobile App
854,ORD000854,1,20260804,1,15,1,4999.0,749.85,4999.0,4249.15,1800.0,1800.0,2449.15,57.64,80,6,3,3,25,Festive Offer 15%,Marketplace
855,ORD000855,1,20260811,1,1,2,4999.0,499.9,9998.0,9498.1,1800.0,3600.0,5898.1,62.1,180,3,3,0,2,Welcome Offer 10%,Marketplace
856,ORD000856,1,20260818,5,2,1,1999.0,0.0,1999.0,1999.0,700.0,700.0,1299.0,64.98,80,3,3,0,25,No Promotion,Online
857,ORD000857,1,20260825,6,3,1,2999.0,0.0,2999.0,2999.0,1100.0,1100.0,1899.0,63.32,80,3,3,0,25,No Promotion,Mobile App
858,ORD000858,1,20260902,7,4,1,2499.0,624.75,2499.0,1874.25,900.0,900.0,974.25,51.98,80,8,3,5,8,Mega Sale 25%,Marketplace
859,ORD000859,1,20260909,8,5,1,27999.0,0.0,27999.0,27999.0,15000.0,15000.0,12999.0,46.43,80,3,3,0,25,No Promotion,Marketplace
860,ORD000860,1,20260916,9,6,2,15999.0,0.0,31998.0,31998.0,8500.0,17000.0,14998.0,46.87,80,3,3,0,25,No Promotion,Online
861,ORD000861,1,20260923,10,7,1,9999.0,1499.85,9999.0,8499.15,4200.0,4200.0,4299.15,50.58,80,6,3,3,25,Festive Offer 15%,Mobile App
862,ORD000862,1,20260930,11,8,1,7999.0,0.0,7999.0,7999.0,4800.0,4800.0,3199.0,39.99,80,3,3,0,25,No Promotion,Marketplace
863,ORD000863,1,20261007,12,9,1,3499.0,0.0,3499.0,3499.0,1600.0,1600.0,1899.0,54.27,80,3,3,0,25,No Promotion,Marketplace
864,ORD000864,1,20261014,1,10,1,4999.0,499.9,4999.0,4499.1,1800.0,1800.0,2699.1,59.99,180,3,3,0,25,Welcome Offer 10%,Online
865,ORD000865,1,20261021,1,11,2,4999.0,0.0,9998.0,9998.0,1800.0,3600.0,6398.0,63.99,80,3,3,0,25,No Promotion,Mobile App
866,ORD000866,1,20261028,1,12,1,4999.0,0.0,4999.0,4999.0,1800.0,1800.0,3199.0,63.99,80,3,3,0,25,No Promotion,Marketplace
867,ORD000867,1,20261104,1,13,3,4999.0,499.9,14997.0,14497.1,1800.0,5400.0,9097.1,62.75,80,3,3,0,25,Welcome Offer 10%,Marketplace
868,ORD000868,1,20261111,5,14,1,1999.0,299.85,1999.0,1699.15,700.0,700.0,999.15,58.8,80,6,3,3,25,Festive Offer 15%,Online
869,ORD000869,1,20261119,6,15,1,2999.0,749.75,2999.0,2249.25,1100.0,1100.0,1149.25,51.09,80,3,3,0,8,Mega Sale 25%,Mobile App
870,ORD000870,1,20261126,7,1,2,2499.0,249.9,4998.0,4748.1,900.0,1800.0,2948.1,62.09,80,3,3,0,25,Welcome Offer 10%,Marketplace
871,ORD000871,1,20261203,8,2,1,27999.0,0.0,27999.0,27999.0,15000.0,15000.0,12999.0,46.43,80,8,3,5,25,No Promotion,Marketplace
872,ORD000872,1,20261210,9,3,1,15999.0,0.0,15999.0,15999.0,8500.0,8500.0,7499.0,46.87,80,3,3,0,25,No Promotion,Online
873,ORD000873,1,20261217,10,4,1,9999.0,999.9,9999.0,8999.1,4200.0,4200.0,4799.1,53.33,180,3,3,0,25,Welcome Offer 10%,Mobile App
874,ORD000874,1,20261224,11,5,1,7999.0,0.0,7999.0,7999.0,4800.0,4800.0,3199.0,39.99,80,3,3,0,2,No Promotion,Marketplace
875,ORD000875,1,20261231,12,6,2,3499.0,524.85,6998.0,6473.15,1600.0,3200.0,3273.15,50.57,80,6,3,3,25,Festive Offer 15%,Marketplace
876,ORD000876,1,20260107,1,7,1,4999.0,499.9,4999.0,4499.1,1800.0,1800.0,2699.1,59.99,80,3,3,0,25,Welcome Offer 10%,Online
877,ORD000877,1,20260114,1,8,1,4999.0,0.0,4999.0,4999.0,1800.0,1800.0,3199.0,63.99,80,3,3,0,25,No Promotion,Mobile App
878,ORD000878,1,20260121,1,9,1,4999.0,0.0,4999.0,4999.0,1800.0,1800.0,3199.0,63.99,80,3,3,0,25,No Promotion,Marketplace
879,ORD000879,1,20260128,1,10,1,4999.0,499.9,4999.0,4499.1,1800.0,1800.0,2699.1,59.99,80,3,3,0,25,Welcome Offer 10%,Marketplace
880,ORD000880,1,20260205,5,11,2,1999.0,499.75,3998.0,3498.25,700.0,1400.0,2098.25,59.98,80,3,3,0,8,Mega Sale 25%,Online
881,ORD000881,1,20260212,6,12,1,2999.0,0.0,2999.0,2999.0,1100.0,1100.0,1899.0,63.32,80,3,3,0,25,No Promotion,Mobile App
882,ORD000882,1,20260219,7,13,1,2499.0,374.85,2499.0,2124.15,900.0,900.0,1224.15,57.63,180,6,3,3,25,Festive Offer 15%,Marketplace
883,ORD000883,1,20260226,8,14,1,27999.0,0.0,27999.0,27999.0,15000.0,15000.0,12999.0,46.43,80,3,3,0,25,No Promotion,Marketplace
884,ORD000884,1,20260305,9,15,3,15999.0,0.0,47997.0,47997.0,8500.0,25500.0,22497.0,46.87,80,8,3,5,25,No Promotion,Online
885,ORD000885,1,20260312,10,1,2,9999.0,999.9,19998.0,18998.1,4200.0,8400.0,10598.1,55.79,80,3,3,0,25,Welcome Offer 10%,Mobile App
886,ORD000886,1,20260319,11,2,1,7999.0,0.0,7999.0,7999.0,4800.0,4800.0,3199.0,39.99,80,3,3,0,25,No Promotion,Marketplace
887,ORD000887,1,20260326,12,3,1,3499.0,0.0,3499.0,3499.0,1600.0,1600.0,1899.0,54.27,80,3,3,0,25,No Promotion,Marketplace
888,ORD000888,1,20260402,1,4,1,4999.0,499.9,4999.0,4499.1,1800.0,1800.0,2699.1,59.99,80,3,3,0,25,Welcome Offer 10%,Online
889,ORD000889,1,20260409,1,5,1,4999.0,749.85,4999.0,4249.15,1800.0,1800.0,2449.15,57.64,80,6,3,3,25,Festive Offer 15%,Mobile App
890,ORD000890,1,20260416,1,6,2,4999.0,0.0,9998.0,9998.0,1800.0,3600.0,6398.0,63.99,80,3,3,0,25,No Promotion,Marketplace
891,ORD000891,1,20260424,1,7,1,4999.0,1249.75,4999.0,3749.25,1800.0,1800.0,1949.25,51.99,180,3,3,0,8,Mega Sale 25%,Marketplace
892,ORD000892,1,20260501,5,8,1,1999.0,0.0,1999.0,1999.0,700.0,700.0,1299.0,64.98,80,3,3,0,25,No Promotion,Online
893,ORD000893,1,20260508,6,9,1,2999.0,0.0,2999.0,2999.0,1100.0,1100.0,1899.0,63.32,80,3,3,0,2,No Promotion,Mobile App
894,ORD000894,1,20260515,7,10,1,2499.0,249.9,2499.0,2249.1,900.0,900.0,1349.1,59.98,80,3,3,0,25,Welcome Offer 10%,Marketplace
895,ORD000895,1,20260522,8,11,2,27999.0,0.0,55998.0,55998.0,15000.0,30000.0,25998.0,46.43,80,3,3,0,25,No Promotion,Marketplace
896,ORD000896,1,20260529,9,12,1,15999.0,2399.85,15999.0,13599.15,8500.0,8500.0,5099.15,37.5,80,6,3,3,25,Festive Offer 15%,Online
897,ORD000897,1,20260605,10,13,1,9999.0,999.9,9999.0,8999.1,4200.0,4200.0,4799.1,53.33,80,8,3,5,25,Welcome Offer 10%,Mobile App
898,ORD000898,1,20260612,11,14,1,7999.0,0.0,7999.0,7999.0,4800.0,4800.0,3199.0,39.99,80,3,3,0,25,No Promotion,Marketplace
899,ORD000899,1,20260619,12,15,1,3499.0,0.0,3499.0,3499.0,1600.0,1600.0,1899.0,54.27,80,3,3,0,25,No Promotion,Marketplace
900,ORD000900,1,20260626,1,1,2,4999.0,499.9,9998.0,9498.1,1800.0,3600.0,5898.1,62.1,180,3,3,0,25,Welcome Offer 10%,Online
901,ORD000901,1,20260703,1,2,3,4999.0,0.0,14997.0,14997.0,1800.0,5400.0,9597.0,63.99,80,3,3,0,25,No Promotion,Mobile App
902,ORD000902,1,20260711,1,3,1,4999.0,1249.75,4999.0,3749.25,1800.0,1800.0,1949.25,51.99,80,3,3,0,8,Mega Sale 25%,Marketplace
903,ORD000903,1,20260718,1,4,1,4999.0,749.85,4999.0,4249.15,1800.0,1800.0,2449.15,57.64,80,6,3,3,25,Festive Offer 15%,Marketplace
904,ORD000904,1,20260725,5,5,1,1999.0,0.0,1999.0,1999.0,700.0,700.0,1299.0,64.98,80,3,3,0,25,No Promotion,Online
905,ORD000905,1,20260801,6,6,2,2999.0,0.0,5998.0,5998.0,1100.0,2200.0,3798.0,63.32,80,3,3,0,25,No Promotion,Mobile App
906,ORD000906,1,20260808,7,7,1,2499.0,249.9,2499.0,2249.1,900.0,900.0,1349.1,59.98,80,3,3,0,25,Welcome Offer 10%,Marketplace
907,ORD000907,1,20260815,8,8,1,27999.0,0.0,27999.0,27999.0,15000.0,15000.0,12999.0,46.43,80,3,3,0,25,No Promotion,Marketplace
908,ORD000908,1,20260822,9,9,1,15999.0,0.0,15999.0,15999.0,8500.0,8500.0,7499.0,46.87,80,3,3,0,25,No Promotion,Online
909,ORD000909,1,20260829,10,10,1,9999.0,999.9,9999.0,8999.1,4200.0,4200.0,4799.1,53.33,180,3,3,0,25,Welcome Offer 10%,Mobile App
910,ORD000910,1,20260905,11,11,2,7999.0,1199.85,15998.0,14798.15,4800.0,9600.0,5198.15,35.13,80,8,3,5,25,Festive Offer 15%,Marketplace
911,ORD000911,1,20260912,12,12,1,3499.0,0.0,3499.0,3499.0,1600.0,1600.0,1899.0,54.27,80,3,3,0,25,No Promotion,Marketplace
912,ORD000912,1,20260919,1,13,1,4999.0,499.9,4999.0,4499.1,1800.0,1800.0,2699.1,59.99,80,3,3,0,2,Welcome Offer 10%,Online
913,ORD000913,1,20260927,1,14,1,4999.0,1249.75,4999.0,3749.25,1800.0,1800.0,1949.25,51.99,80,3,3,0,8,Mega Sale 25%,Mobile App
914,ORD000914,1,20261004,1,15,1,4999.0,0.0,4999.0,4999.0,1800.0,1800.0,3199.0,63.99,80,3,3,0,25,No Promotion,Marketplace
915,ORD000915,1,20261011,1,1,2,4999.0,499.9,9998.0,9498.1,1800.0,3600.0,5898.1,62.1,80,3,3,0,25,Welcome Offer 10%,Marketplace
916,ORD000916,1,20261018,5,2,1,1999.0,0.0,1999.0,1999.0,700.0,700.0,1299.0,64.98,80,3,3,0,25,No Promotion,Online
917,ORD000917,1,20261025,6,3,1,2999.0,449.85,2999.0,2549.15,1100.0,1100.0,1449.15,56.85,80,6,3,3,25,Festive Offer 15%,Mobile App
918,ORD000918,1,20261101,7,4,3,2499.0,249.9,7497.0,7247.1,900.0,2700.0,4547.1,62.74,180,3,3,0,25,Welcome Offer 10%,Marketplace
919,ORD000919,1,20261108,8,5,1,27999.0,0.0,27999.0,27999.0,15000.0,15000.0,12999.0,46.43,80,3,3,0,25,No Promotion,Marketplace
920,ORD000920,1,20261115,9,6,2,15999.0,0.0,31998.0,31998.0,8500.0,17000.0,14998.0,46.87,80,3,3,0,25,No Promotion,Online
921,ORD000921,1,20261122,10,7,1,9999.0,999.9,9999.0,8999.1,4200.0,4200.0,4799.1,53.33,80,3,3,0,25,Welcome Offer 10%,Mobile App
922,ORD000922,1,20261129,11,8,1,7999.0,0.0,7999.0,7999.0,4800.0,4800.0,3199.0,39.99,80,3,3,0,25,No Promotion,Marketplace
923,ORD000923,1,20261206,12,9,1,3499.0,0.0,3499.0,3499.0,1600.0,1600.0,1899.0,54.27,80,8,3,5,25,No Promotion,Marketplace
924,ORD000924,1,20261214,1,10,1,4999.0,1249.75,4999.0,3749.25,1800.0,1800.0,1949.25,51.99,80,6,3,3,8,Mega Sale 25%,Online
925,ORD000925,1,20261221,1,11,2,4999.0,0.0,9998.0,9998.0,1800.0,3600.0,6398.0,63.99,80,3,3,0,25,No Promotion,Mobile App
926,ORD000926,1,20261228,1,12,1,4999.0,0.0,4999.0,4999.0,1800.0,1800.0,3199.0,63.99,80,3,3,0,25,No Promotion,Marketplace
927,ORD000927,1,20260104,1,13,1,4999.0,499.9,4999.0,4499.1,1800.0,1800.0,2699.1,59.99,180,3,3,0,25,Welcome Offer 10%,Marketplace
928,ORD000928,1,20260111,5,14,1,1999.0,0.0,1999.0,1999.0,700.0,700.0,1299.0,64.98,80,3,3,0,25,No Promotion,Online
929,ORD000929,1,20260118,6,15,1,2999.0,0.0,2999.0,2999.0,1100.0,1100.0,1899.0,63.32,80,3,3,0,25,No Promotion,Mobile App
930,ORD000930,1,20260125,7,1,2,2499.0,249.9,4998.0,4748.1,900.0,1800.0,2948.1,62.09,80,3,3,0,25,Welcome Offer 10%,Marketplace
931,ORD000931,1,20260201,8,2,1,27999.0,4199.85,27999.0,23799.15,15000.0,15000.0,8799.15,36.97,80,6,3,3,2,Festive Offer 15%,Marketplace
932,ORD000932,1,20260208,9,3,1,15999.0,0.0,15999.0,15999.0,8500.0,8500.0,7499.0,46.87,80,3,3,0,25,No Promotion,Online
933,ORD000933,1,20260215,10,4,1,9999.0,999.9,9999.0,8999.1,4200.0,4200.0,4799.1,53.33,80,3,3,0,25,Welcome Offer 10%,Mobile App
934,ORD000934,1,20260222,11,5,1,7999.0,0.0,7999.0,7999.0,4800.0,4800.0,3199.0,39.99,80,3,3,0,25,No Promotion,Marketplace
935,ORD000935,1,20260302,12,6,3,3499.0,874.75,10497.0,9622.25,1600.0,4800.0,4822.25,50.12,80,3,3,0,8,Mega Sale 25%,Marketplace
936,ORD000936,1,20260309,1,7,1,4999.0,499.9,4999.0,4499.1,1800.0,1800.0,2699.1,59.99,180,8,3,5,25,Welcome Offer 10%,Online
937,ORD000937,1,20260316,1,8,1,4999.0,0.0,4999.0,4999.0,1800.0,1800.0,3199.0,63.99,80,3,3,0,25,No Promotion,Mobile App
938,ORD000938,1,20260323,1,9,1,4999.0,749.85,4999.0,4249.15,1800.0,1800.0,2449.15,57.64,80,6,3,3,25,Festive Offer 15%,Marketplace
939,ORD000939,1,20260330,1,10,1,4999.0,499.9,4999.0,4499.1,1800.0,1800.0,2699.1,59.99,80,3,3,0,25,Welcome Offer 10%,Marketplace
940,ORD000940,1,20260406,5,11,2,1999.0,0.0,3998.0,3998.0,700.0,1400.0,2598.0,64.98,80,3,3,0,25,No Promotion,Online
941,ORD000941,1,20260413,6,12,1,2999.0,0.0,2999.0,2999.0,1100.0,1100.0,1899.0,63.32,80,3,3,0,25,No Promotion,Mobile App
942,ORD000942,1,20260420,7,13,1,2499.0,249.9,2499.0,2249.1,900.0,900.0,1349.1,59.98,80,3,3,0,25,Welcome Offer 10%,Marketplace
943,ORD000943,1,20260427,8,14,1,27999.0,0.0,27999.0,27999.0,15000.0,15000.0,12999.0,46.43,80,3,3,0,25,No Promotion,Marketplace
944,ORD000944,1,20260504,9,15,1,15999.0,0.0,15999.0,15999.0,8500.0,8500.0,7499.0,46.87,80,3,3,0,25,No Promotion,Online
945,ORD000945,1,20260511,10,1,2,9999.0,1499.85,19998.0,18498.15,4200.0,8400.0,10098.15,54.59,180,6,3,3,25,Festive Offer 15%,Mobile App
946,ORD000946,1,20260519,11,2,1,7999.0,1999.75,7999.0,5999.25,4800.0,4800.0,1199.25,19.99,80,3,3,0,8,Mega Sale 25%,Marketplace
947,ORD000947,1,20260526,12,3,1,3499.0,0.0,3499.0,3499.0,1600.0,1600.0,1899.0,54.27,80,3,3,0,25,No Promotion,Marketplace
948,ORD000948,1,20260602,1,4,1,4999.0,499.9,4999.0,4499.1,1800.0,1800.0,2699.1,59.99,80,3,3,0,25,Welcome Offer 10%,Online
949,ORD000949,1,20260609,1,5,1,4999.0,0.0,4999.0,4999.0,1800.0,1800.0,3199.0,63.99,80,8,3,5,25,No Promotion,Mobile App
950,ORD000950,1,20260616,1,6,2,4999.0,0.0,9998.0,9998.0,1800.0,3600.0,6398.0,63.99,80,3,3,0,2,No Promotion,Marketplace
951,ORD000951,1,20260623,1,7,1,4999.0,499.9,4999.0,4499.1,1800.0,1800.0,2699.1,59.99,80,3,3,0,25,Welcome Offer 10%,Marketplace
952,ORD000952,1,20260630,5,8,3,1999.0,299.85,5997.0,5697.15,700.0,2100.0,3597.15,63.14,80,6,3,3,25,Festive Offer 15%,Online
953,ORD000953,1,20260707,6,9,1,2999.0,0.0,2999.0,2999.0,1100.0,1100.0,1899.0,63.32,80,3,3,0,25,No Promotion,Mobile App
954,ORD000954,1,20260714,7,10,1,2499.0,249.9,2499.0,2249.1,900.0,900.0,1349.1,59.98,180,3,3,0,25,Welcome Offer 10%,Marketplace
955,ORD000955,1,20260721,8,11,2,27999.0,0.0,55998.0,55998.0,15000.0,30000.0,25998.0,46.43,80,3,3,0,25,No Promotion,Marketplace
956,ORD000956,1,20260728,9,12,1,15999.0,0.0,15999.0,15999.0,8500.0,8500.0,7499.0,46.87,80,3,3,0,25,No Promotion,Online
957,ORD000957,1,20260805,10,13,1,9999.0,2499.75,9999.0,7499.25,4200.0,4200.0,3299.25,43.99,80,3,3,0,8,Mega Sale 25%,Mobile App
958,ORD000958,1,20260812,11,14,1,7999.0,0.0,7999.0,7999.0,4800.0,4800.0,3199.0,39.99,80,3,3,0,25,No Promotion,Marketplace
959,ORD000959,1,20260819,12,15,1,3499.0,524.85,3499.0,2974.15,1600.0,1600.0,1374.15,46.2,80,6,3,3,25,Festive Offer 15%,Marketplace
960,ORD000960,1,20260826,1,1,2,4999.0,499.9,9998.0,9498.1,1800.0,3600.0,5898.1,62.1,80,3,3,0,25,Welcome Offer 10%,Online
961,ORD000961,1,20260902,1,2,1,4999.0,0.0,4999.0,4999.0,1800.0,1800.0,3199.0,63.99,80,3,3,0,25,No Promotion,Mobile App
962,ORD000962,1,20260909,1,3,1,4999.0,0.0,4999.0,4999.0,1800.0,1800.0,3199.0,63.99,80,8,3,5,25,No Promotion,Marketplace
963,ORD000963,1,20260916,1,4,1,4999.0,499.9,4999.0,4499.1,1800.0,1800.0,2699.1,59.99,180,3,3,0,25,Welcome Offer 10%,Marketplace
964,ORD000964,1,20260923,5,5,1,1999.0,0.0,1999.0,1999.0,700.0,700.0,1299.0,64.98,80,3,3,0,25,No Promotion,Online
965,ORD000965,1,20260930,6,6,2,2999.0,0.0,5998.0,5998.0,1100.0,2200.0,3798.0,63.32,80,3,3,0,25,No Promotion,Mobile App
966,ORD000966,1,20261007,7,7,1,2499.0,374.85,2499.0,2124.15,900.0,900.0,1224.15,57.63,80,6,3,3,25,Festive Offer 15%,Marketplace
967,ORD000967,1,20261014,8,8,1,27999.0,0.0,27999.0,27999.0,15000.0,15000.0,12999.0,46.43,80,3,3,0,25,No Promotion,Marketplace
968,ORD000968,1,20261022,9,9,1,15999.0,3999.75,15999.0,11999.25,8500.0,8500.0,3499.25,29.16,80,3,3,0,8,Mega Sale 25%,Online
969,ORD000969,1,20261029,10,10,3,9999.0,999.9,29997.0,28997.1,4200.0,12600.0,16397.1,56.55,80,3,3,0,2,Welcome Offer 10%,Mobile App
970,ORD000970,1,20261105,11,11,2,7999.0,0.0,15998.0,15998.0,4800.0,9600.0,6398.0,39.99,80,3,3,0,25,No Promotion,Marketplace
971,ORD000971,1,20261112,12,12,1,3499.0,0.0,3499.0,3499.0,1600.0,1600.0,1899.0,54.27,80,3,3,0,25,No Promotion,Marketplace
972,ORD000972,1,20261119,1,13,1,4999.0,499.9,4999.0,4499.1,1800.0,1800.0,2699.1,59.99,180,3,3,0,25,Welcome Offer 10%,Online
973,ORD000973,1,20261126,1,14,1,4999.0,749.85,4999.0,4249.15,1800.0,1800.0,2449.15,57.64,80,6,3,3,25,Festive Offer 15%,Mobile App
974,ORD000974,1,20261203,1,15,1,4999.0,0.0,4999.0,4999.0,1800.0,1800.0,3199.0,63.99,80,3,3,0,25,No Promotion,Marketplace
975,ORD000975,1,20261210,1,1,2,4999.0,499.9,9998.0,9498.1,1800.0,3600.0,5898.1,62.1,80,8,3,5,25,Welcome Offer 10%,Marketplace
976,ORD000976,1,20261217,5,2,1,1999.0,0.0,1999.0,1999.0,700.0,700.0,1299.0,64.98,80,3,3,0,25,No Promotion,Online
977,ORD000977,1,20261224,6,3,1,2999.0,0.0,2999.0,2999.0,1100.0,1100.0,1899.0,63.32,80,3,3,0,25,No Promotion,Mobile App
978,ORD000978,1,20261231,7,4,1,2499.0,249.9,2499.0,2249.1,900.0,900.0,1349.1,59.98,80,3,3,0,25,Welcome Offer 10%,Marketplace
979,ORD000979,1,20260108,8,5,1,27999.0,6999.75,27999.0,20999.25,15000.0,15000.0,5999.25,28.57,80,3,3,0,8,Mega Sale 25%,Marketplace
980,ORD000980,1,20260115,9,6,2,15999.0,2399.85,31998.0,29598.15,8500.0,17000.0,12598.15,42.56,80,6,3,3,25,Festive Offer 15%,Online
981,ORD000981,1,20260122,10,7,1,9999.0,999.9,9999.0,8999.1,4200.0,4200.0,4799.1,53.33,180,3,3,0,25,Welcome Offer 10%,Mobile App
982,ORD000982,1,20260129,11,8,1,7999.0,0.0,7999.0,7999.0,4800.0,4800.0,3199.0,39.99,80,3,3,0,25,No Promotion,Marketplace
983,ORD000983,1,20260205,12,9,1,3499.0,0.0,3499.0,3499.0,1600.0,1600.0,1899.0,54.27,80,3,3,0,25,No Promotion,Marketplace
984,ORD000984,1,20260212,1,10,1,4999.0,499.9,4999.0,4499.1,1800.0,1800.0,2699.1,59.99,80,3,3,0,25,Welcome Offer 10%,Online
985,ORD000985,1,20260219,1,11,2,4999.0,0.0,9998.0,9998.0,1800.0,3600.0,6398.0,63.99,80,3,3,0,25,No Promotion,Mobile App
986,ORD000986,1,20260226,1,12,3,4999.0,0.0,14997.0,14997.0,1800.0,5400.0,9597.0,63.99,80,3,3,0,25,No Promotion,Marketplace
987,ORD000987,1,20260305,1,13,1,4999.0,749.85,4999.0,4249.15,1800.0,1800.0,2449.15,57.64,80,6,3,3,25,Festive Offer 15%,Marketplace
988,ORD000988,1,20260312,5,14,1,1999.0,0.0,1999.0,1999.0,700.0,700.0,1299.0,64.98,80,8,3,5,2,No Promotion,Online
989,ORD000989,1,20260319,6,15,1,2999.0,0.0,2999.0,2999.0,1100.0,1100.0,1899.0,63.32,80,3,3,0,25,No Promotion,Mobile App
990,ORD000990,1,20260327,7,1,2,2499.0,624.75,4998.0,4373.25,900.0,1800.0,2573.25,58.84,180,3,3,0,8,Mega Sale 25%,Marketplace
991,ORD000991,1,20260403,8,2,1,27999.0,0.0,27999.0,27999.0,15000.0,15000.0,12999.0,46.43,80,3,3,0,25,No Promotion,Marketplace
992,ORD000992,1,20260410,9,3,1,15999.0,0.0,15999.0,15999.0,8500.0,8500.0,7499.0,46.87,80,3,3,0,25,No Promotion,Online
993,ORD000993,1,20260417,10,4,1,9999.0,999.9,9999.0,8999.1,4200.0,4200.0,4799.1,53.33,80,3,3,0,25,Welcome Offer 10%,Mobile App
994,ORD000994,1,20260424,11,5,1,7999.0,1199.85,7999.0,6799.15,4800.0,4800.0,1999.15,29.4,80,6,3,3,25,Festive Offer 15%,Marketplace
995,ORD000995,1,20260501,12,6,2,3499.0,0.0,6998.0,6998.0,1600.0,3200.0,3798.0,54.27,80,3,3,0,25,No Promotion,Marketplace
996,ORD000996,1,20260508,1,7,1,4999.0,499.9,4999.0,4499.1,1800.0,1800.0,2699.1,59.99,80,3,3,0,25,Welcome Offer 10%,Online
997,ORD000997,1,20260515,1,8,1,4999.0,0.0,4999.0,4999.0,1800.0,1800.0,3199.0,63.99,80,3,3,0,25,No Promotion,Mobile App
998,ORD000998,1,20260522,1,9,1,4999.0,0.0,4999.0,4999.0,1800.0,1800.0,3199.0,63.99,80,3,3,0,25,No Promotion,Marketplace
999,ORD000999,1,20260529,1,10,1,4999.0,499.9,4999.0,4499.1,1800.0,1800.0,2699.1,59.99,180,3,3,0,25,Welcome Offer 10%,Marketplace
1000,ORD001000,1,20260605,5,11,2,1999.0,0.0,3998.0,3998.0,700.0,1400.0,2598.0,64.98,80,3,3,0,25,No Promotion,Online
1001,ORD001001,1,20260613,6,12,1,2999.0,749.75,2999.0,2249.25,1100.0,1100.0,1149.25,51.09,80,8,3,5,8,Mega Sale 25%,Mobile App
1002,ORD001002,1,20260620,7,13,1,2499.0,249.9,2499.0,2249.1,900.0,900.0,1349.1,59.98,80,3,3,0,25,Welcome Offer 10%,Marketplace
1003,ORD001003,1,20260627,8,14,3,27999.0,0.0,83997.0,83997.0,15000.0,45000.0,38997.0,46.43,80,3,3,0,25,No Promotion,Marketplace
1004,ORD001004,1,20260704,9,15,1,15999.0,0.0,15999.0,15999.0,8500.0,8500.0,7499.0,46.87,80,3,3,0,25,No Promotion,Online
1005,ORD001005,1,20260711,10,1,2,9999.0,999.9,19998.0,18998.1,4200.0,8400.0,10598.1,55.79,80,3,3,0,25,Welcome Offer 10%,Mobile App
1006,ORD001006,1,20260718,11,2,1,7999.0,0.0,7999.0,7999.0,4800.0,4800.0,3199.0,39.99,80,3,3,0,25,No Promotion,Marketplace
1007,ORD001007,1,20260725,12,3,1,3499.0,0.0,3499.0,3499.0,1600.0,1600.0,1899.0,54.27,80,3,3,0,2,No Promotion,Marketplace
1008,ORD001008,1,20260801,1,4,1,4999.0,749.85,4999.0,4249.15,1800.0,1800.0,2449.15,57.64,180,6,3,3,25,Festive Offer 15%,Online
1009,ORD001009,1,20260808,1,5,1,4999.0,0.0,4999.0,4999.0,1800.0,1800.0,3199.0,63.99,80,3,3,0,25,No Promotion,Mobile App
1010,ORD001010,1,20260815,1,6,2,4999.0,0.0,9998.0,9998.0,1800.0,3600.0,6398.0,63.99,80,3,3,0,25,No Promotion,Marketplace
1011,ORD001011,1,20260822,1,7,1,4999.0,499.9,4999.0,4499.1,1800.0,1800.0,2699.1,59.99,80,3,3,0,25,Welcome Offer 10%,Marketplace
1012,ORD001012,1,20260830,5,8,1,1999.0,499.75,1999.0,1499.25,700.0,700.0,799.25,53.31,80,3,3,0,8,Mega Sale 25%,Online
1013,ORD001013,1,20260906,6,9,1,2999.0,0.0,2999.0,2999.0,1100.0,1100.0,1899.0,63.32,80,3,3,0,25,No Promotion,Mobile App
1014,ORD001014,1,20260913,7,10,1,2499.0,249.9,2499.0,2249.1,900.0,900.0,1349.1,59.98,80,8,3,5,25,Welcome Offer 10%,Marketplace
1015,ORD001015,1,20260920,8,11,2,27999.0,4199.85,55998.0,51798.15,15000.0,30000.0,21798.15,42.08,80,6,3,3,25,Festive Offer 15%,Marketplace
1016,ORD001016,1,20260927,9,12,1,15999.0,0.0,15999.0,15999.0,8500.0,8500.0,7499.0,46.87,80,3,3,0,25,No Promotion,Online
1017,ORD001017,1,20261004,10,13,1,9999.0,999.9,9999.0,8999.1,4200.0,4200.0,4799.1,53.33,180,3,3,0,25,Welcome Offer 10%,Mobile App
1018,ORD001018,1,20261011,11,14,1,7999.0,0.0,7999.0,7999.0,4800.0,4800.0,3199.0,39.99,80,3,3,0,25,No Promotion,Marketplace
1019,ORD001019,1,20261018,12,15,1,3499.0,0.0,3499.0,3499.0,1600.0,1600.0,1899.0,54.27,80,3,3,0,25,No Promotion,Marketplace
1020,ORD001020,1,20261025,1,1,3,4999.0,499.9,14997.0,14497.1,1800.0,5400.0,9097.1,62.75,80,3,3,0,25,Welcome Offer 10%,Online
1021,ORD001021,1,20261101,1,2,1,4999.0,0.0,4999.0,4999.0,1800.0,1800.0,3199.0,63.99,80,3,3,0,25,No Promotion,Mobile App
1022,ORD001022,1,20261108,1,3,1,4999.0,749.85,4999.0,4249.15,1800.0,1800.0,2449.15,57.64,80,6,3,3,25,Festive Offer 15%,Marketplace
1023,ORD001023,1,20261116,1,4,1,4999.0,1249.75,4999.0,3749.25,1800.0,1800.0,1949.25,51.99,80,3,3,0,8,Mega Sale 25%,Marketplace
1024,ORD001024,1,20261123,5,5,1,1999.0,0.0,1999.0,1999.0,700.0,700.0,1299.0,64.98,80,3,3,0,25,No Promotion,Online
1025,ORD001025,1,20261130,6,6,2,2999.0,0.0,5998.0,5998.0,1100.0,2200.0,3798.0,63.32,80,3,3,0,25,No Promotion,Mobile App
1026,ORD001026,1,20261207,7,7,1,2499.0,249.9,2499.0,2249.1,900.0,900.0,1349.1,59.98,180,3,3,0,2,Welcome Offer 10%,Marketplace
1027,ORD001027,1,20261214,8,8,1,27999.0,0.0,27999.0,27999.0,15000.0,15000.0,12999.0,46.43,80,8,3,5,25,No Promotion,Marketplace
1028,ORD001028,1,20261221,9,9,1,15999.0,0.0,15999.0,15999.0,8500.0,8500.0,7499.0,46.87,80,3,3,0,25,No Promotion,Online
1029,ORD001029,1,20261228,10,10,1,9999.0,1499.85,9999.0,8499.15,4200.0,4200.0,4299.15,50.58,80,6,3,3,25,Festive Offer 15%,Mobile App
1030,ORD001030,1,20260104,11,11,2,7999.0,0.0,15998.0,15998.0,4800.0,9600.0,6398.0,39.99,80,3,3,0,25,No Promotion,Marketplace
1031,ORD001031,1,20260111,12,12,1,3499.0,0.0,3499.0,3499.0,1600.0,1600.0,1899.0,54.27,80,3,3,0,25,No Promotion,Marketplace
1032,ORD001032,1,20260118,1,13,1,4999.0,499.9,4999.0,4499.1,1800.0,1800.0,2699.1,59.99,80,3,3,0,25,Welcome Offer 10%,Online
1033,ORD001033,1,20260125,1,14,1,4999.0,0.0,4999.0,4999.0,1800.0,1800.0,3199.0,63.99,80,3,3,0,25,No Promotion,Mobile App
1034,ORD001034,1,20260202,1,15,1,4999.0,1249.75,4999.0,3749.25,1800.0,1800.0,1949.25,51.99,80,3,3,0,8,Mega Sale 25%,Marketplace
1035,ORD001035,1,20260209,1,1,2,4999.0,499.9,9998.0,9498.1,1800.0,3600.0,5898.1,62.1,180,3,3,0,25,Welcome Offer 10%,Marketplace
1036,ORD001036,1,20260216,5,2,1,1999.0,299.85,1999.0,1699.15,700.0,700.0,999.15,58.8,80,6,3,3,25,Festive Offer 15%,Online
1037,ORD001037,1,20260223,6,3,3,2999.0,0.0,8997.0,8997.0,1100.0,3300.0,5697.0,63.32,80,3,3,0,25,No Promotion,Mobile App
1038,ORD001038,1,20260302,7,4,1,2499.0,249.9,2499.0,2249.1,900.0,900.0,1349.1,59.98,80,3,3,0,25,Welcome Offer 10%,Marketplace
1039,ORD001039,1,20260309,8,5,1,27999.0,0.0,27999.0,27999.0,15000.0,15000.0,12999.0,46.43,80,3,3,0,25,No Promotion,Marketplace
1040,ORD001040,1,20260316,9,6,2,15999.0,0.0,31998.0,31998.0,8500.0,17000.0,14998.0,46.87,80,8,3,5,25,No Promotion,Online
1041,ORD001041,1,20260323,10,7,1,9999.0,999.9,9999.0,8999.1,4200.0,4200.0,4799.1,53.33,80,3,3,0,25,Welcome Offer 10%,Mobile App
1042,ORD001042,1,20260330,11,8,1,7999.0,0.0,7999.0,7999.0,4800.0,4800.0,3199.0,39.99,80,3,3,0,25,No Promotion,Marketplace
1043,ORD001043,1,20260406,12,9,1,3499.0,524.85,3499.0,2974.15,1600.0,1600.0,1374.15,46.2,80,6,3,3,25,Festive Offer 15%,Marketplace
1044,ORD001044,1,20260413,1,10,1,4999.0,499.9,4999.0,4499.1,1800.0,1800.0,2699.1,59.99,180,3,3,0,25,Welcome Offer 10%,Online
1045,ORD001045,1,20260421,1,11,2,4999.0,1249.75,9998.0,8748.25,1800.0,3600.0,5148.25,58.85,80,3,3,0,2,Mega Sale 25%,Mobile App
1046,ORD001046,1,20260428,1,12,1,4999.0,0.0,4999.0,4999.0,1800.0,1800.0,3199.0,63.99,80,3,3,0,25,No Promotion,Marketplace
1047,ORD001047,1,20260505,1,13,1,4999.0,499.9,4999.0,4499.1,1800.0,1800.0,2699.1,59.99,80,3,3,0,25,Welcome Offer 10%,Marketplace
1048,ORD001048,1,20260512,5,14,1,1999.0,0.0,1999.0,1999.0,700.0,700.0,1299.0,64.98,80,3,3,0,25,No Promotion,Online
1049,ORD001049,1,20260519,6,15,1,2999.0,0.0,2999.0,2999.0,1100.0,1100.0,1899.0,63.32,80,3,3,0,25,No Promotion,Mobile App
1050,ORD001050,1,20260526,7,1,2,2499.0,374.85,4998.0,4623.15,900.0,1800.0,2823.15,61.07,80,6,3,3,25,Festive Offer 15%,Marketplace
1051,ORD001051,1,20260602,8,2,1,27999.0,0.0,27999.0,27999.0,15000.0,15000.0,12999.0,46.43,80,3,3,0,25,No Promotion,Marketplace
1052,ORD001052,1,20260609,9,3,1,15999.0,0.0,15999.0,15999.0,8500.0,8500.0,7499.0,46.87,80,3,3,0,25,No Promotion,Online
1053,ORD001053,1,20260616,10,4,1,9999.0,999.9,9999.0,8999.1,4200.0,4200.0,4799.1,53.33,180,8,3,5,25,Welcome Offer 10%,Mobile App
1054,ORD001054,1,20260623,11,5,3,7999.0,0.0,23997.0,23997.0,4800.0,14400.0,9597.0,39.99,80,3,3,0,25,No Promotion,Marketplace
1055,ORD001055,1,20260630,12,6,2,3499.0,0.0,6998.0,6998.0,1600.0,3200.0,3798.0,54.27,80,3,3,0,25,No Promotion,Marketplace
1056,ORD001056,1,20260708,1,7,1,4999.0,1249.75,4999.0,3749.25,1800.0,1800.0,1949.25,51.99,80,3,3,0,8,Mega Sale 25%,Online
1057,ORD001057,1,20260715,1,8,1,4999.0,749.85,4999.0,4249.15,1800.0,1800.0,2449.15,57.64,80,6,3,3,25,Festive Offer 15%,Mobile App
1058,ORD001058,1,20260722,1,9,1,4999.0,0.0,4999.0,4999.0,1800.0,1800.0,3199.0,63.99,80,3,3,0,25,No Promotion,Marketplace
1059,ORD001059,1,20260729,1,10,1,4999.0,499.9,4999.0,4499.1,1800.0,1800.0,2699.1,59.99,80,3,3,0,25,Welcome Offer 10%,Marketplace
1060,ORD001060,1,20260805,5,11,2,1999.0,0.0,3998.0,3998.0,700.0,1400.0,2598.0,64.98,80,3,3,0,25,No Promotion,Online
1061,ORD001061,1,20260812,6,12,1,2999.0,0.0,2999.0,2999.0,1100.0,1100.0,1899.0,63.32,80,3,3,0,25,No Promotion,Mobile App
1062,ORD001062,1,20260819,7,13,1,2499.0,249.9,2499.0,2249.1,900.0,900.0,1349.1,59.98,180,3,3,0,25,Welcome Offer 10%,Marketplace
1063,ORD001063,1,20260826,8,14,1,27999.0,0.0,27999.0,27999.0,15000.0,15000.0,12999.0,46.43,80,3,3,0,25,No Promotion,Marketplace
1064,ORD001064,1,20260902,9,15,1,15999.0,2399.85,15999.0,13599.15,8500.0,8500.0,5099.15,37.5,80,6,3,3,2,Festive Offer 15%,Online
1065,ORD001065,1,20260909,10,1,2,9999.0,999.9,19998.0,18998.1,4200.0,8400.0,10598.1,55.79,80,3,3,0,25,Welcome Offer 10%,Mobile App
1066,ORD001066,1,20260916,11,2,1,7999.0,0.0,7999.0,7999.0,4800.0,4800.0,3199.0,39.99,80,8,3,5,25,No Promotion,Marketplace
1067,ORD001067,1,20260924,12,3,1,3499.0,874.75,3499.0,2624.25,1600.0,1600.0,1024.25,39.03,80,3,3,0,8,Mega Sale 25%,Marketplace
1068,ORD001068,1,20261001,1,4,1,4999.0,499.9,4999.0,4499.1,1800.0,1800.0,2699.1,59.99,80,3,3,0,25,Welcome Offer 10%,Online
1069,ORD001069,1,20261008,1,5,1,4999.0,0.0,4999.0,4999.0,1800.0,1800.0,3199.0,63.99,80,3,3,0,25,No Promotion,Mobile App
1070,ORD001070,1,20261015,1,6,2,4999.0,0.0,9998.0,9998.0,1800.0,3600.0,6398.0,63.99,80,3,3,0,25,No Promotion,Marketplace
1071,ORD001071,1,20261022,1,7,3,4999.0,749.85,14997.0,14247.15,1800.0,5400.0,8847.15,62.1,180,6,3,3,25,Festive Offer 15%,Marketplace
1072,ORD001072,1,20261029,5,8,1,1999.0,0.0,1999.0,1999.0,700.0,700.0,1299.0,64.98,80,3,3,0,25,No Promotion,Online
1073,ORD001073,1,20261105,6,9,1,2999.0,0.0,2999.0,2999.0,1100.0,1100.0,1899.0,63.32,80,3,3,0,25,No Promotion,Mobile App
1074,ORD001074,1,20261112,7,10,1,2499.0,249.9,2499.0,2249.1,900.0,900.0,1349.1,59.98,80,3,3,0,25,Welcome Offer 10%,Marketplace
1075,ORD001075,1,20261119,8,11,2,27999.0,0.0,55998.0,55998.0,15000.0,30000.0,25998.0,46.43,80,3,3,0,25,No Promotion,Marketplace
1076,ORD001076,1,20261126,9,12,1,15999.0,0.0,15999.0,15999.0,8500.0,8500.0,7499.0,46.87,80,3,3,0,25,No Promotion,Online
1077,ORD001077,1,20261203,10,13,1,9999.0,999.9,9999.0,8999.1,4200.0,4200.0,4799.1,53.33,80,3,3,0,25,Welcome Offer 10%,Mobile App
1078,ORD001078,1,20261211,11,14,1,7999.0,1999.75,7999.0,5999.25,4800.0,4800.0,1199.25,19.99,80,6,3,3,8,Mega Sale 25%,Marketplace
1079,ORD001079,1,20261218,12,15,1,3499.0,0.0,3499.0,3499.0,1600.0,1600.0,1899.0,54.27,80,8,3,5,25,No Promotion,Marketplace
1080,ORD001080,1,20261225,1,1,2,4999.0,499.9,9998.0,9498.1,1800.0,3600.0,5898.1,62.1,180,3,3,0,25,Welcome Offer 10%,Online
1081,ORD001081,1,20260101,1,2,1,4999.0,0.0,4999.0,4999.0,1800.0,1800.0,3199.0,63.99,80,3,3,0,25,No Promotion,Mobile App
1082,ORD001082,1,20260108,1,3,1,4999.0,0.0,4999.0,4999.0,1800.0,1800.0,3199.0,63.99,80,3,3,0,25,No Promotion,Marketplace
1083,ORD001083,1,20260115,1,4,1,4999.0,499.9,4999.0,4499.1,1800.0,1800.0,2699.1,59.99,80,3,3,0,2,Welcome Offer 10%,Marketplace
1084,ORD001084,1,20260122,5,5,1,1999.0,0.0,1999.0,1999.0,700.0,700.0,1299.0,64.98,80,3,3,0,25,No Promotion,Online
1085,ORD001085,1,20260129,6,6,2,2999.0,449.85,5998.0,5548.15,1100.0,2200.0,3348.15,60.35,80,6,3,3,25,Festive Offer 15%,Mobile App
1086,ORD001086,1,20260205,7,7,1,2499.0,249.9,2499.0,2249.1,900.0,900.0,1349.1,59.98,80,3,3,0,25,Welcome Offer 10%,Marketplace
1087,ORD001087,1,20260212,8,8,1,27999.0,0.0,27999.0,27999.0,15000.0,15000.0,12999.0,46.43,80,3,3,0,25,No Promotion,Marketplace
1088,ORD001088,1,20260219,9,9,3,15999.0,0.0,47997.0,47997.0,8500.0,25500.0,22497.0,46.87,80,3,3,0,25,No Promotion,Online
1089,ORD001089,1,20260227,10,10,1,9999.0,2499.75,9999.0,7499.25,4200.0,4200.0,3299.25,43.99,180,3,3,0,8,Mega Sale 25%,Mobile App
1090,ORD001090,1,20260306,11,11,2,7999.0,0.0,15998.0,15998.0,4800.0,9600.0,6398.0,39.99,80,3,3,0,25,No Promotion,Marketplace
1091,ORD001091,1,20260313,12,12,1,3499.0,0.0,3499.0,3499.0,1600.0,1600.0,1899.0,54.27,80,3,3,0,25,No Promotion,Marketplace
1092,ORD001092,1,20260320,1,13,1,4999.0,749.85,4999.0,4249.15,1800.0,1800.0,2449.15,57.64,80,8,3,5,25,Festive Offer 15%,Online
1093,ORD001093,1,20260327,1,14,1,4999.0,0.0,4999.0,4999.0,1800.0,1800.0,3199.0,63.99,80,3,3,0,25,No Promotion,Mobile App
1094,ORD001094,1,20260403,1,15,1,4999.0,0.0,4999.0,4999.0,1800.0,1800.0,3199.0,63.99,80,3,3,0,25,No Promotion,Marketplace
1095,ORD001095,1,20260410,1,1,2,4999.0,499.9,9998.0,9498.1,1800.0,3600.0,5898.1,62.1,80,3,3,0,25,Welcome Offer 10%,Marketplace
1096,ORD001096,1,20260417,5,2,1,1999.0,0.0,1999.0,1999.0,700.0,700.0,1299.0,64.98,80,3,3,0,25,No Promotion,Online
1097,ORD001097,1,20260424,6,3,1,2999.0,0.0,2999.0,2999.0,1100.0,1100.0,1899.0,63.32,80,3,3,0,25,No Promotion,Mobile App
1098,ORD001098,1,20260501,7,4,1,2499.0,249.9,2499.0,2249.1,900.0,900.0,1349.1,59.98,180,3,3,0,25,Welcome Offer 10%,Marketplace
1099,ORD001099,1,20260508,8,5,1,27999.0,4199.85,27999.0,23799.15,15000.0,15000.0,8799.15,36.97,80,6,3,3,25,Festive Offer 15%,Marketplace
1100,ORD001100,1,20260516,9,6,2,15999.0,3999.75,31998.0,27998.25,8500.0,17000.0,10998.25,39.28,80,3,3,0,8,Mega Sale 25%,Online
1101,ORD001101,1,20260523,10,7,1,9999.0,999.9,9999.0,8999.1,4200.0,4200.0,4799.1,53.33,80,3,3,0,25,Welcome Offer 10%,Mobile App
1102,ORD001102,1,20260530,11,8,1,7999.0,0.0,7999.0,7999.0,4800.0,4800.0,3199.0,39.99,80,3,3,0,2,No Promotion,Marketplace
1103,ORD001103,1,20260606,12,9,1,3499.0,0.0,3499.0,3499.0,1600.0,1600.0,1899.0,54.27,80,3,3,0,25,No Promotion,Marketplace
1104,ORD001104,1,20260613,1,10,1,4999.0,499.9,4999.0,4499.1,1800.0,1800.0,2699.1,59.99,80,3,3,0,25,Welcome Offer 10%,Online
1105,ORD001105,1,20260620,1,11,3,4999.0,0.0,14997.0,14997.0,1800.0,5400.0,9597.0,63.99,80,8,3,5,25,No Promotion,Mobile App
1106,ORD001106,1,20260627,1,12,1,4999.0,749.85,4999.0,4249.15,1800.0,1800.0,2449.15,57.64,80,6,3,3,25,Festive Offer 15%,Marketplace
1107,ORD001107,1,20260704,1,13,1,4999.0,499.9,4999.0,4499.1,1800.0,1800.0,2699.1,59.99,180,3,3,0,25,Welcome Offer 10%,Marketplace
1108,ORD001108,1,20260711,5,14,1,1999.0,0.0,1999.0,1999.0,700.0,700.0,1299.0,64.98,80,3,3,0,25,No Promotion,Online
1109,ORD001109,1,20260718,6,15,1,2999.0,0.0,2999.0,2999.0,1100.0,1100.0,1899.0,63.32,80,3,3,0,25,No Promotion,Mobile App
1110,ORD001110,1,20260725,7,1,2,2499.0,249.9,4998.0,4748.1,900.0,1800.0,2948.1,62.09,80,3,3,0,25,Welcome Offer 10%,Marketplace
1111,ORD001111,1,20260802,8,2,1,27999.0,6999.75,27999.0,20999.25,15000.0,15000.0,5999.25,28.57,80,3,3,0,8,Mega Sale 25%,Marketplace
1112,ORD001112,1,20260809,9,3,1,15999.0,0.0,15999.0,15999.0,8500.0,8500.0,7499.0,46.87,80,3,3,0,25,No Promotion,Online
1113,ORD001113,1,20260816,10,4,1,9999.0,1499.85,9999.0,8499.15,4200.0,4200.0,4299.15,50.58,80,6,3,3,25,Festive Offer 15%,Mobile App
1114,ORD001114,1,20260823,11,5,1,7999.0,0.0,7999.0,7999.0,4800.0,4800.0,3199.0,39.99,80,3,3,0,25,No Promotion,Marketplace
1115,ORD001115,1,20260830,12,6,2,3499.0,0.0,6998.0,6998.0,1600.0,3200.0,3798.0,54.27,80,3,3,0,25,No Promotion,Marketplace
1116,ORD001116,1,20260906,1,7,1,4999.0,499.9,4999.0,4499.1,1800.0,1800.0,2699.1,59.99,180,3,3,0,25,Welcome Offer 10%,Online
1117,ORD001117,1,20260913,1,8,1,4999.0,0.0,4999.0,4999.0,1800.0,1800.0,3199.0,63.99,80,3,3,0,25,No Promotion,Mobile App
1118,ORD001118,1,20260920,1,9,1,4999.0,0.0,4999.0,4999.0,1800.0,1800.0,3199.0,63.99,80,8,3,5,25,No Promotion,Marketplace
1119,ORD001119,1,20260927,1,10,1,4999.0,499.9,4999.0,4499.1,1800.0,1800.0,2699.1,59.99,80,3,3,0,25,Welcome Offer 10%,Marketplace
1120,ORD001120,1,20261004,5,11,2,1999.0,299.85,3998.0,3698.15,700.0,1400.0,2298.15,62.14,80,6,3,3,25,Festive Offer 15%,Online
1121,ORD001121,1,20261011,6,12,1,2999.0,0.0,2999.0,2999.0,1100.0,1100.0,1899.0,63.32,80,3,3,0,2,No Promotion,Mobile App
1122,ORD001122,1,20261019,7,13,3,2499.0,624.75,7497.0,6872.25,900.0,2700.0,4172.25,60.71,80,3,3,0,8,Mega Sale 25%,Marketplace
1123,ORD001123,1,20261026,8,14,1,27999.0,0.0,27999.0,27999.0,15000.0,15000.0,12999.0,46.43,80,3,3,0,25,No Promotion,Marketplace
1124,ORD001124,1,20261102,9,15,1,15999.0,0.0,15999.0,15999.0,8500.0,8500.0,7499.0,46.87,80,3,3,0,25,No Promotion,Online
1125,ORD001125,1,20261109,10,1,2,9999.0,999.9,19998.0,18998.1,4200.0,8400.0,10598.1,55.79,180,3,3,0,25,Welcome Offer 10%,Mobile App
1126,ORD001126,1,20261116,11,2,1,7999.0,0.0,7999.0,7999.0,4800.0,4800.0,3199.0,39.99,80,3,3,0,25,No Promotion,Marketplace
1127,ORD001127,1,20261123,12,3,1,3499.0,524.85,3499.0,2974.15,1600.0,1600.0,1374.15,46.2,80,6,3,3,25,Festive Offer 15%,Marketplace
1128,ORD001128,1,20261130,1,4,1,4999.0,499.9,4999.0,4499.1,1800.0,1800.0,2699.1,59.99,80,3,3,0,25,Welcome Offer 10%,Online
1129,ORD001129,1,20261207,1,5,1,4999.0,0.0,4999.0,4999.0,1800.0,1800.0,3199.0,63.99,80,3,3,0,25,No Promotion,Mobile App
1130,ORD001130,1,20261214,1,6,2,4999.0,0.0,9998.0,9998.0,1800.0,3600.0,6398.0,63.99,80,3,3,0,25,No Promotion,Marketplace
1131,ORD001131,1,20261221,1,7,1,4999.0,499.9,4999.0,4499.1,1800.0,1800.0,2699.1,59.99,80,8,3,5,25,Welcome Offer 10%,Marketplace
1132,ORD001132,1,20261228,5,8,1,1999.0,0.0,1999.0,1999.0,700.0,700.0,1299.0,64.98,80,3,3,0,25,No Promotion,Online
1133,ORD001133,1,20260105,6,9,1,2999.0,749.75,2999.0,2249.25,1100.0,1100.0,1149.25,51.09,80,3,3,0,8,Mega Sale 25%,Mobile App
1134,ORD001134,1,20260112,7,10,1,2499.0,374.85,2499.0,2124.15,900.0,900.0,1224.15,57.63,180,6,3,3,25,Festive Offer 15%,Marketplace
1135,ORD001135,1,20260119,8,11,2,27999.0,0.0,55998.0,55998.0,15000.0,30000.0,25998.0,46.43,80,3,3,0,25,No Promotion,Marketplace
1136,ORD001136,1,20260126,9,12,1,15999.0,0.0,15999.0,15999.0,8500.0,8500.0,7499.0,46.87,80,3,3,0,25,No Promotion,Online
1137,ORD001137,1,20260202,10,13,1,9999.0,999.9,9999.0,8999.1,4200.0,4200.0,4799.1,53.33,80,3,3,0,25,Welcome Offer 10%,Mobile App
1138,ORD001138,1,20260209,11,14,1,7999.0,0.0,7999.0,7999.0,4800.0,4800.0,3199.0,39.99,80,3,3,0,25,No Promotion,Marketplace
1139,ORD001139,1,20260216,12,15,3,3499.0,0.0,10497.0,10497.0,1600.0,4800.0,5697.0,54.27,80,3,3,0,25,No Promotion,Marketplace
1140,ORD001140,1,20260223,1,1,2,4999.0,499.9,9998.0,9498.1,1800.0,3600.0,5898.1,62.1,80,3,3,0,2,Welcome Offer 10%,Online
1141,ORD001141,1,20260302,1,2,1,4999.0,749.85,4999.0,4249.15,1800.0,1800.0,2449.15,57.64,80,6,3,3,25,Festive Offer 15%,Mobile App
1142,ORD001142,1,20260309,1,3,1,4999.0,0.0,4999.0,4999.0,1800.0,1800.0,3199.0,63.99,80,3,3,0,25,No Promotion,Marketplace
1143,ORD001143,1,20260316,1,4,1,4999.0,499.9,4999.0,4499.1,1800.0,1800.0,2699.1,59.99,180,3,3,0,25,Welcome Offer 10%,Marketplace
1144,ORD001144,1,20260324,5,5,1,1999.0,499.75,1999.0,1499.25,700.0,700.0,799.25,53.31,80,8,3,5,8,Mega Sale 25%,Online
1145,ORD001145,1,20260331,6,6,2,2999.0,0.0,5998.0,5998.0,1100.0,2200.0,3798.0,63.32,80,3,3,0,25,No Promotion,Mobile App
1146,ORD001146,1,20260407,7,7,1,2499.0,249.9,2499.0,2249.1,900.0,900.0,1349.1,59.98,80,3,3,0,25,Welcome Offer 10%,Marketplace
1147,ORD001147,1,20260414,8,8,1,27999.0,0.0,27999.0,27999.0,15000.0,15000.0,12999.0,46.43,80,3,3,0,25,No Promotion,Marketplace
1148,ORD001148,1,20260421,9,9,1,15999.0,2399.85,15999.0,13599.15,8500.0,8500.0,5099.15,37.5,80,6,3,3,25,Festive Offer 15%,Online
1149,ORD001149,1,20260428,10,10,1,9999.0,999.9,9999.0,8999.1,4200.0,4200.0,4799.1,53.33,80,3,3,0,25,Welcome Offer 10%,Mobile App
1150,ORD001150,1,20260505,11,11,2,7999.0,0.0,15998.0,15998.0,4800.0,9600.0,6398.0,39.99,80,3,3,0,25,No Promotion,Marketplace
1151,ORD001151,1,20260512,12,12,1,3499.0,0.0,3499.0,3499.0,1600.0,1600.0,1899.0,54.27,80,3,3,0,25,No Promotion,Marketplace
1152,ORD001152,1,20260519,1,13,1,4999.0,499.9,4999.0,4499.1,1800.0,1800.0,2699.1,59.99,180,3,3,0,25,Welcome Offer 10%,Online
1153,ORD001153,1,20260526,1,14,1,4999.0,0.0,4999.0,4999.0,1800.0,1800.0,3199.0,63.99,80,3,3,0,25,No Promotion,Mobile App
1154,ORD001154,1,20260602,1,15,1,4999.0,0.0,4999.0,4999.0,1800.0,1800.0,3199.0,63.99,80,3,3,0,25,No Promotion,Marketplace
1155,ORD001155,1,20260610,1,1,2,4999.0,1249.75,9998.0,8748.25,1800.0,3600.0,5148.25,58.85,80,6,3,3,8,Mega Sale 25%,Marketplace
1156,ORD001156,1,20260617,5,2,3,1999.0,0.0,5997.0,5997.0,700.0,2100.0,3897.0,64.98,80,3,3,0,25,No Promotion,Online
1157,ORD001157,1,20260624,6,3,1,2999.0,0.0,2999.0,2999.0,1100.0,1100.0,1899.0,63.32,80,8,3,5,25,No Promotion,Mobile App
1158,ORD001158,1,20260701,7,4,1,2499.0,249.9,2499.0,2249.1,900.0,900.0,1349.1,59.98,80,3,3,0,25,Welcome Offer 10%,Marketplace
1159,ORD001159,1,20260708,8,5,1,27999.0,0.0,27999.0,27999.0,15000.0,15000.0,12999.0,46.43,80,3,3,0,2,No Promotion,Marketplace
1160,ORD001160,1,20260715,9,6,2,15999.0,0.0,31998.0,31998.0,8500.0,17000.0,14998.0,46.87,80,3,3,0,25,No Promotion,Online
1161,ORD001161,1,20260722,10,7,1,9999.0,999.9,9999.0,8999.1,4200.0,4200.0,4799.1,53.33,180,3,3,0,25,Welcome Offer 10%,Mobile App
1162,ORD001162,1,20260729,11,8,1,7999.0,1199.85,7999.0,6799.15,4800.0,4800.0,1999.15,29.4,80,6,3,3,25,Festive Offer 15%,Marketplace
1163,ORD001163,1,20260805,12,9,1,3499.0,0.0,3499.0,3499.0,1600.0,1600.0,1899.0,54.27,80,3,3,0,25,No Promotion,Marketplace
1164,ORD001164,1,20260812,1,10,1,4999.0,499.9,4999.0,4499.1,1800.0,1800.0,2699.1,59.99,80,3,3,0,25,Welcome Offer 10%,Online
1165,ORD001165,1,20260819,1,11,2,4999.0,0.0,9998.0,9998.0,1800.0,3600.0,6398.0,63.99,80,3,3,0,25,No Promotion,Mobile App
1166,ORD001166,1,20260827,1,12,1,4999.0,1249.75,4999.0,3749.25,1800.0,1800.0,1949.25,51.99,80,3,3,0,8,Mega Sale 25%,Marketplace
1167,ORD001167,1,20260903,1,13,1,4999.0,499.9,4999.0,4499.1,1800.0,1800.0,2699.1,59.99,80,3,3,0,25,Welcome Offer 10%,Marketplace
1168,ORD001168,1,20260910,5,14,1,1999.0,0.0,1999.0,1999.0,700.0,700.0,1299.0,64.98,80,3,3,0,25,No Promotion,Online
1169,ORD001169,1,20260917,6,15,1,2999.0,449.85,2999.0,2549.15,1100.0,1100.0,1449.15,56.85,80,6,3,3,25,Festive Offer 15%,Mobile App
1170,ORD001170,1,20260924,7,1,2,2499.0,249.9,4998.0,4748.1,900.0,1800.0,2948.1,62.09,180,8,3,5,25,Welcome Offer 10%,Marketplace
1171,ORD001171,1,20261001,8,2,1,27999.0,0.0,27999.0,27999.0,15000.0,15000.0,12999.0,46.43,80,3,3,0,25,No Promotion,Marketplace
1172,ORD001172,1,20261008,9,3,1,15999.0,0.0,15999.0,15999.0,8500.0,8500.0,7499.0,46.87,80,3,3,0,25,No Promotion,Online
1173,ORD001173,1,20261015,10,4,3,9999.0,999.9,29997.0,28997.1,4200.0,12600.0,16397.1,56.55,80,3,3,0,25,Welcome Offer 10%,Mobile App
1174,ORD001174,1,20261022,11,5,1,7999.0,0.0,7999.0,7999.0,4800.0,4800.0,3199.0,39.99,80,3,3,0,25,No Promotion,Marketplace
1175,ORD001175,1,20261029,12,6,2,3499.0,0.0,6998.0,6998.0,1600.0,3200.0,3798.0,54.27,80,3,3,0,25,No Promotion,Marketplace
1176,ORD001176,1,20261105,1,7,1,4999.0,749.85,4999.0,4249.15,1800.0,1800.0,2449.15,57.64,80,6,3,3,25,Festive Offer 15%,Online
1177,ORD001177,1,20261113,1,8,1,4999.0,1249.75,4999.0,3749.25,1800.0,1800.0,1949.25,51.99,80,3,3,0,8,Mega Sale 25%,Mobile App
1178,ORD001178,1,20261120,1,9,1,4999.0,0.0,4999.0,4999.0,1800.0,1800.0,3199.0,63.99,80,3,3,0,2,No Promotion,Marketplace
1179,ORD001179,1,20261127,1,10,1,4999.0,499.9,4999.0,4499.1,1800.0,1800.0,2699.1,59.99,180,3,3,0,25,Welcome Offer 10%,Marketplace
1180,ORD001180,1,20261204,5,11,2,1999.0,0.0,3998.0,3998.0,700.0,1400.0,2598.0,64.98,80,3,3,0,25,No Promotion,Online
1181,ORD001181,1,20261211,6,12,1,2999.0,0.0,2999.0,2999.0,1100.0,1100.0,1899.0,63.32,80,3,3,0,25,No Promotion,Mobile App
1182,ORD001182,1,20261218,7,13,1,2499.0,249.9,2499.0,2249.1,900.0,900.0,1349.1,59.98,80,3,3,0,25,Welcome Offer 10%,Marketplace
1183,ORD001183,1,20261225,8,14,1,27999.0,4199.85,27999.0,23799.15,15000.0,15000.0,8799.15,36.97,80,8,3,5,25,Festive Offer 15%,Marketplace
1184,ORD001184,1,20260101,9,15,1,15999.0,0.0,15999.0,15999.0,8500.0,8500.0,7499.0,46.87,80,3,3,0,25,No Promotion,Online
1185,ORD001185,1,20260108,10,1,2,9999.0,999.9,19998.0,18998.1,4200.0,8400.0,10598.1,55.79,80,3,3,0,25,Welcome Offer 10%,Mobile App
1186,ORD001186,1,20260115,11,2,1,7999.0,0.0,7999.0,7999.0,4800.0,4800.0,3199.0,39.99,80,3,3,0,25,No Promotion,Marketplace
1187,ORD001187,1,20260122,12,3,1,3499.0,0.0,3499.0,3499.0,1600.0,1600.0,1899.0,54.27,80,3,3,0,25,No Promotion,Marketplace
1188,ORD001188,1,20260130,1,4,1,4999.0,1249.75,4999.0,3749.25,1800.0,1800.0,1949.25,51.99,180,3,3,0,8,Mega Sale 25%,Online
1189,ORD001189,1,20260206,1,5,1,4999.0,0.0,4999.0,4999.0,1800.0,1800.0,3199.0,63.99,80,3,3,0,25,No Promotion,Mobile App
1190,ORD001190,1,20260213,1,6,3,4999.0,749.85,14997.0,14247.15,1800.0,5400.0,8847.15,62.1,80,6,3,3,25,Festive Offer 15%,Marketplace
1191,ORD001191,1,20260220,1,7,1,4999.0,499.9,4999.0,4499.1,1800.0,1800.0,2699.1,59.99,80,3,3,0,25,Welcome Offer 10%,Marketplace
1192,ORD001192,1,20260227,5,8,1,1999.0,0.0,1999.0,1999.0,700.0,700.0,1299.0,64.98,80,3,3,0,25,No Promotion,Online
1193,ORD001193,1,20260306,6,9,1,2999.0,0.0,2999.0,2999.0,1100.0,1100.0,1899.0,63.32,80,3,3,0,25,No Promotion,Mobile App
1194,ORD001194,1,20260313,7,10,1,2499.0,249.9,2499.0,2249.1,900.0,900.0,1349.1,59.98,80,3,3,0,25,Welcome Offer 10%,Marketplace
1195,ORD001195,1,20260320,8,11,2,27999.0,0.0,55998.0,55998.0,15000.0,30000.0,25998.0,46.43,80,3,3,0,25,No Promotion,Marketplace
1196,ORD001196,1,20260327,9,12,1,15999.0,0.0,15999.0,15999.0,8500.0,8500.0,7499.0,46.87,80,8,3,5,25,No Promotion,Online
1197,ORD001197,1,20260403,10,13,1,9999.0,1499.85,9999.0,8499.15,4200.0,4200.0,4299.15,50.58,180,6,3,3,2,Festive Offer 15%,Mobile App
1198,ORD001198,1,20260410,11,14,1,7999.0,0.0,7999.0,7999.0,4800.0,4800.0,3199.0,39.99,80,3,3,0,25,No Promotion,Marketplace
1199,ORD001199,1,20260418,12,15,1,3499.0,874.75,3499.0,2624.25,1600.0,1600.0,1024.25,39.03,80,3,3,0,8,Mega Sale 25%,Marketplace
1200,ORD001200,1,20260425,1,1,2,4999.0,499.9,9998.0,9498.1,1800.0,3600.0,5898.1,62.1,80,3,3,0,25,Welcome Offer 10%,Online
